image,data,object_id,url,html_text,type,is_read,text,user_id,sound,title,object_type,badge,read,time,objects,badge_name,date
https://d1zfszn0v5ya99.cloudfront.net/user/5903338/profile_picture/5c44ce12a2e98_small.png,"{""action"":""com.tozelabs.tvshowtime.NOTIFICATION"",""image"":""https://d1zfszn0v5ya99.cloudfront.net/user/5903338/profile_picture/5c44ce12a2e98_small.png"",""loc-key"":""tinimini te ha mencionado en un comentario sobre el episodio S03E01 de 13 Reasons Why"",""n"":""13 Reasons Why"",""notification_id"":""mentioned-in-comment"",""url"":""tvst://show/323168/episode/7306300/comment/18210159""}",0,tvst://show/323168/episode/7306300/comment/18210159,"<a href=""tvst://user/5903338/detail"" class='user'>tinimini</a> te ha mencionado en un comentario sobre el episodio <a href=""tvst://show/323168/episode/7306300/detail"" class='episode'>S03E01</a> de <a href=""tvst://show/323168/detail"" class='show'>13 Reasons Why</a>",mentioned-in-comment,true,tinimini te ha mencionado en un comentario sobre el episodio S03E01 de 13 Reasons Why,13991889,notif.caf,,none,1,true,1565022786463,,,
https://d1zfszn0v5ya99.cloudfront.net/user/5903338/profile_picture/5c44ce12a2e98_small.png,"{""action"":""com.tozelabs.tvshowtime.NOTIFICATION"",""image"":""https://d1zfszn0v5ya99.cloudfront.net/user/5903338/profile_picture/5c44ce12a2e98_small.png"",""loc-key"":""tinimini te ha mencionado en un comentario sobre el episodio S03E01 de 13 Reasons Why"",""n"":""13 Reasons Why"",""notification_id"":""mentioned-in-comment"",""url"":""tvst://show/323168/episode/7306300/comment/18210159""}",0,tvst://show/323168/episode/7306300/comment/18210159,"<a href=""tvst://user/5903338/detail"" class='user'>tinimini</a> te ha mencionado en un comentario sobre el episodio <a href=""tvst://show/323168/episode/7306300/detail"" class='episode'>S03E01</a> de <a href=""tvst://show/323168/detail"" class='show'>13 Reasons Why</a>",mentioned-in-comment,true,tinimini te ha mencionado en un comentario sobre el episodio S03E01 de 13 Reasons Why,13991889,notif.caf,,none,1,true,1565022786829,,,
https://d1zfszn0v5ya99.cloudfront.net/user/8803464/profile_picture/5df2006a1d544_large.png,"{""action"":""com.tozelabs.tvshowtime.NOTIFICATION"",""category"":""notification-category-reaction"",""loc-key"":""Your comment about episode S03 | E06 of Black Lightning reached 10 likes"",""notification_id"":""episode-comment-liked"",""url"":""tvst://show/332525/episode/7447100/comment/19186739"",""web_url"":""https://www.tvtime.com/show/332525/episode/7447100/comment/19186739""}",7447100,tvst://show/332525/episode/7447100/comment/19186739,Your comment about episode <a href='tvst://show/332525/episode/7447100/detail'>S03 | E06</a> of <a href='tvst://show/332525/detail'>Black Lightning</a> reached 10 likes,episode-comment-liked,true,Your comment about episode S03 | E06 of Black Lightning reached 10 likes,13991889,notif.caf,,episode,1,true,1576801972114,,,
https://d1qhxojdkstxv7.cloudfront.net/370471/62003449/new/fast-watcher-0.png,You have just unlocked the Steven Universe Future Quick Watcher badge!,,tvst://user/13991889/badges?badge_id=370471-quick-watcher-3-bd,,badge-unlocked,true,,13991889,,,,,true,1585565628967,"[{""id"":1,""type"":""user"",""name"":""TV Time"",""all_images"":{""1"":""https:\/\/d1qhxojdkstxv7.cloudfront.net\/370471\/62003449\/new\/fast-watcher-0-hd.png"",""2"":""https:\/\/d1qhxojdkstxv7.cloudfront.net\/370471\/62003449\/new\/fast-watcher-0-hd.png"",""square"":""https:\/\/d1qhxojdkstxv7.cloudfront.net\/370471\/62003449\/new\/fast-watcher-0-hd.png""}}]",Steven Universe Future Quick Watcher,2020-03-30T10:53:48+00:00
https://d1zfszn0v5ya99.cloudfront.net/user/5019566/profile_picture/5cb51934c890d_large.png,"{""action"":""com.tozelabs.tvshowtime.NOTIFICATION"",""category"":""notification-category-reaction"",""loc-key"":""TvShowsQueen 🖤 commented the episode S04 | E06 of Money Heist"",""notification_id"":""episode-commented"",""thumbnail"":""https://media.tenor.co/images/5876d18d95e8d1fbd8c19f75879e76b9/tenor.gif"",""url"":""tvst://show/327417/episode/7658048/comment/20429852"",""web_url"":""https://www.tvtime.com/show/327417/episode/7658048/comment/20429852""}",7658048,tvst://show/327417/episode/7658048/comment/20429852,<a href='tvst://user/5019566/profile'>TvShowsQueen 🖤</a> commented the episode <a href='tvst://show/327417/episode/7658048/detail'>S04 | E06</a> of <a href='tvst://show/327417/detail'>Money Heist</a>,episode-commented,true,TvShowsQueen 🖤 commented the episode S04 | E06 of Money Heist,13991889,notif.caf,,episode,1,true,1586119692783,,,
https://d1qhxojdkstxv7.cloudfront.net/284131/1103444/new/marathon-0.png,You have just unlocked the The Seven Deadly Sins Marathoner badge!,,tvst://user/13991889/badges?badge_id=284131-marathoner-3-within-24-bd,,badge-unlocked,true,,13991889,,,,,true,1586412364339,"[{""id"":1,""type"":""user"",""name"":""TV Time"",""all_images"":{""1"":""https:\/\/d1qhxojdkstxv7.cloudfront.net\/284131\/1103444\/new\/marathon-0-hd.png"",""2"":""https:\/\/d1qhxojdkstxv7.cloudfront.net\/284131\/1103444\/new\/marathon-0-hd.png"",""square"":""https:\/\/d1qhxojdkstxv7.cloudfront.net\/284131\/1103444\/new\/marathon-0-hd.png""}}]",The Seven Deadly Sins Marathoner,2020-04-09T06:06:04+00:00
https://d1qhxojdkstxv7.cloudfront.net/284131/1103444/new/marathon-1.png,You have just unlocked the The Seven Deadly Sins Marathoner badge!,,tvst://user/13991889/badges?badge_id=284131-marathoner-5-within-24-bd,,badge-unlocked,true,,13991889,,,,,true,1586419083499,"[{""id"":1,""type"":""user"",""name"":""TV Time"",""all_images"":{""1"":""https:\/\/d1qhxojdkstxv7.cloudfront.net\/284131\/1103444\/new\/marathon-1-hd.png"",""2"":""https:\/\/d1qhxojdkstxv7.cloudfront.net\/284131\/1103444\/new\/marathon-1-hd.png"",""square"":""https:\/\/d1qhxojdkstxv7.cloudfront.net\/284131\/1103444\/new\/marathon-1-hd.png""}}]",The Seven Deadly Sins Marathoner,2020-04-09T07:58:03+00:00
https://d1qhxojdkstxv7.cloudfront.net/295760/1118306/new/fast-watcher-0.png,You have just unlocked the DC's Legends of Tomorrow Quick Watcher badge!,,tvst://user/13991889/badges?badge_id=295760-quick-watcher-3-bd,,badge-unlocked,true,,13991889,,,,,false,1588865435451,"[{""id"":1,""type"":""user"",""name"":""TV Time"",""all_images"":{""1"":""https:\/\/d1qhxojdkstxv7.cloudfront.net\/295760\/1118306\/new\/fast-watcher-0-hd.png"",""2"":""https:\/\/d1qhxojdkstxv7.cloudfront.net\/295760\/1118306\/new\/fast-watcher-0-hd.png"",""square"":""https:\/\/d1qhxojdkstxv7.cloudfront.net\/295760\/1118306\/new\/fast-watcher-0-hd.png""}}]",DC's Legends of Tomorrow Quick Watcher,2020-05-07T15:30:35+00:00
https://d1qhxojdkstxv7.cloudfront.net/281249/1024729/new/marathon-0.png,You have just unlocked the Tokyo Ghoul Marathoner badge!,,tvst://user/13991889/badges?badge_id=281249-marathoner-3-within-24-bd,,badge-unlocked,true,,13991889,,,,,false,1589425408473,"[{""id"":1,""type"":""user"",""name"":""TV Time"",""all_images"":{""1"":""https:\/\/d1qhxojdkstxv7.cloudfront.net\/281249\/1024729\/new\/marathon-0-hd.png"",""2"":""https:\/\/d1qhxojdkstxv7.cloudfront.net\/281249\/1024729\/new\/marathon-0-hd.png"",""square"":""https:\/\/d1qhxojdkstxv7.cloudfront.net\/281249\/1024729\/new\/marathon-0-hd.png""}}]",Tokyo Ghoul Marathoner,2020-05-14T03:03:28+00:00
https://d1qhxojdkstxv7.cloudfront.net/375892/62122188/new/marathon-0.png,You have just unlocked the Solar Opposites Marathoner badge!,,tvst://user/13991889/badges?badge_id=375892-marathoner-3-within-24-bd,,badge-unlocked,true,,13991889,,,,,false,1590097318487,"[{""id"":1,""type"":""user"",""name"":""TV Time"",""all_images"":{""1"":""https:\/\/d1qhxojdkstxv7.cloudfront.net\/375892\/62122188\/new\/marathon-0-hd.png"",""2"":""https:\/\/d1qhxojdkstxv7.cloudfront.net\/375892\/62122188\/new\/marathon-0-hd.png"",""square"":""https:\/\/d1qhxojdkstxv7.cloudfront.net\/375892\/62122188\/new\/marathon-0-hd.png""}}]",Solar Opposites Marathoner,2020-05-21T21:41:58+00:00
https://d1qhxojdkstxv7.cloudfront.net/268592/999716/new/fast-watcher-0.png,You have just unlocked the The 100 Quick Watcher badge!,,tvst://user/13991889/badges?badge_id=268592-quick-watcher-3-bd,,badge-unlocked,true,,13991889,,,,,false,1590722469463,"[{""id"":1,""type"":""user"",""name"":""TV Time"",""all_images"":{""1"":""https:\/\/d1qhxojdkstxv7.cloudfront.net\/268592\/999716\/new\/fast-watcher-0-hd.png"",""2"":""https:\/\/d1qhxojdkstxv7.cloudfront.net\/268592\/999716\/new\/fast-watcher-0-hd.png"",""square"":""https:\/\/d1qhxojdkstxv7.cloudfront.net\/268592\/999716\/new\/fast-watcher-0-hd.png""}}]",The 100 Quick Watcher,2020-05-29T03:21:09+00:00
https://d1qhxojdkstxv7.cloudfront.net/338192/1335375/new/marathon-0.png,You have just unlocked the Devilman Crybaby Marathoner badge!,,tvst://user/13991889/badges?badge_id=338192-marathoner-3-within-24-bd,,badge-unlocked,true,,13991889,,,,,false,1590856495142,"[{""id"":1,""type"":""user"",""name"":""TV Time"",""all_images"":{""1"":""https:\/\/d1qhxojdkstxv7.cloudfront.net\/338192\/1335375\/new\/marathon-0-hd.png"",""2"":""https:\/\/d1qhxojdkstxv7.cloudfront.net\/338192\/1335375\/new\/marathon-0-hd.png"",""square"":""https:\/\/d1qhxojdkstxv7.cloudfront.net\/338192\/1335375\/new\/marathon-0-hd.png""}}]",Devilman Crybaby Marathoner,2020-05-30T16:34:55+00:00
https://d1qhxojdkstxv7.cloudfront.net/305074/62206111/new/marathon-0.png,You have just unlocked the My Hero Academia Marathoner badge!,,tvst://user/13991889/badges?badge_id=305074-marathoner-3-within-24-bd,,badge-unlocked,true,,13991889,,,,,false,1593067846958,"[{""id"":1,""type"":""user"",""name"":""TV Time"",""all_images"":{""1"":""https:\/\/d1qhxojdkstxv7.cloudfront.net\/305074\/62206111\/new\/marathon-0-hd.png"",""2"":""https:\/\/d1qhxojdkstxv7.cloudfront.net\/305074\/62206111\/new\/marathon-0-hd.png"",""square"":""https:\/\/d1qhxojdkstxv7.cloudfront.net\/305074\/62206111\/new\/marathon-0-hd.png""}}]",My Hero Academia Marathoner,2020-06-25T06:50:46+00:00
https://d1zfszn0v5ya99.cloudfront.net/user/5019566/profile_picture/5cb51934c890d_large.png,"{""action"":""com.tozelabs.tvshowtime.NOTIFICATION"",""category"":""notification-category-reaction"",""loc-key"":""TvShowsQueen 🖤 commented the episode S04 | E02 of 13 Reasons Why"",""notification_id"":""episode-commented"",""thumbnail"":""https://media.tenor.co/images/cd9d6aefc0afab771b3b5351b0401b29/tenor.gif"",""url"":""tvst://show/323168/episode/7739404/comment/21629076"",""web_url"":""https://www.tvtime.com/show/323168/episode/7739404/comment/21629076""}",7739404,tvst://show/323168/episode/7739404/comment/21629076,<a href='tvst://user/5019566/profile'>TvShowsQueen 🖤</a> commented the episode <a href='tvst://show/323168/episode/7739404/detail'>S04 | E02</a> of <a href='tvst://show/323168/detail'>13 Reasons Why</a>,episode-commented,true,TvShowsQueen 🖤 commented the episode S04 | E02 of 13 Reasons Why,13991889,notif.caf,,episode,1,,1593753111963,,,
https://d1qhxojdkstxv7.cloudfront.net/361868/62022314/new/fast-watcher-0.png,You have just unlocked the Stargirl Quick Watcher badge!,,tvst://user/13991889/badges?badge_id=361868-quick-watcher-3-bd,,badge-unlocked,true,,13991889,,,,,false,1594687196439,"[{""id"":1,""type"":""user"",""name"":""TV Time"",""all_images"":{""1"":""https:\/\/d1qhxojdkstxv7.cloudfront.net\/361868\/62022314\/new\/fast-watcher-0-hd.png"",""2"":""https:\/\/d1qhxojdkstxv7.cloudfront.net\/361868\/62022314\/new\/fast-watcher-0-hd.png"",""square"":""https:\/\/d1qhxojdkstxv7.cloudfront.net\/361868\/62022314\/new\/fast-watcher-0-hd.png""}}]",Stargirl Quick Watcher,2020-07-14T00:39:56+00:00
https://d1qhxojdkstxv7.cloudfront.net/361034/1361853/new/fast-watcher-0.png,You have just unlocked the How to Sell Drugs Online (Fast) Quick Watcher badge!,,tvst://user/13991889/badges?badge_id=361034-quick-watcher-3-bd,,badge-unlocked,true,,13991889,,,,,false,1595396386036,"[{""id"":1,""type"":""user"",""name"":""TV Time"",""all_images"":{""1"":""https:\/\/d1qhxojdkstxv7.cloudfront.net\/361034\/1361853\/new\/fast-watcher-0-hd.png"",""2"":""https:\/\/d1qhxojdkstxv7.cloudfront.net\/361034\/1361853\/new\/fast-watcher-0-hd.png"",""square"":""https:\/\/d1qhxojdkstxv7.cloudfront.net\/361034\/1361853\/new\/fast-watcher-0-hd.png""}}]",How to Sell Drugs Online (Fast) Quick Watcher,2020-07-22T05:39:46+00:00
https://d1qhxojdkstxv7.cloudfront.net/361034/1361853/new/marathon-0.png,You have just unlocked the How to Sell Drugs Online (Fast) Marathoner badge!,,tvst://user/13991889/badges?badge_id=361034-marathoner-3-within-24-bd,,badge-unlocked,true,,13991889,,,,,false,1595396386134,"[{""id"":1,""type"":""user"",""name"":""TV Time"",""all_images"":{""1"":""https:\/\/d1qhxojdkstxv7.cloudfront.net\/361034\/1361853\/new\/marathon-0-hd.png"",""2"":""https:\/\/d1qhxojdkstxv7.cloudfront.net\/361034\/1361853\/new\/marathon-0-hd.png"",""square"":""https:\/\/d1qhxojdkstxv7.cloudfront.net\/361034\/1361853\/new\/marathon-0-hd.png""}}]",How to Sell Drugs Online (Fast) Marathoner,2020-07-22T05:39:46+00:00
https://d1qhxojdkstxv7.cloudfront.net/361034/1361853/new/fast-watcher-1.png,You have just unlocked the How to Sell Drugs Online (Fast) Quick Watcher badge!,,tvst://user/13991889/badges?badge_id=361034-quick-watcher-5-bd,,badge-unlocked,true,,13991889,,,,,false,1595478986496,"[{""id"":1,""type"":""user"",""name"":""TV Time"",""all_images"":{""1"":""https:\/\/d1qhxojdkstxv7.cloudfront.net\/361034\/1361853\/new\/fast-watcher-1-hd.png"",""2"":""https:\/\/d1qhxojdkstxv7.cloudfront.net\/361034\/1361853\/new\/fast-watcher-1-hd.png"",""square"":""https:\/\/d1qhxojdkstxv7.cloudfront.net\/361034\/1361853\/new\/fast-watcher-1-hd.png""}}]",How to Sell Drugs Online (Fast) Quick Watcher,2020-07-23T04:36:26+00:00
https://d1qhxojdkstxv7.cloudfront.net/361868/62022314/new/fast-watcher-1.png,You have just unlocked the Stargirl Quick Watcher badge!,,tvst://user/13991889/badges?badge_id=361868-quick-watcher-5-bd,,badge-unlocked,true,,13991889,,,,,false,1595913006715,"[{""id"":1,""type"":""user"",""name"":""TV Time"",""all_images"":{""1"":""https:\/\/d1qhxojdkstxv7.cloudfront.net\/361868\/62022314\/new\/fast-watcher-1-hd.png"",""2"":""https:\/\/d1qhxojdkstxv7.cloudfront.net\/361868\/62022314\/new\/fast-watcher-1-hd.png"",""square"":""https:\/\/d1qhxojdkstxv7.cloudfront.net\/361868\/62022314\/new\/fast-watcher-1-hd.png""}}]",Stargirl Quick Watcher,2020-07-28T05:10:06+00:00
https://d1qhxojdkstxv7.cloudfront.net/353764/1324017/new/fast-watcher-1.png,You have just unlocked the The Umbrella Academy Quick Watcher badge!,,tvst://user/13991889/badges?badge_id=353764-quick-watcher-5-bd,,badge-unlocked,true,,13991889,,,,,false,1596221920515,"[{""id"":1,""type"":""user"",""name"":""TV Time"",""all_images"":{""1"":""https:\/\/d1qhxojdkstxv7.cloudfront.net\/353764\/1324017\/new\/fast-watcher-1-hd.png"",""2"":""https:\/\/d1qhxojdkstxv7.cloudfront.net\/353764\/1324017\/new\/fast-watcher-1-hd.png"",""square"":""https:\/\/d1qhxojdkstxv7.cloudfront.net\/353764\/1324017\/new\/fast-watcher-1-hd.png""}}]",The Umbrella Academy Quick Watcher,2020-07-31T18:58:40+00:00
https://d1zfszn0v5ya99.cloudfront.net/user/14142044/profile_picture/5c28d2199a8da_large.png,"{""action"":""com.tozelabs.tvshowtime.NOTIFICATION"",""category"":""notification-category-reaction"",""loc-key"":""ralphdoc mentioned you in a comment about Akame ga Kill!"",""notification_id"":""mentioned-in-comment"",""url"":""tvst://show/280329/comment/947119"",""web_url"":""https://www.tvtime.com/show/280329/comment/947119""}",947119,tvst://show/280329/comment/947119,<a href='tvst://user/14142044/profile'>ralphdoc</a> mentioned you in a comment about <a href='tvst://show/280329/detail'>Akame ga Kill!</a>,mentioned-in-comment,true,ralphdoc mentioned you in a comment about Akame ga Kill!,13991889,notif.caf,,comment,1,,1596290176549,,,
,"{""action"":""com.tozelabs.tvshowtime.NOTIFICATION"",""category"":""notification-category-reaction"",""loc-key"":""Anonymous liked a reply you made about a comment on episode S05 | E02 of DC's Legends of Tomorrow"",""notification_id"":""episode-reply-liked"",""url"":""tvst://show/295760/episode/7287661/comment/19707714"",""web_url"":""https://www.tvtime.com/show/295760/episode/7287661/comment/19707714""}",7287661,tvst://show/295760/episode/7287661/comment/19707714,<a href='tvst://user/39124395/profile'>Anonymous</a> liked a reply you made about a comment on episode <a href='tvst://show/295760/episode/7287661/detail'>S05 | E02</a> of <a href='tvst://show/295760/detail'>DC's Legends of Tomorrow</a>,episode-reply-liked,true,Anonymous liked a reply you made about a comment on episode S05 | E02 of DC's Legends of Tomorrow,13991889,notif.caf,,episode,1,,1597652368636,,,
https://d1qhxojdkstxv7.cloudfront.net/341704/1276458/new/actor-voter-1.png,You have just unlocked the The Rain Serial Actor Voter badge!,,tvst://user/13991889/badges?badge_id=341704-serial-actor-voter-5-bd,,badge-unlocked,true,,13991889,,,,,false,1597681357622,"[{""id"":1,""type"":""user"",""name"":""TV Time"",""all_images"":{""1"":""https:\/\/d1qhxojdkstxv7.cloudfront.net\/341704\/1276458\/new\/actor-voter-1-hd.png"",""2"":""https:\/\/d1qhxojdkstxv7.cloudfront.net\/341704\/1276458\/new\/actor-voter-1-hd.png"",""square"":""https:\/\/d1qhxojdkstxv7.cloudfront.net\/341704\/1276458\/new\/actor-voter-1-hd.png""}}]",The Rain Serial Actor Voter,2020-08-17T16:22:37+00:00
https://d1qhxojdkstxv7.cloudfront.net/78831/25853/new/marathon-0.png,You have just unlocked the Drawn Together Marathoner badge!,,tvst://user/13991889/badges?badge_id=78831-marathoner-3-within-24-bd,,badge-unlocked,true,,13991889,,,,,false,1599253890846,"[{""id"":1,""type"":""user"",""name"":""TV Time"",""all_images"":{""1"":""https:\/\/d1qhxojdkstxv7.cloudfront.net\/78831\/25853\/new\/marathon-0-hd.png"",""2"":""https:\/\/d1qhxojdkstxv7.cloudfront.net\/78831\/25853\/new\/marathon-0-hd.png"",""square"":""https:\/\/d1qhxojdkstxv7.cloudfront.net\/78831\/25853\/new\/marathon-0-hd.png""}}]",Drawn Together Marathoner,2020-09-04T21:11:30+00:00
https://d1qhxojdkstxv7.cloudfront.net/364468/62310205/new/fast-watcher-0.png,You have just unlocked the Family Business (2019) Quick Watcher badge!,,tvst://user/13991889/badges?badge_id=364468-quick-watcher-3-bd,,badge-unlocked,true,,13991889,,,,,false,1599980924004,"[{""id"":1,""type"":""user"",""name"":""TV Time"",""all_images"":{""1"":""https:\/\/d1qhxojdkstxv7.cloudfront.net\/364468\/62310205\/new\/fast-watcher-0-hd.png"",""2"":""https:\/\/d1qhxojdkstxv7.cloudfront.net\/364468\/62310205\/new\/fast-watcher-0-hd.png"",""square"":""https:\/\/d1qhxojdkstxv7.cloudfront.net\/364468\/62310205\/new\/fast-watcher-0-hd.png""}}]",Family Business (2019) Quick Watcher,2020-09-13T07:08:44+00:00
https://d1zfszn0v5ya99.cloudfront.net/user/44041950/profile_picture/5f6f7476087ea_large.png,"{""action"":""com.tozelabs.tvshowtime.NOTIFICATION"",""category"":""notification-category-reaction"",""loc-key"":""free sex chat www.casex.club liked a reply you made about a comment on Akame ga Kill!"",""notification_id"":""show-reply-liked"",""url"":""tvst://show/280329/comment/1422564"",""web_url"":""https://www.tvtime.com/show/280329/comment/1422564""}",280329,tvst://show/280329/comment/1422564,<a href='tvst://user/44041950/profile'>free sex chat www.casex.club</a> liked a reply you made about a comment on <a href='tvst://show/280329/detail'>Akame ga Kill!</a>,show-reply-liked,true,free sex chat www.casex.club liked a reply you made about a comment on Akame ga Kill!,13991889,notif.caf,,series,1,,1601224043848,,,
https://d1zfszn0v5ya99.cloudfront.net/user/44041950/profile_picture/5f6f7476087ea_large.png,"{""action"":""com.tozelabs.tvshowtime.NOTIFICATION"",""category"":""notification-category-reaction"",""loc-key"":""free sex chat www.casex.club liked a reply you made about a comment on Better Call Saul"",""notification_id"":""show-reply-liked"",""url"":""tvst://show/273181/comment/1420637"",""web_url"":""https://www.tvtime.com/show/273181/comment/1420637""}",273181,tvst://show/273181/comment/1420637,<a href='tvst://user/44041950/profile'>free sex chat www.casex.club</a> liked a reply you made about a comment on <a href='tvst://show/273181/detail'>Better Call Saul</a>,show-reply-liked,true,free sex chat www.casex.club liked a reply you made about a comment on Better Call Saul,13991889,notif.caf,,series,1,,1601224296661,,,
https://d1zfszn0v5ya99.cloudfront.net/user/44041950/profile_picture/5f6f7476087ea_large.png,"{""action"":""com.tozelabs.tvshowtime.NOTIFICATION"",""category"":""notification-category-reaction"",""loc-key"":""free sex chat www.casex.club liked a comment you made about Solar Opposites"",""notification_id"":""show-comment-liked"",""url"":""tvst://show/375892/comment/1385090"",""web_url"":""https://www.tvtime.com/show/375892/comment/1385090""}",375892,tvst://show/375892/comment/1385090,<a href='tvst://user/44041950/profile'>free sex chat www.casex.club</a> liked a comment you made about <a href='tvst://show/375892/detail'>Solar Opposites</a>,show-comment-liked,true,free sex chat www.casex.club liked a comment you made about Solar Opposites,13991889,notif.caf,,series,1,,1601226017175,,,
https://d1qhxojdkstxv7.cloudfront.net/387115/62341664/new/marathon-0.png,You have just unlocked the The Queen's Gambit Marathoner badge!,,tvst://user/13991889/badges?badge_id=387115-marathoner-3-within-24-bd,,badge-unlocked,true,,13991889,,,,,false,1604431951217,"[{""id"":1,""type"":""user"",""name"":""TV Time"",""all_images"":{""1"":""https:\/\/d1qhxojdkstxv7.cloudfront.net\/387115\/62341664\/new\/marathon-0-hd.png"",""2"":""https:\/\/d1qhxojdkstxv7.cloudfront.net\/387115\/62341664\/new\/marathon-0-hd.png"",""square"":""https:\/\/d1qhxojdkstxv7.cloudfront.net\/387115\/62341664\/new\/marathon-0-hd.png""}}]",The Queen's Gambit Marathoner,2020-11-03T19:32:31+00:00
https://d1zfszn0v5ya99.cloudfront.net/user/5019566/profile_picture/5cb51934c890d_large.png,"{""action"":""com.tozelabs.tvshowtime.NOTIFICATION"",""category"":""notification-category-reaction"",""loc-key"":""TvShowsQueen 🖤 commented the episode S04 | E13 of Mr. Robot"",""notification_id"":""episode-commented"",""thumbnail"":""https://media.tenor.co/images/f9c11038c3ac8905139ab1d797c605c0/tenor.gif"",""url"":""tvst://show/289590/episode/7495678/comment/23426626"",""web_url"":""https://www.tvtime.com/show/289590/episode/7495678/comment/23426626""}",7495678,tvst://show/289590/episode/7495678/comment/23426626,<a href='tvst://user/5019566/profile'>TvShowsQueen 🖤</a> commented the episode <a href='tvst://show/289590/episode/7495678/detail'>S04 | E13</a> of <a href='tvst://show/289590/detail'>Mr. Robot</a>,episode-commented,true,TvShowsQueen 🖤 commented the episode S04 | E13 of Mr. Robot,13991889,notif.caf,,episode,1,,1608039408209,,,
https://d1zfszn0v5ya99.cloudfront.net/user/45810104/profile_picture/5fdf1daac9e18_large.png,"{""action"":""com.tozelabs.tvshowtime.NOTIFICATION"",""category"":""notification-category-user-follow"",""loc-key"":""Alexa Sexclub wants to follow you on TV Time"",""notification_id"":""follow-requested"",""url"":""tvst://profile/45810104"",""web_url"":""https://www.tvtime.com/profile/45810104""}",45810104,tvst://profile/45810104,<a href='tvst://profile/45810104'>Alexa Sexclub</a> wants to follow you on TV Time,follow-requested,true,Alexa Sexclub wants to follow you on TV Time,13991889,notif.caf,,user,1,,1608492049069,,,
https://d1qhxojdkstxv7.cloudfront.net/377543/62294156/new/marathon-0.png,"{""action"":""com.tozelabs.tvshowtime.NOTIFICATION"",""category"":""notification-category-gamification"",""loc-key"":""You have just unlocked the Marathoner badge!"",""notification_id"":""badge-unlocked"",""url"":""tvst://user/13991889/badges?badge_id=377543-marathoner-3-within-24-bd"",""web_url"":""https://www.tvtime.com/user/13991889/profile#tab-rewards""}",377543-marathoner-3-within-24-bd,tvst://user/13991889/badges?badge_id=377543-marathoner-3-within-24-bd,You have just unlocked the Marathoner badge!,badge-unlocked,true,You have just unlocked the Marathoner badge!,13991889,notif.caf,,badge,1,,1614741668888,,,
https://d1qhxojdkstxv7.cloudfront.net/348545/1396988/new/marathon-0.png,"{""action"":""com.tozelabs.tvshowtime.NOTIFICATION"",""category"":""notification-category-gamification"",""loc-key"":""You have just unlocked the Marathoner badge!"",""notification_id"":""badge-unlocked"",""url"":""tvst://user/13991889/badges?badge_id=348545-marathoner-3-within-24-bd"",""web_url"":""https://www.tvtime.com/user/13991889/profile#tab-rewards""}",348545-marathoner-3-within-24-bd,tvst://user/13991889/badges?badge_id=348545-marathoner-3-within-24-bd,You have just unlocked the Marathoner badge!,badge-unlocked,true,You have just unlocked the Marathoner badge!,13991889,notif.caf,,badge,1,,1618727020383,,,
https://d1qhxojdkstxv7.cloudfront.net/279831/1067405/new/marathon-0.png,"{""action"":""com.tozelabs.tvshowtime.NOTIFICATION"",""category"":""notification-category-gamification"",""loc-key"":""You have just unlocked the Marathoner badge!"",""notification_id"":""badge-unlocked"",""url"":""tvst://user/13991889/badges?badge_id=279831-marathoner-3-within-24-bd"",""web_url"":""https://www.tvtime.com/user/13991889/profile#tab-rewards""}",279831-marathoner-3-within-24-bd,tvst://user/13991889/badges?badge_id=279831-marathoner-3-within-24-bd,You have just unlocked the Marathoner badge!,badge-unlocked,true,You have just unlocked the Marathoner badge!,13991889,notif.caf,,badge,1,,1625597577315,,,
https://d1qhxojdkstxv7.cloudfront.net/305074/1197519/new/fast-watcher-1.png,"{""action"":""com.tozelabs.tvshowtime.NOTIFICATION"",""category"":""notification-category-gamification"",""loc-key"":""You have just unlocked the Quick Watcher badge!"",""notification_id"":""badge-unlocked"",""url"":""tvst://user/13991889/badges?badge_id=305074-quick-watcher-5-bd"",""web_url"":""https://www.tvtime.com/user/13991889/profile#tab-rewards""}",305074-quick-watcher-5-bd,tvst://user/13991889/badges?badge_id=305074-quick-watcher-5-bd,You have just unlocked the Quick Watcher badge!,badge-unlocked,true,You have just unlocked the Quick Watcher badge!,13991889,notif.caf,,badge,1,,1626536285363,,,
https://d1qhxojdkstxv7.cloudfront.net/305074/1197519/new/fast-watcher-2.png,"{""action"":""com.tozelabs.tvshowtime.NOTIFICATION"",""category"":""notification-category-gamification"",""loc-key"":""You have just unlocked the Quick Watcher badge!"",""notification_id"":""badge-unlocked"",""url"":""tvst://user/13991889/badges?badge_id=305074-quick-watcher-10-bd"",""web_url"":""https://www.tvtime.com/user/13991889/profile#tab-rewards""}",305074-quick-watcher-10-bd,tvst://user/13991889/badges?badge_id=305074-quick-watcher-10-bd,You have just unlocked the Quick Watcher badge!,badge-unlocked,true,You have just unlocked the Quick Watcher badge!,13991889,notif.caf,,badge,1,,1630188633384,,,
https://d1qhxojdkstxv7.cloudfront.net/275274/986818/new/fast-watcher-2.png,"{""action"":""com.tozelabs.tvshowtime.NOTIFICATION"",""category"":""notification-category-gamification"",""loc-key"":""You have just unlocked the Quick Watcher badge!"",""notification_id"":""badge-unlocked"",""url"":""tvst://user/13991889/badges?badge_id=275274-quick-watcher-10-bd"",""web_url"":""https://www.tvtime.com/user/13991889/profile#tab-rewards""}",275274-quick-watcher-10-bd,tvst://user/13991889/badges?badge_id=275274-quick-watcher-10-bd,You have just unlocked the Quick Watcher badge!,badge-unlocked,true,You have just unlocked the Quick Watcher badge!,13991889,notif.caf,,badge,1,,1630950750342,,,
https://d1qhxojdkstxv7.cloudfront.net/401911/62698343/new/fast-watcher-0.png,"{""action"":""com.tozelabs.tvshowtime.NOTIFICATION"",""category"":""notification-category-gamification"",""loc-key"":""You have just unlocked the Quick Watcher badge!"",""notification_id"":""badge-unlocked"",""url"":""tvst://user/13991889/badges?badge_id=401911-quick-watcher-3-bd"",""web_url"":""https://www.tvtime.com/user/13991889/profile#tab-rewards""}",401911-quick-watcher-3-bd,tvst://user/13991889/badges?badge_id=401911-quick-watcher-3-bd,You have just unlocked the Quick Watcher badge!,badge-unlocked,true,You have just unlocked the Quick Watcher badge!,13991889,notif.caf,,badge,1,,1633323556978,,,
https://d1qhxojdkstxv7.cloudfront.net/267441/62633071/new/marathon-0.png,"{""action"":""com.tozelabs.tvshowtime.NOTIFICATION"",""category"":""notification-category-gamification"",""loc-key"":""You have just unlocked the Marathoner badge!"",""notification_id"":""badge-unlocked"",""url"":""tvst://user/13991889/badges?badge_id=267441-marathoner-3-within-24-bd"",""web_url"":""https://www.tvtime.com/user/13991889/profile#tab-rewards""}",267441-marathoner-3-within-24-bd,tvst://user/13991889/badges?badge_id=267441-marathoner-3-within-24-bd,You have just unlocked the Marathoner badge!,badge-unlocked,true,You have just unlocked the Marathoner badge!,13991889,notif.caf,,badge,1,,1633828511184,,,
https://d1zfszn0v5ya99.cloudfront.net/user/5019566/profile_picture/5cb51934c890d_large.png,"{""action"":""com.tozelabs.tvshowtime.NOTIFICATION"",""category"":""notification-category-reaction"",""loc-key"":""TvShowsQueen 🖤 commented the episode S01 | E01 of Squid Game"",""notification_id"":""episode-commented"",""thumbnail"":""https://media.tenor.co/images/cf461793395e24cbfe534a2bc44f624b/tenor.gif"",""url"":""tvst://show/383275/episode/8332593/comment/28071667"",""web_url"":""https://www.tvtime.com/show/383275/episode/8332593/comment/28071667""}",8332593,tvst://show/383275/episode/8332593/comment/28071667,<a href='tvst://user/5019566/profile'>TvShowsQueen 🖤</a> commented the episode <a href='tvst://show/383275/episode/8332593/detail'>S01 | E01</a> of <a href='tvst://show/383275/detail'>Squid Game</a>,episode-commented,true,TvShowsQueen 🖤 commented the episode S01 | E01 of Squid Game,13991889,notif.caf,,episode,1,,1639712336978,,,
https://d1zfszn0v5ya99.cloudfront.net/user/5019566/profile_picture/5cb51934c890d_large.png,"{""action"":""com.tozelabs.tvshowtime.NOTIFICATION"",""category"":""notification-category-reaction"",""loc-key"":""TvShowsQueen 🖤 commented the episode S01 | E03 of Squid Game"",""notification_id"":""episode-commented"",""thumbnail"":""https://media.tenor.co/images/4ab2ce9e97b92d6765c3639ded94e8d7/tenor.gif"",""url"":""tvst://show/383275/episode/8640474/comment/28112642"",""web_url"":""https://www.tvtime.com/show/383275/episode/8640474/comment/28112642""}",8640474,tvst://show/383275/episode/8640474/comment/28112642,<a href='tvst://user/5019566/profile'>TvShowsQueen 🖤</a> commented the episode <a href='tvst://show/383275/episode/8640474/detail'>S01 | E03</a> of <a href='tvst://show/383275/detail'>Squid Game</a>,episode-commented,true,TvShowsQueen 🖤 commented the episode S01 | E03 of Squid Game,13991889,notif.caf,,episode,1,,1640026290902,,,
https://d1zfszn0v5ya99.cloudfront.net/user/5019566/profile_picture/5cb51934c890d_large.png,"{""action"":""com.tozelabs.tvshowtime.NOTIFICATION"",""category"":""notification-category-reaction"",""loc-key"":""TvShowsQueen 🖤 commented the episode S01 | E06 of Squid Game"",""notification_id"":""episode-commented"",""thumbnail"":""https://media.tenor.co/images/c2302dbcae0df7695d2baa651584bef3/tenor.gif"",""url"":""tvst://show/383275/episode/8640477/comment/28114185"",""web_url"":""https://www.tvtime.com/show/383275/episode/8640477/comment/28114185""}",8640477,tvst://show/383275/episode/8640477/comment/28114185,<a href='tvst://user/5019566/profile'>TvShowsQueen 🖤</a> commented the episode <a href='tvst://show/383275/episode/8640477/detail'>S01 | E06</a> of <a href='tvst://show/383275/detail'>Squid Game</a>,episode-commented,true,TvShowsQueen 🖤 commented the episode S01 | E06 of Squid Game,13991889,notif.caf,,episode,1,,1640035805496,,,
https://d1zfszn0v5ya99.cloudfront.net/user/5019566/profile_picture/5cb51934c890d_large.png,"{""action"":""com.tozelabs.tvshowtime.NOTIFICATION"",""category"":""notification-category-reaction"",""loc-key"":""TvShowsQueen 🖤 commented the episode S01 | E08 of Squid Game"",""notification_id"":""episode-commented"",""thumbnail"":""https://media.tenor.co/images/b73413ead549e36e27d0cae8c16e4ee6/tenor.gif"",""url"":""tvst://show/383275/episode/8640479/comment/28115680"",""web_url"":""https://www.tvtime.com/show/383275/episode/8640479/comment/28115680""}",8640479,tvst://show/383275/episode/8640479/comment/28115680,<a href='tvst://user/5019566/profile'>TvShowsQueen 🖤</a> commented the episode <a href='tvst://show/383275/episode/8640479/detail'>S01 | E08</a> of <a href='tvst://show/383275/detail'>Squid Game</a>,episode-commented,true,TvShowsQueen 🖤 commented the episode S01 | E08 of Squid Game,13991889,notif.caf,,episode,1,,1640043028467,,,
https://d1zfszn0v5ya99.cloudfront.net/user/5019566/profile_picture/5cb51934c890d_large.png,"{""action"":""com.tozelabs.tvshowtime.NOTIFICATION"",""category"":""notification-category-reaction"",""loc-key"":""TvShowsQueen 🖤 commented the episode S01 | E08 of Squid Game"",""notification_id"":""episode-commented"",""thumbnail"":""https://media.tenor.co/images/b73413ead549e36e27d0cae8c16e4ee6/tenor.gif"",""url"":""tvst://show/383275/episode/8640479/comment/28115693"",""web_url"":""https://www.tvtime.com/show/383275/episode/8640479/comment/28115693""}",8640479,tvst://show/383275/episode/8640479/comment/28115693,<a href='tvst://user/5019566/profile'>TvShowsQueen 🖤</a> commented the episode <a href='tvst://show/383275/episode/8640479/detail'>S01 | E08</a> of <a href='tvst://show/383275/detail'>Squid Game</a>,episode-commented,true,TvShowsQueen 🖤 commented the episode S01 | E08 of Squid Game,13991889,notif.caf,,episode,1,,1640043116994,,,
https://d1qhxojdkstxv7.cloudfront.net/348545/62963468/new/fast-watcher-0.png,"{""action"":""com.tozelabs.tvshowtime.NOTIFICATION"",""category"":""notification-category-gamification"",""loc-key"":""You have just unlocked the Quick Watcher badge!"",""notification_id"":""badge-unlocked"",""url"":""tvst://user/13991889/badges?badge_id=348545-quick-watcher-3-bd"",""web_url"":""https://www.tvtime.com/user/13991889/profile#tab-rewards""}",348545-quick-watcher-3-bd,tvst://user/13991889/badges?badge_id=348545-quick-watcher-3-bd,You have just unlocked the Quick Watcher badge!,badge-unlocked,true,You have just unlocked the Quick Watcher badge!,13991889,notif.caf,,badge,1,,1642785903018,,,
https://d1zfszn0v5ya99.cloudfront.net/user/55844046/profile_picture/61c7b86a2fc38_large.png,"{""action"":""com.tozelabs.tvshowtime.NOTIFICATION"",""category"":""notification-category-user-follow"",""loc-key"":""JonsJoaquin wants to follow you on TV Time"",""notification_id"":""follow-requested"",""url"":""tvst://profile/55844046"",""web_url"":""https://www.tvtime.com/profile/55844046""}",55844046,tvst://profile/55844046,<a href='tvst://profile/55844046'>JonsJoaquin</a> wants to follow you on TV Time,follow-requested,true,JonsJoaquin wants to follow you on TV Time,13991889,notif.caf,,user,1,,1643255708247,,,
https://d1zfszn0v5ya99.cloudfront.net/user/55844046/profile_picture/61c7b86a2fc38_large.png,"{""action"":""com.tozelabs.tvshowtime.NOTIFICATION"",""category"":""notification-category-reaction"",""loc-key"":""JonsJoaquin commented the episode S03 | E01 of Demon Slayer: Kimetsu no Yaiba"",""notification_id"":""episode-commented"",""thumbnail"":""https://d12qk6n9ersps4.cloudfront.net/12361303/medium-clean.jpg"",""url"":""tvst://show/348545/episode/8729902/comment/28625597"",""web_url"":""https://www.tvtime.com/show/348545/episode/8729902/comment/28625597""}",8729902,tvst://show/348545/episode/8729902/comment/28625597,<a href='tvst://user/55844046/profile'>JonsJoaquin</a> commented the episode <a href='tvst://show/348545/episode/8729902/detail'>S03 | E01</a> of <a href='tvst://show/348545/detail'>Demon Slayer: Kimetsu no Yaiba</a>,episode-commented,true,JonsJoaquin commented the episode S03 | E01 of Demon Slayer: Kimetsu no Yaiba,13991889,notif.caf,,episode,1,,1643601562359,,,
https://d1zfszn0v5ya99.cloudfront.net/user/55844046/profile_picture/61c7b86a2fc38_large.png,"{""action"":""com.tozelabs.tvshowtime.NOTIFICATION"",""category"":""notification-category-reaction"",""loc-key"":""JonsJoaquin commented the episode S02 | E01 of Final Space"",""notification_id"":""episode-commented"",""thumbnail"":""https://d12qk6n9ersps4.cloudfront.net/12374328/medium-clean.jpg"",""url"":""tvst://show/332353/episode/7212477/comment/28659897"",""web_url"":""https://www.tvtime.com/show/332353/episode/7212477/comment/28659897""}",7212477,tvst://show/332353/episode/7212477/comment/28659897,<a href='tvst://user/55844046/profile'>JonsJoaquin</a> commented the episode <a href='tvst://show/332353/episode/7212477/detail'>S02 | E01</a> of <a href='tvst://show/332353/detail'>Final Space</a>,episode-commented,true,JonsJoaquin commented the episode S02 | E01 of Final Space,13991889,notif.caf,,episode,1,,1643834841567,,,
https://d1zfszn0v5ya99.cloudfront.net/user/5019566/profile_picture/5cb51934c890d_large.png,"{""action"":""com.tozelabs.tvshowtime.NOTIFICATION"",""category"":""notification-category-reaction"",""loc-key"":""TvShowsQueen 🖤 commented the episode S02 | E01 of Sex Education"",""notification_id"":""episode-commented"",""thumbnail"":""https://d12qk6n9ersps4.cloudfront.net/12382151/medium-clean.jpg"",""url"":""tvst://show/356317/episode/7465114/comment/28681326"",""web_url"":""https://www.tvtime.com/show/356317/episode/7465114/comment/28681326""}",7465114,tvst://show/356317/episode/7465114/comment/28681326,<a href='tvst://user/5019566/profile'>TvShowsQueen 🖤</a> commented the episode <a href='tvst://show/356317/episode/7465114/detail'>S02 | E01</a> of <a href='tvst://show/356317/detail'>Sex Education</a>,episode-commented,true,TvShowsQueen 🖤 commented the episode S02 | E01 of Sex Education,13991889,notif.caf,,episode,1,,1643991148888,,,
https://d1zfszn0v5ya99.cloudfront.net/user/55844046/profile_picture/61c7b86a2fc38_large.png,"{""action"":""com.tozelabs.tvshowtime.NOTIFICATION"",""category"":""notification-category-reaction"",""loc-key"":""JonsJoaquin commented the episode S01 | E01 of Attack on Titan"",""notification_id"":""episode-commented"",""thumbnail"":""https://media.tenor.co/images/7491c660fdeb41b5fe36dcdceefbab81/tenor.gif"",""url"":""tvst://show/267440/episode/4516067/comment/28699978"",""web_url"":""https://www.tvtime.com/show/267440/episode/4516067/comment/28699978""}",4516067,tvst://show/267440/episode/4516067/comment/28699978,<a href='tvst://user/55844046/profile'>JonsJoaquin</a> commented the episode <a href='tvst://show/267440/episode/4516067/detail'>S01 | E01</a> of <a href='tvst://show/267440/detail'>Attack on Titan</a>,episode-commented,true,JonsJoaquin commented the episode S01 | E01 of Attack on Titan,13991889,notif.caf,,episode,1,,1644120276175,,,
https://d1zfszn0v5ya99.cloudfront.net/user/55844046/profile_picture/61c7b86a2fc38_large.png,"{""action"":""com.tozelabs.tvshowtime.NOTIFICATION"",""category"":""notification-category-reaction"",""loc-key"":""JonsJoaquin commented the episode S03 | E10 of Demon Slayer: Kimetsu no Yaiba"",""notification_id"":""episode-commented"",""thumbnail"":""https://d12qk6n9ersps4.cloudfront.net/12396134/medium-clean.jpg"",""url"":""tvst://show/348545/episode/8747440/comment/28716094"",""web_url"":""https://www.tvtime.com/show/348545/episode/8747440/comment/28716094""}",8747440,tvst://show/348545/episode/8747440/comment/28716094,<a href='tvst://user/55844046/profile'>JonsJoaquin</a> commented the episode <a href='tvst://show/348545/episode/8747440/detail'>S03 | E10</a> of <a href='tvst://show/348545/detail'>Demon Slayer: Kimetsu no Yaiba</a>,episode-commented,true,JonsJoaquin commented the episode S03 | E10 of Demon Slayer: Kimetsu no Yaiba,13991889,notif.caf,,episode,1,,1644210490104,,,
https://d1zfszn0v5ya99.cloudfront.net/user/55844046/profile_picture/61c7b86a2fc38_large.png,"{""action"":""com.tozelabs.tvshowtime.NOTIFICATION"",""category"":""notification-category-reaction"",""loc-key"":""JonsJoaquin commented the episode S04 | E19 of My Hero Academia"",""notification_id"":""episode-commented"",""thumbnail"":""https://media.tenor.co/images/a276be1f5dd04a52672bb930d35c1e28/tenor.gif"",""url"":""tvst://show/305074/episode/7553209/comment/28778996"",""web_url"":""https://www.tvtime.com/show/305074/episode/7553209/comment/28778996""}",7553209,tvst://show/305074/episode/7553209/comment/28778996,<a href='tvst://user/55844046/profile'>JonsJoaquin</a> commented the episode <a href='tvst://show/305074/episode/7553209/detail'>S04 | E19</a> of <a href='tvst://show/305074/detail'>My Hero Academia</a>,episode-commented,true,JonsJoaquin commented the episode S04 | E19 of My Hero Academia,13991889,notif.caf,,episode,1,,1644689522461,,,
https://d1zfszn0v5ya99.cloudfront.net/user/55844046/profile_picture/61c7b86a2fc38_large.png,"{""action"":""com.tozelabs.tvshowtime.NOTIFICATION"",""category"":""notification-category-reaction"",""loc-key"":""JonsJoaquin commented the episode S04 | E22 of My Hero Academia"",""notification_id"":""episode-commented"",""thumbnail"":""https://d12qk6n9ersps4.cloudfront.net/12420528/medium-clean.jpg"",""url"":""tvst://show/305074/episode/7553212/comment/28780619"",""web_url"":""https://www.tvtime.com/show/305074/episode/7553212/comment/28780619""}",7553212,tvst://show/305074/episode/7553212/comment/28780619,<a href='tvst://user/55844046/profile'>JonsJoaquin</a> commented the episode <a href='tvst://show/305074/episode/7553212/detail'>S04 | E22</a> of <a href='tvst://show/305074/detail'>My Hero Academia</a>,episode-commented,true,JonsJoaquin commented the episode S04 | E22 of My Hero Academia,13991889,notif.caf,,episode,1,,1644699626431,,,
,"{""action"":""com.tozelabs.tvshowtime.NOTIFICATION"",""category"":""notification-category-social"",""loc-key"":""Your Twitter friend Franco joined the TV Time community"",""notification_id"":""friend-joined"",""url"":""tvst://profile/51572565"",""web_url"":""https://www.tvtime.com/profile/51572565""}",51572565,tvst://profile/51572565,Your Twitter friend <a href='tvst://profile/51572565'>Franco</a> joined the TV Time community,friend-joined,true,Your Twitter friend Franco joined the TV Time community,13991889,notif.caf,,user,1,,1645412438123,,,
https://d1zfszn0v5ya99.cloudfront.net/user/5019566/profile_picture/5cb51934c890d_large.png,"{""action"":""com.tozelabs.tvshowtime.NOTIFICATION"",""category"":""notification-category-reaction"",""loc-key"":""TvShowsQueen 🖤 commented the episode S01 | E01 of Better Call Saul"",""notification_id"":""episode-commented"",""thumbnail"":""https://media.tenor.com/images/c5b84b4f9970b386c92a3aeee39f613f/tenor.gif"",""url"":""tvst://show/273181/episode/4663020/comment/29175714"",""web_url"":""https://www.tvtime.com/show/273181/episode/4663020/comment/29175714""}",4663020,tvst://show/273181/episode/4663020/comment/29175714,<a href='tvst://user/5019566/profile'>TvShowsQueen 🖤</a> commented the episode <a href='tvst://show/273181/episode/4663020/detail'>S01 | E01</a> of <a href='tvst://show/273181/detail'>Better Call Saul</a>,episode-commented,true,TvShowsQueen 🖤 commented the episode S01 | E01 of Better Call Saul,13991889,notif.caf,,episode,1,,1647749453910,,,
https://d1qhxojdkstxv7.cloudfront.net/279121/1039644/new/marathon-0.png,"{""action"":""com.tozelabs.tvshowtime.NOTIFICATION"",""category"":""notification-category-gamification"",""loc-key"":""You have just unlocked the Marathoner badge!"",""notification_id"":""badge-unlocked"",""url"":""tvst://user/13991889/badges?badge_id=279121-marathoner-3-within-24-bd"",""web_url"":""https://www.tvtime.com/user/13991889/profile#tab-rewards""}",279121-marathoner-3-within-24-bd,tvst://user/13991889/badges?badge_id=279121-marathoner-3-within-24-bd,You have just unlocked the Marathoner badge!,badge-unlocked,true,You have just unlocked the Marathoner badge!,13991889,notif.caf,,badge,1,,1649262220146,,,
https://d1zfszn0v5ya99.cloudfront.net/user/55844046/profile_picture/61c7b86a2fc38_large.png,"{""action"":""com.tozelabs.tvshowtime.NOTIFICATION"",""category"":""notification-category-reaction"",""loc-key"":""JonsJoaquin commented the episode S01 | E01 of SPY x FAMILY"",""notification_id"":""episode-commented"",""thumbnail"":""https://media.tenor.com/images/e23c18771a848b766dc00ccd11e67648/tenor.gif"",""url"":""tvst://show/405920/episode/8811841/comment/29633898"",""web_url"":""https://www.tvtime.com/show/405920/episode/8811841/comment/29633898""}",8811841,tvst://show/405920/episode/8811841/comment/29633898,<a href='tvst://user/55844046/profile'>JonsJoaquin</a> commented the episode <a href='tvst://show/405920/episode/8811841/detail'>S01 | E01</a> of <a href='tvst://show/405920/detail'>SPY x FAMILY</a>,episode-commented,true,JonsJoaquin commented the episode S01 | E01 of SPY x FAMILY,13991889,notif.caf,,episode,1,,1651377599185,,,
https://d1qhxojdkstxv7.cloudfront.net/273181/1057993/new/fast-watcher-0.png,"{""action"":""com.tozelabs.tvshowtime.NOTIFICATION"",""category"":""notification-category-gamification"",""loc-key"":""You have just unlocked the Quick Watcher badge!"",""notification_id"":""badge-unlocked"",""url"":""tvst://user/13991889/badges?badge_id=273181-quick-watcher-3-bd"",""web_url"":""https://www.tvtime.com/user/13991889/profile#tab-rewards""}",273181-quick-watcher-3-bd,tvst://user/13991889/badges?badge_id=273181-quick-watcher-3-bd,You have just unlocked the Quick Watcher badge!,badge-unlocked,true,You have just unlocked the Quick Watcher badge!,13991889,notif.caf,,badge,1,,1652818569088,,,
https://d1zfszn0v5ya99.cloudfront.net/user/55844046/profile_picture/61c7b86a2fc38_large.png,"{""action"":""com.tozelabs.tvshowtime.NOTIFICATION"",""category"":""notification-category-reaction"",""loc-key"":""JonsJoaquin commented the episode S03 | E07 of Stranger Things"",""notification_id"":""episode-commented"",""thumbnail"":""https://d12qk6n9ersps4.cloudfront.net/12862583/medium-clean.jpg"",""url"":""tvst://show/305288/episode/6934002/comment/29898553"",""web_url"":""https://www.tvtime.com/show/305288/episode/6934002/comment/29898553""}",6934002,tvst://show/305288/episode/6934002/comment/29898553,<a href='tvst://user/55844046/profile'>JonsJoaquin</a> commented the episode <a href='tvst://show/305288/episode/6934002/detail'>S03 | E07</a> of <a href='tvst://show/305288/detail'>Stranger Things</a>,episode-commented,true,JonsJoaquin commented the episode S03 | E07 of Stranger Things,13991889,notif.caf,,episode,1,,1653529374515,,,
https://d1zfszn0v5ya99.cloudfront.net/user/55844046/profile_picture/61c7b86a2fc38_large.png,"{""action"":""com.tozelabs.tvshowtime.NOTIFICATION"",""category"":""notification-category-reaction"",""loc-key"":""JonsJoaquin commented the episode S01 | E01 of Big Mouth"",""notification_id"":""episode-commented"",""thumbnail"":""https://d12qk6n9ersps4.cloudfront.net/12889958/medium-clean.jpg"",""url"":""tvst://show/331431/episode/6183244/comment/29969941"",""web_url"":""https://www.tvtime.com/show/331431/episode/6183244/comment/29969941""}",6183244,tvst://show/331431/episode/6183244/comment/29969941,<a href='tvst://user/55844046/profile'>JonsJoaquin</a> commented the episode <a href='tvst://show/331431/episode/6183244/detail'>S01 | E01</a> of <a href='tvst://show/331431/detail'>Big Mouth</a>,episode-commented,true,JonsJoaquin commented the episode S01 | E01 of Big Mouth,13991889,notif.caf,,episode,1,,1653977514922,,,
https://d1zfszn0v5ya99.cloudfront.net/user/55844046/profile_picture/61c7b86a2fc38_large.png,"{""action"":""com.tozelabs.tvshowtime.NOTIFICATION"",""category"":""notification-category-reaction"",""loc-key"":""JonsJoaquin commented the episode S03 | E02 of Love, Death \u0026 Robots"",""notification_id"":""episode-commented"",""thumbnail"":""https://d12qk6n9ersps4.cloudfront.net/12969368/medium-clean.jpg"",""url"":""tvst://show/357888/episode/9119402/comment/30185734"",""web_url"":""https://www.tvtime.com/show/357888/episode/9119402/comment/30185734""}",9119402,tvst://show/357888/episode/9119402/comment/30185734,"<a href='tvst://user/55844046/profile'>JonsJoaquin</a> commented the episode <a href='tvst://show/357888/episode/9119402/detail'>S03 | E02</a> of <a href='tvst://show/357888/detail'>Love, Death & Robots</a>",episode-commented,true,"JonsJoaquin commented the episode S03 | E02 of Love, Death & Robots",13991889,notif.caf,,episode,1,,1655698461430,,,
https://d1qhxojdkstxv7.cloudfront.net/270915/1321761/new/marathon-0.png,"{""action"":""com.tozelabs.tvshowtime.NOTIFICATION"",""category"":""notification-category-gamification"",""loc-key"":""You have just unlocked the Marathoner badge!"",""notification_id"":""badge-unlocked"",""url"":""tvst://user/13991889/badges?badge_id=270915-marathoner-3-within-24-bd"",""web_url"":""https://www.tvtime.com/user/13991889/profile#tab-rewards""}",270915-marathoner-3-within-24-bd,tvst://user/13991889/badges?badge_id=270915-marathoner-3-within-24-bd,You have just unlocked the Marathoner badge!,badge-unlocked,true,You have just unlocked the Marathoner badge!,13991889,notif.caf,,badge,1,,1656037626833,,,
https://d1zfszn0v5ya99.cloudfront.net/user/5019566/profile_picture/5cb51934c890d_large.png,"{""action"":""com.tozelabs.tvshowtime.NOTIFICATION"",""category"":""notification-category-reaction"",""loc-key"":""TvShowsQueen 🖤 commented the episode S04 | E04 of Stranger Things"",""notification_id"":""episode-commented"",""thumbnail"":""https://media.tenor.com/images/2eb1f81a49225b26d381d4685350112b/tenor.gif"",""url"":""tvst://show/305288/episode/8825809/comment/30312445"",""web_url"":""https://www.tvtime.com/show/305288/episode/8825809/comment/30312445""}",8825809,tvst://show/305288/episode/8825809/comment/30312445,<a href='tvst://user/5019566/profile'>TvShowsQueen 🖤</a> commented the episode <a href='tvst://show/305288/episode/8825809/detail'>S04 | E04</a> of <a href='tvst://show/305288/detail'>Stranger Things</a>,episode-commented,true,TvShowsQueen 🖤 commented the episode S04 | E04 of Stranger Things,13991889,notif.caf,,episode,1,,1656631974222,,,
https://d1qhxojdkstxv7.cloudfront.net/412031/62874226/new/marathon-0.png,"{""action"":""com.tozelabs.tvshowtime.NOTIFICATION"",""category"":""notification-category-gamification"",""loc-key"":""You have just unlocked the Marathoner badge!"",""notification_id"":""badge-unlocked"",""url"":""tvst://user/13991889/badges?badge_id=412031-marathoner-3-within-24-bd"",""web_url"":""https://www.tvtime.com/user/13991889/profile#tab-rewards""}",412031-marathoner-3-within-24-bd,tvst://user/13991889/badges?badge_id=412031-marathoner-3-within-24-bd,You have just unlocked the Marathoner badge!,badge-unlocked,true,You have just unlocked the Marathoner badge!,13991889,notif.caf,,badge,1,,1656641958981,,,
https://d1zfszn0v5ya99.cloudfront.net/user/5019566/profile_picture/5cb51934c890d_large.png,"{""action"":""com.tozelabs.tvshowtime.NOTIFICATION"",""category"":""notification-category-reaction"",""loc-key"":""TvShowsQueen 🖤 commented the episode S04 | E01 of Young Sheldon"",""notification_id"":""episode-commented"",""thumbnail"":""https://media.tenor.com/images/d3b2ef0d59ceb2cf9e804f1d2154a1b7/tenor.gif"",""url"":""tvst://show/328724/episode/7992342/comment/30363661"",""web_url"":""https://www.tvtime.com/show/328724/episode/7992342/comment/30363661""}",7992342,tvst://show/328724/episode/7992342/comment/30363661,<a href='tvst://user/5019566/profile'>TvShowsQueen 🖤</a> commented the episode <a href='tvst://show/328724/episode/7992342/detail'>S04 | E01</a> of <a href='tvst://show/328724/detail'>Young Sheldon</a>,episode-commented,true,TvShowsQueen 🖤 commented the episode S04 | E01 of Young Sheldon,13991889,notif.caf,,episode,1,,1656969026086,,,
https://d1qhxojdkstxv7.cloudfront.net/273181/63057879/new/fast-watcher-1.png,"{""action"":""com.tozelabs.tvshowtime.NOTIFICATION"",""category"":""notification-category-gamification"",""loc-key"":""You have just unlocked the Quick Watcher badge!"",""notification_id"":""badge-unlocked"",""url"":""tvst://user/13991889/badges?badge_id=273181-quick-watcher-5-bd"",""web_url"":""https://www.tvtime.com/user/13991889/profile#tab-rewards""}",273181-quick-watcher-5-bd,tvst://user/13991889/badges?badge_id=273181-quick-watcher-5-bd,You have just unlocked the Quick Watcher badge!,badge-unlocked,true,You have just unlocked the Quick Watcher badge!,13991889,notif.caf,,badge,1,,1657666609109,,,
https://d1zfszn0v5ya99.cloudfront.net/user/55844046/profile_picture/62d0f5559ce65_large.png,"{""action"":""com.tozelabs.tvshowtime.NOTIFICATION"",""category"":""notification-category-reaction"",""loc-key"":""JonsJoaquin commented the episode S03 | E09 of Atypical"",""notification_id"":""episode-commented"",""thumbnail"":""https://media.tenor.com/images/da50fd5eddcee9f0721d817a63c7e346/tenor.gif"",""url"":""tvst://show/330374/episode/7416276/comment/30652386"",""web_url"":""https://www.tvtime.com/show/330374/episode/7416276/comment/30652386""}",7416276,tvst://show/330374/episode/7416276/comment/30652386,<a href='tvst://user/55844046/profile'>JonsJoaquin</a> commented the episode <a href='tvst://show/330374/episode/7416276/detail'>S03 | E09</a> of <a href='tvst://show/330374/detail'>Atypical</a>,episode-commented,true,JonsJoaquin commented the episode S03 | E09 of Atypical,13991889,notif.caf,,episode,1,,1659243057212,,,
https://d1zfszn0v5ya99.cloudfront.net/user/55844046/profile_picture/62d0f5559ce65_large.png,"{""action"":""com.tozelabs.tvshowtime.NOTIFICATION"",""category"":""notification-category-reaction"",""loc-key"":""JonsJoaquin commented the episode S03 | E09 of Atypical"",""notification_id"":""episode-commented"",""thumbnail"":""https://media.tenor.com/images/da50fd5eddcee9f0721d817a63c7e346/tenor.gif"",""url"":""tvst://show/330374/episode/7416276/comment/30652390"",""web_url"":""https://www.tvtime.com/show/330374/episode/7416276/comment/30652390""}",7416276,tvst://show/330374/episode/7416276/comment/30652390,<a href='tvst://user/55844046/profile'>JonsJoaquin</a> commented the episode <a href='tvst://show/330374/episode/7416276/detail'>S03 | E09</a> of <a href='tvst://show/330374/detail'>Atypical</a>,episode-commented,true,JonsJoaquin commented the episode S03 | E09 of Atypical,13991889,notif.caf,,episode,1,,1659243088346,,,
https://d1zfszn0v5ya99.cloudfront.net/user/5019566/profile_picture/5cb51934c890d_large.png,"{""action"":""com.tozelabs.tvshowtime.NOTIFICATION"",""category"":""notification-category-reaction"",""loc-key"":""TvShowsQueen 🖤 commented the episode S06 | E12 of Better Call Saul"",""notification_id"":""episode-commented"",""thumbnail"":""https://media.tenor.com/images/45e1208de2e2009e7016ca1200eef780/tenor.gif"",""url"":""tvst://show/273181/episode/8996840/comment/30755908"",""web_url"":""https://www.tvtime.com/show/273181/episode/8996840/comment/30755908""}",8996840,tvst://show/273181/episode/8996840/comment/30755908,<a href='tvst://user/5019566/profile'>TvShowsQueen 🖤</a> commented the episode <a href='tvst://show/273181/episode/8996840/detail'>S06 | E12</a> of <a href='tvst://show/273181/detail'>Better Call Saul</a>,episode-commented,true,TvShowsQueen 🖤 commented the episode S06 | E12 of Better Call Saul,13991889,notif.caf,,episode,1,,1660057962920,,,
https://d1zfszn0v5ya99.cloudfront.net/user/55844046/profile_picture/62d0f5559ce65_large.png,"{""action"":""com.tozelabs.tvshowtime.NOTIFICATION"",""category"":""notification-category-reaction"",""loc-key"":""JonsJoaquin commented the episode S01 | E01 of Kaguya-sama: Love Is War"",""notification_id"":""episode-commented"",""thumbnail"":""https://media.tenor.com/images/993211596ab6a82ce331220fd005b23f/tenor.gif"",""url"":""tvst://show/354198/episode/6864635/comment/30774526"",""web_url"":""https://www.tvtime.com/show/354198/episode/6864635/comment/30774526""}",6864635,tvst://show/354198/episode/6864635/comment/30774526,<a href='tvst://user/55844046/profile'>JonsJoaquin</a> commented the episode <a href='tvst://show/354198/episode/6864635/detail'>S01 | E01</a> of <a href='tvst://show/354198/detail'>Kaguya-sama: Love Is War</a>,episode-commented,true,JonsJoaquin commented the episode S01 | E01 of Kaguya-sama: Love Is War,13991889,notif.caf,,episode,1,,1660184732447,,,
https://d1qhxojdkstxv7.cloudfront.net/273181/63057879/new/fast-watcher-2.png,"{""action"":""com.tozelabs.tvshowtime.NOTIFICATION"",""category"":""notification-category-gamification"",""loc-key"":""You have just unlocked the Quick Watcher badge!"",""notification_id"":""badge-unlocked"",""url"":""tvst://user/13991889/badges?badge_id=273181-quick-watcher-10-bd"",""web_url"":""https://www.tvtime.com/user/13991889/profile#tab-rewards""}",273181-quick-watcher-10-bd,tvst://user/13991889/badges?badge_id=273181-quick-watcher-10-bd,You have just unlocked the Quick Watcher badge!,badge-unlocked,true,You have just unlocked the Quick Watcher badge!,13991889,notif.caf,,badge,1,,1660652165825,,,
https://d1zfszn0v5ya99.cloudfront.net/user/5019566/profile_picture/5cb51934c890d_large.png,"{""action"":""com.tozelabs.tvshowtime.NOTIFICATION"",""category"":""notification-category-reaction"",""loc-key"":""TvShowsQueen 🖤 commented the episode S06 | E13 of Better Call Saul"",""notification_id"":""episode-commented"",""thumbnail"":""https://media.tenor.com/images/b09802d392658a0374172dc37973a52c/tenor.gif"",""url"":""tvst://show/273181/episode/8996841/comment/30839362"",""web_url"":""https://www.tvtime.com/show/273181/episode/8996841/comment/30839362""}",8996841,tvst://show/273181/episode/8996841/comment/30839362,<a href='tvst://user/5019566/profile'>TvShowsQueen 🖤</a> commented the episode <a href='tvst://show/273181/episode/8996841/detail'>S06 | E13</a> of <a href='tvst://show/273181/detail'>Better Call Saul</a>,episode-commented,true,TvShowsQueen 🖤 commented the episode S06 | E13 of Better Call Saul,13991889,notif.caf,,episode,1,,1660662495478,,,
https://d1zfszn0v5ya99.cloudfront.net/user/5019566/profile_picture/5cb51934c890d_large.png,"{""action"":""com.tozelabs.tvshowtime.NOTIFICATION"",""category"":""notification-category-reaction"",""loc-key"":""TvShowsQueen 🖤 commented the episode S01 | E01 of Peaky Blinders"",""notification_id"":""episode-commented"",""thumbnail"":""https://media.tenor.com/images/ba0703aecc77f485cb91ad6ed54a0df6/tenor.gif"",""url"":""tvst://show/270915/episode/4645420/comment/30840333"",""web_url"":""https://www.tvtime.com/show/270915/episode/4645420/comment/30840333""}",4645420,tvst://show/270915/episode/4645420/comment/30840333,<a href='tvst://user/5019566/profile'>TvShowsQueen 🖤</a> commented the episode <a href='tvst://show/270915/episode/4645420/detail'>S01 | E01</a> of <a href='tvst://show/270915/detail'>Peaky Blinders</a>,episode-commented,true,TvShowsQueen 🖤 commented the episode S01 | E01 of Peaky Blinders,13991889,notif.caf,,episode,1,,1660668972299,,,
https://d1zfszn0v5ya99.cloudfront.net/user/55844046/profile_picture/62d0f5559ce65_large.png,"{""action"":""com.tozelabs.tvshowtime.NOTIFICATION"",""category"":""notification-category-reaction"",""loc-key"":""JonsJoaquin commented the episode S04 | E08 of Atypical"",""notification_id"":""episode-commented"",""thumbnail"":""https://d12qk6n9ersps4.cloudfront.net/13216749/medium-clean.jpg"",""url"":""tvst://show/330374/episode/8513238/comment/30859448"",""web_url"":""https://www.tvtime.com/show/330374/episode/8513238/comment/30859448""}",8513238,tvst://show/330374/episode/8513238/comment/30859448,<a href='tvst://user/55844046/profile'>JonsJoaquin</a> commented the episode <a href='tvst://show/330374/episode/8513238/detail'>S04 | E08</a> of <a href='tvst://show/330374/detail'>Atypical</a>,episode-commented,true,JonsJoaquin commented the episode S04 | E08 of Atypical,13991889,notif.caf,,episode,1,,1660806965827,,,
https://d1zfszn0v5ya99.cloudfront.net/user/5019566/profile_picture/5cb51934c890d_large.png,"{""action"":""com.tozelabs.tvshowtime.NOTIFICATION"",""category"":""notification-category-reaction"",""loc-key"":""TvShowsQueen 🖤 commented the episode S05 | E05 of Peaky Blinders"",""notification_id"":""episode-commented"",""thumbnail"":""https://d12qk6n9ersps4.cloudfront.net/13224228/medium-clean.jpg"",""url"":""tvst://show/270915/episode/7314724/comment/30879908"",""web_url"":""https://www.tvtime.com/show/270915/episode/7314724/comment/30879908""}",7314724,tvst://show/270915/episode/7314724/comment/30879908,<a href='tvst://user/5019566/profile'>TvShowsQueen 🖤</a> commented the episode <a href='tvst://show/270915/episode/7314724/detail'>S05 | E05</a> of <a href='tvst://show/270915/detail'>Peaky Blinders</a>,episode-commented,true,TvShowsQueen 🖤 commented the episode S05 | E05 of Peaky Blinders,13991889,notif.caf,,episode,1,,1660949343052,,,
https://d1zfszn0v5ya99.cloudfront.net/user/5019566/profile_picture/5cb51934c890d_large.png,"{""action"":""com.tozelabs.tvshowtime.NOTIFICATION"",""category"":""notification-category-reaction"",""loc-key"":""TvShowsQueen 🖤 commented the episode S06 | E06 of Peaky Blinders"",""notification_id"":""episode-commented"",""thumbnail"":""https://d12qk6n9ersps4.cloudfront.net/13226597/medium-clean.jpg"",""url"":""tvst://show/270915/episode/9021661/comment/30886841"",""web_url"":""https://www.tvtime.com/show/270915/episode/9021661/comment/30886841""}",9021661,tvst://show/270915/episode/9021661/comment/30886841,<a href='tvst://user/5019566/profile'>TvShowsQueen 🖤</a> commented the episode <a href='tvst://show/270915/episode/9021661/detail'>S06 | E06</a> of <a href='tvst://show/270915/detail'>Peaky Blinders</a>,episode-commented,true,TvShowsQueen 🖤 commented the episode S06 | E06 of Peaky Blinders,13991889,notif.caf,,episode,1,,1661008657534,,,
https://d1zfszn0v5ya99.cloudfront.net/user/5019566/profile_picture/5cb51934c890d_large.png,"{""action"":""com.tozelabs.tvshowtime.NOTIFICATION"",""category"":""notification-category-reaction"",""loc-key"":""TvShowsQueen 🖤 commented the episode S01 | E01 of She-Hulk: Attorney at Law"",""notification_id"":""episode-commented"",""thumbnail"":""https://media.tenor.com/images/17d921927cdaf090468f833ce7dfa0a1/tenor.gif"",""url"":""tvst://show/368613/episode/8994766/comment/30925541"",""web_url"":""https://www.tvtime.com/show/368613/episode/8994766/comment/30925541""}",8994766,tvst://show/368613/episode/8994766/comment/30925541,<a href='tvst://user/5019566/profile'>TvShowsQueen 🖤</a> commented the episode <a href='tvst://show/368613/episode/8994766/detail'>S01 | E01</a> of <a href='tvst://show/368613/detail'>She-Hulk: Attorney at Law</a>,episode-commented,true,TvShowsQueen 🖤 commented the episode S01 | E01 of She-Hulk: Attorney at Law,13991889,notif.caf,,episode,1,,1661277420443,,,
https://d1zfszn0v5ya99.cloudfront.net/user/55844046/profile_picture/62d0f5559ce65_large.png,"{""action"":""com.tozelabs.tvshowtime.NOTIFICATION"",""category"":""notification-category-reaction"",""loc-key"":""JonsJoaquin commented the episode S01 | E01 of Breaking Bad"",""notification_id"":""episode-commented"",""thumbnail"":""https://d12qk6n9ersps4.cloudfront.net/13304427/medium-clean.jpg"",""url"":""tvst://show/81189/episode/349232/comment/31095718"",""web_url"":""https://www.tvtime.com/show/81189/episode/349232/comment/31095718""}",349232,tvst://show/81189/episode/349232/comment/31095718,<a href='tvst://user/55844046/profile'>JonsJoaquin</a> commented the episode <a href='tvst://show/81189/episode/349232/detail'>S01 | E01</a> of <a href='tvst://show/81189/detail'>Breaking Bad</a>,episode-commented,true,JonsJoaquin commented the episode S01 | E01 of Breaking Bad,13991889,notif.caf,,episode,1,,1662664090493,,,
https://d1zfszn0v5ya99.cloudfront.net/user/55844046/profile_picture/62d0f5559ce65_large.png,"{""action"":""com.tozelabs.tvshowtime.NOTIFICATION"",""category"":""notification-category-reaction"",""loc-key"":""JonsJoaquin commented the episode S01 | E01 of Breaking Bad"",""notification_id"":""episode-commented"",""thumbnail"":""https://d12qk6n9ersps4.cloudfront.net/13304440/medium-clean.jpg"",""url"":""tvst://show/81189/episode/349232/comment/31095781"",""web_url"":""https://www.tvtime.com/show/81189/episode/349232/comment/31095781""}",349232,tvst://show/81189/episode/349232/comment/31095781,<a href='tvst://user/55844046/profile'>JonsJoaquin</a> commented the episode <a href='tvst://show/81189/episode/349232/detail'>S01 | E01</a> of <a href='tvst://show/81189/detail'>Breaking Bad</a>,episode-commented,true,JonsJoaquin commented the episode S01 | E01 of Breaking Bad,13991889,notif.caf,,episode,1,,1662664485327,,,
https://d1zfszn0v5ya99.cloudfront.net/user/55844046/profile_picture/62d0f5559ce65_large.png,"{""action"":""com.tozelabs.tvshowtime.NOTIFICATION"",""category"":""notification-category-reaction"",""loc-key"":""JonsJoaquin commented the episode S02 | E07 of Breaking Bad"",""notification_id"":""episode-commented"",""thumbnail"":""https://d12qk6n9ersps4.cloudfront.net/13329073/medium-clean.jpg"",""url"":""tvst://show/81189/episode/438918/comment/31162623"",""web_url"":""https://www.tvtime.com/show/81189/episode/438918/comment/31162623""}",438918,tvst://show/81189/episode/438918/comment/31162623,<a href='tvst://user/55844046/profile'>JonsJoaquin</a> commented the episode <a href='tvst://show/81189/episode/438918/detail'>S02 | E07</a> of <a href='tvst://show/81189/detail'>Breaking Bad</a>,episode-commented,true,JonsJoaquin commented the episode S02 | E07 of Breaking Bad,13991889,notif.caf,,episode,1,,1663216932156,,,
https://d1qhxojdkstxv7.cloudfront.net/305074/1139865/new/fast-watcher-3.png,"{""action"":""com.tozelabs.tvshowtime.NOTIFICATION"",""category"":""notification-category-gamification"",""loc-key"":""You have just unlocked the Quick Watcher badge!"",""notification_id"":""badge-unlocked"",""url"":""tvst://user/13991889/badges?badge_id=305074-quick-watcher-15-bd"",""web_url"":""https://www.tvtime.com/user/13991889/profile#tab-rewards""}",305074-quick-watcher-15-bd,tvst://user/13991889/badges?badge_id=305074-quick-watcher-15-bd,You have just unlocked the Quick Watcher badge!,badge-unlocked,false,You have just unlocked the Quick Watcher badge!,13991889,notif.caf,,badge,1,,1664638910668,,,
https://d1zfszn0v5ya99.cloudfront.net/user/55844046/profile_picture/62d0f5559ce65_large.png,"{""action"":""com.tozelabs.tvshowtime.NOTIFICATION"",""category"":""notification-category-reaction"",""loc-key"":""JonsJoaquin commented the episode S03 | E06 of Breaking Bad"",""notification_id"":""episode-commented"",""url"":""tvst://show/81189/episode/2062371/comment/31339389"",""web_url"":""https://www.tvtime.com/show/81189/episode/2062371/comment/31339389""}",58803c68-ae5c-4802-9947-423094461bbe,tvst://show/81189/episode/2062371/comment/31339389,<a href='tvst://user/55844046/profile'>JonsJoaquin</a> commented the episode <a href='tvst://show/81189/episode/2062371/detail'>S03 | E06</a> of Breaking Bad,episode-commented,false,JonsJoaquin commented the episode S03 | E06 of Breaking Bad,13991889,notif.caf,,episode,1,,1664676274958,,,
https://d1zfszn0v5ya99.cloudfront.net/user/55844046/profile_picture/62d0f5559ce65_large.png,"{""action"":""com.tozelabs.tvshowtime.NOTIFICATION"",""category"":""notification-category-reaction"",""loc-key"":""JonsJoaquin commented the episode S01 | E13 of SPY x FAMILY"",""notification_id"":""episode-commented"",""url"":""tvst://show/405920/episode/9114344/comment/31344814"",""web_url"":""https://www.tvtime.com/show/405920/episode/9114344/comment/31344814""}",c553e29f-9203-4cd6-ac4d-be4017a4469e,tvst://show/405920/episode/9114344/comment/31344814,<a href='tvst://user/55844046/profile'>JonsJoaquin</a> commented the episode <a href='tvst://show/405920/episode/9114344/detail'>S01 | E13</a> of SPY x FAMILY,episode-commented,false,JonsJoaquin commented the episode S01 | E13 of SPY x FAMILY,13991889,notif.caf,,episode,1,,1664736617566,,,
https://d1zfszn0v5ya99.cloudfront.net/user/55844046/profile_picture/62d0f5559ce65_large.png,"{""action"":""com.tozelabs.tvshowtime.NOTIFICATION"",""category"":""notification-category-reaction"",""loc-key"":""JonsJoaquin commented the episode S05 | E05 of My Hero Academia"",""notification_id"":""episode-commented"",""url"":""tvst://show/305074/episode/8159508/comment/31350114"",""web_url"":""https://www.tvtime.com/show/305074/episode/8159508/comment/31350114""}",9f0c0a14-6023-4fae-b334-20a82fcb7d71,tvst://show/305074/episode/8159508/comment/31350114,<a href='tvst://user/55844046/profile'>JonsJoaquin</a> commented the episode <a href='tvst://show/305074/episode/8159508/detail'>S05 | E05</a> of My Hero Academia,episode-commented,false,JonsJoaquin commented the episode S05 | E05 of My Hero Academia,13991889,notif.caf,,episode,1,,1664771059726,,,
https://d1zfszn0v5ya99.cloudfront.net/user/55844046/profile_picture/62d0f5559ce65_large.png,"{""action"":""com.tozelabs.tvshowtime.NOTIFICATION"",""category"":""notification-category-reaction"",""loc-key"":""JonsJoaquin commented the episode S03 | E07 of Breaking Bad"",""notification_id"":""episode-commented"",""url"":""tvst://show/81189/episode/2062381/comment/31353304"",""web_url"":""https://www.tvtime.com/show/81189/episode/2062381/comment/31353304""}",3cdc5778-98b4-45e3-bf2f-2045dc584ddc,tvst://show/81189/episode/2062381/comment/31353304,<a href='tvst://user/55844046/profile'>JonsJoaquin</a> commented the episode <a href='tvst://show/81189/episode/2062381/detail'>S03 | E07</a> of Breaking Bad,episode-commented,true,JonsJoaquin commented the episode S03 | E07 of Breaking Bad,13991889,notif.caf,,episode,1,,1664804327744,,,
https://d1zfszn0v5ya99.cloudfront.net/user/55844046/profile_picture/62d0f5559ce65_large.png,"{""action"":""com.tozelabs.tvshowtime.NOTIFICATION"",""category"":""notification-category-reaction"",""loc-key"":""JonsJoaquin commented the episode S05 | E12 of My Hero Academia"",""notification_id"":""episode-commented"",""url"":""tvst://show/305074/episode/8159515/comment/31410426"",""web_url"":""https://www.tvtime.com/show/305074/episode/8159515/comment/31410426""}",3fb08df2-a324-4e1a-89bc-279c7113bcdf,tvst://show/305074/episode/8159515/comment/31410426,<a href='tvst://user/55844046/profile'>JonsJoaquin</a> commented the episode <a href='tvst://show/305074/episode/8159515/detail'>S05 | E12</a> of My Hero Academia,episode-commented,true,JonsJoaquin commented the episode S05 | E12 of My Hero Academia,13991889,notif.caf,,episode,1,,1665287022026,,,
https://d1qhxojdkstxv7.cloudfront.net/405920/63016881/new/fast-watcher-0.png,"{""action"":""com.tozelabs.tvshowtime.NOTIFICATION"",""category"":""notification-category-gamification"",""loc-key"":""You have just unlocked the Quick Watcher badge!"",""notification_id"":""badge-unlocked"",""url"":""tvst://user/13991889/badges?badge_id=405920-quick-watcher-3-bd"",""web_url"":""https://www.tvtime.com/user/13991889/profile#tab-rewards""}",405920-quick-watcher-3-bd,tvst://user/13991889/badges?badge_id=405920-quick-watcher-3-bd,You have just unlocked the Quick Watcher badge!,badge-unlocked,true,You have just unlocked the Quick Watcher badge!,13991889,notif.caf,,badge,1,,1665413942273,,,
https://d1zfszn0v5ya99.cloudfront.net/user/55844046/profile_picture/62d0f5559ce65_large.png,"{""action"":""com.tozelabs.tvshowtime.NOTIFICATION"",""category"":""notification-category-reaction"",""loc-key"":""JonsJoaquin commented the episode S03 | E09 of Breaking Bad"",""notification_id"":""episode-commented"",""url"":""tvst://show/81189/episode/2062401/comment/31428732"",""web_url"":""https://www.tvtime.com/show/81189/episode/2062401/comment/31428732""}",7bd9114e-a0b3-45f4-877d-42571444c5ed,tvst://show/81189/episode/2062401/comment/31428732,<a href='tvst://user/55844046/profile'>JonsJoaquin</a> commented the episode <a href='tvst://show/81189/episode/2062401/detail'>S03 | E09</a> of Breaking Bad,episode-commented,true,JonsJoaquin commented the episode S03 | E09 of Breaking Bad,13991889,notif.caf,,episode,1,,1665429385645,,,
https://d1zfszn0v5ya99.cloudfront.net/user/55844046/profile_picture/62d0f5559ce65_large.png,"{""action"":""com.tozelabs.tvshowtime.NOTIFICATION"",""category"":""notification-category-reaction"",""loc-key"":""JonsJoaquin commented the episode S03 | E12 of Breaking Bad"",""notification_id"":""episode-commented"",""url"":""tvst://show/81189/episode/2106591/comment/31482016"",""web_url"":""https://www.tvtime.com/show/81189/episode/2106591/comment/31482016""}",ac697d32-3605-43e3-9ab1-df0f16277836,tvst://show/81189/episode/2106591/comment/31482016,<a href='tvst://user/55844046/profile'>JonsJoaquin</a> commented the episode <a href='tvst://show/81189/episode/2106591/detail'>S03 | E12</a> of Breaking Bad,episode-commented,true,JonsJoaquin commented the episode S03 | E12 of Breaking Bad,13991889,notif.caf,,episode,1,,1665885703578,,,
https://d1zfszn0v5ya99.cloudfront.net/user/55844046/profile_picture/62d0f5559ce65_large.png,"{""action"":""com.tozelabs.tvshowtime.NOTIFICATION"",""category"":""notification-category-reaction"",""loc-key"":""JonsJoaquin commented the episode S04 | E01 of Breaking Bad"",""notification_id"":""episode-commented"",""url"":""tvst://show/81189/episode/2639411/comment/31489934"",""web_url"":""https://www.tvtime.com/show/81189/episode/2639411/comment/31489934""}",c4cf9fc9-e40c-4a18-88f2-1c4068f9dfa9,tvst://show/81189/episode/2639411/comment/31489934,<a href='tvst://user/55844046/profile'>JonsJoaquin</a> commented the episode <a href='tvst://show/81189/episode/2639411/detail'>S04 | E01</a> of Breaking Bad,episode-commented,true,JonsJoaquin commented the episode S04 | E01 of Breaking Bad,13991889,notif.caf,,episode,1,,1665949189354,,,
https://d1qhxojdkstxv7.cloudfront.net/405920/63016881/new/fast-watcher-1.png,"{""action"":""com.tozelabs.tvshowtime.NOTIFICATION"",""category"":""notification-category-gamification"",""loc-key"":""You have just unlocked the Quick Watcher badge!"",""notification_id"":""badge-unlocked"",""url"":""tvst://user/13991889/badges?badge_id=405920-quick-watcher-5-bd"",""web_url"":""https://www.tvtime.com/user/13991889/profile#tab-rewards""}",405920-quick-watcher-5-bd,tvst://user/13991889/badges?badge_id=405920-quick-watcher-5-bd,You have just unlocked the Quick Watcher badge!,badge-unlocked,true,You have just unlocked the Quick Watcher badge!,13991889,notif.caf,,badge,1,,1666499899650,,,
https://d1zfszn0v5ya99.cloudfront.net/user/55844046/profile_picture/62d0f5559ce65_large.png,"{""action"":""com.tozelabs.tvshowtime.NOTIFICATION"",""category"":""notification-category-reaction"",""loc-key"":""JonsJoaquin commented the episode S04 | E02 of Breaking Bad"",""notification_id"":""episode-commented"",""url"":""tvst://show/81189/episode/4103847/comment/31579361"",""web_url"":""https://www.tvtime.com/show/81189/episode/4103847/comment/31579361""}",35ccfebc-f064-44e9-864c-f2c58c1fb4d1,tvst://show/81189/episode/4103847/comment/31579361,<a href='tvst://user/55844046/profile'>JonsJoaquin</a> commented the episode <a href='tvst://show/81189/episode/4103847/detail'>S04 | E02</a> of Breaking Bad,episode-commented,true,JonsJoaquin commented the episode S04 | E02 of Breaking Bad,13991889,notif.caf,,episode,1,,1666669379868,,,
https://d1zfszn0v5ya99.cloudfront.net/user/55844046/profile_picture/62d0f5559ce65_large.png,"{""action"":""com.tozelabs.tvshowtime.NOTIFICATION"",""category"":""notification-category-reaction"",""loc-key"":""JonsJoaquin commented the episode S05 | E03 of Rick and Morty"",""notification_id"":""episode-commented"",""url"":""tvst://show/275274/episode/8320005/comment/31579754"",""web_url"":""https://www.tvtime.com/show/275274/episode/8320005/comment/31579754""}",ea631112-df43-4cdc-a089-1788b2a83561,tvst://show/275274/episode/8320005/comment/31579754,<a href='tvst://user/55844046/profile'>JonsJoaquin</a> commented the episode <a href='tvst://show/275274/episode/8320005/detail'>S05 | E03</a> of Rick and Morty,episode-commented,true,JonsJoaquin commented the episode S05 | E03 of Rick and Morty,13991889,notif.caf,,episode,1,,1666673863670,,,
https://d1zfszn0v5ya99.cloudfront.net/user/55844046/profile_picture/62d0f5559ce65_large.png,"{""action"":""com.tozelabs.tvshowtime.NOTIFICATION"",""category"":""notification-category-reaction"",""loc-key"":""JonsJoaquin commented the episode S04 | E05 of Breaking Bad"",""notification_id"":""episode-commented"",""url"":""tvst://show/81189/episode/4123351/comment/31599413"",""web_url"":""https://www.tvtime.com/show/81189/episode/4123351/comment/31599413""}",eea2ad60-796a-4d0c-a837-9380bee4fcf3,tvst://show/81189/episode/4123351/comment/31599413,<a href='tvst://user/55844046/profile'>JonsJoaquin</a> commented the episode <a href='tvst://show/81189/episode/4123351/detail'>S04 | E05</a> of Breaking Bad,episode-commented,true,JonsJoaquin commented the episode S04 | E05 of Breaking Bad,13991889,notif.caf,,episode,1,,1666837364015,,,
https://d1zfszn0v5ya99.cloudfront.net/user/55844046/profile_picture/62d0f5559ce65_large.png,"{""action"":""com.tozelabs.tvshowtime.NOTIFICATION"",""category"":""notification-category-reaction"",""loc-key"":""JonsJoaquin commented the episode S04 | E06 of Breaking Bad"",""notification_id"":""episode-commented"",""url"":""tvst://show/81189/episode/4123352/comment/31619061"",""web_url"":""https://www.tvtime.com/show/81189/episode/4123352/comment/31619061""}",f8debba4-f9b1-4064-bd49-603c5798ec9d,tvst://show/81189/episode/4123352/comment/31619061,<a href='tvst://user/55844046/profile'>JonsJoaquin</a> commented the episode <a href='tvst://show/81189/episode/4123352/detail'>S04 | E06</a> of Breaking Bad,episode-commented,true,JonsJoaquin commented the episode S04 | E06 of Breaking Bad,13991889,notif.caf,,episode,1,,1667008201188,,,
https://d1zfszn0v5ya99.cloudfront.net/user/55844046/profile_picture/62d0f5559ce65_large.png,"{""action"":""com.tozelabs.tvshowtime.NOTIFICATION"",""category"":""notification-category-reaction"",""loc-key"":""JonsJoaquin commented the episode S04 | E06 of Breaking Bad"",""notification_id"":""episode-commented"",""url"":""tvst://show/81189/episode/4123352/comment/31619078"",""web_url"":""https://www.tvtime.com/show/81189/episode/4123352/comment/31619078""}",f8debba4-f9b1-4064-bd49-603c5798ec9d,tvst://show/81189/episode/4123352/comment/31619078,<a href='tvst://user/55844046/profile'>JonsJoaquin</a> commented the episode <a href='tvst://show/81189/episode/4123352/detail'>S04 | E06</a> of Breaking Bad,episode-commented,true,JonsJoaquin commented the episode S04 | E06 of Breaking Bad,13991889,notif.caf,,episode,1,,1667008465069,,,
https://d1zfszn0v5ya99.cloudfront.net/user/55844046/profile_picture/62d0f5559ce65_large.png,"{""action"":""com.tozelabs.tvshowtime.NOTIFICATION"",""category"":""notification-category-reaction"",""loc-key"":""JonsJoaquin commented the episode S04 | E08 of Breaking Bad"",""notification_id"":""episode-commented"",""url"":""tvst://show/81189/episode/4127161/comment/31631549"",""web_url"":""https://www.tvtime.com/show/81189/episode/4127161/comment/31631549""}",73337420-2243-4ab6-8f66-6a866f31ea15,tvst://show/81189/episode/4127161/comment/31631549,<a href='tvst://user/55844046/profile'>JonsJoaquin</a> commented the episode <a href='tvst://show/81189/episode/4127161/detail'>S04 | E08</a> of Breaking Bad,episode-commented,true,JonsJoaquin commented the episode S04 | E08 of Breaking Bad,13991889,notif.caf,,episode,1,,1667138562536,,,
https://d1zfszn0v5ya99.cloudfront.net/user/55844046/profile_picture/62d0f5559ce65_large.png,"{""action"":""com.tozelabs.tvshowtime.NOTIFICATION"",""category"":""notification-category-reaction"",""loc-key"":""JonsJoaquin commented the episode S04 | E09 of Breaking Bad"",""notification_id"":""episode-commented"",""url"":""tvst://show/81189/episode/4145291/comment/31636717"",""web_url"":""https://www.tvtime.com/show/81189/episode/4145291/comment/31636717""}",56045167-a8e5-475a-9284-009b0f86a382,tvst://show/81189/episode/4145291/comment/31636717,<a href='tvst://user/55844046/profile'>JonsJoaquin</a> commented the episode <a href='tvst://show/81189/episode/4145291/detail'>S04 | E09</a> of Breaking Bad,episode-commented,true,JonsJoaquin commented the episode S04 | E09 of Breaking Bad,13991889,notif.caf,,episode,1,,1667181220239,,,
https://d1zfszn0v5ya99.cloudfront.net/user/55844046/profile_picture/62d0f5559ce65_large.png,"{""action"":""com.tozelabs.tvshowtime.NOTIFICATION"",""category"":""notification-category-reaction"",""loc-key"":""JonsJoaquin commented the episode S04 | E11 of Breaking Bad"",""notification_id"":""episode-commented"",""url"":""tvst://show/81189/episode/4159118/comment/31642166"",""web_url"":""https://www.tvtime.com/show/81189/episode/4159118/comment/31642166""}",76fc3d81-4da7-48f6-872e-6636372794bc,tvst://show/81189/episode/4159118/comment/31642166,<a href='tvst://user/55844046/profile'>JonsJoaquin</a> commented the episode <a href='tvst://show/81189/episode/4159118/detail'>S04 | E11</a> of Breaking Bad,episode-commented,true,JonsJoaquin commented the episode S04 | E11 of Breaking Bad,13991889,notif.caf,,episode,1,,1667246731512,,,
https://d1zfszn0v5ya99.cloudfront.net/user/55844046/profile_picture/62d0f5559ce65_large.png,"{""action"":""com.tozelabs.tvshowtime.NOTIFICATION"",""category"":""notification-category-reaction"",""loc-key"":""JonsJoaquin commented the episode S04 | E13 of Breaking Bad"",""notification_id"":""episode-commented"",""url"":""tvst://show/81189/episode/4164050/comment/31655087"",""web_url"":""https://www.tvtime.com/show/81189/episode/4164050/comment/31655087""}",9c72d09d-1a6f-4e10-a16e-d7f4e1175b44,tvst://show/81189/episode/4164050/comment/31655087,<a href='tvst://user/55844046/profile'>JonsJoaquin</a> commented the episode <a href='tvst://show/81189/episode/4164050/detail'>S04 | E13</a> of Breaking Bad,episode-commented,true,JonsJoaquin commented the episode S04 | E13 of Breaking Bad,13991889,notif.caf,,episode,1,,1667351568037,,,
https://d1zfszn0v5ya99.cloudfront.net/user/55844046/profile_picture/62d0f5559ce65_large.png,"{""action"":""com.tozelabs.tvshowtime.NOTIFICATION"",""category"":""notification-category-reaction"",""loc-key"":""JonsJoaquin commented the episode S04 | E13 of Breaking Bad"",""notification_id"":""episode-commented"",""url"":""tvst://show/81189/episode/4164050/comment/31655169"",""web_url"":""https://www.tvtime.com/show/81189/episode/4164050/comment/31655169""}",9c72d09d-1a6f-4e10-a16e-d7f4e1175b44,tvst://show/81189/episode/4164050/comment/31655169,<a href='tvst://user/55844046/profile'>JonsJoaquin</a> commented the episode <a href='tvst://show/81189/episode/4164050/detail'>S04 | E13</a> of Breaking Bad,episode-commented,true,JonsJoaquin commented the episode S04 | E13 of Breaking Bad,13991889,notif.caf,,episode,1,,1667352050511,,,
https://d1zfszn0v5ya99.cloudfront.net/user/55844046/profile_picture/62d0f5559ce65_large.png,"{""action"":""com.tozelabs.tvshowtime.NOTIFICATION"",""category"":""notification-category-reaction"",""loc-key"":""JonsJoaquin commented the episode S05 | E01 of Breaking Bad"",""notification_id"":""episode-commented"",""url"":""tvst://show/81189/episode/4307741/comment/31669117"",""web_url"":""https://www.tvtime.com/show/81189/episode/4307741/comment/31669117""}",13e5767b-e6a2-4179-90ff-697afebcd8a1,tvst://show/81189/episode/4307741/comment/31669117,<a href='tvst://user/55844046/profile'>JonsJoaquin</a> commented the episode <a href='tvst://show/81189/episode/4307741/detail'>S05 | E01</a> of Breaking Bad,episode-commented,true,JonsJoaquin commented the episode S05 | E01 of Breaking Bad,13991889,notif.caf,,episode,1,,1667481293895,,,
https://d1zfszn0v5ya99.cloudfront.net/user/55844046/profile_picture/62d0f5559ce65_large.png,"{""action"":""com.tozelabs.tvshowtime.NOTIFICATION"",""category"":""notification-category-reaction"",""loc-key"":""JonsJoaquin commented the episode S05 | E02 of Breaking Bad"",""notification_id"":""episode-commented"",""url"":""tvst://show/81189/episode/4339517/comment/31686177"",""web_url"":""https://www.tvtime.com/show/81189/episode/4339517/comment/31686177""}",4687d75d-79cb-4fc2-83bc-7f8ca9804eb1,tvst://show/81189/episode/4339517/comment/31686177,<a href='tvst://user/55844046/profile'>JonsJoaquin</a> commented the episode <a href='tvst://show/81189/episode/4339517/detail'>S05 | E02</a> of Breaking Bad,episode-commented,true,JonsJoaquin commented the episode S05 | E02 of Breaking Bad,13991889,notif.caf,,episode,1,,1667625140958,,,
https://d1zfszn0v5ya99.cloudfront.net/user/55844046/profile_picture/62d0f5559ce65_large.png,"{""action"":""com.tozelabs.tvshowtime.NOTIFICATION"",""category"":""notification-category-reaction"",""loc-key"":""JonsJoaquin commented the episode S05 | E02 of Breaking Bad"",""notification_id"":""episode-commented"",""url"":""tvst://show/81189/episode/4339517/comment/31686187"",""web_url"":""https://www.tvtime.com/show/81189/episode/4339517/comment/31686187""}",4687d75d-79cb-4fc2-83bc-7f8ca9804eb1,tvst://show/81189/episode/4339517/comment/31686187,<a href='tvst://user/55844046/profile'>JonsJoaquin</a> commented the episode <a href='tvst://show/81189/episode/4339517/detail'>S05 | E02</a> of Breaking Bad,episode-commented,true,JonsJoaquin commented the episode S05 | E02 of Breaking Bad,13991889,notif.caf,,episode,1,,1667625255011,,,
https://d1zfszn0v5ya99.cloudfront.net/user/55844046/profile_picture/62d0f5559ce65_large.png,"{""action"":""com.tozelabs.tvshowtime.NOTIFICATION"",""category"":""notification-category-reaction"",""loc-key"":""JonsJoaquin commented the episode S05 | E04 of Breaking Bad"",""notification_id"":""episode-commented"",""url"":""tvst://show/81189/episode/4354293/comment/31713918"",""web_url"":""https://www.tvtime.com/show/81189/episode/4354293/comment/31713918""}",fb27380b-22bc-4a82-8866-7ece41f91a69,tvst://show/81189/episode/4354293/comment/31713918,<a href='tvst://user/55844046/profile'>JonsJoaquin</a> commented the episode <a href='tvst://show/81189/episode/4354293/detail'>S05 | E04</a> of Breaking Bad,episode-commented,true,JonsJoaquin commented the episode S05 | E04 of Breaking Bad,13991889,notif.caf,,episode,1,,1667868834555,,,
https://d1zfszn0v5ya99.cloudfront.net/user/55844046/profile_picture/62d0f5559ce65_large.png,"{""action"":""com.tozelabs.tvshowtime.NOTIFICATION"",""category"":""notification-category-reaction"",""loc-key"":""JonsJoaquin commented the episode S05 | E04 of Breaking Bad"",""notification_id"":""episode-commented"",""url"":""tvst://show/81189/episode/4354293/comment/31713948"",""web_url"":""https://www.tvtime.com/show/81189/episode/4354293/comment/31713948""}",fb27380b-22bc-4a82-8866-7ece41f91a69,tvst://show/81189/episode/4354293/comment/31713948,<a href='tvst://user/55844046/profile'>JonsJoaquin</a> commented the episode <a href='tvst://show/81189/episode/4354293/detail'>S05 | E04</a> of Breaking Bad,episode-commented,true,JonsJoaquin commented the episode S05 | E04 of Breaking Bad,13991889,notif.caf,,episode,1,,1667868982173,,,
https://d1zfszn0v5ya99.cloudfront.net/user/55844046/profile_picture/62d0f5559ce65_large.png,"{""action"":""com.tozelabs.tvshowtime.NOTIFICATION"",""category"":""notification-category-reaction"",""loc-key"":""JonsJoaquin commented the episode S05 | E04 of Breaking Bad"",""notification_id"":""episode-commented"",""url"":""tvst://show/81189/episode/4354293/comment/31713955"",""web_url"":""https://www.tvtime.com/show/81189/episode/4354293/comment/31713955""}",fb27380b-22bc-4a82-8866-7ece41f91a69,tvst://show/81189/episode/4354293/comment/31713955,<a href='tvst://user/55844046/profile'>JonsJoaquin</a> commented the episode <a href='tvst://show/81189/episode/4354293/detail'>S05 | E04</a> of Breaking Bad,episode-commented,true,JonsJoaquin commented the episode S05 | E04 of Breaking Bad,13991889,notif.caf,,episode,1,,1667869027536,,,
https://d1zfszn0v5ya99.cloudfront.net/user/55844046/profile_picture/62d0f5559ce65_large.png,"{""action"":""com.tozelabs.tvshowtime.NOTIFICATION"",""category"":""notification-category-reaction"",""loc-key"":""JonsJoaquin commented the episode S05 | E07 of Breaking Bad"",""notification_id"":""episode-commented"",""url"":""tvst://show/81189/episode/4354296/comment/31748010"",""web_url"":""https://www.tvtime.com/show/81189/episode/4354296/comment/31748010""}",bf4347fd-7780-43be-bbf8-f697e8286ff6,tvst://show/81189/episode/4354296/comment/31748010,<a href='tvst://user/55844046/profile'>JonsJoaquin</a> commented the episode <a href='tvst://show/81189/episode/4354296/detail'>S05 | E07</a> of Breaking Bad,episode-commented,true,JonsJoaquin commented the episode S05 | E07 of Breaking Bad,13991889,notif.caf,,episode,1,,1668183036479,,,
https://d1zfszn0v5ya99.cloudfront.net/user/55844046/profile_picture/62d0f5559ce65_large.png,"{""action"":""com.tozelabs.tvshowtime.NOTIFICATION"",""category"":""notification-category-reaction"",""loc-key"":""JonsJoaquin commented the episode S05 | E07 of Breaking Bad"",""notification_id"":""episode-commented"",""url"":""tvst://show/81189/episode/4354296/comment/31748013"",""web_url"":""https://www.tvtime.com/show/81189/episode/4354296/comment/31748013""}",bf4347fd-7780-43be-bbf8-f697e8286ff6,tvst://show/81189/episode/4354296/comment/31748013,<a href='tvst://user/55844046/profile'>JonsJoaquin</a> commented the episode <a href='tvst://show/81189/episode/4354296/detail'>S05 | E07</a> of Breaking Bad,episode-commented,true,JonsJoaquin commented the episode S05 | E07 of Breaking Bad,13991889,notif.caf,,episode,1,,1668183077797,,,
https://d1zfszn0v5ya99.cloudfront.net/user/55844046/profile_picture/62d0f5559ce65_large.png,"{""action"":""com.tozelabs.tvshowtime.NOTIFICATION"",""category"":""notification-category-reaction"",""loc-key"":""JonsJoaquin commented the episode S05 | E08 of Breaking Bad"",""notification_id"":""episode-commented"",""url"":""tvst://show/81189/episode/4364463/comment/31748629"",""web_url"":""https://www.tvtime.com/show/81189/episode/4364463/comment/31748629""}",89ec41d0-e3aa-42c8-b84d-6f24bea953b2,tvst://show/81189/episode/4364463/comment/31748629,<a href='tvst://user/55844046/profile'>JonsJoaquin</a> commented the episode <a href='tvst://show/81189/episode/4364463/detail'>S05 | E08</a> of Breaking Bad,episode-commented,true,JonsJoaquin commented the episode S05 | E08 of Breaking Bad,13991889,notif.caf,,episode,1,,1668188229507,,,
https://d1zfszn0v5ya99.cloudfront.net/user/55844046/profile_picture/62d0f5559ce65_large.png,"{""action"":""com.tozelabs.tvshowtime.NOTIFICATION"",""category"":""notification-category-reaction"",""loc-key"":""JonsJoaquin commented the episode S05 | E11 of Breaking Bad"",""notification_id"":""episode-commented"",""url"":""tvst://show/81189/episode/4553037/comment/31753625"",""web_url"":""https://www.tvtime.com/show/81189/episode/4553037/comment/31753625""}",d41057fb-0d59-44dd-a633-b7b62cc48d89,tvst://show/81189/episode/4553037/comment/31753625,<a href='tvst://user/55844046/profile'>JonsJoaquin</a> commented the episode <a href='tvst://show/81189/episode/4553037/detail'>S05 | E11</a> of Breaking Bad,episode-commented,true,JonsJoaquin commented the episode S05 | E11 of Breaking Bad,13991889,notif.caf,,episode,1,,1668224717733,,,
https://d1zfszn0v5ya99.cloudfront.net/user/55844046/profile_picture/62d0f5559ce65_large.png,"{""action"":""com.tozelabs.tvshowtime.NOTIFICATION"",""category"":""notification-category-reaction"",""loc-key"":""JonsJoaquin commented the episode S05 | E12 of Breaking Bad"",""notification_id"":""episode-commented"",""url"":""tvst://show/81189/episode/4553038/comment/31753918"",""web_url"":""https://www.tvtime.com/show/81189/episode/4553038/comment/31753918""}",6f098251-d0a3-4d91-a161-9f76887e703d,tvst://show/81189/episode/4553038/comment/31753918,<a href='tvst://user/55844046/profile'>JonsJoaquin</a> commented the episode <a href='tvst://show/81189/episode/4553038/detail'>S05 | E12</a> of Breaking Bad,episode-commented,true,JonsJoaquin commented the episode S05 | E12 of Breaking Bad,13991889,notif.caf,,episode,1,,1668228012650,,,
https://d1zfszn0v5ya99.cloudfront.net/user/55844046/profile_picture/62d0f5559ce65_large.png,"{""action"":""com.tozelabs.tvshowtime.NOTIFICATION"",""category"":""notification-category-reaction"",""loc-key"":""JonsJoaquin commented the episode S05 | E12 of Breaking Bad"",""notification_id"":""episode-commented"",""url"":""tvst://show/81189/episode/4553038/comment/31753924"",""web_url"":""https://www.tvtime.com/show/81189/episode/4553038/comment/31753924""}",6f098251-d0a3-4d91-a161-9f76887e703d,tvst://show/81189/episode/4553038/comment/31753924,<a href='tvst://user/55844046/profile'>JonsJoaquin</a> commented the episode <a href='tvst://show/81189/episode/4553038/detail'>S05 | E12</a> of Breaking Bad,episode-commented,true,JonsJoaquin commented the episode S05 | E12 of Breaking Bad,13991889,notif.caf,,episode,1,,1668228083685,,,
https://d1zfszn0v5ya99.cloudfront.net/user/55844046/profile_picture/62d0f5559ce65_large.png,"{""action"":""com.tozelabs.tvshowtime.NOTIFICATION"",""category"":""notification-category-reaction"",""loc-key"":""JonsJoaquin commented the episode S05 | E14 of Breaking Bad"",""notification_id"":""episode-commented"",""url"":""tvst://show/81189/episode/4553040/comment/31759972"",""web_url"":""https://www.tvtime.com/show/81189/episode/4553040/comment/31759972""}",9ac573a9-dc00-4826-9cf4-3320ecf09752,tvst://show/81189/episode/4553040/comment/31759972,<a href='tvst://user/55844046/profile'>JonsJoaquin</a> commented the episode <a href='tvst://show/81189/episode/4553040/detail'>S05 | E14</a> of Breaking Bad,episode-commented,true,JonsJoaquin commented the episode S05 | E14 of Breaking Bad,13991889,notif.caf,,episode,1,,1668289947043,,,
https://d1zfszn0v5ya99.cloudfront.net/user/55844046/profile_picture/62d0f5559ce65_large.png,"{""action"":""com.tozelabs.tvshowtime.NOTIFICATION"",""category"":""notification-category-reaction"",""loc-key"":""JonsJoaquin commented the episode S05 | E15 of Breaking Bad"",""notification_id"":""episode-commented"",""url"":""tvst://show/81189/episode/4553041/comment/31759987"",""web_url"":""https://www.tvtime.com/show/81189/episode/4553041/comment/31759987""}",fae6f1ab-a1af-434b-833b-390a4991c662,tvst://show/81189/episode/4553041/comment/31759987,<a href='tvst://user/55844046/profile'>JonsJoaquin</a> commented the episode <a href='tvst://show/81189/episode/4553041/detail'>S05 | E15</a> of Breaking Bad,episode-commented,true,JonsJoaquin commented the episode S05 | E15 of Breaking Bad,13991889,notif.caf,,episode,1,,1668290045070,,,
https://d1zfszn0v5ya99.cloudfront.net/user/55844046/profile_picture/62d0f5559ce65_large.png,"{""action"":""com.tozelabs.tvshowtime.NOTIFICATION"",""category"":""notification-category-reaction"",""loc-key"":""JonsJoaquin commented the episode S05 | E16 of Breaking Bad"",""notification_id"":""episode-commented"",""url"":""tvst://show/81189/episode/4553042/comment/31760818"",""web_url"":""https://www.tvtime.com/show/81189/episode/4553042/comment/31760818""}",73f52e63-23eb-4e14-9dac-2a33502539b0,tvst://show/81189/episode/4553042/comment/31760818,<a href='tvst://user/55844046/profile'>JonsJoaquin</a> commented the episode <a href='tvst://show/81189/episode/4553042/detail'>S05 | E16</a> of Breaking Bad,episode-commented,true,JonsJoaquin commented the episode S05 | E16 of Breaking Bad,13991889,notif.caf,,episode,1,,1668295187142,,,
https://d1zfszn0v5ya99.cloudfront.net/user/55844046/profile_picture/62d0f5559ce65_large.png,"{""action"":""com.tozelabs.tvshowtime.NOTIFICATION"",""category"":""notification-category-reaction"",""loc-key"":""JonsJoaquin commented the episode S05 | E16 of Breaking Bad"",""notification_id"":""episode-commented"",""url"":""tvst://show/81189/episode/4553042/comment/31760845"",""web_url"":""https://www.tvtime.com/show/81189/episode/4553042/comment/31760845""}",73f52e63-23eb-4e14-9dac-2a33502539b0,tvst://show/81189/episode/4553042/comment/31760845,<a href='tvst://user/55844046/profile'>JonsJoaquin</a> commented the episode <a href='tvst://show/81189/episode/4553042/detail'>S05 | E16</a> of Breaking Bad,episode-commented,true,JonsJoaquin commented the episode S05 | E16 of Breaking Bad,13991889,notif.caf,,episode,1,,1668295328169,,,
https://d1zfszn0v5ya99.cloudfront.net/user/55844046/profile_picture/62d0f5559ce65_large.png,"{""action"":""com.tozelabs.tvshowtime.NOTIFICATION"",""category"":""notification-category-reaction"",""loc-key"":""JonsJoaquin commented the episode S01 | E18 of SPY x FAMILY"",""notification_id"":""episode-commented"",""url"":""tvst://show/405920/episode/9114350/comment/31767606"",""web_url"":""https://www.tvtime.com/show/405920/episode/9114350/comment/31767606""}",255cb6c1-86da-437b-b5e8-d0533fbc2c83,tvst://show/405920/episode/9114350/comment/31767606,<a href='tvst://user/55844046/profile'>JonsJoaquin</a> commented the episode <a href='tvst://show/405920/episode/9114350/detail'>S01 | E18</a> of SPY x FAMILY,episode-commented,true,JonsJoaquin commented the episode S01 | E18 of SPY x FAMILY,13991889,notif.caf,,episode,1,,1668364910231,,,
https://d1zfszn0v5ya99.cloudfront.net/user/55844046/profile_picture/62d0f5559ce65_large.png,"{""action"":""com.tozelabs.tvshowtime.NOTIFICATION"",""category"":""notification-category-reaction"",""loc-key"":""JonsJoaquin commented the episode S05 | E16 of My Hero Academia"",""notification_id"":""episode-commented"",""url"":""tvst://show/305074/episode/8329804/comment/31775316"",""web_url"":""https://www.tvtime.com/show/305074/episode/8329804/comment/31775316""}",57b0855d-fdaa-4681-9612-60f8d085a9f1,tvst://show/305074/episode/8329804/comment/31775316,<a href='tvst://user/55844046/profile'>JonsJoaquin</a> commented the episode <a href='tvst://show/305074/episode/8329804/detail'>S05 | E16</a> of My Hero Academia,episode-commented,true,JonsJoaquin commented the episode S05 | E16 of My Hero Academia,13991889,notif.caf,,episode,1,,1668438195035,,,
https://d1qhxojdkstxv7.cloudfront.net/275274/986818/new/fast-watcher-0.png,"{""action"":""com.tozelabs.tvshowtime.NOTIFICATION"",""category"":""notification-category-gamification"",""loc-key"":""You have just unlocked the Quick Watcher badge!"",""notification_id"":""badge-unlocked"",""url"":""tvst://user/13991889/badges?badge_id=275274-quick-watcher-3-bd"",""web_url"":""https://www.tvtime.com/user/13991889/profile#tab-rewards""}",275274-quick-watcher-3-bd,tvst://user/13991889/badges?badge_id=275274-quick-watcher-3-bd,You have just unlocked the Quick Watcher badge!,badge-unlocked,true,You have just unlocked the Quick Watcher badge!,13991889,notif.caf,,badge,1,,1669061596379,,,
https://d1zfszn0v5ya99.cloudfront.net/user/55844046/profile_picture/62d0f5559ce65_large.png,"{""action"":""com.tozelabs.tvshowtime.NOTIFICATION"",""category"":""notification-category-reaction"",""loc-key"":""JonsJoaquin commented the movie White Chicks"",""notification_id"":""movie-commented"",""url"":""tvst://movie/33cf67a7-6d4e-44c8-8424-0e90c73137d0/comment/8ce57cb8-7eea-48ed-bfc8-97b60dd20bb2"",""web_url"":""https://www.tvtime.com/movie/33cf67a7-6d4e-44c8-8424-0e90c73137d0/comment/8ce57cb8-7eea-48ed-bfc8-97b60dd20bb2""}",33cf67a7-6d4e-44c8-8424-0e90c73137d0,tvst://movie/33cf67a7-6d4e-44c8-8424-0e90c73137d0/comment/8ce57cb8-7eea-48ed-bfc8-97b60dd20bb2,<a href='tvst://user/55844046/profile'>JonsJoaquin</a> commented the movie <a href='tvst://movie/33cf67a7-6d4e-44c8-8424-0e90c73137d0/detail'>White Chicks</a>,movie-commented,true,JonsJoaquin commented the movie White Chicks,13991889,notif.caf,,movie,1,,1669349714567,,,
https://d1zfszn0v5ya99.cloudfront.net/user/55844046/profile_picture/62d0f5559ce65_large.png,"{""action"":""com.tozelabs.tvshowtime.NOTIFICATION"",""category"":""notification-category-reaction"",""loc-key"":""JonsJoaquin commented the episode S01 | E01 of Euphoria (US)"",""notification_id"":""episode-commented"",""url"":""tvst://show/360261/episode/7059062/comment/31892485"",""web_url"":""https://www.tvtime.com/show/360261/episode/7059062/comment/31892485""}",964c6049-8f11-4ea4-b160-0095811b36a0,tvst://show/360261/episode/7059062/comment/31892485,<a href='tvst://user/55844046/profile'>JonsJoaquin</a> commented the episode <a href='tvst://show/360261/episode/7059062/detail'>S01 | E01</a> of Euphoria (US),episode-commented,true,JonsJoaquin commented the episode S01 | E01 of Euphoria (US),13991889,notif.caf,,episode,1,,1669445678865,,,
https://d1qhxojdkstxv7.cloudfront.net/405920/63016881/new/fast-watcher-2.png,"{""action"":""com.tozelabs.tvshowtime.NOTIFICATION"",""category"":""notification-category-gamification"",""loc-key"":""You have just unlocked the Quick Watcher badge!"",""notification_id"":""badge-unlocked"",""url"":""tvst://user/13991889/badges?badge_id=405920-quick-watcher-10-bd"",""web_url"":""https://www.tvtime.com/user/13991889/profile#tab-rewards""}",405920-quick-watcher-10-bd,tvst://user/13991889/badges?badge_id=405920-quick-watcher-10-bd,You have just unlocked the Quick Watcher badge!,badge-unlocked,true,You have just unlocked the Quick Watcher badge!,13991889,notif.caf,,badge,1,,1669590504548,,,
https://d1zfszn0v5ya99.cloudfront.net/user/55844046/profile_picture/62d0f5559ce65_large.png,"{""action"":""com.tozelabs.tvshowtime.NOTIFICATION"",""category"":""notification-category-reaction"",""loc-key"":""JonsJoaquin commented the episode S01 | E23 of SPY x FAMILY"",""notification_id"":""episode-commented"",""url"":""tvst://show/405920/episode/9114355/comment/32052341"",""web_url"":""https://www.tvtime.com/show/405920/episode/9114355/comment/32052341""}",4300a341-4c67-4ee6-a720-cbd1d2b2a6d2,tvst://show/405920/episode/9114355/comment/32052341,<a href='tvst://user/55844046/profile'>JonsJoaquin</a> commented the episode <a href='tvst://show/405920/episode/9114355/detail'>S01 | E23</a> of SPY x FAMILY,episode-commented,true,JonsJoaquin commented the episode S01 | E23 of SPY x FAMILY,13991889,notif.caf,,episode,1,,1671052627349,,,
https://d1zfszn0v5ya99.cloudfront.net/user/55844046/profile_picture/62d0f5559ce65_large.png,"{""action"":""com.tozelabs.tvshowtime.NOTIFICATION"",""category"":""notification-category-reaction"",""loc-key"":""JonsJoaquin commented the episode S01 | E02 of Komi Can't Communicate"",""notification_id"":""episode-commented"",""url"":""tvst://show/402412/episode/8740145/comment/32055998"",""web_url"":""https://www.tvtime.com/show/402412/episode/8740145/comment/32055998""}",4459d927-afe1-45ff-9a52-4d1357f6f073,tvst://show/402412/episode/8740145/comment/32055998,<a href='tvst://user/55844046/profile'>JonsJoaquin</a> commented the episode <a href='tvst://show/402412/episode/8740145/detail'>S01 | E02</a> of Komi Can't Communicate,episode-commented,true,JonsJoaquin commented the episode S01 | E02 of Komi Can't Communicate,13991889,notif.caf,,episode,1,,1671081434939,,,
https://d1zfszn0v5ya99.cloudfront.net/user/55844046/profile_picture/62d0f5559ce65_large.png,"{""action"":""com.tozelabs.tvshowtime.NOTIFICATION"",""category"":""notification-category-reaction"",""loc-key"":""JonsJoaquin commented the episode S01 | E04 of Komi Can't Communicate"",""notification_id"":""episode-commented"",""url"":""tvst://show/402412/episode/8740147/comment/32063378"",""web_url"":""https://www.tvtime.com/show/402412/episode/8740147/comment/32063378""}",666031c9-0e5e-4844-98d6-bd0f48cec1ad,tvst://show/402412/episode/8740147/comment/32063378,<a href='tvst://user/55844046/profile'>JonsJoaquin</a> commented the episode <a href='tvst://show/402412/episode/8740147/detail'>S01 | E04</a> of Komi Can't Communicate,episode-commented,true,JonsJoaquin commented the episode S01 | E04 of Komi Can't Communicate,13991889,notif.caf,,episode,1,,1671153360515,,,
https://d1zfszn0v5ya99.cloudfront.net/user/55844046/profile_picture/62d0f5559ce65_large.png,"{""action"":""com.tozelabs.tvshowtime.NOTIFICATION"",""category"":""notification-category-reaction"",""loc-key"":""JonsJoaquin commented the episode S01 | E04 of Komi Can't Communicate"",""notification_id"":""episode-commented"",""url"":""tvst://show/402412/episode/8740147/comment/32063389"",""web_url"":""https://www.tvtime.com/show/402412/episode/8740147/comment/32063389""}",666031c9-0e5e-4844-98d6-bd0f48cec1ad,tvst://show/402412/episode/8740147/comment/32063389,<a href='tvst://user/55844046/profile'>JonsJoaquin</a> commented the episode <a href='tvst://show/402412/episode/8740147/detail'>S01 | E04</a> of Komi Can't Communicate,episode-commented,true,JonsJoaquin commented the episode S01 | E04 of Komi Can't Communicate,13991889,notif.caf,,episode,1,,1671153454891,,,
https://d1zfszn0v5ya99.cloudfront.net/user/55844046/profile_picture/62d0f5559ce65_large.png,"{""action"":""com.tozelabs.tvshowtime.NOTIFICATION"",""category"":""notification-category-reaction"",""loc-key"":""JonsJoaquin commented the episode S05 | E06 of Rick and Morty"",""notification_id"":""episode-commented"",""url"":""tvst://show/275274/episode/8320007/comment/32064963"",""web_url"":""https://www.tvtime.com/show/275274/episode/8320007/comment/32064963""}",c71fdf0e-3443-49f6-ad09-68db4ee6f2be,tvst://show/275274/episode/8320007/comment/32064963,<a href='tvst://user/55844046/profile'>JonsJoaquin</a> commented the episode <a href='tvst://show/275274/episode/8320007/detail'>S05 | E06</a> of Rick and Morty,episode-commented,true,JonsJoaquin commented the episode S05 | E06 of Rick and Morty,13991889,notif.caf,,episode,1,,1671169860520,,,
https://d1zfszn0v5ya99.cloudfront.net/user/55844046/profile_picture/62d0f5559ce65_large.png,"{""action"":""com.tozelabs.tvshowtime.NOTIFICATION"",""category"":""notification-category-reaction"",""loc-key"":""JonsJoaquin commented the episode S01 | E11 of Komi Can't Communicate"",""notification_id"":""episode-commented"",""url"":""tvst://show/402412/episode/8740154/comment/32100777"",""web_url"":""https://www.tvtime.com/show/402412/episode/8740154/comment/32100777""}",c2ea6342-11f7-44ef-835a-f38921d99e43,tvst://show/402412/episode/8740154/comment/32100777,<a href='tvst://user/55844046/profile'>JonsJoaquin</a> commented the episode <a href='tvst://show/402412/episode/8740154/detail'>S01 | E11</a> of Komi Can't Communicate,episode-commented,true,JonsJoaquin commented the episode S01 | E11 of Komi Can't Communicate,13991889,notif.caf,,episode,1,,1671564098873,,,
https://d1zfszn0v5ya99.cloudfront.net/user/55844046/profile_picture/62d0f5559ce65_large.png,"{""action"":""com.tozelabs.tvshowtime.NOTIFICATION"",""category"":""notification-category-reaction"",""loc-key"":""JonsJoaquin commented the episode S01 | E11 of Komi Can't Communicate"",""notification_id"":""episode-commented"",""url"":""tvst://show/402412/episode/8740154/comment/32100780"",""web_url"":""https://www.tvtime.com/show/402412/episode/8740154/comment/32100780""}",c2ea6342-11f7-44ef-835a-f38921d99e43,tvst://show/402412/episode/8740154/comment/32100780,<a href='tvst://user/55844046/profile'>JonsJoaquin</a> commented the episode <a href='tvst://show/402412/episode/8740154/detail'>S01 | E11</a> of Komi Can't Communicate,episode-commented,true,JonsJoaquin commented the episode S01 | E11 of Komi Can't Communicate,13991889,notif.caf,,episode,1,,1671564160655,,,
https://d1zfszn0v5ya99.cloudfront.net/user/55844046/profile_picture/62d0f5559ce65_large.png,"{""action"":""com.tozelabs.tvshowtime.NOTIFICATION"",""category"":""notification-category-reaction"",""loc-key"":""JonsJoaquin commented the episode S01 | E13 of Komi Can't Communicate"",""notification_id"":""episode-commented"",""url"":""tvst://show/402412/episode/9033669/comment/32101293"",""web_url"":""https://www.tvtime.com/show/402412/episode/9033669/comment/32101293""}",5a6cf845-1260-480a-b99a-a64964ccdd07,tvst://show/402412/episode/9033669/comment/32101293,<a href='tvst://user/55844046/profile'>JonsJoaquin</a> commented the episode <a href='tvst://show/402412/episode/9033669/detail'>S01 | E13</a> of Komi Can't Communicate,episode-commented,true,JonsJoaquin commented the episode S01 | E13 of Komi Can't Communicate,13991889,notif.caf,,episode,1,,1671567857041,,,
https://d1zfszn0v5ya99.cloudfront.net/user/55844046/profile_picture/62d0f5559ce65_large.png,"{""action"":""com.tozelabs.tvshowtime.NOTIFICATION"",""category"":""notification-category-reaction"",""loc-key"":""JonsJoaquin commented the episode S02 | E02 of Komi Can't Communicate"",""notification_id"":""episode-commented"",""url"":""tvst://show/402412/episode/9098742/comment/32123173"",""web_url"":""https://www.tvtime.com/show/402412/episode/9098742/comment/32123173""}",49595b3a-556e-4a96-88db-39b19287af1a,tvst://show/402412/episode/9098742/comment/32123173,<a href='tvst://user/55844046/profile'>JonsJoaquin</a> commented the episode <a href='tvst://show/402412/episode/9098742/detail'>S02 | E02</a> of Komi Can't Communicate,episode-commented,true,JonsJoaquin commented the episode S02 | E02 of Komi Can't Communicate,13991889,notif.caf,,episode,1,,1671758377648,,,
https://d1zfszn0v5ya99.cloudfront.net/user/55844046/profile_picture/62d0f5559ce65_large.png,"{""action"":""com.tozelabs.tvshowtime.NOTIFICATION"",""category"":""notification-category-reaction"",""loc-key"":""JonsJoaquin commented the episode S01 | E15 of Komi Can't Communicate"",""notification_id"":""episode-commented"",""url"":""tvst://show/402412/episode/9100108/comment/32123415"",""web_url"":""https://www.tvtime.com/show/402412/episode/9100108/comment/32123415""}",d397b79b-482e-41ea-81d9-05d294c11e62,tvst://show/402412/episode/9100108/comment/32123415,<a href='tvst://user/55844046/profile'>JonsJoaquin</a> commented the episode <a href='tvst://show/402412/episode/9100108/detail'>S01 | E15</a> of Komi Can't Communicate,episode-commented,true,JonsJoaquin commented the episode S01 | E15 of Komi Can't Communicate,13991889,notif.caf,,episode,1,,1671759933038,,,
https://d1qhxojdkstxv7.cloudfront.net/first-xp/show-off-2022.png,"{""action"":""com.tozelabs.tvshowtime.NOTIFICATION"",""category"":""notification-category-gamification"",""loc-key"":""You have just unlocked the Show Off badge!"",""notification_id"":""badge-unlocked"",""url"":""tvst://user/13991889/badges?badge_id=show-off-2022"",""web_url"":""https://www.tvtime.com/user/13991889/profile#tab-rewards""}",show-off-2022,tvst://user/13991889/badges?badge_id=show-off-2022,You have just unlocked the Show Off badge!,badge-unlocked,true,You have just unlocked the Show Off badge!,13991889,notif.caf,,badge,1,,1672958153527,,,
https://d1zfszn0v5ya99.cloudfront.net/user/55844046/profile_picture/62d0f5559ce65_large.png,"{""action"":""com.tozelabs.tvshowtime.NOTIFICATION"",""category"":""notification-category-reaction"",""loc-key"":""JonsJoaquin commented the episode S01 | E02 of Jujutsu Kaisen"",""notification_id"":""episode-commented"",""url"":""tvst://show/377543/episode/7925272/comment/32385687"",""web_url"":""https://www.tvtime.com/show/377543/episode/7925272/comment/32385687""}",96c67859-f362-487e-8569-276553f418a8,tvst://show/377543/episode/7925272/comment/32385687,<a href='tvst://user/55844046/profile'>JonsJoaquin</a> commented the episode <a href='tvst://show/377543/episode/7925272/detail'>S01 | E02</a> of Jujutsu Kaisen,episode-commented,true,JonsJoaquin commented the episode S01 | E02 of Jujutsu Kaisen,13991889,notif.caf,,episode,1,,1674113013637,,,
https://d1zfszn0v5ya99.cloudfront.net/user/55844046/profile_picture/62d0f5559ce65_large.png,"{""action"":""com.tozelabs.tvshowtime.NOTIFICATION"",""category"":""notification-category-reaction"",""loc-key"":""JonsJoaquin commented the episode S01 | E07 of Jujutsu Kaisen"",""notification_id"":""episode-commented"",""url"":""tvst://show/377543/episode/7925277/comment/32404661"",""web_url"":""https://www.tvtime.com/show/377543/episode/7925277/comment/32404661""}",cf4a6418-eb02-42a3-915a-cdab3245887c,tvst://show/377543/episode/7925277/comment/32404661,<a href='tvst://user/55844046/profile'>JonsJoaquin</a> commented the episode <a href='tvst://show/377543/episode/7925277/detail'>S01 | E07</a> of Jujutsu Kaisen,episode-commented,true,JonsJoaquin commented the episode S01 | E07 of Jujutsu Kaisen,13991889,notif.caf,,episode,1,,1674277900377,,,
https://d1qhxojdkstxv7.cloudfront.net/305074/1139865/new/fast-watcher-0.png,"{""action"":""com.tozelabs.tvshowtime.NOTIFICATION"",""category"":""notification-category-gamification"",""loc-key"":""You have just unlocked the Quick Watcher badge!"",""notification_id"":""badge-unlocked"",""url"":""tvst://user/13991889/badges?badge_id=305074-quick-watcher-3-bd"",""web_url"":""https://www.tvtime.com/user/13991889/profile#tab-rewards""}",305074-quick-watcher-3-bd,tvst://user/13991889/badges?badge_id=305074-quick-watcher-3-bd,You have just unlocked the Quick Watcher badge!,badge-unlocked,true,You have just unlocked the Quick Watcher badge!,13991889,notif.caf,,badge,1,,1674383432438,,,
https://d1zfszn0v5ya99.cloudfront.net/user/55844046/profile_picture/62d0f5559ce65_large.png,"{""action"":""com.tozelabs.tvshowtime.NOTIFICATION"",""category"":""notification-category-reaction"",""loc-key"":""JonsJoaquin commented the episode S01 | E15 of Jujutsu Kaisen"",""notification_id"":""episode-commented"",""url"":""tvst://show/377543/episode/7973187/comment/32473147"",""web_url"":""https://www.tvtime.com/show/377543/episode/7973187/comment/32473147""}",cc8c2d8f-c105-46d9-9627-6b65810f932f,tvst://show/377543/episode/7973187/comment/32473147,<a href='tvst://user/55844046/profile'>JonsJoaquin</a> commented the episode <a href='tvst://show/377543/episode/7973187/detail'>S01 | E15</a> of Jujutsu Kaisen,episode-commented,true,JonsJoaquin commented the episode S01 | E15 of Jujutsu Kaisen,13991889,notif.caf,,episode,1,,1674881489303,,,
https://d1zfszn0v5ya99.cloudfront.net/user/55844046/profile_picture/62d0f5559ce65_large.png,"{""action"":""com.tozelabs.tvshowtime.NOTIFICATION"",""category"":""notification-category-reaction"",""loc-key"":""JonsJoaquin commented the episode S01 | E17 of Jujutsu Kaisen"",""notification_id"":""episode-commented"",""url"":""tvst://show/377543/episode/7973192/comment/32488141"",""web_url"":""https://www.tvtime.com/show/377543/episode/7973192/comment/32488141""}",7dad27d7-c0d6-45f0-a912-94e6321e09c6,tvst://show/377543/episode/7973192/comment/32488141,<a href='tvst://user/55844046/profile'>JonsJoaquin</a> commented the episode <a href='tvst://show/377543/episode/7973192/detail'>S01 | E17</a> of Jujutsu Kaisen,episode-commented,true,JonsJoaquin commented the episode S01 | E17 of Jujutsu Kaisen,13991889,notif.caf,,episode,1,,1675026393690,,,
https://d1zfszn0v5ya99.cloudfront.net/user/55844046/profile_picture/62d0f5559ce65_large.png,"{""action"":""com.tozelabs.tvshowtime.NOTIFICATION"",""category"":""notification-category-reaction"",""loc-key"":""JonsJoaquin commented the episode S01 | E19 of Jujutsu Kaisen"",""notification_id"":""episode-commented"",""url"":""tvst://show/377543/episode/7973197/comment/32550775"",""web_url"":""https://www.tvtime.com/show/377543/episode/7973197/comment/32550775""}",ce61b5d5-cbd5-4a58-9f5c-135c56d2e267,tvst://show/377543/episode/7973197/comment/32550775,<a href='tvst://user/55844046/profile'>JonsJoaquin</a> commented the episode <a href='tvst://show/377543/episode/7973197/detail'>S01 | E19</a> of Jujutsu Kaisen,episode-commented,true,JonsJoaquin commented the episode S01 | E19 of Jujutsu Kaisen,13991889,notif.caf,,episode,1,,1675566661759,,,
https://d1zfszn0v5ya99.cloudfront.net/user/55844046/profile_picture/62d0f5559ce65_large.png,"{""action"":""com.tozelabs.tvshowtime.NOTIFICATION"",""category"":""notification-category-reaction"",""loc-key"":""JonsJoaquin commented the episode S01 | E19 of Jujutsu Kaisen"",""notification_id"":""episode-commented"",""url"":""tvst://show/377543/episode/7973197/comment/32550792"",""web_url"":""https://www.tvtime.com/show/377543/episode/7973197/comment/32550792""}",ce61b5d5-cbd5-4a58-9f5c-135c56d2e267,tvst://show/377543/episode/7973197/comment/32550792,<a href='tvst://user/55844046/profile'>JonsJoaquin</a> commented the episode <a href='tvst://show/377543/episode/7973197/detail'>S01 | E19</a> of Jujutsu Kaisen,episode-commented,true,JonsJoaquin commented the episode S01 | E19 of Jujutsu Kaisen,13991889,notif.caf,,episode,1,,1675566913346,,,
https://d1zfszn0v5ya99.cloudfront.net/user/55844046/profile_picture/62d0f5559ce65_large.png,"{""action"":""com.tozelabs.tvshowtime.NOTIFICATION"",""category"":""notification-category-reaction"",""loc-key"":""JonsJoaquin commented the episode S01 | E01 of Primal"",""notification_id"":""episode-commented"",""url"":""tvst://show/364007/episode/7338073/comment/32560997"",""web_url"":""https://www.tvtime.com/show/364007/episode/7338073/comment/32560997""}",818a18ab-3de8-4703-807d-07331c83f9fc,tvst://show/364007/episode/7338073/comment/32560997,<a href='tvst://user/55844046/profile'>JonsJoaquin</a> commented the episode <a href='tvst://show/364007/episode/7338073/detail'>S01 | E01</a> of Primal,episode-commented,true,JonsJoaquin commented the episode S01 | E01 of Primal,13991889,notif.caf,,episode,1,,1675661131769,,,
https://d1zfszn0v5ya99.cloudfront.net/user/55844046/profile_picture/62d0f5559ce65_large.png,"{""action"":""com.tozelabs.tvshowtime.NOTIFICATION"",""category"":""notification-category-reaction"",""loc-key"":""JonsJoaquin commented the episode S01 | E01 of Primal"",""notification_id"":""episode-commented"",""url"":""tvst://show/364007/episode/7338073/comment/32561009"",""web_url"":""https://www.tvtime.com/show/364007/episode/7338073/comment/32561009""}",818a18ab-3de8-4703-807d-07331c83f9fc,tvst://show/364007/episode/7338073/comment/32561009,<a href='tvst://user/55844046/profile'>JonsJoaquin</a> commented the episode <a href='tvst://show/364007/episode/7338073/detail'>S01 | E01</a> of Primal,episode-commented,true,JonsJoaquin commented the episode S01 | E01 of Primal,13991889,notif.caf,,episode,1,,1675661346844,,,
https://d1zfszn0v5ya99.cloudfront.net/user/55844046/profile_picture/62d0f5559ce65_large.png,"{""action"":""com.tozelabs.tvshowtime.NOTIFICATION"",""category"":""notification-category-reaction"",""loc-key"":""JonsJoaquin commented the episode S01 | E20 of Jujutsu Kaisen"",""notification_id"":""episode-commented"",""url"":""tvst://show/377543/episode/7973200/comment/32569781"",""web_url"":""https://www.tvtime.com/show/377543/episode/7973200/comment/32569781""}",627a3924-6e7a-40a1-b6bd-65a7d1ee4d33,tvst://show/377543/episode/7973200/comment/32569781,<a href='tvst://user/55844046/profile'>JonsJoaquin</a> commented the episode <a href='tvst://show/377543/episode/7973200/detail'>S01 | E20</a> of Jujutsu Kaisen,episode-commented,true,JonsJoaquin commented the episode S01 | E20 of Jujutsu Kaisen,13991889,notif.caf,,episode,1,,1675744535814,,,
https://d1zfszn0v5ya99.cloudfront.net/user/55844046/profile_picture/62d0f5559ce65_large.png,"{""action"":""com.tozelabs.tvshowtime.NOTIFICATION"",""category"":""notification-category-reaction"",""loc-key"":""JonsJoaquin commented the episode S01 | E21 of Jujutsu Kaisen"",""notification_id"":""episode-commented"",""url"":""tvst://show/377543/episode/7973202/comment/32570284"",""web_url"":""https://www.tvtime.com/show/377543/episode/7973202/comment/32570284""}",2abf05eb-8197-4bd3-a428-9238cc58a820,tvst://show/377543/episode/7973202/comment/32570284,<a href='tvst://user/55844046/profile'>JonsJoaquin</a> commented the episode <a href='tvst://show/377543/episode/7973202/detail'>S01 | E21</a> of Jujutsu Kaisen,episode-commented,true,JonsJoaquin commented the episode S01 | E21 of Jujutsu Kaisen,13991889,notif.caf,,episode,1,,1675752786035,,,
https://d1qhxojdkstxv7.cloudfront.net/362829/62603151/new/marathon-0.png,"{""action"":""com.tozelabs.tvshowtime.NOTIFICATION"",""category"":""notification-category-gamification"",""loc-key"":""You have just unlocked the Marathoner badge!"",""notification_id"":""badge-unlocked"",""url"":""tvst://user/13991889/badges?badge_id=362829-marathoner-3-within-24-bd"",""web_url"":""https://www.tvtime.com/user/13991889/profile#tab-rewards""}",362829-marathoner-3-within-24-bd,tvst://user/13991889/badges?badge_id=362829-marathoner-3-within-24-bd,You have just unlocked the Marathoner badge!,badge-unlocked,true,You have just unlocked the Marathoner badge!,13991889,notif.caf,,badge,1,,1676830460914,,,
https://d1zfszn0v5ya99.cloudfront.net/user/55844046/profile_picture/62d0f5559ce65_large.png,"{""action"":""com.tozelabs.tvshowtime.NOTIFICATION"",""category"":""notification-category-reaction"",""loc-key"":""JonsJoaquin commented the episode S04 | E01 of Demon Slayer: Kimetsu no Yaiba"",""notification_id"":""episode-commented"",""url"":""tvst://show/348545/episode/9499909/comment/33156250"",""web_url"":""https://www.tvtime.com/show/348545/episode/9499909/comment/33156250""}",a2cafaa3-7c61-43b4-9ec4-7a27a515c5b4,tvst://show/348545/episode/9499909/comment/33156250,<a href='tvst://user/55844046/profile'>JonsJoaquin</a> commented the episode <a href='tvst://show/348545/episode/9499909/detail'>S04 | E01</a> of Demon Slayer: Kimetsu no Yaiba,episode-commented,true,JonsJoaquin commented the episode S04 | E01 of Demon Slayer: Kimetsu no Yaiba,13991889,notif.caf,,episode,1,,1681185652006,,,
https://d1zfszn0v5ya99.cloudfront.net/user/55844046/profile_picture/62d0f5559ce65_large.png,"{""action"":""com.tozelabs.tvshowtime.NOTIFICATION"",""category"":""notification-category-reaction"",""loc-key"":""JonsJoaquin commented the episode S04 | E01 of Demon Slayer: Kimetsu no Yaiba"",""notification_id"":""episode-commented"",""url"":""tvst://show/348545/episode/9499909/comment/33156263"",""web_url"":""https://www.tvtime.com/show/348545/episode/9499909/comment/33156263""}",a2cafaa3-7c61-43b4-9ec4-7a27a515c5b4,tvst://show/348545/episode/9499909/comment/33156263,<a href='tvst://user/55844046/profile'>JonsJoaquin</a> commented the episode <a href='tvst://show/348545/episode/9499909/detail'>S04 | E01</a> of Demon Slayer: Kimetsu no Yaiba,episode-commented,true,JonsJoaquin commented the episode S04 | E01 of Demon Slayer: Kimetsu no Yaiba,13991889,notif.caf,,episode,1,,1681185821500,,,
https://d1qhxojdkstxv7.cloudfront.net/402474/62932657/new/fast-watcher-0.png,"{""action"":""com.tozelabs.tvshowtime.NOTIFICATION"",""category"":""notification-category-gamification"",""loc-key"":""You have just unlocked the Quick Watcher badge!"",""notification_id"":""badge-unlocked"",""url"":""tvst://user/13991889/badges?badge_id=402474-quick-watcher-3-bd"",""web_url"":""https://www.tvtime.com/user/13991889/profile#tab-rewards""}",402474-quick-watcher-3-bd,tvst://user/13991889/badges?badge_id=402474-quick-watcher-3-bd,You have just unlocked the Quick Watcher badge!,badge-unlocked,true,You have just unlocked the Quick Watcher badge!,13991889,notif.caf,,badge,1,,1681579858441,,,
https://d1qhxojdkstxv7.cloudfront.net/355774/62597874/new/fast-watcher-0.png,"{""action"":""com.tozelabs.tvshowtime.NOTIFICATION"",""category"":""notification-category-gamification"",""loc-key"":""You have just unlocked the Quick Watcher badge!"",""notification_id"":""badge-unlocked"",""url"":""tvst://user/13991889/badges?badge_id=355774-quick-watcher-3-bd"",""web_url"":""https://www.tvtime.com/user/13991889/profile#tab-rewards""}",355774-quick-watcher-3-bd,tvst://user/13991889/badges?badge_id=355774-quick-watcher-3-bd,You have just unlocked the Quick Watcher badge!,badge-unlocked,true,You have just unlocked the Quick Watcher badge!,13991889,notif.caf,,badge,1,,1682119179333,,,
https://d1qhxojdkstxv7.cloudfront.net/416952/63004428/new/marathon-0.png,"{""action"":""com.tozelabs.tvshowtime.NOTIFICATION"",""category"":""notification-category-gamification"",""loc-key"":""You have just unlocked the Marathoner badge!"",""notification_id"":""badge-unlocked"",""url"":""tvst://user/13991889/badges?badge_id=416952-marathoner-3-within-24-bd"",""web_url"":""https://www.tvtime.com/user/13991889/profile#tab-rewards""}",416952-marathoner-3-within-24-bd,tvst://user/13991889/badges?badge_id=416952-marathoner-3-within-24-bd,You have just unlocked the Marathoner badge!,badge-unlocked,true,You have just unlocked the Marathoner badge!,13991889,notif.caf,,badge,1,,1682616662440,,,
https://d1qhxojdkstxv7.cloudfront.net/416952/63004428/new/marathon-1.png,"{""action"":""com.tozelabs.tvshowtime.NOTIFICATION"",""category"":""notification-category-gamification"",""loc-key"":""You have just unlocked the Marathoner badge!"",""notification_id"":""badge-unlocked"",""url"":""tvst://user/13991889/badges?badge_id=416952-marathoner-5-within-24-bd"",""web_url"":""https://www.tvtime.com/user/13991889/profile#tab-rewards""}",416952-marathoner-5-within-24-bd,tvst://user/13991889/badges?badge_id=416952-marathoner-5-within-24-bd,You have just unlocked the Marathoner badge!,badge-unlocked,true,You have just unlocked the Marathoner badge!,13991889,notif.caf,,badge,1,,1682616691020,,,
https://d1qhxojdkstxv7.cloudfront.net/402474/62932657/new/fast-watcher-1.png,"{""action"":""com.tozelabs.tvshowtime.NOTIFICATION"",""category"":""notification-category-gamification"",""loc-key"":""You have just unlocked the Quick Watcher badge!"",""notification_id"":""badge-unlocked"",""url"":""tvst://user/13991889/badges?badge_id=402474-quick-watcher-5-bd"",""web_url"":""https://www.tvtime.com/user/13991889/profile#tab-rewards""}",402474-quick-watcher-5-bd,tvst://user/13991889/badges?badge_id=402474-quick-watcher-5-bd,You have just unlocked the Quick Watcher badge!,badge-unlocked,true,You have just unlocked the Quick Watcher badge!,13991889,notif.caf,,badge,1,,1682910638528,,,
https://d1qhxojdkstxv7.cloudfront.net/368613/63084720/new/marathon-0.png,"{""action"":""com.tozelabs.tvshowtime.NOTIFICATION"",""category"":""notification-category-gamification"",""loc-key"":""You have just unlocked the Marathoner badge!"",""notification_id"":""badge-unlocked"",""url"":""tvst://user/13991889/badges?badge_id=368613-marathoner-3-within-24-bd"",""web_url"":""https://www.tvtime.com/user/13991889/profile#tab-rewards""}",368613-marathoner-3-within-24-bd,tvst://user/13991889/badges?badge_id=368613-marathoner-3-within-24-bd,You have just unlocked the Marathoner badge!,badge-unlocked,true,You have just unlocked the Marathoner badge!,13991889,notif.caf,,badge,1,,1682989108478,,,
https://d1qhxojdkstxv7.cloudfront.net/393201/62419478/new/marathon-0.png,"{""action"":""com.tozelabs.tvshowtime.NOTIFICATION"",""category"":""notification-category-gamification"",""loc-key"":""You have just unlocked the Marathoner badge!"",""notification_id"":""badge-unlocked"",""url"":""tvst://user/13991889/badges?badge_id=393201-marathoner-3-within-24-bd"",""web_url"":""https://www.tvtime.com/user/13991889/profile#tab-rewards""}",393201-marathoner-3-within-24-bd,tvst://user/13991889/badges?badge_id=393201-marathoner-3-within-24-bd,You have just unlocked the Marathoner badge!,badge-unlocked,true,You have just unlocked the Marathoner badge!,13991889,notif.caf,,badge,1,,1682999909595,,,
https://d1qhxojdkstxv7.cloudfront.net/393201/62419478/new/marathon-1.png,"{""action"":""com.tozelabs.tvshowtime.NOTIFICATION"",""category"":""notification-category-gamification"",""loc-key"":""You have just unlocked the Marathoner badge!"",""notification_id"":""badge-unlocked"",""url"":""tvst://user/13991889/badges?badge_id=393201-marathoner-5-within-24-bd"",""web_url"":""https://www.tvtime.com/user/13991889/profile#tab-rewards""}",393201-marathoner-5-within-24-bd,tvst://user/13991889/badges?badge_id=393201-marathoner-5-within-24-bd,You have just unlocked the Marathoner badge!,badge-unlocked,true,You have just unlocked the Marathoner badge!,13991889,notif.caf,,badge,1,,1683000187040,,,
https://d1qhxojdkstxv7.cloudfront.net/267440/1132254/new/marathon-0.png,"{""action"":""com.tozelabs.tvshowtime.NOTIFICATION"",""category"":""notification-category-gamification"",""loc-key"":""You have just unlocked the Marathoner badge!"",""notification_id"":""badge-unlocked"",""url"":""tvst://user/13991889/badges?badge_id=267440-marathoner-3-within-24-bd"",""web_url"":""https://www.tvtime.com/user/13991889/profile#tab-rewards""}",267440-marathoner-3-within-24-bd,tvst://user/13991889/badges?badge_id=267440-marathoner-3-within-24-bd,You have just unlocked the Marathoner badge!,badge-unlocked,true,You have just unlocked the Marathoner badge!,13991889,notif.caf,,badge,1,,1683430897788,,,
https://d1zfszn0v5ya99.cloudfront.net/user/12637536/profile_picture/59049cc1ee0b6_large.png,"{""action"":""com.tozelabs.tvshowtime.NOTIFICATION"",""category"":""notification-category-reaction"",""loc-key"":""Tânia Abreu liked a comment you made about movie The Inventor: Out for Blood in Silicon Valley"",""notification_id"":""movie-comment-liked"",""url"":""tvst://movie/ad66bc35-4213-4ff3-8b9a-4a135b844560/comment/f8e2400a-6f63-4298-936b-0f4168c6be5d"",""web_url"":""https://www.tvtime.com/movie/ad66bc35-4213-4ff3-8b9a-4a135b844560/comment/f8e2400a-6f63-4298-936b-0f4168c6be5d""}",ad66bc35-4213-4ff3-8b9a-4a135b844560,tvst://movie/ad66bc35-4213-4ff3-8b9a-4a135b844560/comment/f8e2400a-6f63-4298-936b-0f4168c6be5d,<a href='tvst://user/12637536/profile'>Tânia Abreu</a> liked a comment you made about movie <a href='tvst://movie/ad66bc35-4213-4ff3-8b9a-4a135b844560/detail'>The Inventor: Out for Blood in Silicon Valley</a>,movie-comment-liked,true,Tânia Abreu liked a comment you made about movie The Inventor: Out for Blood in Silicon Valley,13991889,notif.caf,,movie,1,,1684767874536,,,
https://d1zfszn0v5ya99.cloudfront.net/user/7861500/profile_picture/6038d95b379e8_large.png,"{""action"":""com.tozelabs.tvshowtime.NOTIFICATION"",""category"":""notification-category-reaction"",""loc-key"":""Yousef liked a reply you made about a comment on movie Ford v Ferrari"",""notification_id"":""movie-comment-liked"",""url"":""tvst://movie/ec7e56de-b756-4691-908c-e5f994ec6a8b/comment/7d68ff2a-50c0-49c9-a090-e8b2d5c20c77"",""web_url"":""https://www.tvtime.com/movie/ec7e56de-b756-4691-908c-e5f994ec6a8b/comment/7d68ff2a-50c0-49c9-a090-e8b2d5c20c77""}",ec7e56de-b756-4691-908c-e5f994ec6a8b,tvst://movie/ec7e56de-b756-4691-908c-e5f994ec6a8b/comment/7d68ff2a-50c0-49c9-a090-e8b2d5c20c77,<a href='tvst://user/7861500/profile'>Yousef</a> liked a reply you made about a comment on movie <a href='tvst://movie/ec7e56de-b756-4691-908c-e5f994ec6a8b/detail'>Ford v Ferrari</a>,movie-comment-liked,true,Yousef liked a reply you made about a comment on movie Ford v Ferrari,13991889,notif.caf,,movie,1,,1685749653946,,,
https://d1zfszn0v5ya99.cloudfront.net/user/55844046/profile_picture/62d0f5559ce65_large.png,"{""action"":""com.tozelabs.tvshowtime.NOTIFICATION"",""category"":""notification-category-reaction"",""loc-key"":""JonsJoaquin commented the episode S04 | E09 of Demon Slayer: Kimetsu no Yaiba"",""notification_id"":""episode-commented"",""thumbnail"":""https://d12qk6n9ersps4.cloudfront.net/49be9fcb-b272-4013-aad3-ad03812949a5/df17288f-96e6-46ca-8386-124099a46205/8750d3b2-84b8-4510-9047-1da05aa41ebc.png"",""url"":""tvst://show/348545/episode/9704261/comment/df17288f-96e6-46ca-8386-124099a46205"",""web_url"":""https://www.tvtime.com/show/348545/episode/9704261/comment/df17288f-96e6-46ca-8386-124099a46205""}",49be9fcb-b272-4013-aad3-ad03812949a5,tvst://show/348545/episode/9704261/comment/df17288f-96e6-46ca-8386-124099a46205,<a href='tvst://user/55844046/profile'>JonsJoaquin</a> commented the episode <a href='tvst://show/348545/episode/9704261/detail'>S04 | E09</a> of Demon Slayer: Kimetsu no Yaiba,episode-commented,true,JonsJoaquin commented the episode S04 | E09 of Demon Slayer: Kimetsu no Yaiba,13991889,notif.caf,,episode,1,,1686370683691,,,
https://d1zfszn0v5ya99.cloudfront.net/user/55844046/profile_picture/62d0f5559ce65_large.png,"{""action"":""com.tozelabs.tvshowtime.NOTIFICATION"",""category"":""notification-category-reaction"",""loc-key"":""JonsJoaquin commented the episode S01 | E07 of One Piece"",""notification_id"":""episode-commented"",""thumbnail"":""https://d12qk6n9ersps4.cloudfront.net/a75f34a5-5151-4319-a1ec-3d41749078e1/5ee1dea3-05bf-4583-ba3c-e11ba096f40a/f4f4858b-dc81-4305-a1aa-ea9224ad0e9a.png"",""url"":""tvst://show/81797/episode/361895/comment/5ee1dea3-05bf-4583-ba3c-e11ba096f40a"",""web_url"":""https://www.tvtime.com/show/81797/episode/361895/comment/5ee1dea3-05bf-4583-ba3c-e11ba096f40a""}",a75f34a5-5151-4319-a1ec-3d41749078e1,tvst://show/81797/episode/361895/comment/5ee1dea3-05bf-4583-ba3c-e11ba096f40a,<a href='tvst://user/55844046/profile'>JonsJoaquin</a> commented the episode <a href='tvst://show/81797/episode/361895/detail'>S01 | E07</a> of One Piece,episode-commented,true,JonsJoaquin commented the episode S01 | E07 of One Piece,13991889,notif.caf,,episode,1,,1686441601762,,,
https://d1qhxojdkstxv7.cloudfront.net/253463/1158937/new/fast-watcher-2.png,"{""action"":""com.tozelabs.tvshowtime.NOTIFICATION"",""category"":""notification-category-gamification"",""loc-key"":""You have just unlocked the Quick Watcher badge!"",""notification_id"":""badge-unlocked"",""url"":""tvst://user/13991889/badges?badge_id=253463-quick-watcher-10-bd"",""web_url"":""https://www.tvtime.com/user/13991889/profile#tab-rewards""}",253463-quick-watcher-10-bd,tvst://user/13991889/badges?badge_id=253463-quick-watcher-10-bd,You have just unlocked the Quick Watcher badge!,badge-unlocked,true,You have just unlocked the Quick Watcher badge!,13991889,notif.caf,,badge,1,,1688864372767,,,
https://d1qhxojdkstxv7.cloudfront.net/253463/1158937/new/serial-emotioner-0.png,You have just unlocked the Black Mirror Serial Emotioner badge!,,tvst://user/13991889/badges?badge_id=253463-serial-emotioner-3-bd,,badge-unlocked,true,,13991889,,,,,false,1688864375755,"[{""id"":1,""type"":""user"",""name"":""TV Time"",""all_images"":{""1"":""https:\/\/d1qhxojdkstxv7.cloudfront.net\/253463\/1158937\/new\/serial-emotioner-0-hd.png"",""2"":""https:\/\/d1qhxojdkstxv7.cloudfront.net\/253463\/1158937\/new\/serial-emotioner-0-hd.png"",""square"":""https:\/\/d1qhxojdkstxv7.cloudfront.net\/253463\/1158937\/new\/serial-emotioner-0-hd.png""}}]",Black Mirror Serial Emotioner,2023-07-09T00:59:35+00:00
https://d1zfszn0v5ya99.cloudfront.net/user/55844046/profile_picture/62d0f5559ce65_large.png,"{""action"":""com.tozelabs.tvshowtime.NOTIFICATION"",""category"":""notification-category-reaction"",""loc-key"":""JonsJoaquin commented the episode S02 | E05 of Jujutsu Kaisen"",""notification_id"":""episode-commented"",""thumbnail"":""https://d12qk6n9ersps4.cloudfront.net/67ce5e3c-2301-4c8f-bc5a-d691d4424087/2611c831-736e-437a-8932-b89a68066ecb/d5d46d07-d2a9-4abd-978d-ffc6aeebd27e.png"",""url"":""tvst://show/377543/episode/9816821/comment/2611c831-736e-437a-8932-b89a68066ecb"",""web_url"":""https://www.tvtime.com/show/377543/episode/9816821/comment/2611c831-736e-437a-8932-b89a68066ecb""}",67ce5e3c-2301-4c8f-bc5a-d691d4424087,tvst://show/377543/episode/9816821/comment/2611c831-736e-437a-8932-b89a68066ecb,<a href='tvst://user/55844046/profile'>JonsJoaquin</a> commented the episode <a href='tvst://show/377543/episode/9816821/detail'>S02 | E05</a> of Jujutsu Kaisen,episode-commented,true,JonsJoaquin commented the episode S02 | E05 of Jujutsu Kaisen,13991889,notif.caf,,episode,1,,1691121077331,,,
https://d1qhxojdkstxv7.cloudfront.net/393203/62419477/new/marathon-0.png,"{""action"":""com.tozelabs.tvshowtime.NOTIFICATION"",""category"":""notification-category-gamification"",""loc-key"":""You have just unlocked the Marathoner badge!"",""notification_id"":""badge-unlocked"",""url"":""tvst://user/13991889/badges?badge_id=393203-marathoner-3-within-24-bd"",""web_url"":""https://www.tvtime.com/user/13991889/profile#tab-rewards""}",393203-marathoner-3-within-24-bd,tvst://user/13991889/badges?badge_id=393203-marathoner-3-within-24-bd,You have just unlocked the Marathoner badge!,badge-unlocked,true,You have just unlocked the Marathoner badge!,13991889,notif.caf,,badge,1,,1691420774050,,,
https://d1qhxojdkstxv7.cloudfront.net/403245/0/new/marathon-0.png,"{""action"":""com.tozelabs.tvshowtime.NOTIFICATION"",""category"":""notification-category-gamification"",""loc-key"":""You have just unlocked the Marathoner badge!"",""notification_id"":""badge-unlocked"",""url"":""tvst://user/13991889/badges?badge_id=403245-marathoner-3-within-24-bd"",""web_url"":""https://www.tvtime.com/user/13991889/profile#tab-rewards""}",403245-marathoner-3-within-24-bd,tvst://user/13991889/badges?badge_id=403245-marathoner-3-within-24-bd,You have just unlocked the Marathoner badge!,badge-unlocked,true,You have just unlocked the Marathoner badge!,13991889,notif.caf,,badge,1,,1692920140206,,,
https://d1qhxojdkstxv7.cloudfront.net/377543/62205465/new/fast-watcher-0.png,"{""action"":""com.tozelabs.tvshowtime.NOTIFICATION"",""category"":""notification-category-gamification"",""loc-key"":""You have just unlocked the Quick Watcher badge!"",""notification_id"":""badge-unlocked"",""url"":""tvst://user/13991889/badges?badge_id=377543-quick-watcher-3-bd"",""web_url"":""https://www.tvtime.com/user/13991889/profile#tab-rewards""}",377543-quick-watcher-3-bd,tvst://user/13991889/badges?badge_id=377543-quick-watcher-3-bd,You have just unlocked the Quick Watcher badge!,badge-unlocked,true,You have just unlocked the Quick Watcher badge!,13991889,notif.caf,,badge,1,,1693688596758,,,
https://d1zfszn0v5ya99.cloudfront.net/user/55844046/profile_picture/62d0f5559ce65_large.png,"{""action"":""com.tozelabs.tvshowtime.NOTIFICATION"",""category"":""notification-category-reaction"",""loc-key"":""JonsJoaquin commented the episode S02 | E06 of Jujutsu Kaisen"",""notification_id"":""episode-commented"",""thumbnail"":""https://d12qk6n9ersps4.cloudfront.net/258a9e78-c75b-432c-ac57-e510b1c2b9a3/47272f5a-64da-4912-be9d-e28c343d5294/4282aafe-b899-4d1f-a200-da7428000696.png"",""url"":""tvst://show/377543/episode/9816823/comment/47272f5a-64da-4912-be9d-e28c343d5294"",""web_url"":""https://www.tvtime.com/show/377543/episode/9816823/comment/47272f5a-64da-4912-be9d-e28c343d5294""}",258a9e78-c75b-432c-ac57-e510b1c2b9a3,tvst://show/377543/episode/9816823/comment/47272f5a-64da-4912-be9d-e28c343d5294,<a href='tvst://user/55844046/profile'>JonsJoaquin</a> commented the episode <a href='tvst://show/377543/episode/9816823/detail'>S02 | E06</a> of Jujutsu Kaisen,episode-commented,true,JonsJoaquin commented the episode S02 | E06 of Jujutsu Kaisen,13991889,notif.caf,,episode,1,,1693974000668,,,
https://d1zfszn0v5ya99.cloudfront.net/user/55844046/profile_picture/62d0f5559ce65_large.png,"{""action"":""com.tozelabs.tvshowtime.NOTIFICATION"",""category"":""notification-category-reaction"",""loc-key"":""JonsJoaquin commented the episode S02 | E07 of Jujutsu Kaisen"",""notification_id"":""episode-commented"",""thumbnail"":""https://d12qk6n9ersps4.cloudfront.net/68f83355-4132-4cdd-8e9a-576266f39639/47b32ab5-ca7a-4250-a54a-47bd041b810e/f1314c8d-4f7b-4a2d-a5ec-e2159d7578d5.png"",""url"":""tvst://show/377543/episode/9816825/comment/47b32ab5-ca7a-4250-a54a-47bd041b810e"",""web_url"":""https://www.tvtime.com/show/377543/episode/9816825/comment/47b32ab5-ca7a-4250-a54a-47bd041b810e""}",68f83355-4132-4cdd-8e9a-576266f39639,tvst://show/377543/episode/9816825/comment/47b32ab5-ca7a-4250-a54a-47bd041b810e,<a href='tvst://user/55844046/profile'>JonsJoaquin</a> commented the episode <a href='tvst://show/377543/episode/9816825/detail'>S02 | E07</a> of Jujutsu Kaisen,episode-commented,true,JonsJoaquin commented the episode S02 | E07 of Jujutsu Kaisen,13991889,notif.caf,,episode,1,,1694933962579,,,
https://d1zfszn0v5ya99.cloudfront.net/user/55844046/profile_picture/62d0f5559ce65_large.png,"{""action"":""com.tozelabs.tvshowtime.NOTIFICATION"",""category"":""notification-category-reaction"",""loc-key"":""JonsJoaquin commented the episode S02 | E08 of Jujutsu Kaisen"",""notification_id"":""episode-commented"",""thumbnail"":""https://d12qk6n9ersps4.cloudfront.net/46e0ae75-8b64-4f09-8457-0b8b59abc0ed/0ecf2026-386e-4813-adf3-c95019e2f6a3/2474aac1-13a7-456e-9d7e-eb458c3bdebe.png"",""url"":""tvst://show/377543/episode/9816826/comment/0ecf2026-386e-4813-adf3-c95019e2f6a3"",""web_url"":""https://www.tvtime.com/show/377543/episode/9816826/comment/0ecf2026-386e-4813-adf3-c95019e2f6a3""}",46e0ae75-8b64-4f09-8457-0b8b59abc0ed,tvst://show/377543/episode/9816826/comment/0ecf2026-386e-4813-adf3-c95019e2f6a3,<a href='tvst://user/55844046/profile'>JonsJoaquin</a> commented the episode <a href='tvst://show/377543/episode/9816826/detail'>S02 | E08</a> of Jujutsu Kaisen,episode-commented,true,JonsJoaquin commented the episode S02 | E08 of Jujutsu Kaisen,13991889,notif.caf,,episode,1,,1694935757256,,,
https://d1zfszn0v5ya99.cloudfront.net/user/55844046/profile_picture/62d0f5559ce65_large.png,"{""action"":""com.tozelabs.tvshowtime.NOTIFICATION"",""category"":""notification-category-reaction"",""loc-key"":""JonsJoaquin commented the episode S02 | E08 of Jujutsu Kaisen"",""notification_id"":""episode-commented"",""url"":""tvst://show/377543/episode/9816826/comment/d933095d-e735-4187-adbb-1bb1e0b4dc3d"",""web_url"":""https://www.tvtime.com/show/377543/episode/9816826/comment/d933095d-e735-4187-adbb-1bb1e0b4dc3d""}",46e0ae75-8b64-4f09-8457-0b8b59abc0ed,tvst://show/377543/episode/9816826/comment/d933095d-e735-4187-adbb-1bb1e0b4dc3d,<a href='tvst://user/55844046/profile'>JonsJoaquin</a> commented the episode <a href='tvst://show/377543/episode/9816826/detail'>S02 | E08</a> of Jujutsu Kaisen,episode-commented,true,JonsJoaquin commented the episode S02 | E08 of Jujutsu Kaisen,13991889,notif.caf,,episode,1,,1694984166521,,,
https://d1zfszn0v5ya99.cloudfront.net/user/55844046/profile_picture/62d0f5559ce65_large.png,"{""action"":""com.tozelabs.tvshowtime.NOTIFICATION"",""category"":""notification-category-reaction"",""loc-key"":""JonsJoaquin commented the episode S02 | E08 of Jujutsu Kaisen"",""notification_id"":""episode-commented"",""thumbnail"":""https://d12qk6n9ersps4.cloudfront.net/46e0ae75-8b64-4f09-8457-0b8b59abc0ed/fbd0dfa5-0626-4064-bed4-4d53de8bb18c/807e4c74-e809-4176-940e-98e35adf6a4f.jpeg"",""url"":""tvst://show/377543/episode/9816826/comment/fbd0dfa5-0626-4064-bed4-4d53de8bb18c"",""web_url"":""https://www.tvtime.com/show/377543/episode/9816826/comment/fbd0dfa5-0626-4064-bed4-4d53de8bb18c""}",46e0ae75-8b64-4f09-8457-0b8b59abc0ed,tvst://show/377543/episode/9816826/comment/fbd0dfa5-0626-4064-bed4-4d53de8bb18c,<a href='tvst://user/55844046/profile'>JonsJoaquin</a> commented the episode <a href='tvst://show/377543/episode/9816826/detail'>S02 | E08</a> of Jujutsu Kaisen,episode-commented,true,JonsJoaquin commented the episode S02 | E08 of Jujutsu Kaisen,13991889,notif.caf,,episode,1,,1694984191787,,,
https://d1zfszn0v5ya99.cloudfront.net/user/55844046/profile_picture/62d0f5559ce65_large.png,"{""action"":""com.tozelabs.tvshowtime.NOTIFICATION"",""category"":""notification-category-reaction"",""loc-key"":""JonsJoaquin commented the episode S02 | E13 of Jujutsu Kaisen"",""notification_id"":""episode-commented"",""thumbnail"":""https://d12qk6n9ersps4.cloudfront.net/f87b218e-e287-4033-858b-5b963b2da76a/a2621f29-2a75-4c45-859d-7b2e48014409/b5379177-392e-4040-a6aa-94e0b6b5169c.png"",""url"":""tvst://show/377543/episode/9816831/comment/a2621f29-2a75-4c45-859d-7b2e48014409"",""web_url"":""https://www.tvtime.com/show/377543/episode/9816831/comment/a2621f29-2a75-4c45-859d-7b2e48014409""}",f87b218e-e287-4033-858b-5b963b2da76a,tvst://show/377543/episode/9816831/comment/a2621f29-2a75-4c45-859d-7b2e48014409,<a href='tvst://user/55844046/profile'>JonsJoaquin</a> commented the episode <a href='tvst://show/377543/episode/9816831/detail'>S02 | E13</a> of Jujutsu Kaisen,episode-commented,true,JonsJoaquin commented the episode S02 | E13 of Jujutsu Kaisen,13991889,notif.caf,,episode,1,,1697859938354,,,
https://d1qhxojdkstxv7.cloudfront.net/355774/62597874/new/marathon-0.png,"{""action"":""com.tozelabs.tvshowtime.NOTIFICATION"",""category"":""notification-category-gamification"",""loc-key"":""You have just unlocked the Marathoner badge!"",""notification_id"":""badge-unlocked"",""url"":""tvst://user/13991889/badges?badge_id=355774-marathoner-3-within-24-bd"",""web_url"":""https://www.tvtime.com/user/13991889/profile#tab-rewards""}",355774-marathoner-3-within-24-bd,tvst://user/13991889/badges?badge_id=355774-marathoner-3-within-24-bd,You have just unlocked the Marathoner badge!,badge-unlocked,true,You have just unlocked the Marathoner badge!,13991889,notif.caf,,badge,1,,1700355544155,,,
https://d1zfszn0v5ya99.cloudfront.net/user/55844046/profile_picture/62d0f5559ce65_large.png,"{""action"":""com.tozelabs.tvshowtime.NOTIFICATION"",""category"":""notification-category-reaction"",""loc-key"":""JonsJoaquin commented the episode S04 | E30 of Attack on Titan"",""notification_id"":""episode-commented"",""thumbnail"":""https://d12qk6n9ersps4.cloudfront.net/697f6d5d-4533-40fc-8902-d1c1eee6df0d/d86ad16a-f612-4e31-a22f-c859d5b2abb9/599ae045-4b3f-47b5-82e2-3b5513bf16ae.png"",""url"":""tvst://show/267440/episode/9644229/comment/d86ad16a-f612-4e31-a22f-c859d5b2abb9"",""web_url"":""https://www.tvtime.com/show/267440/episode/9644229/comment/d86ad16a-f612-4e31-a22f-c859d5b2abb9""}",697f6d5d-4533-40fc-8902-d1c1eee6df0d,tvst://show/267440/episode/9644229/comment/d86ad16a-f612-4e31-a22f-c859d5b2abb9,<a href='tvst://user/55844046/profile'>JonsJoaquin</a> commented the episode <a href='tvst://show/267440/episode/9644229/detail'>S04 | E30</a> of Attack on Titan,episode-commented,true,JonsJoaquin commented the episode S04 | E30 of Attack on Titan,13991889,notif.caf,,episode,1,,1700368806503,,,
https://d1zfszn0v5ya99.cloudfront.net/user/55844046/profile_picture/62d0f5559ce65_large.png,"{""action"":""com.tozelabs.tvshowtime.NOTIFICATION"",""category"":""notification-category-reaction"",""loc-key"":""JonsJoaquin commented the episode S02 | E18 of Jujutsu Kaisen"",""notification_id"":""episode-commented"",""thumbnail"":""https://d12qk6n9ersps4.cloudfront.net/60633435-dc28-4cd9-bd45-bc6cc441c8cd/bbfd80bd-0c28-4ed8-913a-a7d6ee728883/53b85d03-cd54-4e36-bc96-d58eb485a577.jpeg"",""url"":""tvst://show/377543/episode/9879038/comment/bbfd80bd-0c28-4ed8-913a-a7d6ee728883"",""web_url"":""https://www.tvtime.com/show/377543/episode/9879038/comment/bbfd80bd-0c28-4ed8-913a-a7d6ee728883""}",60633435-dc28-4cd9-bd45-bc6cc441c8cd,tvst://show/377543/episode/9879038/comment/bbfd80bd-0c28-4ed8-913a-a7d6ee728883,<a href='tvst://user/55844046/profile'>JonsJoaquin</a> commented the episode <a href='tvst://show/377543/episode/9879038/detail'>S02 | E18</a> of Jujutsu Kaisen,episode-commented,true,JonsJoaquin commented the episode S02 | E18 of Jujutsu Kaisen,13991889,notif.caf,,episode,1,,1700945198786,,,
https://d1qhxojdkstxv7.cloudfront.net/first-xp/serial-watcher-03.png,"{""action"":""com.tozelabs.tvshowtime.NOTIFICATION"",""category"":""notification-category-gamification"",""loc-key"":""You have just unlocked the Serial watcher badge!"",""notification_id"":""badge-unlocked"",""url"":""tvst://user/13991889/badges?badge_id=serial-watcher-30-bd    "",""web_url"":""https://www.tvtime.com/user/13991889/profile#tab-rewards""}",serial-watcher-30-bd    ,tvst://user/13991889/badges?badge_id=serial-watcher-30-bd    ,You have just unlocked the Serial watcher badge!,badge-unlocked,true,You have just unlocked the Serial watcher badge!,13991889,notif.caf,,badge,1,,1701357949023,,,
https://d1qhxojdkstxv7.cloudfront.net/425416/63242897/new/marathon-1.png,"{""action"":""com.tozelabs.tvshowtime.NOTIFICATION"",""category"":""notification-category-gamification"",""loc-key"":""You have just unlocked the Marathoner badge!"",""notification_id"":""badge-unlocked"",""url"":""tvst://user/13991889/badges?badge_id=425416-marathoner-5-within-24-bd"",""web_url"":""https://www.tvtime.com/user/13991889/profile#tab-rewards""}",425416-marathoner-5-within-24-bd,tvst://user/13991889/badges?badge_id=425416-marathoner-5-within-24-bd,You have just unlocked the Marathoner badge!,badge-unlocked,true,You have just unlocked the Marathoner badge!,13991889,notif.caf,,badge,1,,1701460338303,,,
https://d1qhxojdkstxv7.cloudfront.net/247808/964274/new/marathon-1.png,"{""action"":""com.tozelabs.tvshowtime.NOTIFICATION"",""category"":""notification-category-gamification"",""loc-key"":""You have just unlocked the Marathoner badge!"",""notification_id"":""badge-unlocked"",""url"":""tvst://user/13991889/badges?badge_id=247808-marathoner-5-within-24-bd"",""web_url"":""https://www.tvtime.com/user/13991889/profile#tab-rewards""}",247808-marathoner-5-within-24-bd,tvst://user/13991889/badges?badge_id=247808-marathoner-5-within-24-bd,You have just unlocked the Marathoner badge!,badge-unlocked,true,You have just unlocked the Marathoner badge!,13991889,notif.caf,,badge,1,,1701462967352,,,
https://d1zfszn0v5ya99.cloudfront.net/user/55844046/profile_picture/62d0f5559ce65_large.png,"{""action"":""com.tozelabs.tvshowtime.NOTIFICATION"",""category"":""notification-category-reaction"",""loc-key"":""JonsJoaquin commented the movie Freaky Friday"",""notification_id"":""movie-commented"",""thumbnail"":""https://media.tenor.com/v_qw9QsEhCAAAAAC/freaky-friday-jaymarty.gif"",""url"":""tvst://movie/e9125678-68eb-4f9b-a16f-67ad7372e4da/comment/2af36b09-b4c0-47c7-a9c1-e100df35f6a7"",""web_url"":""https://www.tvtime.com/movie/e9125678-68eb-4f9b-a16f-67ad7372e4da/comment/2af36b09-b4c0-47c7-a9c1-e100df35f6a7""}",e9125678-68eb-4f9b-a16f-67ad7372e4da,tvst://movie/e9125678-68eb-4f9b-a16f-67ad7372e4da/comment/2af36b09-b4c0-47c7-a9c1-e100df35f6a7,<a href='tvst://user/55844046/profile'>JonsJoaquin</a> commented the movie <a href='tvst://movie/e9125678-68eb-4f9b-a16f-67ad7372e4da/detail'>Freaky Friday</a>,movie-commented,true,JonsJoaquin commented the movie Freaky Friday,13991889,notif.caf,,movie,1,,1701483493245,,,
https://d1qhxojdkstxv7.cloudfront.net/425416/63242897/new/marathon-0.png,"{""action"":""com.tozelabs.tvshowtime.NOTIFICATION"",""category"":""notification-category-gamification"",""loc-key"":""You have just unlocked the Marathoner badge!"",""notification_id"":""badge-unlocked"",""url"":""tvst://user/13991889/badges?badge_id=425416-marathoner-3-within-24-bd"",""web_url"":""https://www.tvtime.com/user/13991889/profile#tab-rewards""}",425416-marathoner-3-within-24-bd,tvst://user/13991889/badges?badge_id=425416-marathoner-3-within-24-bd,You have just unlocked the Marathoner badge!,badge-unlocked,true,You have just unlocked the Marathoner badge!,13991889,notif.caf,,badge,1,,1701855757082,,,
https://d1zfszn0v5ya99.cloudfront.net/user/55844046/profile_picture/62d0f5559ce65_large.png,"{""action"":""com.tozelabs.tvshowtime.NOTIFICATION"",""category"":""notification-category-reaction"",""loc-key"":""JonsJoaquin commented the episode S02 | E08 of SPY x FAMILY"",""notification_id"":""episode-commented"",""thumbnail"":""https://d12qk6n9ersps4.cloudfront.net/829dbc44-3cc7-4069-ba6d-260817b95c64/dba57d82-e201-4f91-9a57-43421a9df9ba/56fd25fd-fdc4-4bcc-a955-dd63f750779e.png"",""url"":""tvst://show/405920/episode/10075716/comment/dba57d82-e201-4f91-9a57-43421a9df9ba"",""web_url"":""https://www.tvtime.com/show/405920/episode/10075716/comment/dba57d82-e201-4f91-9a57-43421a9df9ba""}",829dbc44-3cc7-4069-ba6d-260817b95c64,tvst://show/405920/episode/10075716/comment/dba57d82-e201-4f91-9a57-43421a9df9ba,<a href='tvst://user/55844046/profile'>JonsJoaquin</a> commented the episode <a href='tvst://show/405920/episode/10075716/detail'>S02 | E08</a> of SPY x FAMILY,episode-commented,true,JonsJoaquin commented the episode S02 | E08 of SPY x FAMILY,13991889,notif.caf,,episode,1,,1702961188412,,,
https://d1zfszn0v5ya99.cloudfront.net/user/55844046/profile_picture/62d0f5559ce65_large.png,"{""action"":""com.tozelabs.tvshowtime.NOTIFICATION"",""category"":""notification-category-reaction"",""loc-key"":""JonsJoaquin commented the episode S02 | E08 of SPY x FAMILY"",""notification_id"":""episode-commented"",""thumbnail"":""https://d12qk6n9ersps4.cloudfront.net/829dbc44-3cc7-4069-ba6d-260817b95c64/50d902e5-0c2d-4099-9ab9-b3a4ac4393d9/f268646d-3d42-42b0-a353-3cec4d390306.png"",""url"":""tvst://show/405920/episode/10075716/comment/50d902e5-0c2d-4099-9ab9-b3a4ac4393d9"",""web_url"":""https://www.tvtime.com/show/405920/episode/10075716/comment/50d902e5-0c2d-4099-9ab9-b3a4ac4393d9""}",829dbc44-3cc7-4069-ba6d-260817b95c64,tvst://show/405920/episode/10075716/comment/50d902e5-0c2d-4099-9ab9-b3a4ac4393d9,<a href='tvst://user/55844046/profile'>JonsJoaquin</a> commented the episode <a href='tvst://show/405920/episode/10075716/detail'>S02 | E08</a> of SPY x FAMILY,episode-commented,true,JonsJoaquin commented the episode S02 | E08 of SPY x FAMILY,13991889,notif.caf,,episode,1,,1702961646778,,,
https://d1zfszn0v5ya99.cloudfront.net/user/55844046/profile_picture/62d0f5559ce65_large.png,"{""action"":""com.tozelabs.tvshowtime.NOTIFICATION"",""category"":""notification-category-reaction"",""loc-key"":""JonsJoaquin commented the movie Guardians of the Galaxy Vol. 3"",""notification_id"":""movie-commented"",""thumbnail"":""https://media.tenor.com/jVXiC8O_OB8AAAAC/gotg-family.gif"",""url"":""tvst://movie/40b1a8ca-b35c-451f-9dfd-2c4186bae401/comment/27563a9e-2744-40fb-9bfc-8d4d09e55bab"",""web_url"":""https://www.tvtime.com/movie/40b1a8ca-b35c-451f-9dfd-2c4186bae401/comment/27563a9e-2744-40fb-9bfc-8d4d09e55bab""}",40b1a8ca-b35c-451f-9dfd-2c4186bae401,tvst://movie/40b1a8ca-b35c-451f-9dfd-2c4186bae401/comment/27563a9e-2744-40fb-9bfc-8d4d09e55bab,<a href='tvst://user/55844046/profile'>JonsJoaquin</a> commented the movie <a href='tvst://movie/40b1a8ca-b35c-451f-9dfd-2c4186bae401/detail'>Guardians of the Galaxy Vol. 3</a>,movie-commented,true,JonsJoaquin commented the movie Guardians of the Galaxy Vol. 3,13991889,notif.caf,,movie,1,,1703372092255,,,
https://d1zfszn0v5ya99.cloudfront.net/user/55844046/profile_picture/62d0f5559ce65_large.png,"{""action"":""com.tozelabs.tvshowtime.NOTIFICATION"",""category"":""notification-category-reaction"",""loc-key"":""JonsJoaquin commented the movie Guardians of the Galaxy Vol. 3"",""notification_id"":""movie-commented"",""thumbnail"":""https://media.tenor.com/YHaNYbOeS9EAAAAC/rocket-raccoon-lylla.gif"",""url"":""tvst://movie/40b1a8ca-b35c-451f-9dfd-2c4186bae401/comment/cde6c405-cac4-4bc5-8987-bd075698c67d"",""web_url"":""https://www.tvtime.com/movie/40b1a8ca-b35c-451f-9dfd-2c4186bae401/comment/cde6c405-cac4-4bc5-8987-bd075698c67d""}",40b1a8ca-b35c-451f-9dfd-2c4186bae401,tvst://movie/40b1a8ca-b35c-451f-9dfd-2c4186bae401/comment/cde6c405-cac4-4bc5-8987-bd075698c67d,<a href='tvst://user/55844046/profile'>JonsJoaquin</a> commented the movie <a href='tvst://movie/40b1a8ca-b35c-451f-9dfd-2c4186bae401/detail'>Guardians of the Galaxy Vol. 3</a>,movie-commented,true,JonsJoaquin commented the movie Guardians of the Galaxy Vol. 3,13991889,notif.caf,,movie,1,,1703372273605,,,
https://d1zfszn0v5ya99.cloudfront.net/user/55844046/profile_picture/62d0f5559ce65_large.png,"{""action"":""com.tozelabs.tvshowtime.NOTIFICATION"",""category"":""notification-category-reaction"",""loc-key"":""JonsJoaquin commented the movie My Neighbor Totoro"",""notification_id"":""movie-commented"",""thumbnail"":""https://media.tenor.com/l8fBqTD56TMAAAAC/totoro.gif"",""url"":""tvst://movie/fe58d6ce-6230-4486-8986-811ce0fe4c9e/comment/1b497bb8-241c-43b0-8ec9-aa6c8cc065b0"",""web_url"":""https://www.tvtime.com/movie/fe58d6ce-6230-4486-8986-811ce0fe4c9e/comment/1b497bb8-241c-43b0-8ec9-aa6c8cc065b0""}",fe58d6ce-6230-4486-8986-811ce0fe4c9e,tvst://movie/fe58d6ce-6230-4486-8986-811ce0fe4c9e/comment/1b497bb8-241c-43b0-8ec9-aa6c8cc065b0,<a href='tvst://user/55844046/profile'>JonsJoaquin</a> commented the movie <a href='tvst://movie/fe58d6ce-6230-4486-8986-811ce0fe4c9e/detail'>My Neighbor Totoro</a>,movie-commented,true,JonsJoaquin commented the movie My Neighbor Totoro,13991889,notif.caf,,movie,1,,1703743030049,,,
https://d1qhxojdkstxv7.cloudfront.net/413033/62950737/new/marathon-0.png,"{""action"":""com.tozelabs.tvshowtime.NOTIFICATION"",""category"":""notification-category-gamification"",""loc-key"":""You have just unlocked the Marathoner badge!"",""notification_id"":""badge-unlocked"",""url"":""tvst://user/13991889/badges?badge_id=413033-marathoner-3-within-24-bd"",""web_url"":""https://www.tvtime.com/user/13991889/profile#tab-rewards""}",413033-marathoner-3-within-24-bd,tvst://user/13991889/badges?badge_id=413033-marathoner-3-within-24-bd,You have just unlocked the Marathoner badge!,badge-unlocked,true,You have just unlocked the Marathoner badge!,13991889,notif.caf,,badge,1,,1704081816453,,,
https://d1qhxojdkstxv7.cloudfront.net/413033/62950737/new/marathon-1.png,"{""action"":""com.tozelabs.tvshowtime.NOTIFICATION"",""category"":""notification-category-gamification"",""loc-key"":""You have just unlocked the Marathoner badge!"",""notification_id"":""badge-unlocked"",""url"":""tvst://user/13991889/badges?badge_id=413033-marathoner-5-within-24-bd"",""web_url"":""https://www.tvtime.com/user/13991889/profile#tab-rewards""}",413033-marathoner-5-within-24-bd,tvst://user/13991889/badges?badge_id=413033-marathoner-5-within-24-bd,You have just unlocked the Marathoner badge!,badge-unlocked,true,You have just unlocked the Marathoner badge!,13991889,notif.caf,,badge,1,,1704334268447,,,
https://d1zfszn0v5ya99.cloudfront.net/user/55844046/profile_picture/62d0f5559ce65_large.png,"{""action"":""com.tozelabs.tvshowtime.NOTIFICATION"",""category"":""notification-category-reaction"",""loc-key"":""JonsJoaquin commented the episode S02 | E23 of Jujutsu Kaisen"",""notification_id"":""episode-commented"",""thumbnail"":""https://d12qk6n9ersps4.cloudfront.net/5495f7ed-b8b3-4592-a275-a867d62f6de6/b7804cd6-11d0-4695-9916-c5664e5a6c1e/217cfbb2-7a63-45d1-bb73-1a20d09091d5.jpeg"",""url"":""tvst://show/377543/episode/9879043/comment/b7804cd6-11d0-4695-9916-c5664e5a6c1e"",""web_url"":""https://www.tvtime.com/show/377543/episode/9879043/comment/b7804cd6-11d0-4695-9916-c5664e5a6c1e""}",5495f7ed-b8b3-4592-a275-a867d62f6de6,tvst://show/377543/episode/9879043/comment/b7804cd6-11d0-4695-9916-c5664e5a6c1e,<a href='tvst://user/55844046/profile'>JonsJoaquin</a> commented the episode <a href='tvst://show/377543/episode/9879043/detail'>S02 | E23</a> of Jujutsu Kaisen,episode-commented,true,JonsJoaquin commented the episode S02 | E23 of Jujutsu Kaisen,13991889,notif.caf,,episode,1,,1704381295786,,,
https://d1zfszn0v5ya99.cloudfront.net/user/55844046/profile_picture/62d0f5559ce65_large.png,"{""action"":""com.tozelabs.tvshowtime.NOTIFICATION"",""category"":""notification-category-reaction"",""loc-key"":""JonsJoaquin commented the episode S02 | E06 of Demon Slayer: Kimetsu no Yaiba"",""notification_id"":""episode-commented"",""thumbnail"":""https://media.tenor.com/CLPjZy0cBpoAAAAC/demon-slayer-akaza.gif"",""url"":""tvst://show/348545/episode/8747427/comment/904e25e1-3156-43de-b2dd-d46ababf845e"",""web_url"":""https://www.tvtime.com/show/348545/episode/8747427/comment/904e25e1-3156-43de-b2dd-d46ababf845e""}",857fe15d-e63e-471a-901f-0ff5ed078b61,tvst://show/348545/episode/8747427/comment/904e25e1-3156-43de-b2dd-d46ababf845e,<a href='tvst://user/55844046/profile'>JonsJoaquin</a> commented the episode <a href='tvst://show/348545/episode/8747427/detail'>S02 | E06</a> of Demon Slayer: Kimetsu no Yaiba,episode-commented,true,JonsJoaquin commented the episode S02 | E06 of Demon Slayer: Kimetsu no Yaiba,13991889,notif.caf,,episode,1,,1704601335060,,,
https://d1zfszn0v5ya99.cloudfront.net/user/55844046/profile_picture/62d0f5559ce65_large.png,"{""action"":""com.tozelabs.tvshowtime.NOTIFICATION"",""category"":""notification-category-reaction"",""loc-key"":""JonsJoaquin commented the episode S02 | E07 of Demon Slayer: Kimetsu no Yaiba"",""notification_id"":""episode-commented"",""thumbnail"":""https://media.tenor.com/LTgIH3I--f0AAAAC/demon-se-demon-slayer.gif"",""url"":""tvst://show/348545/episode/8747428/comment/805942c4-5795-473f-ab1e-d36453c1b9a9"",""web_url"":""https://www.tvtime.com/show/348545/episode/8747428/comment/805942c4-5795-473f-ab1e-d36453c1b9a9""}",b3016bd5-8f50-4ff9-ae93-417df1891627,tvst://show/348545/episode/8747428/comment/805942c4-5795-473f-ab1e-d36453c1b9a9,<a href='tvst://user/55844046/profile'>JonsJoaquin</a> commented the episode <a href='tvst://show/348545/episode/8747428/detail'>S02 | E07</a> of Demon Slayer: Kimetsu no Yaiba,episode-commented,true,JonsJoaquin commented the episode S02 | E07 of Demon Slayer: Kimetsu no Yaiba,13991889,notif.caf,,episode,1,,1704602282662,,,
https://d1qhxojdkstxv7.cloudfront.net/347734/62101331/new/marathon-0.png,"{""action"":""com.tozelabs.tvshowtime.NOTIFICATION"",""category"":""notification-category-gamification"",""loc-key"":""You have just unlocked the Marathoner badge!"",""notification_id"":""badge-unlocked"",""url"":""tvst://user/13991889/badges?badge_id=347734-marathoner-3-within-24-bd"",""web_url"":""https://www.tvtime.com/user/13991889/profile#tab-rewards""}",347734-marathoner-3-within-24-bd,tvst://user/13991889/badges?badge_id=347734-marathoner-3-within-24-bd,You have just unlocked the Marathoner badge!,badge-unlocked,true,You have just unlocked the Marathoner badge!,13991889,notif.caf,,badge,1,,1704690567006,,,
https://d1zfszn0v5ya99.cloudfront.net/user/55844046/profile_picture/62d0f5559ce65_large.png,"{""action"":""com.tozelabs.tvshowtime.NOTIFICATION"",""category"":""notification-category-reaction"",""loc-key"":""JonsJoaquin commented the episode S01 | E01 of Peaky Blinders"",""notification_id"":""episode-commented"",""thumbnail"":""https://d12qk6n9ersps4.cloudfront.net/4eb9a98f-8f1d-4fd9-8452-775d97460cfe/01afdc77-1ca8-471d-8def-112889b73966/85c9693e-9189-4a1f-b2a0-59199c2a98bd.png"",""url"":""tvst://show/270915/episode/4645420/comment/01afdc77-1ca8-471d-8def-112889b73966"",""web_url"":""https://www.tvtime.com/show/270915/episode/4645420/comment/01afdc77-1ca8-471d-8def-112889b73966""}",4eb9a98f-8f1d-4fd9-8452-775d97460cfe,tvst://show/270915/episode/4645420/comment/01afdc77-1ca8-471d-8def-112889b73966,<a href='tvst://user/55844046/profile'>JonsJoaquin</a> commented the episode <a href='tvst://show/270915/episode/4645420/detail'>S01 | E01</a> of Peaky Blinders,episode-commented,true,JonsJoaquin commented the episode S01 | E01 of Peaky Blinders,13991889,notif.caf,,episode,1,,1704840155954,,,
https://d1zfszn0v5ya99.cloudfront.net/user/55844046/profile_picture/62d0f5559ce65_large.png,"{""action"":""com.tozelabs.tvshowtime.NOTIFICATION"",""category"":""notification-category-reaction"",""loc-key"":""JonsJoaquin commented the episode S01 | E04 of Peaky Blinders"",""notification_id"":""episode-commented"",""thumbnail"":""https://d12qk6n9ersps4.cloudfront.net/14854279/medium-clean.jpg"",""url"":""tvst://show/270915/episode/4664717/comment/b216e618-93ff-469e-aad8-cd1e1f419262"",""web_url"":""https://www.tvtime.com/show/270915/episode/4664717/comment/b216e618-93ff-469e-aad8-cd1e1f419262""}",8a9f6f36-238a-4c02-a48a-31ba00671d95,tvst://show/270915/episode/4664717/comment/b216e618-93ff-469e-aad8-cd1e1f419262,<a href='tvst://user/55844046/profile'>JonsJoaquin</a> commented the episode <a href='tvst://show/270915/episode/4664717/detail'>S01 | E04</a> of Peaky Blinders,episode-commented,true,JonsJoaquin commented the episode S01 | E04 of Peaky Blinders,13991889,notif.caf,,episode,1,,1704865988651,,,
https://d1zfszn0v5ya99.cloudfront.net/user/55844046/profile_picture/62d0f5559ce65_large.png,"{""action"":""com.tozelabs.tvshowtime.NOTIFICATION"",""category"":""notification-category-reaction"",""loc-key"":""JonsJoaquin commented the episode S01 | E05 of Peaky Blinders"",""notification_id"":""episode-commented"",""thumbnail"":""https://media.tenor.com/55rytZBwPmwAAAAC/arthur-shelby-thomas-shelby.gif"",""url"":""tvst://show/270915/episode/4664718/comment/f81deda1-cd70-475f-86ca-eac70c26ae9c"",""web_url"":""https://www.tvtime.com/show/270915/episode/4664718/comment/f81deda1-cd70-475f-86ca-eac70c26ae9c""}",f8aa35d0-090c-47d5-9fe6-e35de8e5b798,tvst://show/270915/episode/4664718/comment/f81deda1-cd70-475f-86ca-eac70c26ae9c,<a href='tvst://user/55844046/profile'>JonsJoaquin</a> commented the episode <a href='tvst://show/270915/episode/4664718/detail'>S01 | E05</a> of Peaky Blinders,episode-commented,true,JonsJoaquin commented the episode S01 | E05 of Peaky Blinders,13991889,notif.caf,,episode,1,,1704870971687,,,
https://d1zfszn0v5ya99.cloudfront.net/user/55844046/profile_picture/62d0f5559ce65_large.png,"{""action"":""com.tozelabs.tvshowtime.NOTIFICATION"",""category"":""notification-category-reaction"",""loc-key"":""JonsJoaquin commented the episode S02 | E03 of Peaky Blinders"",""notification_id"":""episode-commented"",""thumbnail"":""https://d12qk6n9ersps4.cloudfront.net/14857645/medium-clean.jpg"",""url"":""tvst://show/270915/episode/5008790/comment/e4e0c9c6-cd2f-459c-b75b-a5d129d52b57"",""web_url"":""https://www.tvtime.com/show/270915/episode/5008790/comment/e4e0c9c6-cd2f-459c-b75b-a5d129d52b57""}",90ca6bac-e616-472d-8e21-09b050da917d,tvst://show/270915/episode/5008790/comment/e4e0c9c6-cd2f-459c-b75b-a5d129d52b57,<a href='tvst://user/55844046/profile'>JonsJoaquin</a> commented the episode <a href='tvst://show/270915/episode/5008790/detail'>S02 | E03</a> of Peaky Blinders,episode-commented,true,JonsJoaquin commented the episode S02 | E03 of Peaky Blinders,13991889,notif.caf,,episode,1,,1704957511247,,,
https://d1zfszn0v5ya99.cloudfront.net/user/55844046/profile_picture/62d0f5559ce65_large.png,"{""action"":""com.tozelabs.tvshowtime.NOTIFICATION"",""category"":""notification-category-reaction"",""loc-key"":""JonsJoaquin commented the episode S01 | E06 of Peaky Blinders"",""notification_id"":""episode-commented"",""thumbnail"":""https://d12qk6n9ersps4.cloudfront.net/1bca21e2-30ff-4bde-a098-bdbeafaec25d/099b9a67-0fbf-4498-89ed-a5ada511da55/f2a8db57-260b-4f68-8fa9-5ebf39c90fe5.png"",""url"":""tvst://show/270915/episode/4678152/comment/099b9a67-0fbf-4498-89ed-a5ada511da55"",""web_url"":""https://www.tvtime.com/show/270915/episode/4678152/comment/099b9a67-0fbf-4498-89ed-a5ada511da55""}",1bca21e2-30ff-4bde-a098-bdbeafaec25d,tvst://show/270915/episode/4678152/comment/099b9a67-0fbf-4498-89ed-a5ada511da55,<a href='tvst://user/55844046/profile'>JonsJoaquin</a> commented the episode <a href='tvst://show/270915/episode/4678152/detail'>S01 | E06</a> of Peaky Blinders,episode-commented,true,JonsJoaquin commented the episode S01 | E06 of Peaky Blinders,13991889,notif.caf,,episode,1,,1704957751326,,,
https://d1zfszn0v5ya99.cloudfront.net/user/55844046/profile_picture/62d0f5559ce65_large.png,"{""action"":""com.tozelabs.tvshowtime.NOTIFICATION"",""category"":""notification-category-reaction"",""loc-key"":""JonsJoaquin commented the episode S02 | E05 of Peaky Blinders"",""notification_id"":""episode-commented"",""thumbnail"":""https://media.tenor.com/fb-ICEfZdqIAAAAC/explode-walk-away.gif"",""url"":""tvst://show/270915/episode/5008793/comment/56709bd8-9e8a-4a4d-aa97-7cef01168c3d"",""web_url"":""https://www.tvtime.com/show/270915/episode/5008793/comment/56709bd8-9e8a-4a4d-aa97-7cef01168c3d""}",f07de8c4-abad-4394-ab04-aec9139e752c,tvst://show/270915/episode/5008793/comment/56709bd8-9e8a-4a4d-aa97-7cef01168c3d,<a href='tvst://user/55844046/profile'>JonsJoaquin</a> commented the episode <a href='tvst://show/270915/episode/5008793/detail'>S02 | E05</a> of Peaky Blinders,episode-commented,true,JonsJoaquin commented the episode S02 | E05 of Peaky Blinders,13991889,notif.caf,,episode,1,,1705041379126,,,
https://d1zfszn0v5ya99.cloudfront.net/user/55844046/profile_picture/62d0f5559ce65_large.png,"{""action"":""com.tozelabs.tvshowtime.NOTIFICATION"",""category"":""notification-category-reaction"",""loc-key"":""JonsJoaquin commented the episode S02 | E05 of Peaky Blinders"",""notification_id"":""episode-commented"",""thumbnail"":""https://d12qk6n9ersps4.cloudfront.net/f07de8c4-abad-4394-ab04-aec9139e752c/b159e6a7-d622-43f4-acf0-f548af12495b/d54d4a67-e0f8-4a13-a58d-aa76dd4770cb.png"",""url"":""tvst://show/270915/episode/5008793/comment/b159e6a7-d622-43f4-acf0-f548af12495b"",""web_url"":""https://www.tvtime.com/show/270915/episode/5008793/comment/b159e6a7-d622-43f4-acf0-f548af12495b""}",f07de8c4-abad-4394-ab04-aec9139e752c,tvst://show/270915/episode/5008793/comment/b159e6a7-d622-43f4-acf0-f548af12495b,<a href='tvst://user/55844046/profile'>JonsJoaquin</a> commented the episode <a href='tvst://show/270915/episode/5008793/detail'>S02 | E05</a> of Peaky Blinders,episode-commented,true,JonsJoaquin commented the episode S02 | E05 of Peaky Blinders,13991889,notif.caf,,episode,1,,1705041582134,,,
https://d1zfszn0v5ya99.cloudfront.net/user/55844046/profile_picture/62d0f5559ce65_large.png,"{""action"":""com.tozelabs.tvshowtime.NOTIFICATION"",""category"":""notification-category-reaction"",""loc-key"":""JonsJoaquin commented the episode S02 | E05 of Peaky Blinders"",""notification_id"":""episode-commented"",""thumbnail"":""https://d12qk6n9ersps4.cloudfront.net/14860490/medium-clean.jpg"",""url"":""tvst://show/270915/episode/5008793/comment/f9b6b502-efd3-45c7-80df-210c2ed8ff4d"",""web_url"":""https://www.tvtime.com/show/270915/episode/5008793/comment/f9b6b502-efd3-45c7-80df-210c2ed8ff4d""}",f07de8c4-abad-4394-ab04-aec9139e752c,tvst://show/270915/episode/5008793/comment/f9b6b502-efd3-45c7-80df-210c2ed8ff4d,<a href='tvst://user/55844046/profile'>JonsJoaquin</a> commented the episode <a href='tvst://show/270915/episode/5008793/detail'>S02 | E05</a> of Peaky Blinders,episode-commented,true,JonsJoaquin commented the episode S02 | E05 of Peaky Blinders,13991889,notif.caf,,episode,1,,1705041747207,,,
https://d1zfszn0v5ya99.cloudfront.net/user/55844046/profile_picture/62d0f5559ce65_large.png,"{""action"":""com.tozelabs.tvshowtime.NOTIFICATION"",""category"":""notification-category-reaction"",""loc-key"":""JonsJoaquin commented the episode S02 | E06 of Peaky Blinders"",""notification_id"":""episode-commented"",""thumbnail"":""https://d12qk6n9ersps4.cloudfront.net/1487d469-873a-4180-98b9-2be60a1a8e55/83612d1e-4a04-4a8c-883b-bdc48f356f21/c233e65d-3ceb-426d-ab8f-328924821071.png"",""url"":""tvst://show/270915/episode/5008794/comment/83612d1e-4a04-4a8c-883b-bdc48f356f21"",""web_url"":""https://www.tvtime.com/show/270915/episode/5008794/comment/83612d1e-4a04-4a8c-883b-bdc48f356f21""}",1487d469-873a-4180-98b9-2be60a1a8e55,tvst://show/270915/episode/5008794/comment/83612d1e-4a04-4a8c-883b-bdc48f356f21,<a href='tvst://user/55844046/profile'>JonsJoaquin</a> commented the episode <a href='tvst://show/270915/episode/5008794/detail'>S02 | E06</a> of Peaky Blinders,episode-commented,true,JonsJoaquin commented the episode S02 | E06 of Peaky Blinders,13991889,notif.caf,,episode,1,,1705046412548,,,
https://d1zfszn0v5ya99.cloudfront.net/user/55844046/profile_picture/62d0f5559ce65_large.png,"{""action"":""com.tozelabs.tvshowtime.NOTIFICATION"",""category"":""notification-category-reaction"",""loc-key"":""JonsJoaquin commented the episode S02 | E06 of Peaky Blinders"",""notification_id"":""episode-commented"",""thumbnail"":""https://media.tenor.com/CdUcpQ8pMo4AAAAC/tommy-shelby-thomas-shelby.gif"",""url"":""tvst://show/270915/episode/5008794/comment/5ab9769c-5f1f-4474-8b7d-34d20c60e516"",""web_url"":""https://www.tvtime.com/show/270915/episode/5008794/comment/5ab9769c-5f1f-4474-8b7d-34d20c60e516""}",1487d469-873a-4180-98b9-2be60a1a8e55,tvst://show/270915/episode/5008794/comment/5ab9769c-5f1f-4474-8b7d-34d20c60e516,<a href='tvst://user/55844046/profile'>JonsJoaquin</a> commented the episode <a href='tvst://show/270915/episode/5008794/detail'>S02 | E06</a> of Peaky Blinders,episode-commented,true,JonsJoaquin commented the episode S02 | E06 of Peaky Blinders,13991889,notif.caf,,episode,1,,1705047056256,,,
https://d1zfszn0v5ya99.cloudfront.net/user/55844046/profile_picture/62d0f5559ce65_large.png,"{""action"":""com.tozelabs.tvshowtime.NOTIFICATION"",""category"":""notification-category-reaction"",""loc-key"":""JonsJoaquin commented the episode S02 | E06 of Peaky Blinders"",""notification_id"":""episode-commented"",""thumbnail"":""https://d12qk6n9ersps4.cloudfront.net/1487d469-873a-4180-98b9-2be60a1a8e55/b110ec4d-6d60-48ff-bdaa-7952b771f580/99ff83fd-ee25-4008-abea-4e4e0145a1d6.png"",""url"":""tvst://show/270915/episode/5008794/comment/b110ec4d-6d60-48ff-bdaa-7952b771f580"",""web_url"":""https://www.tvtime.com/show/270915/episode/5008794/comment/b110ec4d-6d60-48ff-bdaa-7952b771f580""}",1487d469-873a-4180-98b9-2be60a1a8e55,tvst://show/270915/episode/5008794/comment/b110ec4d-6d60-48ff-bdaa-7952b771f580,<a href='tvst://user/55844046/profile'>JonsJoaquin</a> commented the episode <a href='tvst://show/270915/episode/5008794/detail'>S02 | E06</a> of Peaky Blinders,episode-commented,true,JonsJoaquin commented the episode S02 | E06 of Peaky Blinders,13991889,notif.caf,,episode,1,,1705047268873,,,
https://d1zfszn0v5ya99.cloudfront.net/user/55844046/profile_picture/62d0f5559ce65_large.png,"{""action"":""com.tozelabs.tvshowtime.NOTIFICATION"",""category"":""notification-category-reaction"",""loc-key"":""JonsJoaquin commented the episode S03 | E01 of Peaky Blinders"",""notification_id"":""episode-commented"",""thumbnail"":""https://d12qk6n9ersps4.cloudfront.net/14869573/medium-clean.jpg"",""url"":""tvst://show/270915/episode/5495121/comment/7e77cbd0-3995-4118-9919-ee59934cbd93"",""web_url"":""https://www.tvtime.com/show/270915/episode/5495121/comment/7e77cbd0-3995-4118-9919-ee59934cbd93""}",454174b0-e2b3-48c9-8a19-2d1664bd96d6,tvst://show/270915/episode/5495121/comment/7e77cbd0-3995-4118-9919-ee59934cbd93,<a href='tvst://user/55844046/profile'>JonsJoaquin</a> commented the episode <a href='tvst://show/270915/episode/5495121/detail'>S03 | E01</a> of Peaky Blinders,episode-commented,true,JonsJoaquin commented the episode S03 | E01 of Peaky Blinders,13991889,notif.caf,,episode,1,,1705292126035,,,
https://d1zfszn0v5ya99.cloudfront.net/user/55844046/profile_picture/62d0f5559ce65_large.png,"{""action"":""com.tozelabs.tvshowtime.NOTIFICATION"",""category"":""notification-category-reaction"",""loc-key"":""JonsJoaquin commented the episode S03 | E02 of Peaky Blinders"",""notification_id"":""episode-commented"",""thumbnail"":""https://d12qk6n9ersps4.cloudfront.net/14871284/medium-clean.jpg"",""url"":""tvst://show/270915/episode/5495122/comment/8550e5dc-6c31-4851-8d94-04f6ee771249"",""web_url"":""https://www.tvtime.com/show/270915/episode/5495122/comment/8550e5dc-6c31-4851-8d94-04f6ee771249""}",b66506db-841c-4a19-8fb8-596f25f21146,tvst://show/270915/episode/5495122/comment/8550e5dc-6c31-4851-8d94-04f6ee771249,<a href='tvst://user/55844046/profile'>JonsJoaquin</a> commented the episode <a href='tvst://show/270915/episode/5495122/detail'>S03 | E02</a> of Peaky Blinders,episode-commented,true,JonsJoaquin commented the episode S03 | E02 of Peaky Blinders,13991889,notif.caf,,episode,1,,1705353394611,,,
https://d1zfszn0v5ya99.cloudfront.net/user/55844046/profile_picture/62d0f5559ce65_large.png,"{""action"":""com.tozelabs.tvshowtime.NOTIFICATION"",""category"":""notification-category-reaction"",""loc-key"":""JonsJoaquin commented the episode S03 | E02 of Peaky Blinders"",""notification_id"":""episode-commented"",""thumbnail"":""https://media.tenor.com/NNvEXL-r8OgAAAAC/thomas-shelby.gif"",""url"":""tvst://show/270915/episode/5495122/comment/e2834c9d-5a9f-436c-88e3-d88fdb4aa9f8"",""web_url"":""https://www.tvtime.com/show/270915/episode/5495122/comment/e2834c9d-5a9f-436c-88e3-d88fdb4aa9f8""}",b66506db-841c-4a19-8fb8-596f25f21146,tvst://show/270915/episode/5495122/comment/e2834c9d-5a9f-436c-88e3-d88fdb4aa9f8,<a href='tvst://user/55844046/profile'>JonsJoaquin</a> commented the episode <a href='tvst://show/270915/episode/5495122/detail'>S03 | E02</a> of Peaky Blinders,episode-commented,true,JonsJoaquin commented the episode S03 | E02 of Peaky Blinders,13991889,notif.caf,,episode,1,,1705353493753,,,
https://d1zfszn0v5ya99.cloudfront.net/user/55844046/profile_picture/62d0f5559ce65_large.png,"{""action"":""com.tozelabs.tvshowtime.NOTIFICATION"",""category"":""notification-category-reaction"",""loc-key"":""JonsJoaquin commented the episode S02 | E10 of SPY x FAMILY"",""notification_id"":""episode-commented"",""thumbnail"":""https://d12qk6n9ersps4.cloudfront.net/fde03e3d-5823-48a2-90ce-6d4ed17a9c08/8cae65ad-dea5-4771-9a69-a341c90dd569/4a701bb8-d3e8-4953-963c-7fe78d73c5f2.png"",""url"":""tvst://show/405920/episode/10075718/comment/8cae65ad-dea5-4771-9a69-a341c90dd569"",""web_url"":""https://www.tvtime.com/show/405920/episode/10075718/comment/8cae65ad-dea5-4771-9a69-a341c90dd569""}",fde03e3d-5823-48a2-90ce-6d4ed17a9c08,tvst://show/405920/episode/10075718/comment/8cae65ad-dea5-4771-9a69-a341c90dd569,<a href='tvst://user/55844046/profile'>JonsJoaquin</a> commented the episode <a href='tvst://show/405920/episode/10075718/detail'>S02 | E10</a> of SPY x FAMILY,episode-commented,true,JonsJoaquin commented the episode S02 | E10 of SPY x FAMILY,13991889,notif.caf,,episode,1,,1705785921880,,,
https://d1qhxojdkstxv7.cloudfront.net/247808/964274/new/marathon-0.png,"{""action"":""com.tozelabs.tvshowtime.NOTIFICATION"",""category"":""notification-category-gamification"",""loc-key"":""You have just unlocked the Marathoner badge!"",""notification_id"":""badge-unlocked"",""url"":""tvst://user/13991889/badges?badge_id=247808-marathoner-3-within-24-bd"",""web_url"":""https://www.tvtime.com/user/13991889/profile#tab-rewards""}",247808-marathoner-3-within-24-bd,tvst://user/13991889/badges?badge_id=247808-marathoner-3-within-24-bd,You have just unlocked the Marathoner badge!,badge-unlocked,true,You have just unlocked the Marathoner badge!,13991889,notif.caf,,badge,1,,1706151452147,,,
https://d1qhxojdkstxv7.cloudfront.net/410100/0/new/marathon-0.png,"{""action"":""com.tozelabs.tvshowtime.NOTIFICATION"",""category"":""notification-category-gamification"",""loc-key"":""You have just unlocked the Marathoner badge!"",""notification_id"":""badge-unlocked"",""url"":""tvst://user/13991889/badges?badge_id=410100-marathoner-3-within-24-bd"",""web_url"":""https://www.tvtime.com/user/13991889/profile#tab-rewards""}",410100-marathoner-3-within-24-bd,tvst://user/13991889/badges?badge_id=410100-marathoner-3-within-24-bd,You have just unlocked the Marathoner badge!,badge-unlocked,true,You have just unlocked the Marathoner badge!,13991889,notif.caf,,badge,1,,1706151471108,,,
https://d1qhxojdkstxv7.cloudfront.net/268592/999716/new/marathon-1.png,"{""action"":""com.tozelabs.tvshowtime.NOTIFICATION"",""category"":""notification-category-gamification"",""loc-key"":""You have just unlocked the Marathoner badge!"",""notification_id"":""badge-unlocked"",""url"":""tvst://user/13991889/badges?badge_id=268592-marathoner-5-within-24-bd"",""web_url"":""https://www.tvtime.com/user/13991889/profile#tab-rewards""}",268592-marathoner-5-within-24-bd,tvst://user/13991889/badges?badge_id=268592-marathoner-5-within-24-bd,You have just unlocked the Marathoner badge!,badge-unlocked,true,You have just unlocked the Marathoner badge!,13991889,notif.caf,,badge,1,,1706233520936,,,
https://d1zfszn0v5ya99.cloudfront.net/user/55844046/profile_picture/62d0f5559ce65_large.png,"{""action"":""com.tozelabs.tvshowtime.NOTIFICATION"",""category"":""notification-category-reaction"",""loc-key"":""JonsJoaquin commented the movie The Conjuring 2"",""notification_id"":""movie-commented"",""thumbnail"":""https://media.tenor.com/Viq0rCUY6f4AAAAC/aww-conjuring2.gif"",""url"":""tvst://movie/df4785fc-4b3a-4dd6-a55c-2dff79502fa1/comment/221d61fa-2277-4417-bd6b-8b4891e4efa8"",""web_url"":""https://www.tvtime.com/movie/df4785fc-4b3a-4dd6-a55c-2dff79502fa1/comment/221d61fa-2277-4417-bd6b-8b4891e4efa8""}",df4785fc-4b3a-4dd6-a55c-2dff79502fa1,tvst://movie/df4785fc-4b3a-4dd6-a55c-2dff79502fa1/comment/221d61fa-2277-4417-bd6b-8b4891e4efa8,<a href='tvst://user/55844046/profile'>JonsJoaquin</a> commented the movie <a href='tvst://movie/df4785fc-4b3a-4dd6-a55c-2dff79502fa1/detail'>The Conjuring 2</a>,movie-commented,true,JonsJoaquin commented the movie The Conjuring 2,13991889,notif.caf,,movie,1,,1706254776600,,,
https://d1zfszn0v5ya99.cloudfront.net/user/55844046/profile_picture/62d0f5559ce65_large.png,"{""action"":""com.tozelabs.tvshowtime.NOTIFICATION"",""category"":""notification-category-reaction"",""loc-key"":""JonsJoaquin commented the movie The Conjuring"",""notification_id"":""movie-commented"",""thumbnail"":""https://media.tenor.com/ryP-9b8GdxIAAAAC/floating-the-conjuring.gif"",""url"":""tvst://movie/afbad037-eaf1-44ef-8be6-02c084602478/comment/cd96c7d1-32f9-46d1-8c24-dd1d5432aa2c"",""web_url"":""https://www.tvtime.com/movie/afbad037-eaf1-44ef-8be6-02c084602478/comment/cd96c7d1-32f9-46d1-8c24-dd1d5432aa2c""}",afbad037-eaf1-44ef-8be6-02c084602478,tvst://movie/afbad037-eaf1-44ef-8be6-02c084602478/comment/cd96c7d1-32f9-46d1-8c24-dd1d5432aa2c,<a href='tvst://user/55844046/profile'>JonsJoaquin</a> commented the movie <a href='tvst://movie/afbad037-eaf1-44ef-8be6-02c084602478/detail'>The Conjuring</a>,movie-commented,true,JonsJoaquin commented the movie The Conjuring,13991889,notif.caf,,movie,1,,1706255709828,,,
https://d1qhxojdkstxv7.cloudfront.net/441279/0/new/marathon-0.png,"{""action"":""com.tozelabs.tvshowtime.NOTIFICATION"",""category"":""notification-category-gamification"",""loc-key"":""You have just unlocked the Marathoner badge!"",""notification_id"":""badge-unlocked"",""url"":""tvst://user/13991889/badges?badge_id=441279-marathoner-3-within-24-bd"",""web_url"":""https://www.tvtime.com/user/13991889/profile#tab-rewards""}",441279-marathoner-3-within-24-bd,tvst://user/13991889/badges?badge_id=441279-marathoner-3-within-24-bd,You have just unlocked the Marathoner badge!,badge-unlocked,true,You have just unlocked the Marathoner badge!,13991889,notif.caf,,badge,1,,1706847050778,,,
https://d1qhxojdkstxv7.cloudfront.net/440820/63687837/new/fast-watcher-0.png,"{""action"":""com.tozelabs.tvshowtime.NOTIFICATION"",""category"":""notification-category-gamification"",""loc-key"":""You have just unlocked the Quick Watcher badge!"",""notification_id"":""badge-unlocked"",""url"":""tvst://user/13991889/badges?badge_id=440820-quick-watcher-3-bd"",""web_url"":""https://www.tvtime.com/user/13991889/profile#tab-rewards""}",440820-quick-watcher-3-bd,tvst://user/13991889/badges?badge_id=440820-quick-watcher-3-bd,You have just unlocked the Quick Watcher badge!,badge-unlocked,true,You have just unlocked the Quick Watcher badge!,13991889,notif.caf,,badge,1,,1729984524319,,,
https://d1qhxojdkstxv7.cloudfront.net/440820/63687837/new/fast-watcher-1.png,"{""action"":""com.tozelabs.tvshowtime.NOTIFICATION"",""category"":""notification-category-gamification"",""loc-key"":""You have just unlocked the Quick Watcher badge!"",""notification_id"":""badge-unlocked"",""url"":""tvst://user/13991889/badges?badge_id=440820-quick-watcher-5-bd"",""web_url"":""https://www.tvtime.com/user/13991889/profile#tab-rewards""}",440820-quick-watcher-5-bd,tvst://user/13991889/badges?badge_id=440820-quick-watcher-5-bd,You have just unlocked the Quick Watcher badge!,badge-unlocked,true,You have just unlocked the Quick Watcher badge!,13991889,notif.caf,,badge,1,,1731164382595,,,
https://d1zfszn0v5ya99.cloudfront.net/user/63532628/profile_picture/6367b3d87c77f_large.png,"{""action"":""com.tozelabs.tvshowtime.NOTIFICATION"",""category"":""notification-category-reaction"",""loc-key"":""Javiera liked a comment you made about movie The Heist of the Century"",""notification_id"":""movie-comment-liked"",""url"":""tvst://movie/eddfb088-fcb9-4b7a-b385-f89891c70bb0/comment/0ce23ad4-3482-439c-b919-ea36366f9c96"",""web_url"":""https://www.tvtime.com/movie/eddfb088-fcb9-4b7a-b385-f89891c70bb0/comment/0ce23ad4-3482-439c-b919-ea36366f9c96""}",eddfb088-fcb9-4b7a-b385-f89891c70bb0,tvst://movie/eddfb088-fcb9-4b7a-b385-f89891c70bb0/comment/0ce23ad4-3482-439c-b919-ea36366f9c96,<a href='tvst://user/63532628/profile'>Javiera</a> liked a comment you made about movie <a href='tvst://movie/eddfb088-fcb9-4b7a-b385-f89891c70bb0/detail'>The Heist of the Century</a>,movie-comment-liked,true,Javiera liked a comment you made about movie The Heist of the Century,13991889,notif.caf,,movie,1,,1733683187626,,,
https://dg31sz3gwrwan.cloudfront.net/poster/81797/63312787-0-optimized.jpg,"{""action"":""com.tozelabs.tvshowtime.NOTIFICATION"",""loc-key"":""¡Pistola de goma...gomaa!\nEl último episodio de One Piece está disponible"",""notification_id"":""episode-available"",""url"":""tvst://shows/upcoming""}",81797,tvst://shows/upcoming,,episode-available,true,"¡Pistola de goma...gomaa!
El último episodio de One Piece está disponible",13991889,notif.caf,,show,1,,1745274908931,,,
https://d1zfszn0v5ya99.cloudfront.net/user/97392821/profile_picture/6881bc95b3e6e_large.png,"{""action"":""com.tozelabs.tvshowtime.NOTIFICATION"",""category"":""notification-category-reaction"",""loc-key"":""Racheal liked a reply you made about a comment on episode S03 | E01 of 13 Reasons Why"",""notification_id"":""episode-reply-liked"",""url"":""tvst://show/323168/episode/7306300/comment/18213381"",""web_url"":""https://www.tvtime.com/show/323168/episode/7306300/comment/18213381""}",37023cf2-4dff-415e-b66d-e877dc99f58c,tvst://show/323168/episode/7306300/comment/18213381,<a href='tvst://user/97392821/profile'>Racheal</a> liked a reply you made about a comment on episode <a href='tvst://show/323168/episode/7306300/detail'>S03 | E01</a> of 13 Reasons Why,episode-reply-liked,false,Racheal liked a reply you made about a comment on episode S03 | E01 of 13 Reasons Why,13991889,notif.caf,,episode,1,,1769589806380,,,
https://d1zfszn0v5ya99.cloudfront.net/user/97392821/profile_picture/6881bc95b3e6e_large.png,"{""action"":""com.tozelabs.tvshowtime.NOTIFICATION"",""category"":""notification-category-reaction"",""loc-key"":""Racheal mentioned you in a comment about episode S03 | E01 of 13 Reasons Why"",""notification_id"":""episode-reply-liked"",""url"":""tvst://show/323168/episode/7306300/comment/18215190"",""web_url"":""https://www.tvtime.com/show/323168/episode/7306300/comment/18215190""}",37023cf2-4dff-415e-b66d-e877dc99f58c,tvst://show/323168/episode/7306300/comment/18215190,Racheal mentioned you in a comment about episode S03 | E01 of 13 Reasons Why,episode-reply-liked,false,Racheal mentioned you in a comment about episode S03 | E01 of 13 Reasons Why,13991889,notif.caf,,episode,1,,1769589806812,,,
