updated_at,series_id,user_id,type,series_name,watch_count,created_at,uuid,type-uuid-n,watches,rewatch_count,follow_date_range_key,entity_type,movie_name,release_date_range_key,release_date,alpha_range_key,runtime,season_number,series_uuid,episode_id,watch_date,episode_number,watched_episode_range_key,total_series_runtime,total_movies_runtime,watch_date_range_key,unitarian,country
2021-11-01 06:22:02,348545,13991889,count-watch-episode-series,Demon Slayer: Kimetsu no Yaiba,26,2021-04-07 03:46:30,015f238e-e893-4c3a-973a-674eb2a1df87,count-watch-episode-series-015f238e-e893-4c3a-973a-674eb2a1df87,,,,,,,,,,,,,,,,,,,,
2021-04-06 00:49:13,355774,13991889,count-watch-episode-series,Dr. STONE,7,2021-02-08 22:12:56,14f8bad3-d1da-4e83-b1e7-9cd5bb66a51e,count-watch-episode-series-14f8bad3-d1da-4e83-b1e7-9cd5bb66a51e,,,,,,,,,,,,,,,,,,,,
2020-12-18 14:09:31,251085,13991889,count-watch-episode-series,The Legend of Korra,6,2020-12-18 14:08:53,16ff2b5f-a919-4223-85ca-81822f00f699,count-watch-episode-series-16ff2b5f-a919-4223-85ca-81822f00f699,,,,,,,,,,,,,,,,,,,,
2021-03-23 01:11:08,348922,13991889,count-watch-episode-series,Paradise PD,1,2021-03-23 01:11:08,1b5da6b3-cd03-4986-a754-c3a097d61ac8,count-watch-episode-series-1b5da6b3-cd03-4986-a754-c3a097d61ac8,,,,,,,,,,,,,,,,,,,,
2021-09-24 14:55:53,330374,13991889,count-watch-episode-series,Atypical,10,2021-09-17 00:07:05,1b942384-17aa-4ad6-b3f2-1e0fdece066f,count-watch-episode-series-1b942384-17aa-4ad6-b3f2-1e0fdece066f,,,,,,,,,,,,,,,,,,,,
2020-11-05 23:31:02,257655,13991889,count-watch-episode-series,Arrow,1,2020-11-05 23:31:02,200a6f37-0ced-46e8-bf42-3db320cc3d04,count-watch-episode-series-200a6f37-0ced-46e8-bf42-3db320cc3d04,,,,,,,,,,,,,,,,,,,,
2021-10-24 21:22:27,356317,13991889,count-watch-episode-series,Sex Education,8,2021-09-20 00:00:53,2ca857f5-aa12-4c60-8f01-3615da41dc09,count-watch-episode-series-2ca857f5-aa12-4c60-8f01-3615da41dc09,,,,,,,,,,,,,,,,,,,,
2021-10-16 04:43:47,398193,13991889,count-watch-episode-series,The World's Finest Assassin Gets Reincarnated in Another World as an Aristocrat,2,2021-10-09 04:05:15,2dd409ed-5907-4452-b39b-56e1ed70c376,count-watch-episode-series-2dd409ed-5907-4452-b39b-56e1ed70c376,,,,,,,,,,,,,,,,,,,,
2021-02-10 23:40:46,328690,13991889,count-watch-episode-series,The Alienist,7,2020-12-18 14:08:05,3264a58a-3b8e-4b12-a67b-75ff00ef5c76,count-watch-episode-series-3264a58a-3b8e-4b12-a67b-75ff00ef5c76,,,,,,,,,,,,,,,,,,,,
2021-08-21 04:50:34,393810,13991889,count-watch-episode-series,Record of Ragnarok,12,2021-07-24 00:15:02,37358331-3dd5-4503-afb3-d63ddf158cd4,count-watch-episode-series-37358331-3dd5-4503-afb3-d63ddf158cd4,,,,,,,,,,,,,,,,,,,,
2021-02-22 01:45:51,267440,13991889,count-watch-episode-series,Attack on Titan,2,2021-02-13 21:40:06,3adddd30-319a-4e47-bb54-fa22d92aa5e1,count-watch-episode-series-3adddd30-319a-4e47-bb54-fa22d92aa5e1,,,,,,,,,,,,,,,,,,,,
2021-11-07 02:58:55,401911,13991889,count-watch-episode-series,The Great Jahy Will Not Be Defeated!,13,2021-08-02 04:52:38,3cf6fad6-6d0a-4588-a30b-79f3a4f55be6,count-watch-episode-series-3cf6fad6-6d0a-4588-a30b-79f3a4f55be6,,,,,,,,,,,,,,,,,,,,
2021-09-11 16:55:41,343913,13991889,count-watch-episode-series,Grand Blue Dreaming,12,2021-08-15 03:58:25,3f34594c-8d53-40b8-af9e-1a444cb89900,count-watch-episode-series-3f34594c-8d53-40b8-af9e-1a444cb89900,,,,,,,,,,,,,,,,,,,,
2020-12-26 05:56:49,78831,13991889,count-watch-episode-series,Drawn Together,12,2020-12-11 03:23:06,40652d64-ab6f-4708-a334-f9195176d942,count-watch-episode-series-40652d64-ab6f-4708-a334-f9195176d942,,,,,,,,,,,,,,,,,,,,
2021-03-30 04:36:32,377543,13991889,count-watch-episode-series,JUJUTSU KAISEN,18,2020-12-12 06:12:34,629493df-1990-437e-a64f-3adf1f2782c1,count-watch-episode-series-629493df-1990-437e-a64f-3adf1f2782c1,,,,,,,,,,,,,,,,,,,,
2021-10-04 04:58:44,284131,13991889,count-watch-episode-series,The Seven Deadly Sins,10,2021-02-10 02:31:54,6436b274-ca56-4d2f-8c68-2956bc0fcab6,count-watch-episode-series-6436b274-ca56-4d2f-8c68-2956bc0fcab6,,,,,,,,,,,,,,,,,,,,
2021-09-21 04:10:37,364007,13991889,count-watch-episode-series,Primal,1,2021-09-21 04:10:37,7063ddb0-ea89-4bc2-ba9e-1abd6cdc48bb,count-watch-episode-series-7063ddb0-ea89-4bc2-ba9e-1abd6cdc48bb,,,,,,,,,,,,,,,,,,,,
2021-07-22 04:41:15,328724,13991889,count-watch-episode-series,Young Sheldon,4,2020-12-28 15:49:30,7675925d-5d4d-4580-856a-2a9bf2441a46,count-watch-episode-series-7675925d-5d4d-4580-856a-2a9bf2441a46,,,,,,,,,,,,,,,,,,,,
2021-10-09 17:41:15,329822,13991889,count-watch-episode-series,Classroom of the Elite,1,2021-10-09 17:41:15,77533fe4-ba38-4e6f-a064-8446a27d57cc,count-watch-episode-series-77533fe4-ba38-4e6f-a064-8446a27d57cc,,,,,,,,,,,,,,,,,,,,
2021-06-25 23:59:52,327572,13991889,count-watch-episode-series,Kakegurui,24,2021-02-08 22:16:41,7d5f3a6e-734d-4b59-ab86-60f0e293ab5c,count-watch-episode-series-7d5f3a6e-734d-4b59-ab86-60f0e293ab5c,,,,,,,,,,,,,,,,,,,,
2021-09-03 01:12:37,361034,13991889,count-watch-episode-series,How to Sell Drugs Online (Fast),6,2021-08-24 21:59:40,93804bbd-2bff-4632-9fd2-b65dfa911c13,count-watch-episode-series-93804bbd-2bff-4632-9fd2-b65dfa911c13,,,,,,,,,,,,,,,,,,,,
2021-11-07 02:58:41,399902,13991889,count-watch-episode-series,Platinum End,5,2021-10-09 00:32:09,96e5bfa7-459d-41b3-b286-ca4e3e8971d6,count-watch-episode-series-96e5bfa7-459d-41b3-b286-ca4e3e8971d6,,,,,,,,,,,,,,,,,,,,
2021-06-29 03:25:16,376751,13991889,count-watch-episode-series,The Daily Life of the Immortal King,14,2021-06-14 19:57:03,97fa280e-6382-4ddf-ac69-bac712f946d6,count-watch-episode-series-97fa280e-6382-4ddf-ac69-bac712f946d6,,,,,,,,,,,,,,,,,,,,
2021-01-02 00:50:54,81797,13991889,count-watch-episode-series,One Piece,2,2020-12-29 16:42:54,9851e41d-c538-44a9-a656-46de8a59471e,count-watch-episode-series-9851e41d-c538-44a9-a656-46de8a59471e,,,,,,,,,,,,,,,,,,,,
2021-03-05 02:29:53,353232,13991889,count-watch-episode-series,Narcos: Mexico,9,2021-02-13 21:41:33,9a01e954-63e9-428f-9455-7bc85cc852c9,count-watch-episode-series-9a01e954-63e9-428f-9455-7bc85cc852c9,,,,,,,,,,,,,,,,,,,,
2021-08-05 03:34:58,381016,13991889,count-watch-episode-series,Biohackers,6,2021-07-10 15:45:27,9b95280b-8b39-45f9-85bb-f8614c5b653d,count-watch-episode-series-9b95280b-8b39-45f9-85bb-f8614c5b653d,,,,,,,,,,,,,,,,,,,,
2021-06-25 03:52:02,332335,13991889,count-watch-episode-series,Close Enough,16,2021-06-12 23:08:39,9e6de326-3ca4-4886-9176-67d47fc1ba19,count-watch-episode-series-9e6de326-3ca4-4886-9176-67d47fc1ba19,,,,,,,,,,,,,,,,,,,,
2021-10-24 06:17:12,365098,13991889,count-watch-episode-series,Inside Job,1,2021-10-24 06:17:12,a42ed3b9-d60b-4d83-86f2-ca92d1d44767,count-watch-episode-series-a42ed3b9-d60b-4d83-86f2-ca92d1d44767,,,,,,,,,,,,,,,,,,,,
2021-02-23 06:57:09,361315,13991889,count-watch-episode-series,Batwoman,1,2021-02-23 06:57:09,a68ce349-bf93-4e63-8d32-e23d45af950f,count-watch-episode-series-a68ce349-bf93-4e63-8d32-e23d45af950f,,,,,,,,,,,,,,,,,,,,
2021-11-10 14:16:56,383275,13991889,count-watch-episode-series,Squid Game,6,2021-09-25 14:54:26,a704a3c7-996b-40d8-bdb8-76fc2a34e1fd,count-watch-episode-series-a704a3c7-996b-40d8-bdb8-76fc2a34e1fd,,,,,,,,,,,,,,,,,,,,
2021-10-27 04:54:52,347734,13991889,count-watch-episode-series,Super Dragon Ball Heroes,8,2020-12-25 21:42:27,a91c09d6-e687-4094-9290-206ae8c0cd75,count-watch-episode-series-a91c09d6-e687-4094-9290-206ae8c0cd75,,,,,,,,,,,,,,,,,,,,
2021-11-11 16:32:44,402412,13991889,count-watch-episode-series,Komi Can't Communicate,4,2021-10-09 23:52:42,aaeb7879-fd12-499e-a24b-c00d5797f6b4,count-watch-episode-series-aaeb7879-fd12-499e-a24b-c00d5797f6b4,,,,,,,,,,,,,,,,,,,,
2021-04-19 21:21:17,339353,13991889,count-watch-episode-series,B: The Beginning,17,2021-03-04 04:03:06,ad1dcc9f-bf02-40c6-8524-fda5fc171955,count-watch-episode-series-ad1dcc9f-bf02-40c6-8524-fda5fc171955,,,,,,,,,,,,,,,,,,,,
2021-05-19 04:48:04,357888,13991889,count-watch-episode-series,"Love, Death & Robots",8,2021-05-16 20:44:18,ad76771e-2a66-4748-93f6-5853f407b216,count-watch-episode-series-ad76771e-2a66-4748-93f6-5853f407b216,,,,,,,,,,,,,,,,,,,,
2021-04-24 01:13:06,346931,13991889,count-watch-episode-series,Cells at Work!,1,2021-04-24 01:13:06,aedf4a1f-8889-440b-9499-1d8950943383,count-watch-episode-series-aedf4a1f-8889-440b-9499-1d8950943383,,,,,,,,,,,,,,,,,,,,
2021-03-18 16:36:23,279121,13991889,count-watch-episode-series,The Flash (2014),3,2021-03-04 20:37:34,b0742927-b90e-4b53-8c58-63d8707a677d,count-watch-episode-series-b0742927-b90e-4b53-8c58-63d8707a677d,,,,,,,,,,,,,,,,,,,,
2021-09-25 14:53:34,305074,13991889,count-watch-episode-series,My Hero Academia,55,2021-02-08 22:13:24,b4e8e618-0fbb-46c6-9ccc-bf3ca6f09251,count-watch-episode-series-b4e8e618-0fbb-46c6-9ccc-bf3ca6f09251,,,,,,,,,,,,,,,,,,,,
2021-10-28 22:00:18,364468,13991889,count-watch-episode-series,Family Business (2019),1,2021-10-28 22:00:18,c192a13d-3963-410c-b34e-c5990374d206,count-watch-episode-series-c192a13d-3963-410c-b34e-c5990374d206,,,,,,,,,,,,,,,,,,,,
2020-12-22 05:04:46,349643,13991889,count-watch-episode-series,Hilda,13,2020-12-15 21:25:41,c41bc231-1f55-46c2-b458-ef93309eef32,count-watch-episode-series-c41bc231-1f55-46c2-b458-ef93309eef32,,,,,,,,,,,,,,,,,,,,
2021-09-06 13:33:48,275274,13991889,count-watch-episode-series,Rick and Morty,10,2021-06-22 06:39:24,c89b7b03-cb1f-4776-b5ea-374263ce2310,count-watch-episode-series-c89b7b03-cb1f-4776-b5ea-374263ce2310,,,,,,,,,,,,,,,,,,,,
2021-08-15 16:39:58,388575,13991889,count-watch-episode-series,Redo of Healer,2,2021-08-14 23:42:53,c9229b30-7ae2-4efe-adac-078d892c76f6,count-watch-episode-series-c9229b30-7ae2-4efe-adac-078d892c76f6,,,,,,,,,,,,,,,,,,,,
2021-10-23 00:07:45,405661,13991889,count-watch-episode-series,Takt op.Destiny,2,2021-10-09 04:05:50,d12f97ef-f046-4905-94c7-8149f6b7d557,count-watch-episode-series-d12f97ef-f046-4905-94c7-8149f6b7d557,,,,,,,,,,,,,,,,,,,,
2021-11-04 03:36:17,79481,13991889,count-watch-episode-series,Death Note,12,2021-10-20 02:51:34,d6adbb6e-05b6-45fe-bf0c-34aee5fc663c,count-watch-episode-series-d6adbb6e-05b6-45fe-bf0c-34aee5fc663c,,,,,,,,,,,,,,,,,,,,
2021-07-08 01:41:50,279831,13991889,count-watch-episode-series,Parasyte -the maxim-,24,2021-03-28 02:37:54,e04658af-ac15-450b-8bde-faa6e2d97950,count-watch-episode-series-e04658af-ac15-450b-8bde-faa6e2d97950,,,,,,,,,,,,,,,,,,,,
2021-11-10 04:38:12,399121,13991889,count-watch-episode-series,Mieruko-chan,6,2021-10-07 05:30:24,e05df8c5-e61f-44fc-86d8-91a65d3dd110,count-watch-episode-series-e05df8c5-e61f-44fc-86d8-91a65d3dd110,,,,,,,,,,,,,,,,,,,,
2021-05-25 18:38:03,362392,13991889,count-watch-episode-series,WandaVision,9,2021-02-15 02:06:29,e0f26948-10ad-4865-a187-eaf236616cb0,count-watch-episode-series-e0f26948-10ad-4865-a187-eaf236616cb0,,,,,,,,,,,,,,,,,,,,
2021-10-27 05:03:59,267441,13991889,count-watch-episode-series,The Devil Is a Part-Timer!,13,2021-08-14 22:55:54,f0a1217d-9257-44b4-83ed-b4eb00f631b1,count-watch-episode-series-f0a1217d-9257-44b4-83ed-b4eb00f631b1,,,,,,,,,,,,,,,,,,,,
2021-09-04 03:00:03,399966,13991889,count-watch-episode-series,Sex!fy,8,2021-05-19 04:49:30,f2ad4f4c-447f-4d65-84ca-00881c9f1375,count-watch-episode-series-f2ad4f4c-447f-4d65-84ca-00881c9f1375,,,,,,,,,,,,,,,,,,,,
2021-08-15 22:30:03,354198,13991889,count-watch-episode-series,Kaguya-sama: Love Is War,2,2021-08-15 22:29:50,f50cb36e-2a19-4bd3-a04b-4e4ac5e7011f,count-watch-episode-series-f50cb36e-2a19-4bd3-a04b-4e4ac5e7011f,,,,,,,,,,,,,,,,,,,,
2021-09-29 19:42:53,397597,13991889,count-watch-episode-series,iCarly (2021),5,2021-08-11 03:40:45,f910269b-1d3a-4e4e-b02d-1e407a3edcbe,count-watch-episode-series-f910269b-1d3a-4e4e-b02d-1e407a3edcbe,,,,,,,,,,,,,,,,,,,,
2021-04-27 05:12:07,348002,13991889,count-watch-episode-series,The Promised Neverland,8,2021-02-10 13:42:56,fba3a83c-e062-4bea-a884-245e69f3931a,count-watch-episode-series-fba3a83c-e062-4bea-a884-245e69f3931a,,,,,,,,,,,,,,,,,,,,
2020-12-17 05:47:52,368452,13991889,count-watch-episode-series,Inside Bill's Brain: Decoding Bill Gates,2,2020-12-17 05:47:50,fc413b42-259c-4444-96c7-ccc578308830,count-watch-episode-series-fc413b42-259c-4444-96c7-ccc578308830,,,,,,,,,,,,,,,,,,,,
2021-11-11 16:32:44,,13991889,count-watch-episode-total,,456,2020-11-05 23:31:02,,count-watch-episode-total,,,,,,,,,,,,,,,,,,,,
,,13991889,,,560,,,count-watch-movie,[3067f4f8-c34d-4a10-a869-6c08557e869c ea2c6fa3-053f-4cc3-b34c-9bcf519b695f 11992369-0507-45bb-8d41-2ad22e2604b7 d3ff6d88-18ba-4c55-9d6e-e00b4d3f956e 4c1a81fe-0aa6-4f55-9744-07221938275b a3f59c5f-15ff-4990-804a-3a3d98c8d609 08c1f0a2-581f-476c-bbd8-643a7426635f 377b5958-f7f1-4436-bfb6-c5ac0d3900c4 15017f29-d16f-4141-9d04-04117b02c791 b6e6e8d7-15f5-419e-8f5d-8c9d33c8320f 9e5e9ef7-8976-4b8c-8cda-8d4aad85b20a eb6617d4-88ef-4b25-8c6e-67aa338fb2b5 050ea6f8-fb27-46d3-b78b-4da4b6b76783 df9d8522-d060-4277-b7c2-addceadf8fe3 3e9efaa3-41f7-4380-9ed5-9541537b63aa 578c78b0-6510-46ec-b741-3f685d4f53d8 d42b395b-4bba-4046-a682-d1c6a69fe663 98cc1928-fa5e-4c00-a0e7-762d1f73a1fc 2e666bb9-2be6-4022-9653-1ca09503339c bf63e3d9-ee2d-4b7d-8a33-bde06f364456 6ced083f-f219-4788-946b-8df98ab7ac69 701ea1ba-34df-4fa1-b4b1-29fc283c2d0c aab0967f-10b5-402c-9dca-9bbdd11527cd cd873bfc-ab18-461e-844c-f6c24a0ffb16 161087bb-37d6-49fe-9bf2-069e12375342 1cc095b8-64b8-4709-9122-512d5e65ecb6 e0067488-637e-44fe-8192-1969e9773dd3 35d392d8-8616-4be4-a2cd-4122781a4090 5979c5aa-5944-445d-8cc3-c869e93cc1b5 1242f357-989f-47ed-8a3d-bb1c8b6aaf33 e02e9914-9009-4f59-b66e-6834f5fe6afc c829ea36-7220-4afc-acfc-5308da04d1a0 425ab4f4-873d-4f73-8fb6-eaf1df24cb52 4cfff357-1a0c-4224-b974-70ea245b4bd1 15d8fe97-f5fa-4984-a79c-8df6f1db9c06 4f0137c0-0c6b-41a5-a0ad-5309fdf617c1 11bf414d-8d46-4ac0-81ff-06fb65451823 f812aad9-24b9-42cf-8f31-2e5bd2f7a0f9 3577ca1c-ee06-4e71-b380-5b98697c50cb 0af2fefc-53d8-4ce3-abf8-4783a91d0ef5 30ecc384-0bd3-48bd-8f95-07d661ce6c38 935896b6-e802-4781-97f5-bd7bb66b4162 480032ef-e2f2-4d4a-804b-edb08e08ff79 bc5eb84f-6e5d-45b0-97c1-96bf401dd59f 19715abe-817e-424f-8caa-2d6f13165f2d d9aff53e-d802-4661-9c5a-ddb1c2a5cb97 fe040628-4c70-4728-8eab-8d9e778b3920 4ae4c259-b063-4330-a688-0eb3fc619855 0796722a-aa1b-4cb1-90e7-cbcf579473a8 de9f4f37-5794-434e-88db-f4ac6508ff01 903a576e-a716-4abc-b69b-3a1003d9d5af fb158f35-6e8e-4693-bddc-2d35a26a889c ddd9c178-0906-4b95-8448-e43c4e890cea 780fa612-3916-40e9-a1c3-6b2e75197395 a8f9787d-4883-4974-a02b-6ac8337a7c5b eeca34eb-a4c3-4e35-be6e-6c31f875ce56 a5cb13d6-384d-46c8-9bde-1f7006f5cb1b b76dd8fe-8dfd-4a6a-b296-402dc39f077a 1533de7a-b620-4ce2-a72e-5f15ef96478d 831f05ea-de4a-44a8-8f28-83b208a05da1 63bcc9d5-b150-456e-96e6-6ea9ab042bcc 3399b307-eb8c-4f55-a47b-2c87c429542e 75a7a892-832e-4505-a1d2-6d936577f3f9 ab756788-fd39-454f-bcaa-16811781dab0 e86ad74f-3e3d-45cf-8c55-c5a5f8938748 c388061b-6d59-4e12-a512-dc175dc6716e 3d914e7d-1718-45c3-ad42-689573bc0d38 d4b925c4-9e31-4998-9041-abb79fcf0ef4 717a64a7-8040-4c6b-88e2-3552e890fb54 1d3702a3-2863-408a-bfd8-5c8d15b5e623 ea25eff1-d708-4db4-a5d9-3f75985b887c 8e76c65a-9440-4e12-9ffa-84a4c2fb958c 9095e0da-6662-4820-a3a1-4e1fe52638f4 ccb08e41-8205-47dc-87fa-899b860dc28c e9c52bae-c6e7-44ff-8041-0710df97fec3 3b0539c3-f544-4d57-a066-f63614f94570 ddff5475-56cd-444b-98e3-f4652038b273 e33e6e56-b272-489a-822b-b12df66fa6d6 1f0f3d13-b7e2-4842-b079-76d83b7e22d0 28acf519-c2c7-48e7-a094-b036fd551abe 9722666f-dbc4-41cd-a917-2bd26e3ef21c de398a3d-5f4d-4121-85a8-047242dd846e e7792e9d-e603-4297-9f7e-150cdfa84bb8 3bc5166e-0b1a-4322-94f8-ee71639654ce 8a142746-1fad-4c07-91c1-4cf970940c33 33a5696a-ccd0-4e8d-b8c7-5733f6a182b4 be4921f9-aab7-433a-8c48-c6fc701d7a56 37a25045-d72e-4c7f-9400-19dcf8eb8b6c 73b2ad11-a9e0-4685-8a07-f149b9e2609c 33be00a7-655d-4e9f-9b35-393873a7001b 8b180a17-b645-4e14-ab25-e50e7a68a7a1 aaafe3da-d446-4677-afb2-09c81f31f505 8524d86e-11af-42b5-9637-1fa18664e218 b73936fb-4e59-4e5c-8a2c-abf301376ed8 1dea4512-dc40-478f-967e-4268b9cd150e 0e6c2239-8f76-43a2-9b54-eecbf41e1fcb 32e7f2a3-0012-4b09-b250-36ac5e3e5595 70ffc6be-cfde-4ec9-a0ac-9f48302af7de 6ec57699-2b16-4a41-90ee-f7b4c0601654 d3903d99-42fc-4f59-a1de-f230aa0d7a4b 895851b6-d9e1-49c6-b90d-7197d651a169 f4553752-87ac-41ce-b929-9d1bb0741af7 78bdccb1-7291-4d79-a4b3-d4e4e198348a 29d4a9a1-6d12-4428-aae7-857194f69951 160ed8e8-2949-4eeb-adea-b7e01813e6b4 85447af1-ac34-476c-b5f6-411bb9d7c110 656d1272-bbee-461e-8df7-1e85cbe13481 d7fe4629-9672-47d2-bb92-5cc0a232bc91 8b9f98b4-5ad6-4aed-b2d5-82f478dcd822 141eb0dd-4512-4b24-9330-5c37a649679b 3e97ce2d-262b-4c1f-8612-6617664e5778 cb30b49e-cc43-41ac-8bf2-7a56e7d870f6 fe9cd0a8-8139-4748-959b-917b99a6bd65 3dbedcde-de8f-4fbc-9165-c64c2ddbf82a b7b9dc4a-8278-47a7-9201-8588b6877bdc 892577e5-13de-45db-ad3b-be59bcb6df9b 5e836eeb-9254-4a3b-addd-71bc366669e4 acecdd25-b3cb-42ad-aadd-9765a17d2d75 7fb75a7c-5a36-4599-a1c4-be418f1b3ada c3baf110-81ab-428c-8a20-de8f620542d2 f10ef4a2-73e0-49e9-9df7-9332a2985a79 5473ee4e-f9e9-4fd0-bfb4-05f463451ef9 abf88efb-3cc4-4663-8dd3-1ffb8a7deb56 9aaf123c-d6b8-48ff-b5f7-b70bb3c5a4d7 39015588-a5e4-4258-a1d7-4ec55664ff42 afbad037-eaf1-44ef-8be6-02c084602478 564438d3-e416-474c-bca1-36054a409e04 9faef59c-80ec-4a57-866e-99ad2038a3ce 2d4ab44f-b844-4feb-a20a-634b6d586a02 7509b172-6138-4aec-bdd8-b3e081cc310a bfea00cd-5826-4b23-8f34-bf564a612988 b3f57d1d-2a69-440e-8259-c869e072ed0f 2f0e0702-f693-4adb-a0e0-1e175483cfae 7e86e6bd-3243-47e8-b259-eea4f6a0af30 11b1b419-92c5-4064-af45-4f45b7cd09f5 22e5ea55-f522-415a-a870-66b3b4d3c4ae 65d32b7d-1b6d-4ea1-8bb8-8e317a268ed1 e602ecbf-bd13-48f7-9759-712bfb7eef71 9787e50b-2f06-4b57-bd7a-ac308d701efa bd2e6693-3d05-44eb-b8a8-68ff96b636cd bc180014-4bd3-40a1-bd0f-01fb8fa79dc0 d1bcb2ec-7a87-4686-9af1-44f4510fe80f 608aed57-d635-459e-b194-c35e5ebeba73 da24691e-1338-415d-80a1-6009955e8182 70896469-17b7-4ec0-bbb5-2c4c03dd561b 0e18170a-cf5f-4652-afcc-d084a902c743 01acc7b8-ddf7-40be-be49-bb98ce47f3f2 50f7c028-086a-4829-aa22-19d258875fda 451497a1-3596-4cec-8fe1-ce457ec98946 29b21b72-989d-46d2-838f-b16a6ff305f6 03a14169-0625-456c-a2ae-bbd063bc1baa f7361386-0283-449e-bb93-f28b7c4e8bd0 4f262f66-0bae-4456-8b35-ffb351520fd9 6fccd8ba-c7b8-4976-9a28-12901af4cf36 c8d407e2-a9db-4a88-b2ea-5e776dcd5f78 6b3169a0-5b1c-4af0-9532-865e255e44c4 b8f4e857-7b12-4a5e-9a87-994393fa4d70 2f666ff0-5151-484e-a6a5-799c59ffdcc7 f6987486-5380-4f63-b80c-cd7a35b616eb f4de6517-da04-4977-a80d-778ec335c088 8d85df5b-0ffb-450a-a32e-7eab9665366a 31640f32-5d06-4f25-8b64-fdb548349a03 4732ede8-6cbd-4a9e-b62c-1f2e11515c2f 98d1ffda-5bd1-4db4-835f-2bcc9e1612f4 385e8413-a9b8-4438-930c-a9a0c7794f67 b1df3260-1c28-4185-ab83-1a0f5aeca011 98d4f9bb-79e7-4147-b366-d3a62053b38a 55294da6-56da-4d4f-bf85-7a33a4a3124f b7c2098d-e182-4ffb-942c-8a81b1c2bf0b 53e652f0-5260-4e87-ba0b-51d2e6c7fc51 f9ff9e3d-4274-4c51-ac75-2c0343866827 74f75ba9-560c-417e-8be2-a375a051cb4c bca9c67a-e91c-4df2-a624-1430bedea455 5491e4d2-3975-4dd6-a468-82186c243a47 9799ee60-4e2f-439c-a9b6-832d03c99dd6 43e92f62-f10b-4974-8012-65302885a79b f677b664-1330-4a79-ab36-2f11a3d88d9f b483f82e-14c7-4f97-86b7-cd957ee89f87 61a18174-11ff-453c-ae53-5beefa08be03 bb4d8f9c-3c10-4798-92b2-48d242630470 06dc7623-9f63-4864-bb1d-555318d184b0 0be8b8f5-1ded-4a66-ad5f-9a102bb52ecc b83c3ced-7395-40dd-87fc-b2390bb0f779 1498d90c-d706-4e1f-b351-c815fb774b46 56efdd38-ff67-4bac-9f6f-bd48a837c7ac a51f2623-1ecb-4ce6-bb46-494e0a8a59d8 21d23229-3751-470a-b940-699c4f634441 1ce36979-7044-447c-894d-bbc2bad766fa f4ffba41-7a6e-429d-ac88-d6639c96a5d4 bf5d3c2f-b028-4127-98d4-7a756510d5ab 8a52bdb3-2b9d-4c9c-b91b-82de7113d8c8 cc2ad04f-c7ec-4d9c-bc91-27df1218acce f8a3d562-3b38-4159-8db4-fa3402bb291c 44f6dc76-5643-4d94-83ae-5368d8f64c32 b78de30e-5452-4dff-b770-565304d995c0 14c59b32-6c90-4617-b940-617358c6b6d6 ee46e16b-a8e7-48ec-adf3-a74e87583eff 33cf67a7-6d4e-44c8-8424-0e90c73137d0 3e052059-2f1d-4982-a5c2-56292cae837e 33cacb57-5243-4b6d-86fc-5d4f3fb9f5f4 4211c259-0daf-4ebf-8848-4e06623de07c 6bdebaeb-4c2c-44d4-9029-91f62eb5d2c2 c2d0dc27-179f-4ed2-91fa-41001583756c fa5b623e-54d5-4547-92b9-a358b4444006 f45c70ab-45ef-4938-8ec1-883a5e8b6fda 49074ff3-b5f8-4f4c-90b3-a210fab6b07e 46166a01-b4cf-41ec-8a3b-51e1adbe9c44 e61d6466-d456-43e8-bc3f-bcdfcc54269e e170a5e7-40d9-4bd5-ad18-6c2848dc8b9a 783fbea2-0828-420e-9dc7-a915c08d0e38 fc322fe8-6328-48aa-ba22-23629660a9e9 3894d7ea-04b7-446f-ac04-cd593e1b3951 7acb2963-aec2-46d3-a00a-0a32ce895c67 e18c14b9-a619-48c8-88db-906d567f2537 5112cff4-e912-4e68-97d1-3ba37820a8a3 130aeea6-cee9-4ad5-bf25-f3ab8db8a4e4 37fe11dc-0800-469e-a50c-3e5cfe885364 105874b9-943b-41e1-8dfb-0fc27110c083 8bcd83b4-2692-4fd6-83dc-0135b507fba7 7e43368d-eb1c-4e03-8ecf-86c598245419 ffc9cb1e-7054-4aac-9c87-813b15c8fe3d 3f0cd3f5-a89a-45a6-9e59-e1806b04068a cf82bdac-f096-45f2-9362-ae51e6e533d2 1b521cc2-2d48-46c9-871d-ddfc99545504 5c1c3158-7a71-42fc-8a3a-d89ee8d03547 7ea4c1d3-1125-409c-9d5a-edcf8ebaa359 93787a9c-2a57-4db9-a8ea-1a4b4dc45624 52ca7c81-5aad-481b-92b8-3320c368299d b8f1f0c6-a24a-4c54-9056-486061b0d972 bb428e73-3014-4d78-a449-75878051e3fb ff46daba-4be9-440c-aabc-eae7bb69bdd5 a4013684-6ff8-4fbe-9630-db7aa36ac3a6 d2b5e2e0-9ff0-4c1a-91f2-f08d7d8e415e 3b2e6dcb-ddb8-4fd3-9e52-323fbbb90f90 dc9af31d-2200-410a-85af-05396cc7c6bc ae1a5efe-1806-4d57-a0ea-dbeb199e4ec9 4f9c1296-9b80-4401-b053-c0a026cad394 30f3a523-d7a2-4999-8c54-893b2cf11937 3f3601ce-80dc-4569-80b3-16027a061c4b 26b1fbf9-c2d6-4760-85b0-446a7018efcf 8e93fce5-38fd-478a-9329-b7f922fcc4af 1f5a284a-cd0b-492a-bdd1-a10779fc4d6c 6dfd72b6-2a39-4f34-bf1d-75326a084eee a2f4f40e-e26c-4dbd-9bc3-1061df15f7f7 d230afda-20d5-411b-9785-d0c9435dc9b2 df4785fc-4b3a-4dd6-a55c-2dff79502fa1 efa4d4c8-1e88-4ceb-8974-1c1fda90dfac 038fc68d-4034-4ae2-b427-5ee9535d52b8 e4610302-2218-4155-9c6c-5c7f19f221a6 82f50a08-0078-42ba-8249-fb4cbc7cc27b 461ac707-ded8-45b6-b22d-8aaec8a94c7a 7d831ca2-6dee-4435-a232-bad8ae5c3f76 69a92a59-a05f-4979-9c1f-982c41a78fb7 a6a68855-1532-408f-b269-0a37db294f89 bbab1b9f-ec09-4a02-bfcb-82631c25aa98 0c86c471-a76f-4eb1-bb92-6c69d04d392e e40030e7-e4d9-4e6b-a501-c1b324de03cb 75e0cdd2-b83e-4a9e-91f6-56157cfb72d3 573b055b-79de-4eef-b94c-4d2ebcbb06f1 907c43d4-92e7-4351-8662-d679bbfa1dba af6e2e89-752c-48ff-8e93-5c64ff65437b 2385a2eb-5989-4cd8-839b-f5a81e99eb7c 115fb902-092a-4e6a-a673-c9698eeaec0f b7fa700c-f101-48fd-b890-9e3ebf0ecf00 370cba4d-72f3-4e8d-bdaf-17c963df1fda 10847448-50f9-41dc-b06b-1015fa167643 83191621-aca2-4e80-b20b-c95af2f9e0bd 0b81232e-1cd9-46aa-9ff4-d2b56836c67a 42212253-cdec-4f77-9f18-1352c05ea10a 8b24570f-e6b1-4271-9f74-f6ea0bedb1eb 796b2ef5-2e06-43e8-a517-d8814f616f71 e65b0725-8e79-445c-abeb-31f3824c2da5 797850f1-71cd-438d-bde2-345337afd417 88b5eeea-84da-41a2-ae5a-3cec6ec49696 b1c98d70-3644-472e-b2b4-06712cebbc4e 1d82c0f1-0836-4dcc-a2d9-0bece745c471 50321201-f5ab-4896-96c3-a36cc5ba1b47 8013692a-24ec-4ee6-94df-1aebaee17710 c5eab940-b238-41cf-bb92-a900cefb40f5 e9125678-68eb-4f9b-a16f-67ad7372e4da 34a3e2ed-e29b-4221-9d2b-c5b2383061cf b32c8392-93c0-4306-90c1-0c36f554fdc0 0612c48f-cd81-476c-af4a-2e8eecdc5af1 52dcb80f-0409-4980-b39d-5f82bc4e8893 388c09cf-4e0f-4c2a-9b6f-fb1a998af246 a75842e0-5a21-4fd4-bdf8-e5495f7ca975 aa65faf2-6ac7-40c9-af46-86e17aa8b7f8 c12fdfb6-83e5-4763-89e6-72755c77a763 474257f3-9239-4375-b645-a8bc2aebc6cb 99d8c03e-6d00-4b6f-8a2b-a2374c70a0dc 35de35a0-30a3-459f-bae0-32a5e26b2f17 c481d027-0a95-4264-aa2d-b31953e6c236 552a9d30-cbf8-4a84-93b8-e7f10622fb2e ad66bc35-4213-4ff3-8b9a-4a135b844560 3cbb1c4e-5cb1-41ef-8a22-e9b5ee344b8d 78a0d677-5e7e-423d-a0ab-b669754885f1 11446b3a-e487-4e9f-8000-a9bed7a7aaac fa68436e-1fa6-4851-98fb-f6f25937451c fd0b4b1f-fca2-49e2-9b39-caa292e55c7b 0a8d31fc-01db-4625-ba60-11c681a6c6c1 7acba47c-3a69-403a-8058-cf51b20fbeb7 266f2f39-0e5a-444e-9f1d-427ce0765cd0 ec7e56de-b756-4691-908c-e5f994ec6a8b 7b0435f7-2ee4-49dd-b9d2-4793e7c2ac67 f47ca818-7f13-43ed-a4ca-0dcdab7372cd 5eab7483-1e11-480e-8593-84a3926180c5 0f5723b2-f687-4fa2-89bd-c27d9f895c0b 96e53d6d-0f77-452b-ad3b-cd321143a34d eddfb088-fcb9-4b7a-b385-f89891c70bb0 86376076-f75c-47af-aacd-cc7f0681b718 c1533c3f-f301-4ad7-bf01-278237276aee da84e764-70ed-4583-b5a5-ddfd9c756ed2 69d81cdc-d04a-4eaa-8cd8-fdaae4954260 b658f434-18d7-49d3-bbe6-12c4ae69062a 6f86edbb-c40d-457a-9da5-cc99fb49cf43 de1668bc-c004-423c-82c9-23e83344f702 f36bb557-f400-40d9-8f5a-c53d8a5e54c4 aefb2fc2-75b2-4c73-8eaa-5729b794b025 842d3de9-f35d-454b-a346-c78d5f2e1413 6aa8f382-1543-407e-b130-33a9f523c2e5 29f4e554-11c9-457a-8466-b2cd957d7e9a 9ec9c87a-b3c3-4783-9f53-22503fc814f2 800fece5-25fd-4f76-868a-6967366a5cb0 893c636e-f7d2-4646-875f-872940c37cdb 6891cc77-b1c5-46b7-9caf-20c2e9b22e34 aa72ab5f-74ee-4eba-8aba-217e2c22ff9b a82a3a46-b8a1-4944-87b7-5fb959413e4f 5d422da9-8be5-452d-b013-7f26df6ad0b0 970a2201-6a0c-4b1e-9e35-6aa2fa25a748 e0028742-6506-42bf-843a-e9c5f06ca145 3e714958-1e05-47e5-8cb6-595ca3ce4dce a84c24c8-3a5b-46bd-b201-b6248d552e3a 8b817b98-e287-4994-9caf-88a44592c6b8 2a12ce7e-2667-4ed5-955c-2fd237218023 86dca86b-b9b9-460f-91cd-48d8513fd064 933b0f93-48f4-420c-97c5-b7d02a7bb284 9ded12df-1920-4338-80d8-fda905574f96 11ef780e-1e36-4f04-933b-674a0a0f3f35 5bf3985c-cdd2-4502-906e-e4f64bbefd06 421f69c1-195e-433f-a64b-6191a3db7524 8a34831a-3e1e-4423-b3d8-099756ad4cb1 c186652e-666a-47c4-9c72-f6fc2e845bca 94cac0c2-5785-49ce-a253-770447bce8a8 54c0e0e8-cc02-4d2d-a7a6-893dcc80c2bc 2b4f4a20-5b50-4e37-ba43-535ef10d385b 2514254e-33cc-4a47-ac4b-b93456af0d2b cf2b9c19-59d2-47bf-9b98-91eadbe62e56 8a55f87a-b715-4e70-b828-b22be24d4a95 6bebef21-95de-48d8-9a37-8f220b5a107a 6dfe6921-2595-43ed-adf8-e2a179ea8097 b9734307-c575-4c85-bd3d-19457fade50d 443eb839-2bb0-4743-9116-55b37647c102 48cb4a00-f2a6-4965-bb34-fca47a3d8193 c3f82066-247d-4635-ba05-0c51473ef710 29267b84-a5cd-4e25-b72f-5fc4b2adcd6b e3ae9a97-fdf0-44cf-b941-5b7a441fb23b 04021f53-669c-4adf-bf8f-e3780fdea57d e2c79312-ca01-40fc-bd7a-002fb5bbf34b ac1fea86-9db2-4936-aa14-71a62661fb9a e4fb11d3-1df0-4d37-a0b7-e890086709bf 378619be-c336-4907-8ebe-0e8081b33b35 1f49fe0f-f7c4-44b3-945a-f6d2eee30892 ce89a408-5597-4084-8ece-b8f71bb88838 91e579c9-7b9f-49a2-b63b-1e165f79d50b 87a5124e-3eca-43fe-8667-7bcab6ada01e 4b720336-e196-4b1b-9f3b-6013e0f0008e 5cb69519-955e-4f54-8e5d-671a39b98d33 762135ab-c047-4026-8333-9580bf435807 6edd950b-bdd3-49a6-89ca-b4b50ff2272c 538179ba-add3-445e-89e7-eea05a75072c 1e898052-73ce-4ae3-af49-6bb316b9f74c 55170f7a-c89f-422a-a1d6-6f0e658bbac8 178f2d24-5ddc-482c-a841-22b0044a6edd c9084c2b-bea2-4bbb-8e29-bdf22245d23b 30589ea9-67c9-4898-96cb-95891ab80fbe c4f2193b-f5d5-4dc5-aa47-71c10e414a21 bee94e91-f6e0-4981-a541-8d2c7c4883db becb0254-b478-4570-b4c2-e465b901a9f0 f084d17f-34c2-4e5e-a8db-e7c995c438d0 28d66f14-4de1-43e5-aa06-3f7a718e9776 fb7709c5-f9c9-4838-8970-3c4b517989cb 23cbb3d9-91e5-4f0c-9d23-db249edc7ba3 80b741e4-5e30-4426-b4fc-e5625cbb3fba 5e774575-5e33-4780-8577-6e9ac7286c81 22b68765-df57-4575-85ee-0bc34e8eda95 27fa3d0c-a2cb-47f7-b23e-dda689eaeca5 05c91651-7a02-452f-b328-3a3fc9e28de8 db430e6d-193b-45bc-aeac-7087b736331b 42814c39-07fe-4c44-a315-0ba14342384f b4d469e5-a1e4-4a62-9958-0e65ff9ca098 35fa9a97-7b22-41b5-8a6b-f9a969585d60 367e1269-4e8e-4e79-80a0-5246091803cf 53a7de87-a4b4-45be-b204-11760412bbd5 cd4489c7-5da3-4fd7-b8a1-47ee17bf7fc7 974fcd5c-26fd-4068-bbbd-437317265f58 7cb13f6a-f47e-487e-8901-d8c1d161a429 2401c129-f13a-4cff-b61a-51a1b1b22300 f052a7ad-a3ac-4e81-b14b-ed4ed6ba6fbc 90939db3-4946-4d56-ac42-21660616df35 0c14a5d5-f4d6-4ab3-8486-fb88d77b44b4 01d4581e-5764-4597-aad9-46fadc47ae62 7b224c12-ebc5-431c-8ed8-72d234d9d0ad 1199bdaf-f24c-4c49-aee2-b0454e1fdf42 1d0f574b-a686-48c2-8a90-e3fa718ed169 5549a61a-b33b-4002-b584-bca8c93e6d0a 9639167d-e53e-4a6e-9ec2-61628bc65858 ee14219e-0681-4ff5-a156-5e70fc914ad2 bde54601-30ed-4b18-9ca6-072a7e42ca86 8194fc45-0c2e-4f6e-a471-f8c5b3d1a8af 0760134e-4e7b-4e7d-8c07-2b397d3ffa0c 29325fae-877b-4c14-bd06-deb1cd4ee18d 1854e2b9-2c28-4999-aedc-4cb212c700f7 5256a369-52fd-456f-9a1a-4242f99ce529 f4a7a928-12f7-4488-aac5-55ad59a8de1b ef661837-7d45-4ace-80d7-9bb4b0d2f46a 25b44cdb-2be6-4b08-8d81-5f6588b768ef f5da9638-06c6-4cf1-9d9d-3faf5dd0950f 12dc85e6-701e-4c10-8d16-87e0846ebf3d cd186544-f4c0-4c8b-a121-a100333f211d 6fa38540-cd95-4e0e-987b-955f29e83aef defd9829-98a7-4c41-85a1-b047c26fa02a 08d3af1d-54fa-4646-9405-7ba9511a9bbe 3272c42d-5df6-4b5a-b902-6b5e13660495 2355f5a2-058e-468c-931d-1da1849e83c3 40b96671-4bc7-490a-afc8-ef6812dd317e 370d5c3d-1a7e-4064-bd7c-4a6201c4f68a a960556b-6eb8-4782-a294-68377d49557d 05807f03-e989-47e3-8494-7964df0a7f12 02d9ce7d-392b-4119-a7a7-5cab6bea7392 4aabf649-673d-4453-a6bb-73ad212e8037 19d89b1d-14b2-491b-9661-363d2d057af0 6f52a460-83d4-4e9c-9018-09b302911694 ebd5a22b-da18-4c63-bc2b-4a45c3180995 50c97269-c341-4cce-b7ea-8d6a4b0a4005 270a9911-232c-4fff-8bb6-11bd4a7f98d9 eb3510b9-e587-41ae-8918-f91d89c1d471 8ed79c61-2216-477a-a52e-871d7895ca2b ce245077-0b88-478c-9793-e20730be9b8c 16e91281-6914-47f5-aeb9-ed9633aded3d e598e977-8fe6-4e0d-8def-da1537e82549 434185ac-07ab-4e90-9a58-84af5e007311 a69f1e1e-3b68-40f7-baa8-6e5ac78bcd93 e1ae9a89-1954-4c61-a108-20b52b0a97ae 5824927a-da2e-4057-bb42-94cd2fb5f240 7255641f-5a95-4667-a523-c2002eb07b01 806dfa10-ad40-4e60-a878-ba49a8326f03 e11c4377-0e7a-4eea-8fff-b01d1af37669 25d72184-f66a-4965-a647-8cbd74c2db59 a4cf678e-483b-4016-9d5f-1b6c73b6ab66 d9a4f296-56e9-4286-b038-b8e81cc01a8e 1bd5f8f7-e114-49c8-aad3-3d649b86e832 03410eb0-bcd8-403a-b308-c1583a8062af 83efdedf-6e68-4546-a738-372cf0495ddb 3d076228-8b17-43cd-9b7f-31208843f139 40b1a8ca-b35c-451f-9dfd-2c4186bae401 40f51d30-e41e-4637-a7d1-b2245acdc09a cad1eb2f-89b7-4e05-8006-f1ec5e9fcdbf 2f6cfd70-9bc6-49f1-b8e7-469004bd11df fadbb018-b0e3-45be-aca4-59a817539996 124adee5-7ef6-4cf5-b5ef-108bcba3cc86 f9656943-8d07-4f47-8a77-0d59869f1d6e c914d8fe-81cb-4f09-bd7d-85d11cb1194f a8f0cfb9-6eb9-4c57-ace1-dea2d8d4ff9d bdb1ca3e-5529-4045-b8fd-f9671e3402f5 9a07c179-dfff-4c7d-b48c-b885484751ab 03152034-a8ec-4d40-a18c-9dd1cecec6fa 2337b137-e209-45e1-b73d-e777dd624dc3 362ba83b-37da-45b8-b597-0816b2b02d3c 0247115f-7654-4e6d-a108-23fd55bf6232 d43c1cfa-f61d-4a2f-9248-c21cad6c9c4a 986ce017-4a8b-413d-95ae-ab7bff682969 59232668-55b9-4a20-ad88-e6e009600e08 64107725-a8e3-40e2-8dde-6f71bd2d8498 45bb0395-1f4d-424c-b1dd-5b6d546693ca 94d3fa95-f83d-42ad-ba65-06bfa022feb0 ee3dabd1-afd3-4941-8d8b-6cf4ec1d2ef2 9adb5ec5-a5c7-4cc8-8b10-b69f8944bfbf 802de268-7ca1-4a17-b86b-69db59fe1266 a9c5e5f9-4b9d-4263-a494-df1e0307adaa 6d84b8fa-3b63-4e82-adc4-c080d5a29100 55e0f002-e606-4b74-8caf-ae70138a6bb0 4859d0a1-bb82-4710-9f52-69520bb0f7af 113a6682-77e5-43f5-b451-cc39db1f7d2b 7303fdcf-0614-48df-bd63-a405920ead89 c2ea512b-eb59-4301-812c-f6f292fc6c68 be9788f3-e713-4c67-a528-6bb578bd011e 0396d2d6-5f2b-4fee-9fb3-135792ef09c6 f8bdc653-9ab8-4fa5-a02c-5623f5166485 6039b24b-786f-4682-a4f9-4cb1f685b466 fe58d6ce-6230-4486-8986-811ce0fe4c9e 217b7fd0-cae6-48bf-b430-b66443185509 97c0c948-4abc-46cb-98b5-ede8ea3a78e7 e94820f5-4304-46d2-9470-3488ea9d4ad2 7d657ec9-5920-4162-86d2-f3496450489f f7910fed-2e12-46a8-941c-4cdd5dc3241f 684994d3-986a-4674-9432-903e51f56d2d 1deede22-d956-40e8-a144-abb369b7f81a 225db875-0f01-4d6b-ae26-d6fe5b2d41d3 1b797503-88d1-49f0-825a-70915c42cf5e bf03441b-9c3a-44fa-87e6-82409cf21b08 06227450-2170-463f-a163-8e58c1fb5b46 fa51a369-170d-4e73-a18b-207d57b101cc f865f8bd-661f-4b22-b342-5a81474f1dd9 ecb0109c-f53c-4d94-95fe-910ef8dda64a 634906a0-7ab0-4848-9ff5-cce9d03b0d84 91b6f09c-ef66-4f73-8fb9-07ef87fc608b 7bbdbf78-cff4-4626-ae2a-8d112aece584 ac4cd096-79df-42ab-8593-087d2e4fa3f3 5259e72a-10b4-4f7d-b44a-ba7d8aab7fb6 f8f0f59e-31c1-44d7-8ed0-99aaebe6c519 991c2451-84de-4da0-9510-05a29811b125 1b7364e3-7e66-4a16-9675-59b710a5df52 38588dcf-3073-4d37-ba66-c3dc740621be bb52ce42-a7e5-482c-8127-8a53283965ac 4fd35bdd-64d9-495a-96d8-2833fb5a8a1a 84394394-cf08-4ceb-bd46-8e051ca3873e 1828cbda-edee-4a09-af91-706a3fc6d2fd b7c658cc-d561-4129-9b68-ddddc50547c7 0c56835d-66c4-4710-b033-524403a27c50 abce8275-53cf-4572-88e5-a931d47c8246 3b40d461-69b6-4303-b1fe-07f1545894c7 58e24522-bc2d-43a5-bc4c-142388b82e95 091da9e4-960c-435e-8e3c-63399c2f21ac 368ab60c-7c64-4d99-86a0-d82ea1a99546 56a7695e-8b9e-4cf5-858f-7d8c73a5c673 9a801305-611e-4193-be03-e25893793ee7 951b225b-6740-40f9-b15d-4b970466b283 5abbdd63-fff4-45ff-9634-d2fc74c6d4dd d5d472c0-8bf0-483b-b2ab-6378aa6c96fa 9d6cd3ef-452c-4f98-b7fe-29eaa2d64e47 b94842ee-d986-4014-8e44-6032c24d9b35 b5db790a-07ab-4dd5-ba5a-0fcf9874c061 d50129a9-d630-4ec3-8162-48b1150689eb 1da58856-435b-429d-a925-3b73656d3250 2e98b178-85dd-49db-b8b4-e4b4437dcb83 ee1011f1-27c1-469c-92dc-caf884f20601 78079d78-9387-4cbe-9adf-8ded6b6decc4 86130b93-8d67-420c-bd24-b2fb4c4f4bb2 6f1375c0-a30a-49f6-abd0-7c082a3728e2 55efe63e-5e95-4b14-b8c6-c6e31c8bb561 14f33354-bc8d-498c-88c7-942e6d0bddee 5a432bdc-e493-410b-bee8-af93095c6fcf 2ce81936-84d9-4674-b425-8e3d617e3cc6 fe997f1c-c537-4d3e-a25f-9746d11a4165 ea3a24e0-bad5-45d0-bc36-0c7d864b3455 2b688d44-6c1c-44f2-993c-f46111e59b84 63e60b10-630b-4b01-b95a-93ff0bd89bfe 446322bc-64ee-4e18-9dc4-f28033efc128 4144a76e-38a3-4554-8249-46178d60713a 60491d0c-3558-4257-b1c0-5d38ca46dc78 398a37af-09b6-4abb-8901-6279ece8e66e a4b14e7e-ceac-4a46-bac2-da5d0da275a6 9101d670-0e18-4b3b-846a-e1134fe557cb e7e2b37f-e746-4fbd-bde7-e7d1da6da104 75f84f81-4ab5-48fc-bee4-6a9763329e50 7da02bbd-0631-43af-ad79-271395d2ed16 b9faec46-305e-418b-b6e1-ffc7b538733b 27339d21-6e35-40dd-9b94-60307e623813 b70165c4-15b2-4a3c-850d-392386a2503e abaa0e4d-b31e-49e9-8e33-8d878c2f6dd7],,,,,,,,,,,,,,,,,,,
2019-08-10 05:53:20,,13991889,follow,,,2019-08-10 05:53:20,01acc7b8-ddf7-40be-be49-bb98ce47f3f2,follow-01acc7b8-ddf7-40be-be49-bb98ce47f3f2-0,,0,follow-follow-date-1565416400,movie,Finding Dory,,,,,,,,,,,,,,,
2022-03-13 10:05:38,,13991889,follow,,,2022-03-13 10:05:38,01d4581e-5764-4597-aad9-46fadc47ae62,follow-01d4581e-5764-4597-aad9-46fadc47ae62-0,,,follow-follow-date-1647165938,movie,The Batman,follow-release-date-2022-03-04,2022-03-04 00:00:00,follow-alpha-the-batman,10500,,,,,,,,,,,
2023-07-24 20:22:43,,13991889,follow,,,2023-07-24 20:22:43,0247115f-7654-4e6d-a108-23fd55bf6232,follow-0247115f-7654-4e6d-a108-23fd55bf6232-0,,,follow-follow-date-1690230163,movie,Barbie,follow-release-date-2023-07-19,2023-07-19 00:00:00,follow-alpha-barbie,6840,,,,,,,,,,,
2023-06-12 03:09:27,,13991889,follow,,,2023-06-12 03:09:27,0274b477-6b00-4834-9e8b-756580c662e2,follow-0274b477-6b00-4834-9e8b-756580c662e2-0,,,follow-follow-date-1686539367,movie,"進撃の巨人 - Wall Sina, Goodbye 前編",follow-release-date-2017-12-08,2017-12-08 00:00:00,"follow-alpha-attack-on-titan-ova-6---lost-girls-wall-sina,-goodbye-(part-1)",1500,,,,,,,,,,,
2022-09-17 02:28:49,,13991889,follow,,,2022-09-17 02:28:49,02d9ce7d-392b-4119-a7a7-5cab6bea7392,follow-02d9ce7d-392b-4119-a7a7-5cab6bea7392-0,,,follow-follow-date-1663381729,movie,Goodnight Mommy,follow-release-date-2022-09-16,2022-09-16 00:00:00,follow-alpha-goodnight-mommy,5460,,,,,,,,,,,
2023-04-06 03:04:50,,13991889,follow,,,2023-04-06 03:04:50,03152034-a8ec-4d40-a18c-9dd1cecec6fa,follow-03152034-a8ec-4d40-a18c-9dd1cecec6fa-0,,,follow-follow-date-1680750290,movie,The Super Mario Bros. Movie,follow-release-date-2023-04-05,2023-04-05 00:00:00,follow-alpha-the-super-mario-bros-movie,5520,,,,,,,,,,,
2023-04-08 17:25:50,,13991889,follow,,,2023-04-08 17:25:50,03410eb0-bcd8-403a-b308-c1583a8062af,follow-03410eb0-bcd8-403a-b308-c1583a8062af-0,,,follow-follow-date-1680974750,movie,Hitman’s Wife’s Bodyguard,follow-release-date-2021-06-16,2021-06-16 00:00:00,follow-alpha-hitman’s-wife’s-bodyguard,8160,,,,,,,,,,,
2023-12-31 01:35:53,,13991889,follow,,,2023-12-31 01:35:53,0365cc2a-eee9-4bb0-89c1-28a354edc289,follow-0365cc2a-eee9-4bb0-89c1-28a354edc289-0,,,follow-follow-date-1703986553,movie,The Family Plan,follow-release-date-2023-12-15,2023-12-15 00:00:00,follow-alpha-the-family-plan,7080,,,,,,,,,,,
2019-08-10 06:03:18,,13991889,follow,,,2019-08-10 06:03:18,038fc68d-4034-4ae2-b427-5ee9535d52b8,follow-038fc68d-4034-4ae2-b427-5ee9535d52b8-0,,0,follow-follow-date-1565416998,movie,The Social Network,,,,,,,,,,,,,,,
2023-12-02 03:34:47,,13991889,follow,,,2023-12-02 03:34:47,0396d2d6-5f2b-4fee-9fb3-135792ef09c6,follow-0396d2d6-5f2b-4fee-9fb3-135792ef09c6-0,,,follow-follow-date-1701488087,movie,The Hunger Games: Mockingjay - Part 1,follow-release-date-2014-11-20,2014-11-20 00:00:00,follow-alpha-the-hunger-games-mockingjay---part-1,7380,,,,,,,,,,,
2019-08-10 05:53:38,,13991889,follow,,,2019-08-10 05:53:38,03a14169-0625-456c-a2ae-bbd063bc1baa,follow-03a14169-0625-456c-a2ae-bbd063bc1baa-0,,0,follow-follow-date-1565416418,movie,Men in Black II,,,,,,,,,,,,,,,
2020-10-18 16:51:43,,13991889,follow,,,2020-10-18 16:51:43,04021f53-669c-4adf-bf8f-e3780fdea57d,follow-04021f53-669c-4adf-bf8f-e3780fdea57d-0,,0,follow-follow-date-1603039903,movie,War Dogs,,2016-08-17 00:00:00,,,,,,,,,,,,,
2019-08-08 05:11:43,,13991889,follow,,,2019-08-08 05:11:43,041dd5fb-baa2-4a7d-a017-d004b605f700,follow-041dd5fb-baa2-4a7d-a017-d004b605f700-0,,0,follow-follow-date-1565241103,movie,The Lord of the Rings: The Return of the King,,,,,,,,,,,,,,,
2020-06-22 02:36:16,,13991889,follow,,,2020-06-22 02:36:16,04f2f49d-bb61-4715-bf06-4fde994dc1a7,follow-04f2f49d-bb61-4715-bf06-4fde994dc1a7-0,,0,follow-follow-date-1592793376,movie,ドラゴンボール エピソード オブ バーダック,,2011-12-17 00:00:00,,,,,,,,,,,,,
2019-08-08 05:10:57,,13991889,follow,,,2019-08-08 05:10:57,050ea6f8-fb27-46d3-b78b-4da4b6b76783,follow-050ea6f8-fb27-46d3-b78b-4da4b6b76783-0,,0,follow-follow-date-1565241057,movie,Titanic,,,,,,,,,,,,,,,
2022-10-30 20:42:03,,13991889,follow,,,2022-10-30 20:42:03,056002be-5e65-4801-a750-7258b53c2c93,follow-056002be-5e65-4801-a750-7258b53c2c93-0,,,follow-follow-date-1667162523,movie,ジョジョの奇妙な冒険 ダイヤモンドは砕けない 第一章,follow-release-date-2017-08-04,2017-08-04 00:00:00,follow-alpha-jojo's-bizarre-adventure-diamond-is-unbreakable---chapter-1,7140,,,,,,,,,,,
2022-07-02 04:34:12,,13991889,follow,,,2022-07-02 04:34:12,05807f03-e989-47e3-8494-7964df0a7f12,follow-05807f03-e989-47e3-8494-7964df0a7f12-0,,,follow-follow-date-1656736452,movie,Thor: Love and Thunder,follow-release-date-2022-07-08,2022-07-08 00:00:00,follow-alpha-thor-love-and-thunder,7140,,,,,,,,,,,
2021-08-16 04:06:04,,13991889,follow,,,2021-08-16 04:06:04,05c91651-7a02-452f-b328-3a3fc9e28de8,follow-05c91651-7a02-452f-b328-3a3fc9e28de8-0,,,follow-follow-date-1629086764,movie,Fast & Furious,follow-release-date-2009-04-08,2009-04-08 00:00:00,follow-alpha-fast-&-furious,6420,,,,,,,,,,,
2019-08-10 06:07:45,,13991889,follow,,,2019-08-10 06:07:45,0612c48f-cd81-476c-af4a-2e8eecdc5af1,follow-0612c48f-cd81-476c-af4a-2e8eecdc5af1-0,,0,follow-follow-date-1565417265,movie,Allegiant,,,,,,,,,,,,,,,
2023-06-10 12:11:16,,13991889,follow,,,2023-06-10 12:11:16,06227450-2170-463f-a163-8e58c1fb5b46,follow-06227450-2170-463f-a163-8e58c1fb5b46-0,,,follow-follow-date-1686399076,movie,Transformers: Rise of the Beasts,follow-release-date-2023-06-09,2023-06-09 00:00:00,follow-alpha-transformers-rise-of-the-beasts,7620,,,,,,,,,,,
2019-08-10 05:56:31,,13991889,follow,,,2019-08-10 05:56:31,06dc7623-9f63-4864-bb1d-555318d184b0,follow-06dc7623-9f63-4864-bb1d-555318d184b0-0,,0,follow-follow-date-1565416591,movie,Split,,,,,,,,,,,,,,,
2022-06-05 01:58:36,,13991889,follow,,,2022-06-05 01:58:36,0760134e-4e7b-4e7d-8c07-2b397d3ffa0c,follow-0760134e-4e7b-4e7d-8c07-2b397d3ffa0c-0,,,follow-follow-date-1654394316,movie,Interceptor,follow-release-date-2022-06-03,2022-06-03 00:00:00,follow-alpha-interceptor,5760,,,,,,,,,,,
2019-08-10 05:44:55,,13991889,follow,,,2019-08-10 05:44:55,0796722a-aa1b-4cb1-90e7-cbcf579473a8,follow-0796722a-aa1b-4cb1-90e7-cbcf579473a8-0,,0,follow-follow-date-1565415895,movie,Toy Story 2,,,,,,,,,,,,,,,
2019-08-08 05:09:47,,13991889,follow,,,2019-08-08 05:09:47,08c1f0a2-581f-476c-bbd8-643a7426635f,follow-08c1f0a2-581f-476c-bbd8-643a7426635f-0,,0,follow-follow-date-1565240987,movie,Avengers: Endgame,,,,,,,,,,,,,,,
2022-08-08 18:38:01,,13991889,follow,,,2022-08-08 18:38:01,08d3af1d-54fa-4646-9405-7ba9511a9bbe,follow-08d3af1d-54fa-4646-9405-7ba9511a9bbe-0,,,follow-follow-date-1659983881,movie,"Ich seh, Ich seh",follow-release-date-2014-08-29,2014-08-29 00:00:00,follow-alpha-goodnight-mommy,6000,,,,,,,,,,,
2024-12-01 01:03:32,,13991889,follow,,,2024-12-01 01:03:32,091da9e4-960c-435e-8e3c-63399c2f21ac,follow-091da9e4-960c-435e-8e3c-63399c2f21ac-0,,,follow-follow-date-1733015012,movie,El hoyo 2,follow-release-date-2024-10-04,2024-10-04 00:00:00,follow-alpha-the-platform-2,6060,,,,,,,,,,,
2020-01-05 00:57:15,,13991889,follow,,,2020-01-05 00:57:15,0a8d31fc-01db-4625-ba60-11c681a6c6c1,follow-0a8d31fc-01db-4625-ba60-11c681a6c6c1-0,,0,follow-follow-date-1578185835,movie,iCarly: iGo to Japan,,2008-11-08 00:00:00,,,,,,,,,,,,,
2019-08-10 05:43:51,,13991889,follow,,,2019-08-10 05:43:51,0af2fefc-53d8-4ce3-abf8-4783a91d0ef5,follow-0af2fefc-53d8-4ce3-abf8-4783a91d0ef5-0,,0,follow-follow-date-1565415831,movie,Charlie and the Chocolate Factory,,,,,,,,,,,,,,,
2019-08-10 06:05:41,,13991889,follow,,,2019-08-10 06:05:41,0b81232e-1cd9-46aa-9ff4-d2b56836c67a,follow-0b81232e-1cd9-46aa-9ff4-d2b56836c67a-0,,0,follow-follow-date-1565417141,movie,The Twilight Saga: New Moon,,,,,,,,,,,,,,,
2019-08-10 05:56:32,,13991889,follow,,,2019-08-10 05:56:32,0be8b8f5-1ded-4a66-ad5f-9a102bb52ecc,follow-0be8b8f5-1ded-4a66-ad5f-9a102bb52ecc-0,,0,follow-follow-date-1565416592,movie,Hercules,,,,,,,,,,,,,,,
2022-02-25 22:39:10,,13991889,follow,,,2022-02-25 22:39:10,0c14a5d5-f4d6-4ab3-8486-fb88d77b44b4,follow-0c14a5d5-f4d6-4ab3-8486-fb88d77b44b4-0,,,follow-follow-date-1645828750,movie,僕のヒーローアカデミア THE MOVIE ワールドヒーローズミッション,follow-release-date-2021-08-06,2021-08-06 00:00:00,follow-alpha-my-hero-academia-world-heroes'-mission,6240,,,,,,,,,,,
2019-08-10 05:57:22,,13991889,follow,,,2019-08-10 05:57:22,0c342128-e5ad-45c8-b01f-ed1fdf7f46e9,follow-0c342128-e5ad-45c8-b01f-ed1fdf7f46e9-0,,0,follow-follow-date-1565416642,movie,Searching,,,,,,,,,,,,,,,
2024-08-04 01:37:42,,13991889,follow,,,2024-08-04 01:37:42,0c56835d-66c4-4710-b033-524403a27c50,follow-0c56835d-66c4-4710-b033-524403a27c50-0,,,follow-follow-date-1722735462,movie,Legend,follow-release-date-2016-01-20,2016-01-20 00:00:00,follow-alpha-legend,7860,,,,,,,,,,,
2019-08-10 05:44:47,,13991889,follow,,,2019-08-10 05:44:47,0c7c7acc-d9c2-41b2-a855-42cf8c91a9e9,follow-0c7c7acc-d9c2-41b2-a855-42cf8c91a9e9-0,,0,follow-follow-date-1565415887,movie,Harry Potter and the Half-Blood Prince,,,,,,,,,,,,,,,
2019-08-10 06:04:48,,13991889,follow,,,2019-08-10 06:04:48,0c86c471-a76f-4eb1-bb92-6c69d04d392e,follow-0c86c471-a76f-4eb1-bb92-6c69d04d392e-0,,0,follow-follow-date-1565417088,movie,The Lion King 1½,,,,,,,,,,,,,,,
2019-12-30 18:20:13,,13991889,follow,,,2019-12-30 18:20:13,0cc71115-a4a3-4683-9d43-cb0529699431,follow-0cc71115-a4a3-4683-9d43-cb0529699431-0,,0,follow-follow-date-1577730013,movie,Fractured,,2019-10-11 00:00:00,,,,,,,,,,,,,
2019-08-08 05:09:28,,13991889,follow,,,2019-08-08 05:09:28,0ccf22d7-8c54-455a-a2dd-cd172ae4d9b4,follow-0ccf22d7-8c54-455a-a2dd-cd172ae4d9b4-0,,0,follow-follow-date-1565240968,movie,The Matrix Recalibrated,,,,,,,,,,,,,,,
2024-09-16 16:47:54,,13991889,follow,,,2024-09-16 16:47:54,0dee5c8d-a122-4b51-b99b-eaf499829f5b,follow-0dee5c8d-a122-4b51-b99b-eaf499829f5b-0,,,follow-follow-date-1726505274,movie,An American Pickle,follow-release-date-2020-08-06,2020-08-06 00:00:00,follow-alpha-an-american-pickle,5340,,,,,,,,,,,
2019-08-10 05:53:17,,13991889,follow,,,2019-08-10 05:53:17,0e18170a-cf5f-4652-afcc-d084a902c743,follow-0e18170a-cf5f-4652-afcc-d084a902c743-0,,0,follow-follow-date-1565416397,movie,Despicable Me 2,,,,,,,,,,,,,,,
2019-08-10 05:49:25,,13991889,follow,,,2019-08-10 05:49:25,0e6c2239-8f76-43a2-9b54-eecbf41e1fcb,follow-0e6c2239-8f76-43a2-9b54-eecbf41e1fcb-0,,0,follow-follow-date-1565416165,movie,"The Chronicles of Narnia: The Lion, the Witch and the Wardrobe",,,,,,,,,,,,,,,
2020-06-22 02:36:40,,13991889,follow,,,2020-06-22 02:36:40,0e8dc34e-e378-4f8e-b6c9-2b9ec4a54200,follow-0e8dc34e-e378-4f8e-b6c9-2b9ec4a54200-0,,0,follow-follow-date-1592793400,movie,ドラゴンボールZ 燃えつきろ!!熱戦・烈戦・超激戦,,1993-03-06 00:00:00,,,,,,,,,,,,,
2020-02-12 05:23:31,,13991889,follow,,,2020-02-12 05:23:31,0f5723b2-f687-4fa2-89bd-c27d9f895c0b,follow-0f5723b2-f687-4fa2-89bd-c27d9f895c0b-0,,0,follow-follow-date-1581485011,movie,Jojo Rabbit,,2019-10-24 00:00:00,,,,,,,,,,,,,
2019-08-10 05:59:37,,13991889,follow,,,2019-08-10 05:59:37,105874b9-943b-41e1-8dfb-0fc27110c083,follow-105874b9-943b-41e1-8dfb-0fc27110c083-0,,0,follow-follow-date-1565416777,movie,Me Before You,,,,,,,,,,,,,,,
2019-08-10 06:06:02,,13991889,follow,,,2019-08-10 06:06:02,10847448-50f9-41dc-b06b-1015fa167643,follow-10847448-50f9-41dc-b06b-1015fa167643-0,,0,follow-follow-date-1565417162,movie,Scooby-Doo 2: Monsters Unleashed,,,,,,,,,,,,,,,
2024-02-26 00:33:35,,13991889,follow,,,2024-02-26 00:33:35,1092f22f-8edf-42de-8d95-ee9384f9ba8c,follow-1092f22f-8edf-42de-8d95-ee9384f9ba8c-0,,,follow-follow-date-1708907615,movie,Ferrari,follow-release-date-2024-03-08,2024-03-08 00:00:00,follow-alpha-ferrari,7860,,,,,,,,,,,
2020-09-01 21:42:02,,13991889,follow,,,2020-09-01 21:42:02,113a6682-77e5-43f5-b451-cc39db1f7d2b,follow-113a6682-77e5-43f5-b451-cc39db1f7d2b-0,,0,follow-follow-date-1598996522,movie,Black Panther: Wakanda Forever,,2022-05-06 00:00:00,,,,,,,,,,,,,
2019-12-13 07:18:59,,13991889,follow,,,2019-12-13 07:18:59,11446b3a-e487-4e9f-8000-a9bed7a7aaac,follow-11446b3a-e487-4e9f-8000-a9bed7a7aaac-0,,0,follow-follow-date-1576221539,movie,君の名は。,,2017-01-23 00:00:00,,,,,,,,,,,,,
2019-08-10 06:05:21,,13991889,follow,,,2019-08-10 06:05:21,115fb902-092a-4e6a-a673-c9698eeaec0f,follow-115fb902-092a-4e6a-a673-c9698eeaec0f-0,,0,follow-follow-date-1565417121,movie,Brother Bear,,,,,,,,,,,,,,,
2019-08-08 05:09:43,,13991889,follow,,,2019-08-08 05:09:43,11992369-0507-45bb-8d41-2ad22e2604b7,follow-11992369-0507-45bb-8d41-2ad22e2604b7-0,,0,follow-follow-date-1565240983,movie,Captain Marvel,,,,,,,,,,,,,,,
2022-03-27 01:02:47,,13991889,follow,,,2022-03-27 01:02:47,1199bdaf-f24c-4c49-aee2-b0454e1fdf42,follow-1199bdaf-f24c-4c49-aee2-b0454e1fdf42-0,,,follow-follow-date-1648342967,movie,Uncharted,follow-release-date-2022-02-18,2022-02-18 00:00:00,follow-alpha-uncharted,6960,,,,,,,,,,,
2019-08-10 05:52:30,,13991889,follow,,,2019-08-10 05:52:30,11b1b419-92c5-4064-af45-4f45b7cd09f5,follow-11b1b419-92c5-4064-af45-4f45b7cd09f5-0,,0,follow-follow-date-1565416350,movie,Edward Scissorhands,,,,,,,,,,,,,,,
2019-08-10 05:43:03,,13991889,follow,,,2019-08-10 05:43:03,11bf414d-8d46-4ac0-81ff-06fb65451823,follow-11bf414d-8d46-4ac0-81ff-06fb65451823-0,,0,follow-follow-date-1565415783,movie,Spider-Man: Into the Spider-Verse,,,,,,,,,,,,,,,
2020-08-03 02:22:22,,13991889,follow,,,2020-08-03 02:22:22,11ef780e-1e36-4f04-933b-674a0a0f3f35,follow-11ef780e-1e36-4f04-933b-674a0a0f3f35-0,,0,follow-follow-date-1596421342,movie,In the Heart of the Sea,,2015-12-11 00:00:00,,,,,,,,,,,,,
2019-08-08 05:17:22,,13991889,follow,,,2019-08-08 05:17:22,1242f357-989f-47ed-8a3d-bb1c8b6aaf33,follow-1242f357-989f-47ed-8a3d-bb1c8b6aaf33-0,,0,follow-follow-date-1565241442,movie,The Avengers,,,,,,,,,,,,,,,
2023-06-22 00:32:49,,13991889,follow,,,2023-06-22 00:32:49,124adee5-7ef6-4cf5-b5ef-108bcba3cc86,follow-124adee5-7ef6-4cf5-b5ef-108bcba3cc86-0,,,follow-follow-date-1687393969,movie,Kingsman: The Secret Service,follow-release-date-2015-02-27,2015-02-27 00:00:00,follow-alpha-kingsman-the-secret-service,7740,,,,,,,,,,,
2024-06-21 18:23:31,,13991889,follow,,,2024-06-21 18:23:31,126c81a1-9815-4248-a11c-d16b295b7ac2,follow-126c81a1-9815-4248-a11c-d16b295b7ac2-0,,,follow-follow-date-1718994211,movie,Joker: Folie à Deux,follow-release-date-2024-10-04,2024-10-04 00:00:00,follow-alpha-joker-folie-à-deux,,,,,,,,,,,,
2022-07-02 01:57:51,,13991889,follow,,,2022-07-02 01:57:51,12dc85e6-701e-4c10-8d16-87e0846ebf3d,follow-12dc85e6-701e-4c10-8d16-87e0846ebf3d-0,,,follow-follow-date-1656727071,movie,Lightyear,follow-release-date-2022-06-17,2022-06-17 00:00:00,follow-alpha-lightyear,6300,,,,,,,,,,,
2019-08-10 05:59:19,,13991889,follow,,,2019-08-10 05:59:19,130aeea6-cee9-4ad5-bf25-f3ab8db8a4e4,follow-130aeea6-cee9-4ad5-bf25-f3ab8db8a4e4-0,,0,follow-follow-date-1565416759,movie,Django Unchained,,,,,,,,,,,,,,,
2020-06-22 02:36:22,,13991889,follow,,,2020-06-22 02:36:22,132ccfee-61c2-45a5-aac9-63eae850912f,follow-132ccfee-61c2-45a5-aac9-63eae850912f-0,,0,follow-follow-date-1592793382,movie,ドラゴンボールＺ復活のフュージョン!!悟空とベジータ,,1995-03-04 00:00:00,,,,,,,,,,,,,
2024-02-26 00:35:18,,13991889,follow,,,2024-02-26 00:35:18,1342ca0d-fdec-43f0-9245-b4f939009994,follow-1342ca0d-fdec-43f0-9245-b4f939009994-0,,,follow-follow-date-1708907718,movie,Enola Holmes 2,follow-release-date-2022-11-04,2022-11-04 00:00:00,follow-alpha-enola-holmes-2,7860,,,,,,,,,,,
2024-05-24 04:21:49,,13991889,follow,,,2024-05-24 04:21:49,13b9af24-e494-423a-8d88-0f4f92b1d912,follow-13b9af24-e494-423a-8d88-0f4f92b1d912-0,,,follow-follow-date-1716524509,movie,Dumb Money,follow-release-date-2023-09-22,2023-09-22 00:00:00,follow-alpha-dumb-money,6240,,,,,,,,,,,
2019-08-10 05:50:27,,13991889,follow,,,2019-08-10 05:50:27,141eb0dd-4512-4b24-9330-5c37a649679b,follow-141eb0dd-4512-4b24-9330-5c37a649679b-0,,0,follow-follow-date-1565416227,movie,Shrek Forever After,,,,,,,,,,,,,,,
2019-08-10 05:56:40,,13991889,follow,,,2019-08-10 05:56:40,1498d90c-d706-4e1f-b351-c815fb774b46,follow-1498d90c-d706-4e1f-b351-c815fb774b46-0,,0,follow-follow-date-1565416600,movie,,,,,,,,,,,,,,,,
2019-08-10 05:57:29,,13991889,follow,,,2019-08-10 05:57:29,14c59b32-6c90-4617-b940-617358c6b6d6,follow-14c59b32-6c90-4617-b940-617358c6b6d6-0,,0,follow-follow-date-1565416649,movie,2012,,,,,,,,,,,,,,,
2019-08-10 05:44:31,,13991889,follow,,,2019-08-10 05:44:31,14f33354-bc8d-498c-88c7-942e6d0bddee,follow-14f33354-bc8d-498c-88c7-942e6d0bddee-0,,0,follow-follow-date-1565415871,movie,Harry Potter and the Philosopher's Stone,,,,,,,,,,,,,,,
2019-08-08 05:10:41,,13991889,follow,,,2019-08-08 05:10:41,15017f29-d16f-4141-9d04-04117b02c791,follow-15017f29-d16f-4141-9d04-04117b02c791-0,,0,follow-follow-date-1565241041,movie,Toy Story 4,,,,,,,,,,,,,,,
2022-10-28 22:58:42,,13991889,follow,,,2022-10-28 22:58:42,15283a03-e775-4cb3-be18-5a16582933cf,follow-15283a03-e775-4cb3-be18-5a16582933cf-0,,,follow-follow-date-1666997922,movie,Shingeki no Kyojin OVA 2 - Totsuzen no Raihousha―Sainamareru Seishun no Noroi―,follow-release-date-2014-04-09,2014-04-09 00:00:00,follow-alpha-attack-on-titan-ova-2---the-sudden-visitor-the-torturous-curse-of-youth,1380,,,,,,,,,,,
2019-08-10 05:45:24,,13991889,follow,,,2019-08-10 05:45:24,1533de7a-b620-4ce2-a72e-5f15ef96478d,follow-1533de7a-b620-4ce2-a72e-5f15ef96478d-0,,0,follow-follow-date-1565415924,movie,Ratatouille,,,,,,,,,,,,,,,
2019-08-10 06:03:38,,13991889,follow,,,2019-08-10 06:03:38,15564438-52e5-458c-a160-d5f8e6107f75,follow-15564438-52e5-458c-a160-d5f8e6107f75-0,,0,follow-follow-date-1565417018,movie,Lilo & Stitch 2: Stitch has a Glitch,,,,,,,,,,,,,,,
2019-08-08 05:18:27,,13991889,follow,,,2019-08-08 05:18:27,15d8fe97-f5fa-4984-a79c-8df6f1db9c06,follow-15d8fe97-f5fa-4984-a79c-8df6f1db9c06-0,,0,follow-follow-date-1565241507,movie,The Amazing Spider-Man 2,,,,,,,,,,,,,,,
2019-08-10 05:50:04,,13991889,follow,,,2019-08-10 05:50:04,160ed8e8-2949-4eeb-adea-b7e01813e6b4,follow-160ed8e8-2949-4eeb-adea-b7e01813e6b4-0,,0,follow-follow-date-1565416204,movie,Ralph Breaks the Internet,,,,,,,,,,,,,,,
2019-08-08 05:14:17,,13991889,follow,,,2019-08-08 05:14:17,161087bb-37d6-49fe-9bf2-069e12375342,follow-161087bb-37d6-49fe-9bf2-069e12375342-0,,0,follow-follow-date-1565241257,movie,The Incredible Hulk,,,,,,,,,,,,,,,
2023-01-07 02:33:52,,13991889,follow,,,2023-01-07 02:33:52,16e91281-6914-47f5-aeb9-ed9633aded3d,follow-16e91281-6914-47f5-aeb9-ed9633aded3d-0,,,follow-follow-date-1673058832,movie,Puss in Boots: The Last Wish,follow-release-date-2022-12-21,2022-12-21 00:00:00,follow-alpha-puss-in-boots-the-last-wish,6240,,,,,,,,,,,
2021-05-24 02:58:38,,13991889,follow,,,2021-05-24 02:58:38,178f2d24-5ddc-482c-a841-22b0044a6edd,follow-178f2d24-5ddc-482c-a841-22b0044a6edd-0,,,follow-follow-date-1621825118,movie,Unfriended: Dark Web,follow-release-date-2018-12-28,2018-12-28 00:00:00,follow-alpha-unfriended-dark-web,5580,,,,,,,,,,,
2024-07-07 23:02:54,,13991889,follow,,,2024-07-07 23:02:54,1828cbda-edee-4a09-af91-706a3fc6d2fd,follow-1828cbda-edee-4a09-af91-706a3fc6d2fd-0,,,follow-follow-date-1720393374,movie,Despicable Me 4,follow-release-date-2024-07-05,2024-07-05 00:00:00,follow-alpha-despicable-me-4,5640,,,,,,,,,,,
2022-07-02 01:57:16,,13991889,follow,,,2022-07-02 01:57:16,1854e2b9-2c28-4999-aedc-4cb212c700f7,follow-1854e2b9-2c28-4999-aedc-4cb212c700f7-0,,,follow-follow-date-1656727036,movie,Doctor Strange in the Multiverse of Madness,follow-release-date-2022-05-06,2022-05-06 00:00:00,follow-alpha-doctor-strange-in-the-multiverse-of-madness,7560,,,,,,,,,,,
2019-08-10 05:44:26,,13991889,follow,,,2019-08-10 05:44:26,19715abe-817e-424f-8caa-2d6f13165f2d,follow-19715abe-817e-424f-8caa-2d6f13165f2d-0,,0,follow-follow-date-1565415866,movie,Iron Man,,,,,,,,,,,,,,,
2022-09-23 23:58:20,,13991889,follow,,,2022-09-23 23:58:20,19d89b1d-14b2-491b-9661-363d2d057af0,follow-19d89b1d-14b2-491b-9661-363d2d057af0-0,,,follow-follow-date-1663977500,movie,Orphan,follow-release-date-2009-12-30,2009-12-30 00:00:00,follow-alpha-orphan,7380,,,,,,,,,,,
2019-08-10 06:00:34,,13991889,follow,,,2019-08-10 06:00:34,1b521cc2-2d48-46c9-871d-ddfc99545504,follow-1b521cc2-2d48-46c9-871d-ddfc99545504-0,,0,follow-follow-date-1565416834,movie,Fast Five,,,,,,,,,,,,,,,
2024-05-16 03:43:45,,13991889,follow,,,2024-05-16 03:43:45,1b7364e3-7e66-4a16-9675-59b710a5df52,follow-1b7364e3-7e66-4a16-9675-59b710a5df52-0,,,follow-follow-date-1715831025,movie,The Burial,follow-release-date-2023-10-06,2023-10-06 00:00:00,follow-alpha-the-burial,7560,,,,,,,,,,,
2024-02-18 01:47:41,,13991889,follow,,,2024-02-18 01:47:41,1b797503-88d1-49f0-825a-70915c42cf5e,follow-1b797503-88d1-49f0-825a-70915c42cf5e-0,,,follow-follow-date-1708220861,movie,Transformers: Age of Extinction,follow-release-date-2014-07-16,2014-07-16 00:00:00,follow-alpha-transformers-age-of-extinction,9840,,,,,,,,,,,
2023-04-05 03:26:30,,13991889,follow,,,2023-04-05 03:26:30,1bd5f8f7-e114-49c8-aad3-3d649b86e832,follow-1bd5f8f7-e114-49c8-aad3-3d649b86e832-0,,,follow-follow-date-1680665190,movie,Tetris,follow-release-date-2023-03-31,2023-03-31 00:00:00,follow-alpha-tetris,7080,,,,,,,,,,,
2019-08-08 05:15:37,,13991889,follow,,,2019-08-08 05:15:37,1cc095b8-64b8-4709-9122-512d5e65ecb6,follow-1cc095b8-64b8-4709-9122-512d5e65ecb6-0,,0,follow-follow-date-1565241337,movie,The Wolf of Wall Street,,,,,,,,,,,,,,,
2019-08-10 05:57:01,,13991889,follow,,,2019-08-10 05:57:01,1ce36979-7044-447c-894d-bbc2bad766fa,follow-1ce36979-7044-447c-894d-bbc2bad766fa-0,,0,follow-follow-date-1565416621,movie,50 First Dates,,,,,,,,,,,,,,,
2021-01-03 21:41:05,,13991889,follow,,,2021-01-03 21:41:05,1cee102d-ffd9-4e44-a0f9-213182f87440,follow-1cee102d-ffd9-4e44-a0f9-213182f87440-0,,,follow-follow-date-1609710065,movie,Borat: Cultural Learnings of America for Make Benefit Glorious Nation of Kazakhstan,follow-release-date-2006-11-03,2006-11-03 00:00:00,follow-alpha-borat-cultural-learnings-of-america-for-make-benefit-glorious-nation-of-kazakhstan,,,,,,,,,,,,
2022-03-29 04:49:05,,13991889,follow,,,2022-03-29 04:49:05,1d0f574b-a686-48c2-8a90-e3fa718ed169,follow-1d0f574b-a686-48c2-8a90-e3fa718ed169-0,,,follow-follow-date-1648529345,movie,,follow-release-date-2019-05-14,2019-05-14 00:00:00,follow-alpha-the-dead-don't-die,6240,,,,,,,,,,,
2019-08-10 05:47:15,,13991889,follow,,,2019-08-10 05:47:15,1d3702a3-2863-408a-bfd8-5c8d15b5e623,follow-1d3702a3-2863-408a-bfd8-5c8d15b5e623-0,,0,follow-follow-date-1565416035,movie,Iron Man 3,,,,,,,,,,,,,,,
2019-08-10 06:07:12,,13991889,follow,,,2019-08-10 06:07:12,1d82c0f1-0836-4dcc-a2d9-0bece745c471,follow-1d82c0f1-0836-4dcc-a2d9-0bece745c471-0,,0,follow-follow-date-1565417232,movie,Jurassic World Dominion,,,,,,,,,,,,,,,
2025-10-13 00:42:52,,13991889,follow,,,2025-10-13 00:42:52,1da58856-435b-429d-a925-3b73656d3250,follow-1da58856-435b-429d-a925-3b73656d3250-0,,,follow-follow-date-1760316172,movie,The Woman in Cabin 10,follow-release-date-2025-10-10,2025-10-10 00:00:00,follow-alpha-the-woman-in-cabin-10,5760,,,,,,,,,,,
2019-08-10 05:49:21,,13991889,follow,,,2019-08-10 05:49:21,1dea4512-dc40-478f-967e-4268b9cd150e,follow-1dea4512-dc40-478f-967e-4268b9cd150e-0,,0,follow-follow-date-1565416161,movie,Pirates of the Caribbean: The Curse of the Black Pearl,,,,,,,,,,,,,,,
2024-01-29 00:40:07,,13991889,follow,,,2024-01-29 00:40:07,1deede22-d956-40e8-a144-abb369b7f81a,follow-1deede22-d956-40e8-a144-abb369b7f81a-0,,,follow-follow-date-1706488807,movie,Party Central,follow-release-date-2014-03-21,2014-03-21 00:00:00,follow-alpha-party-central,300,,,,,,,,,,,
2021-04-24 00:44:15,,13991889,follow,,,2021-04-24 00:44:15,1e898052-73ce-4ae3-af49-6bb316b9f74c,follow-1e898052-73ce-4ae3-af49-6bb316b9f74c-0,,,follow-follow-date-1619225055,movie,Stowaway,follow-release-date-2021-04-22,2021-04-22 00:00:00,follow-alpha-stowaway-,6960,,,,,,,,,,,
2020-06-22 02:36:29,,13991889,follow,,,2020-06-22 02:36:29,1ee777d0-cd13-414f-851f-249ec330edcc,follow-1ee777d0-cd13-414f-851f-249ec330edcc-0,,0,follow-follow-date-1592793389,movie,ドラゴンボールZ,,1989-06-15 00:00:00,,,,,,,,,,,,,
2019-08-10 05:47:51,,13991889,follow,,,2019-08-10 05:47:51,1f0f3d13-b7e2-4842-b079-76d83b7e22d0,follow-1f0f3d13-b7e2-4842-b079-76d83b7e22d0-0,,0,follow-follow-date-1565416071,movie,How to Train Your Dragon,,,,,,,,,,,,,,,
2020-11-04 05:06:45,,13991889,follow,,,2020-11-04 05:06:45,1f49fe0f-f7c4-44b3-945a-f6d2eee30892,follow-1f49fe0f-f7c4-44b3-945a-f6d2eee30892-0,,0,follow-follow-date-1604466405,movie,The New Mutants,,2020-08-28 00:00:00,,,,,,,,,,,,,
2019-08-10 06:02:46,,13991889,follow,,,2019-08-10 06:02:46,1f5a284a-cd0b-492a-bdd1-a10779fc4d6c,follow-1f5a284a-cd0b-492a-bdd1-a10779fc4d6c-0,,0,follow-follow-date-1565416966,movie,Happy Feet,,,,,,,,,,,,,,,
2023-06-22 00:33:03,,13991889,follow,,,2023-06-22 00:33:03,1fcd26e2-130f-4cd5-914a-201f2074e9e6,follow-1fcd26e2-130f-4cd5-914a-201f2074e9e6-0,,,follow-follow-date-1687393983,movie,Kingsman: The Golden Circle,follow-release-date-2017-09-21,2017-09-21 00:00:00,follow-alpha-kingsman-the-golden-circle,8460,,,,,,,,,,,
2020-07-17 23:44:48,,13991889,follow,,,2020-07-17 23:44:48,2103776d-2953-4a26-9160-6683b5f86c71,follow-2103776d-2953-4a26-9160-6683b5f86c71-0,,0,follow-follow-date-1595029488,movie,劇場版 進撃の巨人 Season2 ～覚醒の咆哮～,,2018-01-13 00:00:00,,,,,,,,,,,,,
2021-07-24 01:55:30,,13991889,follow,,,2021-07-24 01:55:30,21398bb4-db94-439d-a5b1-4097a48c0942,follow-21398bb4-db94-439d-a5b1-4097a48c0942-0,,,follow-follow-date-1627091730,movie,The Unholy,follow-release-date-2021-07-07,2021-07-07 00:00:00,follow-alpha-the-unholy,5940,,,,,,,,,,,
2023-12-04 03:15:59,,13991889,follow,,,2023-12-04 03:15:59,217b7fd0-cae6-48bf-b430-b66443185509,follow-217b7fd0-cae6-48bf-b430-b66443185509-0,,,follow-follow-date-1701659759,movie,ハウルの動く城,follow-release-date-2005-09-09,2005-09-09 00:00:00,follow-alpha-howl's-moving-castle,7140,,,,,,,,,,,
2019-08-10 05:56:59,,13991889,follow,,,2019-08-10 05:56:59,21d23229-3751-470a-b940-699c4f634441,follow-21d23229-3751-470a-b940-699c4f634441-0,,0,follow-follow-date-1565416619,movie,Matilda,,,,,,,,,,,,,,,
2024-01-29 00:46:31,,13991889,follow,,,2024-01-29 00:46:31,225db875-0f01-4d6b-ae26-d6fe5b2d41d3,follow-225db875-0f01-4d6b-ae26-d6fe5b2d41d3-0,,,follow-follow-date-1706489191,movie,Monsters University,follow-release-date-2013-07-06,2013-07-06 00:00:00,follow-alpha-monsters-university,6180,,,,,,,,,,,
2021-07-30 00:43:37,,13991889,follow,,,2021-07-30 00:43:37,22b68765-df57-4575-85ee-0bc34e8eda95,follow-22b68765-df57-4575-85ee-0bc34e8eda95-0,,,follow-follow-date-1627605817,movie,Fear Street: 1666,follow-release-date-2021-07-16,2021-07-16 00:00:00,follow-alpha-fear-street-1666,6840,,,,,,,,,,,
2019-08-10 05:52:33,,13991889,follow,,,2019-08-10 05:52:33,22e5ea55-f522-415a-a870-66b3b4d3c4ae,follow-22e5ea55-f522-415a-a870-66b3b4d3c4ae-0,,0,follow-follow-date-1565416353,movie,Pirates of the Caribbean: Dead Men Tell No Tales,,,,,,,,,,,,,,,
2019-08-10 05:59:56,,13991889,follow,,,2019-08-10 05:59:56,23056092-be01-4f64-a3e9-b75308d4a1bc,follow-23056092-be01-4f64-a3e9-b75308d4a1bc-0,,0,follow-follow-date-1565416796,movie,Glass,,,,,,,,,,,,,,,
2019-11-12 05:23:06,,13991889,follow,,,2019-11-12 05:23:06,232fa81f-7ae3-4000-b1a2-c421307a3dc0,follow-232fa81f-7ae3-4000-b1a2-c421307a3dc0-0,,0,follow-follow-date-1573536186,movie,Terminator 2: Judgment Day,,1991-07-03 00:00:00,,,,,,,,,,,,,
2023-07-30 03:14:16,,13991889,follow,,,2023-07-30 03:14:16,2337b137-e209-45e1-b73d-e777dd624dc3,follow-2337b137-e209-45e1-b73d-e777dd624dc3-0,,,follow-follow-date-1690686856,movie,The Dark Tower,follow-release-date-2017-08-18,2017-08-18 00:00:00,follow-alpha-the-dark-tower,5700,,,,,,,,,,,
2022-10-28 22:58:43,,13991889,follow,,,2022-10-28 22:58:43,233b8b22-f111-458c-84fb-30e4902c617a,follow-233b8b22-f111-458c-84fb-30e4902c617a-0,,,follow-follow-date-1666997923,movie,Shingeki no Kyojin OVA 3 - Konnan,follow-release-date-2014-08-08,2014-08-08 00:00:00,follow-alpha-attack-on-titan-ova-3---distress,1380,,,,,,,,,,,
2023-06-12 03:09:24,,13991889,follow,,,2023-06-12 03:09:24,234d29ce-eae4-475a-92f2-7c3e1ef28ef5,follow-234d29ce-eae4-475a-92f2-7c3e1ef28ef5-0,,,follow-follow-date-1686539364,movie,進撃の巨人 〜クロニクル〜,follow-release-date-2020-12-07,2020-12-07 00:00:00,follow-alpha-attack-on-titan-chronicle,7320,,,,,,,,,,,
2022-08-20 00:03:22,,13991889,follow,,,2022-08-20 00:03:22,2355f5a2-058e-468c-931d-1da1849e83c3,follow-2355f5a2-058e-468c-931d-1da1849e83c3-0,,,follow-follow-date-1660953802,movie,Vivarium,follow-release-date-2020-03-11,2020-03-11 00:00:00,follow-alpha-vivarium,5820,,,,,,,,,,,
2019-08-10 06:05:16,,13991889,follow,,,2019-08-10 06:05:16,2385a2eb-5989-4cd8-839b-f5a81e99eb7c,follow-2385a2eb-5989-4cd8-839b-f5a81e99eb7c-0,,0,follow-follow-date-1565417116,movie,Mary Poppins,,,,,,,,,,,,,,,
2021-07-22 04:41:48,,13991889,follow,,,2021-07-22 04:41:48,23cbb3d9-91e5-4f0c-9d23-db249edc7ba3,follow-23cbb3d9-91e5-4f0c-9d23-db249edc7ba3-0,,,follow-follow-date-1626928908,movie,One Day,follow-release-date-2011-08-24,2011-08-24 00:00:00,follow-alpha-one-day,6420,,,,,,,,,,,
2023-06-12 03:09:44,,13991889,follow,,,2023-06-12 03:09:44,23e213f0-2c72-4de4-abd2-66b6b23ad4cf,follow-23e213f0-2c72-4de4-abd2-66b6b23ad4cf-0,,,follow-follow-date-1686539384,movie,この素晴らしい世界に祝福を！紅伝説,follow-release-date-2019-08-30,2019-08-30 00:00:00,follow-alpha-konosuba-god's-blessing-on-this-wonderful-world-legend-of-crimson,5400,,,,,,,,,,,
2022-01-22 01:19:00,,13991889,follow,,,2022-01-22 01:19:00,2401c129-f13a-4cff-b61a-51a1b1b22300,follow-2401c129-f13a-4cff-b61a-51a1b1b22300-0,,,follow-follow-date-1642814340,movie,The Clovehitch Killer,follow-release-date-2018-11-16,2018-11-16 00:00:00,follow-alpha-the-clovehitch-killer,6540,,,,,,,,,,,
2023-02-26 01:02:05,,13991889,follow,,,2023-02-26 01:02:05,2460c290-6b6a-4939-9724-c746227d12e6,follow-2460c290-6b6a-4939-9724-c746227d12e6-0,,,follow-follow-date-1677373325,movie,Winnie-the-Pooh: Blood and Honey,follow-release-date-2023-02-15,2023-02-15 00:00:00,follow-alpha-winnie-the-pooh-blood-and-honey,6000,,,,,,,,,,,
2020-02-12 05:27:34,,13991889,follow,,,2020-02-12 05:27:34,24cec51c-0303-45b2-a4bb-295eb309cafd,follow-24cec51c-0303-45b2-a4bb-295eb309cafd-0,,0,follow-follow-date-1581485254,movie,"South Park: Bigger, Longer & Uncut",,1999-06-30 00:00:00,,,,,,,,,,,,,
2020-04-15 21:12:14,,13991889,follow,,,2020-04-15 21:12:14,2514254e-33cc-4a47-ac4b-b93456af0d2b,follow-2514254e-33cc-4a47-ac4b-b93456af0d2b-0,,0,follow-follow-date-1586985134,movie,Ben 10/Generator Rex: Heroes United,,2011-11-25 00:00:00,,,,,,,,,,,,,
2022-07-16 03:29:36,,13991889,follow,,,2022-07-16 03:29:36,25b44cdb-2be6-4b08-8d81-5f6588b768ef,follow-25b44cdb-2be6-4b08-8d81-5f6588b768ef-0,,,follow-follow-date-1657942176,movie,When the Bough Breaks,follow-release-date-2016-09-09,2016-09-09 00:00:00,follow-alpha-when-the-bough-breaks,5820,,,,,,,,,,,
2021-02-16 23:28:01,,13991889,follow,,,2021-02-16 23:28:01,25d72184-f66a-4965-a647-8cbd74c2db59,follow-25d72184-f66a-4965-a647-8cbd74c2db59-0,,,follow-follow-date-1613518081,movie,劇場版「鬼滅の刃」 無限列車編,follow-release-date-2020-10-16,2020-10-16 00:00:00,follow-alpha-demon-slayer-infinity-train,,,,,,,,,,,,
2020-02-01 20:11:52,,13991889,follow,,,2020-02-01 20:11:52,266f2f39-0e5a-444e-9f1d-427ce0765cd0,follow-266f2f39-0e5a-444e-9f1d-427ce0765cd0-0,,0,follow-follow-date-1580587912,movie,Vivir dos veces,,2020-01-07 00:00:00,,,,,,,,,,,,,
2019-08-10 06:02:36,,13991889,follow,,,2019-08-10 06:02:36,26b1fbf9-c2d6-4760-85b0-446a7018efcf,follow-26b1fbf9-c2d6-4760-85b0-446a7018efcf-0,,0,follow-follow-date-1565416956,movie,Need for Speed,,,,,,,,,,,,,,,
2022-09-26 00:46:31,,13991889,follow,,,2022-09-26 00:46:31,270a9911-232c-4fff-8bb6-11bd4a7f98d9,follow-270a9911-232c-4fff-8bb6-11bd4a7f98d9-0,,,follow-follow-date-1664153191,movie,Za duży na bajki,follow-release-date-2022-03-18,2022-03-18 00:00:00,follow-alpha-too-old-for-fairy-tales,6360,,,,,,,,,,,
2026-03-14 23:52:43,,13991889,follow,,,2026-03-14 23:52:43,27339d21-6e35-40dd-9b94-60307e623813,follow-27339d21-6e35-40dd-9b94-60307e623813-0,,,follow-follow-date-1773532363,movie,My Fault: London,follow-release-date-2025-02-13,2025-02-13 00:00:00,follow-alpha-my-fault-london,7260,,,,,,,,,,,
2019-08-10 05:57:58,,13991889,follow,,,2019-08-10 05:57:58,277b281e-ffff-4648-bbc0-2aea4a64290a,follow-277b281e-ffff-4648-bbc0-2aea4a64290a-0,,0,follow-follow-date-1565416678,movie,The Hangover Part II,,,,,,,,,,,,,,,
2021-08-16 04:05:52,,13991889,follow,,,2021-08-16 04:05:52,27fa3d0c-a2cb-47f7-b23e-dda689eaeca5,follow-27fa3d0c-a2cb-47f7-b23e-dda689eaeca5-0,,,follow-follow-date-1629086752,movie,Furious 7,follow-release-date-2015-04-02,2015-04-02 00:00:00,follow-alpha-furious-7,8220,,,,,,,,,,,
2019-08-10 05:47:56,,13991889,follow,,,2019-08-10 05:47:56,28acf519-c2c7-48e7-a094-b036fd551abe,follow-28acf519-c2c7-48e7-a094-b036fd551abe-0,,0,follow-follow-date-1565416076,movie,X-Men: Apocalypse,,,,,,,,,,,,,,,
2021-06-27 02:14:13,,13991889,follow,,,2021-06-27 02:14:13,28d66f14-4de1-43e5-aa06-3f7a718e9776,follow-28d66f14-4de1-43e5-aa06-3f7a718e9776-0,,,follow-follow-date-1624760053,movie,The 100 Candles Game,follow-release-date-2021-03-25,2021-03-25 00:00:00,follow-alpha-the-100-candles-game,6000,,,,,,,,,,,
2020-10-17 04:30:07,,13991889,follow,,,2020-10-17 04:30:07,29267b84-a5cd-4e25-b72f-5fc4b2adcd6b,follow-29267b84-a5cd-4e25-b72f-5fc4b2adcd6b-0,,0,follow-follow-date-1602909007,movie,Death at a Funeral,,2010-04-15 00:00:00,,,,,,,,,,,,,
2022-04-14 02:10:35,,13991889,follow,,,2022-04-14 02:10:35,29325fae-877b-4c14-bd06-deb1cd4ee18d,follow-29325fae-877b-4c14-bd06-deb1cd4ee18d-0,,,follow-follow-date-1649902235,movie,Sonic the Hedgehog 2,follow-release-date-2022-04-08,2022-04-08 00:00:00,follow-alpha-sonic-the-hedgehog-2,5400,,,,,,,,,,,
2020-03-31 16:10:49,,13991889,follow,,,2020-03-31 16:10:49,29741e0b-a785-4795-bd29-cb065727a893,follow-29741e0b-a785-4795-bd29-cb065727a893-0,,0,follow-follow-date-1585671049,movie,Ben 10: Destroy All Aliens,,2012-03-11 00:00:00,,,,,,,,,,,,,
2019-08-10 05:53:33,,13991889,follow,,,2019-08-10 05:53:33,29b21b72-989d-46d2-838f-b16a6ff305f6,follow-29b21b72-989d-46d2-838f-b16a6ff305f6-0,,0,follow-follow-date-1565416413,movie,I Am Number Four,,,,,,,,,,,,,,,
2019-08-10 05:50:02,,13991889,follow,,,2019-08-10 05:50:02,29d4a9a1-6d12-4428-aae7-857194f69951,follow-29d4a9a1-6d12-4428-aae7-857194f69951-0,,0,follow-follow-date-1565416202,movie,Kung Fu Panda,,,,,,,,,,,,,,,
2019-08-10 05:53:21,,13991889,follow,,,2019-08-10 05:53:21,29f4e554-11c9-457a-8466-b2cd957d7e9a,follow-29f4e554-11c9-457a-8466-b2cd957d7e9a-0,,0,follow-follow-date-1565416401,movie,Pokémon Detective Pikachu,,,,,,,,,,,,,,,
2020-07-17 23:44:31,,13991889,follow,,,2020-07-17 23:44:31,2a12ce7e-2667-4ed5-955c-2fd237218023,follow-2a12ce7e-2667-4ed5-955c-2fd237218023-0,,0,follow-follow-date-1595029471,movie,進撃の巨人 ATTACK ON TITAN,,2015-08-12 00:00:00,,,,,,,,,,,,,
2020-09-22 22:48:19,,13991889,follow,,,2020-09-22 22:48:19,2b4f4a20-5b50-4e37-ba43-535ef10d385b,follow-2b4f4a20-5b50-4e37-ba43-535ef10d385b-0,,0,follow-follow-date-1600814899,movie,The Simpsons 20th Anniversary Special – In 3-D! On Ice!,,2010-01-10 00:00:00,,,,,,,,,,,,,
2019-08-10 05:54:53,,13991889,follow,,,2019-08-10 05:54:53,2b5e8976-9b03-4294-9583-1d5ef72452fc,follow-2b5e8976-9b03-4294-9583-1d5ef72452fc-0,,0,follow-follow-date-1565416493,movie,John Wick: Chapter 2,,,,,,,,,,,,,,,
2026-04-02 17:31:16,,13991889,follow,,,2026-04-02 17:31:16,2b688d44-6c1c-44f2-993c-f46111e59b84,follow-2b688d44-6c1c-44f2-993c-f46111e59b84-0,,,follow-follow-date-1775151076,movie,The Super Mario Galaxy Movie,follow-release-date-2026-04-01,2026-04-01 00:00:00,follow-alpha-the-super-mario-galaxy-movie,5880,,,,,,,,,,,
2019-08-08 05:18:46,,13991889,follow,,,2019-08-08 05:18:46,2c41a188-b550-44be-bb6b-c0d1c9604744,follow-2c41a188-b550-44be-bb6b-c0d1c9604744-0,,0,follow-follow-date-1565241526,movie,Harry Potter and the Deathly Hallows: Part 2,,,,,,,,,,,,,,,
2026-03-11 23:44:13,,13991889,follow,,,2026-03-11 23:44:13,2ce81936-84d9-4674-b425-8e3d617e3cc6,follow-2ce81936-84d9-4674-b425-8e3d617e3cc6-0,,,follow-follow-date-1773272653,movie,Mr. Holmes,follow-release-date-2015-06-19,2015-06-19 00:00:00,follow-alpha-mr-holmes,6180,,,,,,,,,,,
2019-08-10 05:51:45,,13991889,follow,,,2019-08-10 05:51:45,2d4ab44f-b844-4feb-a20a-634b6d586a02,follow-2d4ab44f-b844-4feb-a20a-634b6d586a02-0,,0,follow-follow-date-1565416305,movie,How the Grinch Stole Christmas,,,,,,,,,,,,,,,
2019-08-08 05:11:35,,13991889,follow,,,2019-08-08 05:11:35,2e666bb9-2be6-4022-9653-1ca09503339c,follow-2e666bb9-2be6-4022-9653-1ca09503339c-0,,0,follow-follow-date-1565241095,movie,Airplane!,,,,,,,,,,,,,,,
2025-11-08 15:53:34,,13991889,follow,,,2025-11-08 15:53:34,2e98b178-85dd-49db-b8b4-e4b4437dcb83,follow-2e98b178-85dd-49db-b8b4-e4b4437dcb83-0,,,follow-follow-date-1762617214,movie,Frankenstein,follow-release-date-2025-10-17,2025-10-17 00:00:00,follow-alpha-frankenstein,9180,,,,,,,,,,,
2019-08-10 05:52:19,,13991889,follow,,,2019-08-10 05:52:19,2f0e0702-f693-4adb-a0e0-1e175483cfae,follow-2f0e0702-f693-4adb-a0e0-1e175483cfae-0,,0,follow-follow-date-1565416339,movie,Ice Age: Dawn of the Dinosaurs,,,,,,,,,,,,,,,
2019-08-10 05:54:38,,13991889,follow,,,2019-08-10 05:54:38,2f666ff0-5151-484e-a6a5-799c59ffdcc7,follow-2f666ff0-5151-484e-a6a5-799c59ffdcc7-0,,0,follow-follow-date-1565416478,movie,Annabelle,,,,,,,,,,,,,,,
2023-06-10 12:11:02,,13991889,follow,,,2023-06-10 12:11:02,2f6cfd70-9bc6-49f1-b8e7-469004bd11df,follow-2f6cfd70-9bc6-49f1-b8e7-469004bd11df-0,,,follow-follow-date-1686399062,movie,Spider-Man: Across the Spider-Verse,follow-release-date-2023-06-02,2023-06-02 00:00:00,follow-alpha-spider-man-across-the-spider-verse,8400,,,,,,,,,,,
2024-02-26 00:33:14,,13991889,follow,,,2024-02-26 00:33:14,2fce4cfb-e935-47b4-8db5-48a30b0df9be,follow-2fce4cfb-e935-47b4-8db5-48a30b0df9be-0,,,follow-follow-date-1708907594,movie,Upgraded,follow-release-date-2024-02-09,2024-02-09 00:00:00,follow-alpha-upgraded,6240,,,,,,,,,,,
2020-02-12 05:26:10,,13991889,follow,,,2020-02-12 05:26:10,301bcebe-f4b1-4d93-9223-14196702f5b4,follow-301bcebe-f4b1-4d93-9223-14196702f5b4-0,,0,follow-follow-date-1581485170,movie,Futurama: Bender's Game,,2008-11-03 00:00:00,,,,,,,,,,,,,
2021-06-06 01:15:17,,13991889,follow,,,2021-06-06 01:15:17,30589ea9-67c9-4898-96cb-95891ab80fbe,follow-30589ea9-67c9-4898-96cb-95891ab80fbe-0,,,follow-follow-date-1622942117,movie,2067,follow-release-date-2021-02-17,2021-02-17 00:00:00,follow-alpha-2067,6840,,,,,,,,,,,
2019-08-08 05:09:42,,13991889,follow,,,2019-08-08 05:09:42,3067f4f8-c34d-4a10-a869-6c08557e869c,follow-3067f4f8-c34d-4a10-a869-6c08557e869c-0,,0,follow-follow-date-1565240982,movie,Deadpool,,,,,,,,,,,,,,,
2019-08-10 05:43:59,,13991889,follow,,,2019-08-10 05:43:59,30ecc384-0bd3-48bd-8f95-07d661ce6c38,follow-30ecc384-0bd3-48bd-8f95-07d661ce6c38-0,,0,follow-follow-date-1565415839,movie,Twilight,,,,,,,,,,,,,,,
2019-08-10 06:02:21,,13991889,follow,,,2019-08-10 06:02:21,30f3a523-d7a2-4999-8c54-893b2cf11937,follow-30f3a523-d7a2-4999-8c54-893b2cf11937-0,,0,follow-follow-date-1565416941,movie,The Mummy,,,,,,,,,,,,,,,
2019-08-10 05:55:00,,13991889,follow,,,2019-08-10 05:55:00,31640f32-5d06-4f25-8b64-fdb548349a03,follow-31640f32-5d06-4f25-8b64-fdb548349a03-0,,0,follow-follow-date-1565416500,movie,Night at the Museum: Battle of the Smithsonian,,,,,,,,,,,,,,,
2022-08-15 03:48:26,,13991889,follow,,,2022-08-15 03:48:26,3272c42d-5df6-4b5a-b902-6b5e13660495,follow-3272c42d-5df6-4b5a-b902-6b5e13660495-0,,,follow-follow-date-1660535306,movie,Day Shift,follow-release-date-2022-08-12,2022-08-12 00:00:00,follow-alpha-day-shift,6780,,,,,,,,,,,
2019-08-10 05:49:30,,13991889,follow,,,2019-08-10 05:49:30,32e7f2a3-0012-4b09-b250-36ac5e3e5595,follow-32e7f2a3-0012-4b09-b250-36ac5e3e5595-0,,0,follow-follow-date-1565416170,movie,A Quiet Place,,,,,,,,,,,,,,,
2020-06-22 02:36:26,,13991889,follow,,,2020-06-22 02:36:26,3393bac6-a0d5-4327-9f0a-10cbede45a54,follow-3393bac6-a0d5-4327-9f0a-10cbede45a54-0,,0,follow-follow-date-1592793386,movie,ドラゴンボールZ 絶望への反抗!!残された超戦士・悟飯とトランクス,,1993-02-24 00:00:00,,,,,,,,,,,,,
2019-08-10 05:45:38,,13991889,follow,,,2019-08-10 05:45:38,3399b307-eb8c-4f55-a47b-2c87c429542e,follow-3399b307-eb8c-4f55-a47b-2c87c429542e-0,,0,follow-follow-date-1565415938,movie,Fantastic Beasts and Where to Find Them,,,,,,,,,,,,,,,
2019-08-10 05:48:36,,13991889,follow,,,2019-08-10 05:48:36,33a5696a-ccd0-4e8d-b8c7-5733f6a182b4,follow-33a5696a-ccd0-4e8d-b8c7-5733f6a182b4-0,,0,follow-follow-date-1565416116,movie,Zootopia,,,,,,,,,,,,,,,
2019-08-10 05:49:03,,13991889,follow,,,2019-08-10 05:49:03,33be00a7-655d-4e9f-9b35-393873a7001b,follow-33be00a7-655d-4e9f-9b35-393873a7001b-0,,0,follow-follow-date-1565416143,movie,WALL·E,,,,,,,,,,,,,,,
2019-08-10 05:57:48,,13991889,follow,,,2019-08-10 05:57:48,33cacb57-5243-4b6d-86fc-5d4f3fb9f5f4,follow-33cacb57-5243-4b6d-86fc-5d4f3fb9f5f4-0,,0,follow-follow-date-1565416668,movie,Johnny English Strikes Again,,,,,,,,,,,,,,,
2019-08-10 05:57:38,,13991889,follow,,,2019-08-10 05:57:38,33cf67a7-6d4e-44c8-8424-0e90c73137d0,follow-33cf67a7-6d4e-44c8-8424-0e90c73137d0-0,,0,follow-follow-date-1565416658,movie,White Chicks,,,,,,,,,,,,,,,
2024-01-01 04:01:08,,13991889,follow,,,2024-01-01 04:01:08,34200f2e-6359-4384-8982-8fbf98ccbe88,follow-34200f2e-6359-4384-8982-8fbf98ccbe88-0,,,follow-follow-date-1704081668,movie,Rebel Moon Part 1: A Child of Fire,follow-release-date-2023-12-22,2023-12-22 00:00:00,follow-alpha-rebel-moon-–-part-one-a-child-of-fire,8160,,,,,,,,,,,
2020-02-12 05:26:15,,13991889,follow,,,2020-02-12 05:26:15,343ca699-0d11-40c7-9f5e-9af5d0bf913a,follow-343ca699-0d11-40c7-9f5e-9af5d0bf913a-0,,0,follow-follow-date-1581485175,movie,Futurama: Bender's Big Score,,2007-11-27 00:00:00,,,,,,,,,,,,,
2019-08-10 06:07:29,,13991889,follow,,,2019-08-10 06:07:29,34a3e2ed-e29b-4221-9d2b-c5b2383061cf,follow-34a3e2ed-e29b-4221-9d2b-c5b2383061cf-0,,0,follow-follow-date-1565417249,movie,Rise of the Planet of the Apes,,,,,,,,,,,,,,,
2019-08-10 05:43:43,,13991889,follow,,,2019-08-10 05:43:43,3577ca1c-ee06-4e71-b380-5b98697c50cb,follow-3577ca1c-ee06-4e71-b380-5b98697c50cb-0,,0,follow-follow-date-1565415823,movie,Captain America: The Winter Soldier,,,,,,,,,,,,,,,
2019-08-08 05:16:12,,13991889,follow,,,2019-08-08 05:16:12,35d392d8-8616-4be4-a2cd-4122781a4090,follow-35d392d8-8616-4be4-a2cd-4122781a4090-0,,0,follow-follow-date-1565241372,movie,Finding Nemo,,,,,,,,,,,,,,,
2019-09-14 05:00:55,,13991889,follow,,,2019-09-14 05:00:55,35de35a0-30a3-459f-bae0-32a5e26b2f17,follow-35de35a0-30a3-459f-bae0-32a5e26b2f17-0,,0,follow-follow-date-1568437255,movie,Fifty Shades of Black,,2016-01-28 00:00:00,,,,,,,,,,,,,
2021-10-08 02:37:30,,13991889,follow,,,2021-10-08 02:37:30,35fa9a97-7b22-41b5-8a6b-f9a969585d60,follow-35fa9a97-7b22-41b5-8a6b-f9a969585d60-0,,,follow-follow-date-1633660650,movie,KATE,follow-release-date-2021-09-10,2021-09-10 00:00:00,follow-alpha-kate,6360,,,,,,,,,,,
2023-07-30 05:29:22,,13991889,follow,,,2023-07-30 05:29:22,362ba83b-37da-45b8-b597-0816b2b02d3c,follow-362ba83b-37da-45b8-b597-0816b2b02d3c-0,,,follow-follow-date-1690694962,movie,The Beanie Bubble,follow-release-date-2023-07-28,2023-07-28 00:00:00,follow-alpha-the-beanie-bubble,6600,,,,,,,,,,,
2021-11-23 06:09:35,,13991889,follow,,,2021-11-23 06:09:35,367e1269-4e8e-4e79-80a0-5246091803cf,follow-367e1269-4e8e-4e79-80a0-5246091803cf-0,,,follow-follow-date-1637647775,movie,Eternals,follow-release-date-2021-11-04,2021-11-04 00:00:00,follow-alpha-eternals,9420,,,,,,,,,,,
2024-10-01 15:12:27,,13991889,follow,,,2024-10-01 15:12:27,368ab60c-7c64-4d99-86a0-d82ea1a99546,follow-368ab60c-7c64-4d99-86a0-d82ea1a99546-0,,,follow-follow-date-1727795547,movie,The Substance,follow-release-date-2024-09-19,2024-09-19 00:00:00,follow-alpha-the-substance,8400,,,,,,,,,,,
2019-08-10 06:05:56,,13991889,follow,,,2019-08-10 06:05:56,370cba4d-72f3-4e8d-bdaf-17c963df1fda,follow-370cba4d-72f3-4e8d-bdaf-17c963df1fda-0,,0,follow-follow-date-1565417156,movie,Eragon,,,,,,,,,,,,,,,
2022-08-28 01:58:18,,13991889,follow,,,2022-08-28 01:58:18,370d5c3d-1a7e-4064-bd7c-4a6201c4f68a,follow-370d5c3d-1a7e-4064-bd7c-4a6201c4f68a-0,,,follow-follow-date-1661651898,movie,Me Time,follow-release-date-2022-08-26,2022-08-26 00:00:00,follow-alpha-me-time,6060,,,,,,,,,,,
2019-08-08 05:10:14,,13991889,follow,,,2019-08-08 05:10:14,377b5958-f7f1-4436-bfb6-c5ac0d3900c4,follow-377b5958-f7f1-4436-bfb6-c5ac0d3900c4-0,,0,follow-follow-date-1565241014,movie,Wonder Woman,,,,,,,,,,,,,,,
2020-11-22 01:36:41,,13991889,follow,,,2020-11-22 01:36:41,378619be-c336-4907-8ebe-0e8081b33b35,follow-378619be-c336-4907-8ebe-0e8081b33b35-0,,,follow-follow-date-1606009001,movie,The Witch,follow-release-date-2016-02-19,2016-02-19 00:00:00,follow-alpha-the-witch,,,,,,,,,,,,
2019-08-10 05:48:45,,13991889,follow,,,2019-08-10 05:48:45,37a25045-d72e-4c7f-9400-19dcf8eb8b6c,follow-37a25045-d72e-4c7f-9400-19dcf8eb8b6c-0,,0,follow-follow-date-1565416125,movie,Spider-Man 3,,,,,,,,,,,,,,,
2019-08-10 05:59:26,,13991889,follow,,,2019-08-10 05:59:26,37fe11dc-0800-469e-a50c-3e5cfe885364,follow-37fe11dc-0800-469e-a50c-3e5cfe885364-0,,0,follow-follow-date-1565416766,movie,Dumbo,,,,,,,,,,,,,,,
2024-05-25 04:10:06,,13991889,follow,,,2024-05-25 04:10:06,38588dcf-3073-4d37-ba66-c3dc740621be,follow-38588dcf-3073-4d37-ba66-c3dc740621be-0,,,follow-follow-date-1716610206,movie,The Beekeeper,follow-release-date-2024-01-12,2024-01-12 00:00:00,follow-alpha-the-beekeeper,6300,,,,,,,,,,,
2019-08-10 05:55:19,,13991889,follow,,,2019-08-10 05:55:19,385e8413-a9b8-4438-930c-a9a0c7794f67,follow-385e8413-a9b8-4438-930c-a9a0c7794f67-0,,0,follow-follow-date-1565416519,movie,The Wolverine,,,,,,,,,,,,,,,
2019-08-10 05:56:49,,13991889,follow,,,2019-08-10 05:56:49,388c09cf-4e0f-4c2a-9b6f-fb1a998af246,follow-388c09cf-4e0f-4c2a-9b6f-fb1a998af246-0,,0,follow-follow-date-1565416609,movie,Hotel Transylvania 3: Summer Vacation,,,,,,,,,,,,,,,
2019-08-10 05:58:47,,13991889,follow,,,2019-08-10 05:58:47,3894d7ea-04b7-446f-ac04-cd593e1b3951,follow-3894d7ea-04b7-446f-ac04-cd593e1b3951-0,,0,follow-follow-date-1565416727,movie,Fifty Shades of Grey,,,,,,,,,,,,,,,
2019-08-10 05:51:29,,13991889,follow,,,2019-08-10 05:51:29,39015588-a5e4-4258-a1d7-4ec55664ff42,follow-39015588-a5e4-4258-a1d7-4ec55664ff42-0,,0,follow-follow-date-1565416289,movie,Cars,,,,,,,,,,,,,,,
2019-08-08 05:10:37,,13991889,follow,,,2019-08-08 05:10:37,398a37af-09b6-4abb-8901-6279ece8e66e,follow-398a37af-09b6-4abb-8901-6279ece8e66e-0,,0,follow-follow-date-1565241037,movie,The Lord of the Rings: The Fellowship of the Ring,,,,,,,,,,,,,,,
2021-04-24 00:46:33,,13991889,follow,,,2021-04-24 00:46:33,39ca55ba-2667-43ba-bb7b-08b6e3d96fba,follow-39ca55ba-2667-43ba-bb7b-08b6e3d96fba-0,,,follow-follow-date-1619225193,movie,Steins;Gate OVA - Kyoukaimenjou no Missing Link - Divide By Zero,follow-release-date-2015-12-03,2015-12-03 00:00:00,follow-alpha--steins;gate-ova---open-the-missing-link---divide-by-zero,1440,,,,,,,,,,,
2019-08-10 05:47:41,,13991889,follow,,,2019-08-10 05:47:41,3b0539c3-f544-4d57-a066-f63614f94570,follow-3b0539c3-f544-4d57-a066-f63614f94570-0,,0,follow-follow-date-1565416061,movie,Beauty and the Beast,,,,,,,,,,,,,,,
2019-08-10 06:02:09,,13991889,follow,,,2019-08-10 06:02:09,3b2e6dcb-ddb8-4fd3-9e52-323fbbb90f90,follow-3b2e6dcb-ddb8-4fd3-9e52-323fbbb90f90-0,,0,follow-follow-date-1565416929,movie,Nerve,,,,,,,,,,,,,,,
2024-10-01 15:12:04,,13991889,follow,,,2024-10-01 15:12:04,3b40d461-69b6-4303-b1fe-07f1545894c7,follow-3b40d461-69b6-4303-b1fe-07f1545894c7-0,,,follow-follow-date-1727795524,movie,Uglies,follow-release-date-2024-09-13,2024-09-13 00:00:00,follow-alpha-uglies,6120,,,,,,,,,,,
2019-08-10 05:48:29,,13991889,follow,,,2019-08-10 05:48:29,3bc5166e-0b1a-4322-94f8-ee71639654ce,follow-3bc5166e-0b1a-4322-94f8-ee71639654ce-0,,0,follow-follow-date-1565416109,movie,Big Hero 6,,,,,,,,,,,,,,,
2019-11-20 04:54:47,,13991889,follow,,,2019-11-20 04:54:47,3cbb1c4e-5cb1-41ef-8a22-e9b5ee344b8d,follow-3cbb1c4e-5cb1-41ef-8a22-e9b5ee344b8d-0,,0,follow-follow-date-1574225687,movie,Shaun of the Dead,,2004-04-09 00:00:00,,,,,,,,,,,,,
2019-08-14 23:38:01,,13991889,follow,,,2019-08-14 23:38:01,3cdac52b-03a0-4c4b-b562-6c83f407f0e7,follow-3cdac52b-03a0-4c4b-b562-6c83f407f0e7-0,,0,follow-follow-date-1565825881,movie,Horrible Bosses,,,,,,,,,,,,,,,
2023-05-14 02:27:26,,13991889,follow,,,2023-05-14 02:27:26,3d076228-8b17-43cd-9b7f-31208843f139,follow-3d076228-8b17-43cd-9b7f-31208843f139-0,,,follow-follow-date-1684031246,movie,Air,follow-release-date-2023-05-12,2023-05-12 00:00:00,follow-alpha-air,6720,,,,,,,,,,,
2019-08-10 05:46:18,,13991889,follow,,,2019-08-10 05:46:18,3d914e7d-1718-45c3-ad42-689573bc0d38,follow-3d914e7d-1718-45c3-ad42-689573bc0d38-0,,0,follow-follow-date-1565415978,movie,Batman v Superman: Dawn of Justice,,,,,,,,,,,,,,,
2021-03-29 14:43:56,,13991889,follow,,,2021-03-29 14:43:56,3d9af89d-c6bf-4f3a-b91e-e5587302b6ef,follow-3d9af89d-c6bf-4f3a-b91e-e5587302b6ef-0,,,follow-follow-date-1617029036,movie,Zack Snyder's Justice League,follow-release-date-2021-03-18,2021-03-18 00:00:00,follow-alpha-zack-snyder's-justice-league,,,,,,,,,,,,
2019-08-10 05:50:39,,13991889,follow,,,2019-08-10 05:50:39,3dbedcde-de8f-4fbc-9165-c64c2ddbf82a,follow-3dbedcde-de8f-4fbc-9165-c64c2ddbf82a-0,,0,follow-follow-date-1565416239,movie,The Princess Diaries,,,,,,,,,,,,,,,
2023-06-10 12:11:54,,13991889,follow,,,2023-06-10 12:11:54,3dd8c862-791f-45c5-adb3-de37e7378266,follow-3dd8c862-791f-45c5-adb3-de37e7378266-0,,,follow-follow-date-1686399114,movie,Avengers: Doomsday,follow-release-date-2025-05-02,2025-05-02 00:00:00,follow-alpha-avengers-the-kang-dynasty,,,,,,,,,,,,
2019-08-10 05:57:43,,13991889,follow,,,2019-08-10 05:57:43,3e052059-2f1d-4982-a5c2-56292cae837e,follow-3e052059-2f1d-4982-a5c2-56292cae837e-0,,0,follow-follow-date-1565416663,movie,Scary Movie,,,,,,,,,,,,,,,
2020-06-25 00:16:48,,13991889,follow,,,2020-06-25 00:16:48,3e714958-1e05-47e5-8cb6-595ca3ce4dce,follow-3e714958-1e05-47e5-8cb6-595ca3ce4dce-0,,0,follow-follow-date-1593044208,movie,トレーニング・オブ・ザ・デッド,,2017-06-02 00:00:00,,,,,,,,,,,,,
2019-08-10 05:50:29,,13991889,follow,,,2019-08-10 05:50:29,3e97ce2d-262b-4c1f-8612-6617664e5778,follow-3e97ce2d-262b-4c1f-8612-6617664e5778-0,,0,follow-follow-date-1565416229,movie,Night at the Museum,,,,,,,,,,,,,,,
2019-08-08 05:11:03,,13991889,follow,,,2019-08-08 05:11:03,3e9efaa3-41f7-4380-9ed5-9541537b63aa,follow-3e9efaa3-41f7-4380-9ed5-9541537b63aa-0,,0,follow-follow-date-1565241063,movie,Thor,,,,,,,,,,,,,,,
2019-08-10 05:59:47,,13991889,follow,,,2019-08-10 05:59:47,3f0cd3f5-a89a-45a6-9e59-e1806b04068a,follow-3f0cd3f5-a89a-45a6-9e59-e1806b04068a-0,,0,follow-follow-date-1565416787,movie,Alvin and the Chipmunks,,,,,,,,,,,,,,,
2019-08-10 06:02:30,,13991889,follow,,,2019-08-10 06:02:30,3f3601ce-80dc-4569-80b3-16027a061c4b,follow-3f3601ce-80dc-4569-80b3-16027a061c4b-0,,0,follow-follow-date-1565416950,movie,Mission: Impossible – Ghost Protocol,,,,,,,,,,,,,,,
2019-08-14 23:36:25,,13991889,follow,,,2019-08-14 23:36:25,409c29e8-8daf-41bd-843a-8a217320d374,follow-409c29e8-8daf-41bd-843a-8a217320d374-0,,0,follow-follow-date-1565825785,movie,Mr. Nobody,,,,,,,,,,,,,,,
2019-08-08 05:18:02,,13991889,follow,,,2019-08-08 05:18:02,40b1a8ca-b35c-451f-9dfd-2c4186bae401,follow-40b1a8ca-b35c-451f-9dfd-2c4186bae401-0,,0,follow-follow-date-1565241482,movie,Guardians of the Galaxy Vol. 3,,,,,,,,,,,,,,,
2022-08-21 02:56:35,,13991889,follow,,,2022-08-21 02:56:35,40b96671-4bc7-490a-afc8-ef6812dd317e,follow-40b96671-4bc7-490a-afc8-ef6812dd317e-0,,,follow-follow-date-1661050595,movie,The Perfect Guy,follow-release-date-2015-09-11,2015-09-11 00:00:00,follow-alpha-the-perfect-guy,6000,,,,,,,,,,,
2023-05-26 02:39:40,,13991889,follow,,,2023-05-26 02:39:40,40f51d30-e41e-4637-a7d1-b2245acdc09a,follow-40f51d30-e41e-4637-a7d1-b2245acdc09a-0,,,follow-follow-date-1685068780,movie,Home Sweet Hell,follow-release-date-2015-03-13,2015-03-13 00:00:00,follow-alpha-home-sweet-hell,5880,,,,,,,,,,,
2023-02-26 01:07:09,,13991889,follow,,,2023-02-26 01:07:09,4144a76e-38a3-4554-8249-46178d60713a,follow-4144a76e-38a3-4554-8249-46178d60713a-0,,,follow-follow-date-1677373629,movie,Nobody,follow-release-date-2021-05-21,2021-05-21 00:00:00,follow-alpha-nobody,5520,,,,,,,,,,,
2023-12-31 01:35:55,,13991889,follow,,,2023-12-31 01:35:55,418ee8ed-a163-449e-85d1-b8944a9137af,follow-418ee8ed-a163-449e-85d1-b8944a9137af-0,,,follow-follow-date-1703986555,movie,ゴジラ-1.0,follow-release-date-2023-12-01,2023-12-01 00:00:00,follow-alpha-godzilla-minus-one,7500,,,,,,,,,,,
2023-06-12 03:09:33,,13991889,follow,,,2023-06-12 03:09:33,41ad9652-fd24-4cbd-b485-a921d7e4539e,follow-41ad9652-fd24-4cbd-b485-a921d7e4539e-0,,,follow-follow-date-1686539373,movie,進撃の巨人 - 悔いなき選択 前編,follow-release-date-2014-12-09,2014-12-09 00:00:00,follow-alpha-attack-on-titan-ova-4---a-choice-with-no-regrets-(part-1),1620,,,,,,,,,,,
2019-08-10 05:58:00,,13991889,follow,,,2019-08-10 05:58:00,4211c259-0daf-4ebf-8848-4e06623de07c,follow-4211c259-0daf-4ebf-8848-4e06623de07c-0,,0,follow-follow-date-1565416680,movie,Enchanted,,,,,,,,,,,,,,,
2020-08-19 22:02:03,,13991889,follow,,,2020-08-19 22:02:03,421f69c1-195e-433f-a64b-6191a3db7524,follow-421f69c1-195e-433f-a64b-6191a3db7524-0,,0,follow-follow-date-1597874523,movie,Time Trap,,2020-08-14 00:00:00,,,,,,,,,,,,,
2019-08-10 06:05:38,,13991889,follow,,,2019-08-10 06:05:38,42212253-cdec-4f77-9f18-1352c05ea10a,follow-42212253-cdec-4f77-9f18-1352c05ea10a-0,,0,follow-follow-date-1565417138,movie,The Sword in the Stone,,,,,,,,,,,,,,,
2019-08-08 05:17:42,,13991889,follow,,,2019-08-08 05:17:42,425ab4f4-873d-4f73-8fb6-eaf1df24cb52,follow-425ab4f4-873d-4f73-8fb6-eaf1df24cb52-0,,0,follow-follow-date-1565241462,movie,Justice League: The Flashpoint Paradox,,,,,,,,,,,,,,,
2021-06-27 02:15:58,,13991889,follow,,,2021-06-27 02:15:58,42814c39-07fe-4c44-a315-0ba14342384f,follow-42814c39-07fe-4c44-a315-0ba14342384f-0,,,follow-follow-date-1624760158,movie,F9,follow-release-date-2021-06-25,2021-06-25 00:00:00,follow-alpha-f9,8700,,,,,,,,,,,
2024-08-26 17:29:11,,13991889,follow,,,2024-08-26 17:29:11,42aef814-8b3c-49ca-9a58-937f16b15e34,follow-42aef814-8b3c-49ca-9a58-937f16b15e34-0,,,follow-follow-date-1724693351,movie,A Quiet Place: Day One,follow-release-date-2024-06-26,2024-06-26 00:00:00,follow-alpha-a-quiet-place-day-one,6000,,,,,,,,,,,
2023-01-28 02:55:19,,13991889,follow,,,2023-01-28 02:55:19,434185ac-07ab-4e90-9a58-84af5e007311,follow-434185ac-07ab-4e90-9a58-84af5e007311-0,,,follow-follow-date-1674874519,movie,Shotgun Wedding,follow-release-date-2023-01-27,2023-01-27 00:00:00,follow-alpha-shotgun-wedding,6000,,,,,,,,,,,
2019-08-10 05:56:10,,13991889,follow,,,2019-08-10 05:56:10,43e92f62-f10b-4974-8012-65302885a79b,follow-43e92f62-f10b-4974-8012-65302885a79b-0,,0,follow-follow-date-1565416570,movie,Despicable Me 3,,,,,,,,,,,,,,,
2020-10-12 05:17:43,,13991889,follow,,,2020-10-12 05:17:43,443eb839-2bb0-4743-9116-55b37647c102,follow-443eb839-2bb0-4743-9116-55b37647c102-0,,0,follow-follow-date-1602479863,movie,Ahí te encargo,,2020-10-02 00:00:00,,,,,,,,,,,,,
2026-04-16 00:52:49,,13991889,follow,,,2026-04-16 00:52:49,446322bc-64ee-4e18-9dc4-f28033efc128,follow-446322bc-64ee-4e18-9dc4-f28033efc128-0,,,follow-follow-date-1776300769,movie,Nuremberg,follow-release-date-2025-12-18,2025-12-18 00:00:00,follow-alpha-nuremberg,8940,,,,,,,,,,,
2019-08-10 05:57:24,,13991889,follow,,,2019-08-10 05:57:24,44f6dc76-5643-4d94-83ae-5368d8f64c32,follow-44f6dc76-5643-4d94-83ae-5368d8f64c32-0,,0,follow-follow-date-1565416644,movie,World War Z,,,,,,,,,,,,,,,
2019-08-10 05:53:31,,13991889,follow,,,2019-08-10 05:53:31,451497a1-3596-4cec-8fe1-ce457ec98946,follow-451497a1-3596-4cec-8fe1-ce457ec98946-0,,0,follow-follow-date-1565416411,movie,To All the Boys I've Loved Before,,,,,,,,,,,,,,,
2023-08-19 03:13:15,,13991889,follow,,,2023-08-19 03:13:15,45bb0395-1f4d-424c-b1dd-5b6d546693ca,follow-45bb0395-1f4d-424c-b1dd-5b6d546693ca-0,,,follow-follow-date-1692414795,movie,Flamin' Hot,follow-release-date-2023-06-09,2023-06-09 00:00:00,follow-alpha-flamin'-hot,5940,,,,,,,,,,,
2019-08-10 05:58:20,,13991889,follow,,,2019-08-10 05:58:20,46166a01-b4cf-41ec-8a3b-51e1adbe9c44,follow-46166a01-b4cf-41ec-8a3b-51e1adbe9c44-0,,0,follow-follow-date-1565416700,movie,Terminator: Dark Fate,,,,,,,,,,,,,,,
2019-08-10 06:03:37,,13991889,follow,,,2019-08-10 06:03:37,461ac707-ded8-45b6-b22d-8aaec8a94c7a,follow-461ac707-ded8-45b6-b22d-8aaec8a94c7a-0,,0,follow-follow-date-1565417017,movie,Wizards of Waverly Place: The Movie,,,,,,,,,,,,,,,
2019-08-10 05:55:08,,13991889,follow,,,2019-08-10 05:55:08,4732ede8-6cbd-4a9e-b62c-1f2e11515c2f,follow-4732ede8-6cbd-4a9e-b62c-1f2e11515c2f-0,,0,follow-follow-date-1565416508,movie,Sherlock Holmes,,,,,,,,,,,,,,,
2019-09-09 02:00:00,,13991889,follow,,,2019-09-09 02:00:00,474257f3-9239-4375-b645-a8bc2aebc6cb,follow-474257f3-9239-4375-b645-a8bc2aebc6cb-0,,0,follow-follow-date-1567994400,movie,,,0001-01-01 00:00:00,,,,,,,,,,,,,
2019-08-10 05:44:10,,13991889,follow,,,2019-08-10 05:44:10,480032ef-e2f2-4d4a-804b-edb08e08ff79,follow-480032ef-e2f2-4d4a-804b-edb08e08ff79-0,,0,follow-follow-date-1565415850,movie,Avengers: Age of Ultron,,,,,,,,,,,,,,,
2023-05-24 03:41:55,,13991889,follow,,,2023-05-24 03:41:55,4859d0a1-bb82-4710-9f52-69520bb0f7af,follow-4859d0a1-bb82-4710-9f52-69520bb0f7af-0,,,follow-follow-date-1684899715,movie,Fast X,follow-release-date-2023-05-17,2023-05-17 00:00:00,follow-alpha-fast-x,8460,,,,,,,,,,,
2019-08-10 05:53:11,,13991889,follow,,,2019-08-10 05:53:11,48bf77c3-9ecb-4c12-acaf-7d1830b116a6,follow-48bf77c3-9ecb-4c12-acaf-7d1830b116a6-0,,0,follow-follow-date-1565416391,movie,John Wick,,,,,,,,,,,,,,,
2020-10-14 18:22:54,,13991889,follow,,,2020-10-14 18:22:54,48cb4a00-f2a6-4965-bb34-fca47a3d8193,follow-48cb4a00-f2a6-4965-bb34-fca47a3d8193-0,,0,follow-follow-date-1602699774,movie,Flatliners,,2017-09-28 00:00:00,,,,,,,,,,,,,
2019-08-10 05:58:17,,13991889,follow,,,2019-08-10 05:58:17,49074ff3-b5f8-4f4c-90b3-a210fab6b07e,follow-49074ff3-b5f8-4f4c-90b3-a210fab6b07e-0,,0,follow-follow-date-1565416697,movie,101 Dalmatians,,,,,,,,,,,,,,,
2021-12-12 03:33:01,,13991889,follow,,,2021-12-12 03:33:01,491ca29f-e4c6-4733-a1a6-ac3fd6dd8f9b,follow-491ca29f-e4c6-4733-a1a6-ac3fd6dd8f9b-0,,,follow-follow-date-1639279981,movie,The Unforgivable,follow-release-date-2021-12-10,2021-12-10 00:00:00,follow-alpha-the-unforgivable,6840,,,,,,,,,,,
2023-06-10 12:12:00,,13991889,follow,,,2023-06-10 12:12:00,49aa1ad0-9883-4218-a41b-3d1df9540766,follow-49aa1ad0-9883-4218-a41b-3d1df9540766-0,,,follow-follow-date-1686399120,movie,Kraven the Hunter,follow-release-date-2023-10-06,2023-10-06 00:00:00,follow-alpha-kraven-the-hunter,,,,,,,,,,,,
2021-07-13 02:54:38,,13991889,follow,,,2021-07-13 02:54:38,49fa3bc5-fd04-4b1e-8c08-b0e60409e17d,follow-49fa3bc5-fd04-4b1e-8c08-b0e60409e17d-0,,,follow-follow-date-1626144878,movie,The Tomorrow War,follow-release-date-2021-07-02,2021-07-02 00:00:00,follow-alpha-the-tomorrow-war,8280,,,,,,,,,,,
2019-08-10 05:50:42,,13991889,follow,,,2019-08-10 05:50:42,4aa15a93-36b7-4782-bd09-4e5fd71716d1,follow-4aa15a93-36b7-4782-bd09-4e5fd71716d1-0,,0,follow-follow-date-1565416242,movie,Lilo & Stitch,,,,,,,,,,,,,,,
2022-09-17 02:30:12,,13991889,follow,,,2022-09-17 02:30:12,4aabf649-673d-4453-a6bb-73ad212e8037,follow-4aabf649-673d-4453-a6bb-73ad212e8037-0,,,follow-follow-date-1663381812,movie,Bullet Train,follow-release-date-2022-08-05,2022-08-05 00:00:00,follow-alpha-bullet-train,7620,,,,,,,,,,,
2019-08-10 05:44:50,,13991889,follow,,,2019-08-10 05:44:50,4ae4c259-b063-4330-a688-0eb3fc619855,follow-4ae4c259-b063-4330-a688-0eb3fc619855-0,,0,follow-follow-date-1565415890,movie,The Lion King,,,,,,,,,,,,,,,
2021-02-26 02:48:35,,13991889,follow,,,2021-02-26 02:48:35,4b67a3f0-96d1-45bd-94eb-a370ab3b2f24,follow-4b67a3f0-96d1-45bd-94eb-a370ab3b2f24-0,,,follow-follow-date-1614307715,movie,ワンピース フィルム ゼット,follow-release-date-2012-12-15,2012-12-15 00:00:00,follow-alpha-one-piece-film-z,,,,,,,,,,,,
2021-02-24 22:14:47,,13991889,follow,,,2021-02-24 22:14:47,4b720336-e196-4b1b-9f3b-6013e0f0008e,follow-4b720336-e196-4b1b-9f3b-6013e0f0008e-0,,,follow-follow-date-1614204887,movie,Dream 9 Toriko & One Piece & Dragon Ball Z Super Collaboration Special!!,follow-release-date-2013-04-07,2013-04-07 00:00:00,follow-alpha-dream-9-toriko-&-one-piece-&-dragon-ball-z-super-collaboration-special,,,,,,,,,,,,
2019-08-08 05:09:45,,13991889,follow,,,2019-08-08 05:09:45,4c1a81fe-0aa6-4f55-9744-07221938275b,follow-4c1a81fe-0aa6-4f55-9744-07221938275b-0,,0,follow-follow-date-1565240985,movie,Aquaman,,,,,,,,,,,,,,,
2019-08-08 05:17:56,,13991889,follow,,,2019-08-08 05:17:56,4cfff357-1a0c-4224-b974-70ea245b4bd1,follow-4cfff357-1a0c-4224-b974-70ea245b4bd1-0,,0,follow-follow-date-1565241476,movie,How to Train Your Dragon: The Hidden World,,,,,,,,,,,,,,,
2019-11-12 05:23:07,,13991889,follow,,,2019-11-12 05:23:07,4e76674c-9086-45dd-a98d-fee61623b1b3,follow-4e76674c-9086-45dd-a98d-fee61623b1b3-0,,0,follow-follow-date-1573536187,movie,Terminator Salvation,,2009-05-20 00:00:00,,,,,,,,,,,,,
2019-08-08 05:18:51,,13991889,follow,,,2019-08-08 05:18:51,4f0137c0-0c6b-41a5-a0ad-5309fdf617c1,follow-4f0137c0-0c6b-41a5-a0ad-5309fdf617c1-0,,0,follow-follow-date-1565241531,movie,Shrek 2,,,,,,,,,,,,,,,
2019-08-10 05:53:54,,13991889,follow,,,2019-08-10 05:53:54,4f262f66-0bae-4456-8b35-ffb351520fd9,follow-4f262f66-0bae-4456-8b35-ffb351520fd9-0,,0,follow-follow-date-1565416434,movie,Insurgent,,,,,,,,,,,,,,,
2019-08-10 06:02:19,,13991889,follow,,,2019-08-10 06:02:19,4f9c1296-9b80-4401-b053-c0a026cad394,follow-4f9c1296-9b80-4401-b053-c0a026cad394-0,,0,follow-follow-date-1565416939,movie,Bumblebee,,,,,,,,,,,,,,,
2024-06-29 02:42:18,,13991889,follow,,,2024-06-29 02:42:18,4fd35bdd-64d9-495a-96d8-2833fb5a8a1a,follow-4fd35bdd-64d9-495a-96d8-2833fb5a8a1a-0,,,follow-follow-date-1719628938,movie,Spadek,follow-release-date-2024-06-19,2024-06-19 00:00:00,follow-alpha-inheritance,5640,,,,,,,,,,,
2022-05-01 02:29:23,,13991889,follow,,,2022-05-01 02:29:23,501e7833-75c3-4e89-b44c-05c8deb619f1,follow-501e7833-75c3-4e89-b44c-05c8deb619f1-0,,,follow-follow-date-1651372163,movie,365 dni: Ten dzień,follow-release-date-2022-04-27,2022-04-27 00:00:00,follow-alpha-365-days-this-day,6660,,,,,,,,,,,
2019-08-10 06:07:18,,13991889,follow,,,2019-08-10 06:07:18,50321201-f5ab-4896-96c3-a36cc5ba1b47,follow-50321201-f5ab-4896-96c3-a36cc5ba1b47-0,,0,follow-follow-date-1565417238,movie,"Monsters, Inc.",,,,,,,,,,,,,,,
2022-09-24 03:04:59,,13991889,follow,,,2022-09-24 03:04:59,50c97269-c341-4cce-b7ea-8d6a4b0a4005,follow-50c97269-c341-4cce-b7ea-8d6a4b0a4005-0,,,follow-follow-date-1663988699,movie,Honor Society,follow-release-date-2022-07-29,2022-07-29 00:00:00,follow-alpha-honor-society,5820,,,,,,,,,,,
2019-08-10 05:53:26,,13991889,follow,,,2019-08-10 05:53:26,50f7c028-086a-4829-aa22-19d258875fda,follow-50f7c028-086a-4829-aa22-19d258875fda-0,,0,follow-follow-date-1565416406,movie,Chicken Run,,,,,,,,,,,,,,,
2019-08-10 05:59:11,,13991889,follow,,,2019-08-10 05:59:11,5112cff4-e912-4e68-97d1-3ba37820a8a3,follow-5112cff4-e912-4e68-97d1-3ba37820a8a3-0,,0,follow-follow-date-1565416751,movie,Alice in Wonderland,,,,,,,,,,,,,,,
2022-09-17 02:28:17,,13991889,follow,,,2022-09-17 02:28:17,5232ddb9-1401-48c4-9a8d-6d043ce93963,follow-5232ddb9-1401-48c4-9a8d-6d043ce93963-0,,,follow-follow-date-1663381697,movie,Pinocchio,follow-release-date-2022-09-08,2022-09-08 00:00:00,follow-alpha-pinocchio,6300,,,,,,,,,,,
2019-08-10 05:53:48,,13991889,follow,,,2019-08-10 05:53:48,5236a530-8da3-461f-aec4-2883f7c85031,follow-5236a530-8da3-461f-aec4-2883f7c85031-0,,0,follow-follow-date-1565416428,movie,The Hobbit: The Desolation of Smaug,,,,,,,,,,,,,,,
2022-07-02 01:57:25,,13991889,follow,,,2022-07-02 01:57:25,5256a369-52fd-456f-9a1a-4242f99ce529,follow-5256a369-52fd-456f-9a1a-4242f99ce529-0,,,follow-follow-date-1656727045,movie,The Man from Toronto,follow-release-date-2022-06-24,2022-06-24 00:00:00,follow-alpha-the-man-from-toronto,6600,,,,,,,,,,,
2024-05-03 19:13:53,,13991889,follow,,,2024-05-03 19:13:53,5259e72a-10b4-4f7d-b44a-ba7d8aab7fb6,follow-5259e72a-10b4-4f7d-b44a-ba7d8aab7fb6-0,,,follow-follow-date-1714763633,movie,Jobs,follow-release-date-2013-09-20,2013-09-20 00:00:00,follow-alpha-jobs,7680,,,,,,,,,,,
2019-08-10 06:01:07,,13991889,follow,,,2019-08-10 06:01:07,52ca7c81-5aad-481b-92b8-3320c368299d,follow-52ca7c81-5aad-481b-92b8-3320c368299d-0,,0,follow-follow-date-1565416867,movie,Bee Movie,,,,,,,,,,,,,,,
2019-08-10 06:07:49,,13991889,follow,,,2019-08-10 06:07:49,52dcb80f-0409-4980-b39d-5f82bc4e8893,follow-52dcb80f-0409-4980-b39d-5f82bc4e8893-0,,0,follow-follow-date-1565417269,movie,Elf,,,,,,,,,,,,,,,
2020-09-22 22:47:34,,13991889,follow,,,2020-09-22 22:47:34,52e49071-aed3-4219-b8bf-0e493e2c1154,follow-52e49071-aed3-4219-b8bf-0e493e2c1154-0,,0,follow-follow-date-1600814854,movie,,,2003-10-14 00:00:00,,,,,,,,,,,,,
2019-11-12 05:27:55,,13991889,follow,,,2019-11-12 05:27:55,52efc635-0f15-4b44-86be-ff22161f4b7d,follow-52efc635-0f15-4b44-86be-ff22161f4b7d-0,,0,follow-follow-date-1573536475,movie,The Story Room: The Making of 'Lilo & Stitch',,2005-08-22 00:00:00,,,,,,,,,,,,,
2021-03-16 02:40:08,,13991889,follow,,,2021-03-16 02:40:08,538179ba-add3-445e-89e7-eea05a75072c,follow-538179ba-add3-445e-89e7-eea05a75072c-0,,,follow-follow-date-1615862408,movie,Perfectos desconocidos,follow-release-date-2017-12-01,2017-12-01 00:00:00,follow-alpha-perfectos-desconocidos-(spain),,,,,,,,,,,,
2021-10-10 03:03:46,,13991889,follow,,,2021-10-10 03:03:46,53a7de87-a4b4-45be-b204-11760412bbd5,follow-53a7de87-a4b4-45be-b204-11760412bbd5-0,,,follow-follow-date-1633835026,movie,Venom: Let There Be Carnage,follow-release-date-2021-10-01,2021-10-01 00:00:00,follow-alpha-venom-let-there-be-carnage,5400,,,,,,,,,,,
2019-08-10 05:55:56,,13991889,follow,,,2019-08-10 05:55:56,53e652f0-5260-4e87-ba0b-51d2e6c7fc51,follow-53e652f0-5260-4e87-ba0b-51d2e6c7fc51-0,,0,follow-follow-date-1565416556,movie,X-Men: The Last Stand,,,,,,,,,,,,,,,
2019-08-10 05:51:07,,13991889,follow,,,2019-08-10 05:51:07,5473ee4e-f9e9-4fd0-bfb4-05f463451ef9,follow-5473ee4e-f9e9-4fd0-bfb4-05f463451ef9-0,,0,follow-follow-date-1565416267,movie,Pirates of the Caribbean: On Stranger Tides,,,,,,,,,,,,,,,
2019-08-10 05:56:06,,13991889,follow,,,2019-08-10 05:56:06,5491e4d2-3975-4dd6-a468-82186c243a47,follow-5491e4d2-3975-4dd6-a468-82186c243a47-0,,0,follow-follow-date-1565416566,movie,A Bug's Life,,,,,,,,,,,,,,,
2020-09-22 22:47:53,,13991889,follow,,,2020-09-22 22:47:53,54c0e0e8-cc02-4d2d-a7a6-893dcc80c2bc,follow-54c0e0e8-cc02-4d2d-a7a6-893dcc80c2bc-0,,0,follow-follow-date-1600814873,movie,"Maggie Simpson in ""Playdate with Destiny""",,2020-04-10 00:00:00,,,,,,,,,,,,,
2020-06-25 00:16:38,,13991889,follow,,,2020-06-25 00:16:38,55170f7a-c89f-422a-a1d6-6f0e658bbac8,follow-55170f7a-c89f-422a-a1d6-6f0e658bbac8-0,,0,follow-follow-date-1593044198,movie,僕のヒーローアカデミア THE MOVIE ヒーローズ:ライジング,,2019-12-20 00:00:00,,,,,,,,,,,,,
2019-08-10 05:55:38,,13991889,follow,,,2019-08-10 05:55:38,55294da6-56da-4d4f-bf85-7a33a4a3124f,follow-55294da6-56da-4d4f-bf85-7a33a4a3124f-0,,0,follow-follow-date-1565416538,movie,Ice Age: Collision Course,,,,,,,,,,,,,,,
2019-08-31 23:04:09,,13991889,follow,,,2019-08-31 23:04:09,552a9d30-cbf8-4a84-93b8-e7f10622fb2e,follow-552a9d30-cbf8-4a84-93b8-e7f10622fb2e-0,,0,follow-follow-date-1567292649,movie,El Camino: A Breaking Bad Movie,,0001-01-01 00:00:00,,,,,,,,,,,,,
2022-03-29 04:51:41,,13991889,follow,,,2022-03-29 04:51:41,5549a61a-b33b-4002-b584-bca8c93e6d0a,follow-5549a61a-b33b-4002-b584-bca8c93e6d0a-0,,,follow-follow-date-1648529501,movie,Escape Room,follow-release-date-2019-01-03,2019-01-03 00:00:00,follow-alpha-escape-room,6000,,,,,,,,,,,
2023-09-14 01:45:47,,13991889,follow,,,2023-09-14 01:45:47,55e0f002-e606-4b74-8caf-ae70138a6bb0,follow-55e0f002-e606-4b74-8caf-ae70138a6bb0-0,,,follow-follow-date-1694655947,movie,Gran Turismo,follow-release-date-2023-08-11,2023-08-11 00:00:00,follow-alpha-gran-turismo,8100,,,,,,,,,,,
2026-01-18 08:40:55,,13991889,follow,,,2026-01-18 08:40:55,55efe63e-5e95-4b14-b8c6-c6e31c8bb561,follow-55efe63e-5e95-4b14-b8c6-c6e31c8bb561-0,,,follow-follow-date-1768725655,movie,28 Years Later: The Bone Temple,follow-release-date-2026-01-16,2026-01-16 00:00:00,follow-alpha-28-years-later-the-bone-temple,6900,,,,,,,,,,,
2019-08-10 05:51:42,,13991889,follow,,,2019-08-10 05:51:42,564438d3-e416-474c-bca1-36054a409e04,follow-564438d3-e416-474c-bca1-36054a409e04-0,,0,follow-follow-date-1565416302,movie,Maze Runner: The Scorch Trials,,,,,,,,,,,,,,,
2019-08-14 23:39:31,,13991889,follow,,,2019-08-14 23:39:31,5655af3a-2fbd-46a2-893f-63c37d74e083,follow-5655af3a-2fbd-46a2-893f-63c37d74e083-0,,0,follow-follow-date-1565825971,movie,Hellboy,,,,,,,,,,,,,,,
2025-01-19 04:57:51,,13991889,follow,,,2025-01-19 04:57:51,56a7695e-8b9e-4cf5-858f-7d8c73a5c673,follow-56a7695e-8b9e-4cf5-858f-7d8c73a5c673-0,,,follow-follow-date-1737262671,movie,Unfrosted: The Pop-Tart Story,follow-release-date-2024-05-03,2024-05-03 00:00:00,follow-alpha-unfrosted-the-pop-tart-story,4860,,,,,,,,,,,
2019-08-10 05:56:53,,13991889,follow,,,2019-08-10 05:56:53,56efdd38-ff67-4bac-9f6f-bd48a837c7ac,follow-56efdd38-ff67-4bac-9f6f-bd48a837c7ac-0,,0,follow-follow-date-1565416613,movie,Sleeping Beauty,,,,,,,,,,,,,,,
2019-08-10 06:05:03,,13991889,follow,,,2019-08-10 06:05:03,573b055b-79de-4eef-b94c-4d2ebcbb06f1,follow-573b055b-79de-4eef-b94c-4d2ebcbb06f1-0,,0,follow-follow-date-1565417103,movie,To the Bone,,,,,,,,,,,,,,,
2019-08-08 05:11:12,,13991889,follow,,,2019-08-08 05:11:12,578c78b0-6510-46ec-b741-3f685d4f53d8,follow-578c78b0-6510-46ec-b741-3f685d4f53d8-0,,0,follow-follow-date-1565241072,movie,Jumanji: Welcome to the Jungle,,,,,,,,,,,,,,,
2020-04-03 06:11:32,,13991889,follow,,,2020-04-03 06:11:32,580604c9-0aaf-4eb5-ad3d-0386dc4b52a9,follow-580604c9-0aaf-4eb5-ad3d-0386dc4b52a9-0,,0,follow-follow-date-1585894292,movie,Happy Tree Friends Winter Break,,2005-10-03 00:00:00,,,,,,,,,,,,,
2023-01-07 02:33:51,,13991889,follow,,,2023-01-07 02:33:51,5824927a-da2e-4057-bb42-94cd2fb5f240,follow-5824927a-da2e-4057-bb42-94cd2fb5f240-0,,,follow-follow-date-1673058831,movie,The Menu,follow-release-date-2022-12-02,2022-12-02 00:00:00,follow-alpha-the-menu,6420,,,,,,,,,,,
2024-06-21 18:23:33,,13991889,follow,,,2024-06-21 18:23:33,58e24522-bc2d-43a5-bc4c-142388b82e95,follow-58e24522-bc2d-43a5-bc4c-142388b82e95-0,,,follow-follow-date-1718994213,movie,Venom: The Last Dance,follow-release-date-2024-10-25,2024-10-25 00:00:00,follow-alpha-venom-the-last-dance,,,,,,,,,,,,
2023-08-14 22:28:27,,13991889,follow,,,2023-08-14 22:28:27,59232668-55b9-4a20-ad88-e6e009600e08,follow-59232668-55b9-4a20-ad88-e6e009600e08-0,,,follow-follow-date-1692052107,movie,Dog,follow-release-date-2022-02-17,2022-02-17 00:00:00,follow-alpha-dog,6180,,,,,,,,,,,
2019-08-08 05:16:55,,13991889,follow,,,2019-08-08 05:16:55,5979c5aa-5944-445d-8cc3-c869e93cc1b5,follow-5979c5aa-5944-445d-8cc3-c869e93cc1b5-0,,0,follow-follow-date-1565241415,movie,Maleficent: Mistress of Evil,,,,,,,,,,,,,,,
2019-08-08 05:11:54,,13991889,follow,,,2019-08-08 05:11:54,5a432bdc-e493-410b-bee8-af93095c6fcf,follow-5a432bdc-e493-410b-bee8-af93095c6fcf-0,,0,follow-follow-date-1565241114,movie,Harry Potter and the Chamber of Secrets,,,,,,,,,,,,,,,
2020-06-22 02:36:14,,13991889,follow,,,2020-06-22 02:36:14,5a8ee1ac-e645-42c4-b175-c28cdb7c383a,follow-5a8ee1ac-e645-42c4-b175-c28cdb7c383a-0,,0,follow-follow-date-1592793374,movie,ドラゴンボール超スーパー ブロリー,,2018-12-14 00:00:00,,,,,,,,,,,,,
2025-07-13 22:18:52,,13991889,follow,,,2025-07-13 22:18:52,5abbdd63-fff4-45ff-9634-d2fc74c6d4dd,follow-5abbdd63-fff4-45ff-9634-d2fc74c6d4dd-0,,,follow-follow-date-1752445132,movie,Jurassic World: Rebirth,follow-release-date-2025-07-02,2025-07-02 00:00:00,follow-alpha-jurassic-world-rebirth,7980,,,,,,,,,,,
2020-06-22 02:36:27,,13991889,follow,,,2020-06-22 02:36:27,5b3b010b-f3a2-4e4d-9aa4-53a27eb3d74d,follow-5b3b010b-f3a2-4e4d-9aa4-53a27eb3d74d-0,,0,follow-follow-date-1592793387,movie,ドラゴンボールZ 銀河ギリギリ!!ぶっちぎりの凄い奴,,1993-07-10 00:00:00,,,,,,,,,,,,,
2020-02-12 05:26:09,,13991889,follow,,,2020-02-12 05:26:09,5b52bf81-f6df-42ba-bd1b-6b72f1a13428,follow-5b52bf81-f6df-42ba-bd1b-6b72f1a13428-0,,0,follow-follow-date-1581485169,movie,Futurama: The Beast with a Billion Backs,,2008-06-30 00:00:00,,,,,,,,,,,,,
2020-06-22 02:36:25,,13991889,follow,,,2020-06-22 02:36:25,5bc7a157-1788-4f4d-9aad-8f48acdaca70,follow-5bc7a157-1788-4f4d-9aad-8f48acdaca70-0,,0,follow-follow-date-1592793385,movie,ドラゴンボール 摩訶不思議大冒険,,1988-07-09 00:00:00,,,,,,,,,,,,,
2020-08-16 14:31:40,,13991889,follow,,,2020-08-16 14:31:40,5bf3985c-cdd2-4502-906e-e4f64bbefd06,follow-5bf3985c-cdd2-4502-906e-e4f64bbefd06-0,,0,follow-follow-date-1597588300,movie,Project Power,,2020-08-14 00:00:00,,,,,,,,,,,,,
2019-08-10 06:00:38,,13991889,follow,,,2019-08-10 06:00:38,5c1c3158-7a71-42fc-8a3a-d89ee8d03547,follow-5c1c3158-7a71-42fc-8a3a-d89ee8d03547-0,,0,follow-follow-date-1565416838,movie,Zombieland,,,,,,,,,,,,,,,
2020-02-12 05:27:34,,13991889,follow,,,2020-02-12 05:27:34,5c77655a-bf88-4e38-91e3-b7268294df3e,follow-5c77655a-bf88-4e38-91e3-b7268294df3e-0,,0,follow-follow-date-1581485254,movie,South Park: Imaginationland,,2008-03-11 00:00:00,,,,,,,,,,,,,
2021-02-25 04:49:09,,13991889,follow,,,2021-02-25 04:49:09,5cb69519-955e-4f54-8e5d-671a39b98d33,follow-5cb69519-955e-4f54-8e5d-671a39b98d33-0,,,follow-follow-date-1614228549,movie,僕のヒーローアカデミア 生き残れ! 決死のサバイバル訓練 前編,follow-release-date-2020-08-15,2020-08-15 00:00:00,follow-alpha-my-hero-academia-make-it-do-or-die-survival-training-(part-1),,,,,,,,,,,,
2020-06-21 02:50:38,,13991889,follow,,,2020-06-21 02:50:38,5d422da9-8be5-452d-b013-7f26df6ad0b0,follow-5d422da9-8be5-452d-b013-7f26df6ad0b0-0,,0,follow-follow-date-1592707838,movie,OtherLife,,2017-06-16 00:00:00,,,,,,,,,,,,,
2019-08-10 05:49:56,,13991889,follow,,,2019-08-10 05:49:56,5e14cbcf-c9b3-4f82-b6df-9f68cdc0beb6,follow-5e14cbcf-c9b3-4f82-b6df-9f68cdc0beb6-0,,0,follow-follow-date-1565416196,movie,Black Widow,,,,,,,,,,,,,,,
2020-06-22 02:36:22,,13991889,follow,,,2020-06-22 02:36:22,5e3f02bd-349f-423f-bff6-43d762105132,follow-5e3f02bd-349f-423f-bff6-43d762105132-0,,0,follow-follow-date-1592793382,movie,ドラゴンボール 最強への道,,1996-03-02 00:00:00,,,,,,,,,,,,,
2021-07-30 00:43:38,,13991889,follow,,,2021-07-30 00:43:38,5e774575-5e33-4780-8577-6e9ac7286c81,follow-5e774575-5e33-4780-8577-6e9ac7286c81-0,,,follow-follow-date-1627605818,movie,Fear Street: 1978,follow-release-date-2021-07-09,2021-07-09 00:00:00,follow-alpha-fear-street-1978,6540,,,,,,,,,,,
2019-08-10 05:50:56,,13991889,follow,,,2019-08-10 05:50:56,5e836eeb-9254-4a3b-addd-71bc366669e4,follow-5e836eeb-9254-4a3b-addd-71bc366669e4-0,,0,follow-follow-date-1565416256,movie,Pirates of the Caribbean: At World's End,,,,,,,,,,,,,,,
2020-02-12 05:46:25,,13991889,follow,,,2020-02-12 05:46:25,5eab7483-1e11-480e-8593-84a3926180c5,follow-5eab7483-1e11-480e-8593-84a3926180c5-0,,0,follow-follow-date-1581486385,movie,To All the Boys: P.S. I Still Love You,,2020-02-12 00:00:00,,,,,,,,,,,,,
2020-11-14 01:22:18,,13991889,follow,,,2020-11-14 01:22:18,601568ff-a487-49db-8b68-dc6c4fd6cfc1,follow-601568ff-a487-49db-8b68-dc6c4fd6cfc1-0,,,follow-follow-date-1605316938,movie,The SpongeBob Movie: Sponge on the Run,follow-release-date-2020-11-05,2020-11-05 00:00:00,follow-alpha-the-spongebob-movie-sponge-on-the-run,,,,,,,,,,,,
2023-12-02 03:34:52,,13991889,follow,,,2023-12-02 03:34:52,6039b24b-786f-4682-a4f9-4cb1f685b466,follow-6039b24b-786f-4682-a4f9-4cb1f685b466-0,,,follow-follow-date-1701488092,movie,The Hunger Games,follow-release-date-2012-04-20,2012-04-20 00:00:00,follow-alpha-the-hunger-games,8520,,,,,,,,,,,
2026-04-19 05:01:47,,13991889,follow,,,2026-04-19 05:01:47,60491d0c-3558-4257-b1c0-5d38ca46dc78,follow-60491d0c-3558-4257-b1c0-5d38ca46dc78-0,,,follow-follow-date-1776574907,movie,Nobody 2,follow-release-date-2025-08-14,2025-08-14 00:00:00,follow-alpha-nobody-2,5400,,,,,,,,,,,
2019-08-10 05:53:00,,13991889,follow,,,2019-08-10 05:53:00,608aed57-d635-459e-b194-c35e5ebeba73,follow-608aed57-d635-459e-b194-c35e5ebeba73-0,,0,follow-follow-date-1565416380,movie,X-Men: First Class,,,,,,,,,,,,,,,
2019-08-10 05:56:21,,13991889,follow,,,2019-08-10 05:56:21,61a18174-11ff-453c-ae53-5beefa08be03,follow-61a18174-11ff-453c-ae53-5beefa08be03-0,,0,follow-follow-date-1565416581,movie,Man of Steel,,,,,,,,,,,,,,,
2020-06-22 02:36:27,,13991889,follow,,,2020-06-22 02:36:27,6238c4b9-2520-47eb-94ad-aca163f16331,follow-6238c4b9-2520-47eb-94ad-aca163f16331-0,,0,follow-follow-date-1592793387,movie,ドラゴンボールZ 激突!!100億パワーの戦士たち,,1992-03-07 00:00:00,,,,,,,,,,,,,
2024-02-26 00:33:04,,13991889,follow,,,2024-02-26 00:33:04,634906a0-7ab0-4848-9ff5-cce9d03b0d84,follow-634906a0-7ab0-4848-9ff5-cce9d03b0d84-0,,,follow-follow-date-1708907584,movie,鬼滅の刃 柱稽古編,follow-release-date-2024-02-22,2024-02-22 00:00:00,follow-alpha-demon-slayer-kimetsu-no-yaiba--to-the-hashira-training,6180,,,,,,,,,,,
2019-08-10 05:45:30,,13991889,follow,,,2019-08-10 05:45:30,63bcc9d5-b150-456e-96e6-6ea9ab042bcc,follow-63bcc9d5-b150-456e-96e6-6ea9ab042bcc-0,,0,follow-follow-date-1565415930,movie,Spider-Man 2,,,,,,,,,,,,,,,
2026-04-15 12:04:09,,13991889,follow,,,2026-04-15 12:04:09,63e60b10-630b-4b01-b95a-93ff0bd89bfe,follow-63e60b10-630b-4b01-b95a-93ff0bd89bfe-0,,,follow-follow-date-1776254649,movie,Project Hail Mary,follow-release-date-2026-03-20,2026-03-20 00:00:00,follow-alpha-project-hail-mary,9420,,,,,,,,,,,
2023-06-10 12:11:57,,13991889,follow,,,2023-06-10 12:11:57,64107725-a8e3-40e2-8dde-6f71bd2d8498,follow-64107725-a8e3-40e2-8dde-6f71bd2d8498-0,,,follow-follow-date-1686399117,movie,Black Adam,follow-release-date-2022-10-20,2022-10-20 00:00:00,follow-alpha-black-adam,7500,,,,,,,,,,,
2021-12-12 03:33:01,,13991889,follow,,,2021-12-12 03:33:01,64191e87-9816-4375-99f8-6f0dac796142,follow-64191e87-9816-4375-99f8-6f0dac796142-0,,,follow-follow-date-1639279981,movie,The Hating Game,follow-release-date-2021-12-10,2021-12-10 00:00:00,follow-alpha-the-hating-game,6120,,,,,,,,,,,
2019-08-10 05:50:18,,13991889,follow,,,2019-08-10 05:50:18,656d1272-bbee-461e-8df7-1e85cbe13481,follow-656d1272-bbee-461e-8df7-1e85cbe13481-0,,0,follow-follow-date-1565416218,movie,Brave,,,,,,,,,,,,,,,
2019-08-10 05:52:39,,13991889,follow,,,2019-08-10 05:52:39,65d32b7d-1b6d-4ea1-8bb8-8e317a268ed1,follow-65d32b7d-1b6d-4ea1-8bb8-8e317a268ed1-0,,0,follow-follow-date-1565416359,movie,The Chronicles of Narnia: Prince Caspian,,,,,,,,,,,,,,,
2024-02-25 19:07:58,,13991889,follow,,,2024-02-25 19:07:58,681778ce-16b2-4557-a218-a25f0f38a35f,follow-681778ce-16b2-4557-a218-a25f0f38a35f-0,,,follow-follow-date-1708888078,movie,Avatar 5,follow-release-date-tbd,,follow-alpha-avatar-5,,,,,,,,,,,,
2024-01-14 17:06:44,,13991889,follow,,,2024-01-14 17:06:44,684994d3-986a-4674-9432-903e51f56d2d,follow-684994d3-986a-4674-9432-903e51f56d2d-0,,,follow-follow-date-1705252004,movie,Lift,follow-release-date-2024-01-12,2024-01-12 00:00:00,follow-alpha-lift,,,,,,,,,,,,
2019-08-08 05:13:34,,13991889,follow,,,2019-08-08 05:13:34,6891cc77-b1c5-46b7-9caf-20c2e9b22e34,follow-6891cc77-b1c5-46b7-9caf-20c2e9b22e34-0,,0,follow-follow-date-1565241214,movie,Godzilla: King of the Monsters,,,,,,,,,,,,,,,
2022-10-28 22:58:43,,13991889,follow,,,2022-10-28 22:58:43,6968bfe2-3d3f-4bb0-8b47-d42a0af4493f,follow-6968bfe2-3d3f-4bb0-8b47-d42a0af4493f-0,,,follow-follow-date-1666997923,movie,Shingeki no Kyojin OVA 1 - Ilse no Techou―Aru Chousa Heidan-in no Shuki―,follow-release-date-2013-12-09,2013-12-09 00:00:00,follow-alpha-attack-on-titan-ova-1---ilse's-notebook-memoirs-of-a-recon-corps-member,1380,,,,,,,,,,,
2019-08-10 06:03:57,,13991889,follow,,,2019-08-10 06:03:57,69a92a59-a05f-4979-9c1f-982c41a78fb7,follow-69a92a59-a05f-4979-9c1f-982c41a78fb7-0,,0,follow-follow-date-1565417037,movie,The Theory of Everything,,,,,,,,,,,,,,,
2019-08-08 05:10:30,,13991889,follow,,,2019-08-08 05:10:30,69d81cdc-d04a-4eaa-8cd8-fdaae4954260,follow-69d81cdc-d04a-4eaa-8cd8-fdaae4954260-0,,0,follow-follow-date-1565241030,movie,Shazam!,,,,,,,,,,,,,,,
2025-01-19 04:56:14,,13991889,follow,,,2025-01-19 04:56:14,6a63ed9e-463d-4cda-9215-79ee4825b093,follow-6a63ed9e-463d-4cda-9215-79ee4825b093-0,,,follow-follow-date-1737262574,movie,Babygirl,follow-release-date-2025-01-15,2025-01-15 00:00:00,follow-alpha-babygirl,6840,,,,,,,,,,,
2020-05-14 02:20:50,,13991889,follow,,,2020-05-14 02:20:50,6aa8f382-1543-407e-b130-33a9f523c2e5,follow-6aa8f382-1543-407e-b130-33a9f523c2e5-0,,0,follow-follow-date-1589422850,movie,Tokyo Ghoul: Pinto,,2015-12-25 00:00:00,,,,,,,,,,,,,
2019-08-10 05:54:24,,13991889,follow,,,2019-08-10 05:54:24,6b3169a0-5b1c-4af0-9532-865e255e44c4,follow-6b3169a0-5b1c-4af0-9532-865e255e44c4-0,,0,follow-follow-date-1565416464,movie,21 Jump Street,,,,,,,,,,,,,,,
2019-08-10 05:58:02,,13991889,follow,,,2019-08-10 05:58:02,6bdebaeb-4c2c-44d4-9029-91f62eb5d2c2,follow-6bdebaeb-4c2c-44d4-9029-91f62eb5d2c2-0,,0,follow-follow-date-1565416682,movie,The Karate Kid,,,,,,,,,,,,,,,
2020-10-10 18:17:38,,13991889,follow,,,2020-10-10 18:17:38,6bebef21-95de-48d8-9a37-8f220b5a107a,follow-6bebef21-95de-48d8-9a37-8f220b5a107a-0,,0,follow-follow-date-1602353858,movie,Deadpool: No Good Deed,,2017-03-02 00:00:00,,,,,,,,,,,,,
2019-08-08 05:12:00,,13991889,follow,,,2019-08-08 05:12:00,6ced083f-f219-4788-946b-8df98ab7ac69,follow-6ced083f-f219-4788-946b-8df98ab7ac69-0,,0,follow-follow-date-1565241120,movie,The Terminator,,,,,,,,,,,,,,,
2023-10-04 17:34:13,,13991889,follow,,,2023-10-04 17:34:13,6d84b8fa-3b63-4e82-adc4-c080d5a29100,follow-6d84b8fa-3b63-4e82-adc4-c080d5a29100-0,,,follow-follow-date-1696440853,movie,Meg 2: The Trench,follow-release-date-2023-08-03,2023-08-03 00:00:00,follow-alpha-meg-2-the-trench,6960,,,,,,,,,,,
2019-08-10 06:02:53,,13991889,follow,,,2019-08-10 06:02:53,6dfd72b6-2a39-4f34-bf1d-75326a084eee,follow-6dfd72b6-2a39-4f34-bf1d-75326a084eee-0,,0,follow-follow-date-1565416973,movie,Sierra Burgess Is a Loser,,,,,,,,,,,,,,,
2020-10-10 18:17:49,,13991889,follow,,,2020-10-10 18:17:49,6dfe6921-2595-43ed-adf8-e2a179ea8097,follow-6dfe6921-2595-43ed-adf8-e2a179ea8097-0,,0,follow-follow-date-1602353869,movie,,,2018-08-07 00:00:00,,,,,,,,,,,,,
2019-08-10 05:49:39,,13991889,follow,,,2019-08-10 05:49:39,6ec57699-2b16-4a41-90ee-f7b4c0601654,follow-6ec57699-2b16-4a41-90ee-f7b4c0601654-0,,0,follow-follow-date-1565416179,movie,The Amazing Spider-Man,,,,,,,,,,,,,,,
2021-02-26 02:48:54,,13991889,follow,,,2021-02-26 02:48:54,6edd950b-bdd3-49a6-89ca-b4b50ff2272c,follow-6edd950b-bdd3-49a6-89ca-b4b50ff2272c-0,,,follow-follow-date-1614307734,movie,I Care a Lot,follow-release-date-2021-02-19,2021-02-19 00:00:00,follow-alpha-i-care-a-lot,,,,,,,,,,,,
2024-02-25 19:07:58,,13991889,follow,,,2024-02-25 19:07:58,6f1375c0-a30a-49f6-abd0-7c082a3728e2,follow-6f1375c0-a30a-49f6-abd0-7c082a3728e2-0,,,follow-follow-date-1708888078,movie,Avatar: Fire and Ash,follow-release-date-2025-12-19,2025-12-19 00:00:00,follow-alpha-avatar-3,,,,,,,,,,,,
2022-09-23 23:58:25,,13991889,follow,,,2022-09-23 23:58:25,6f52a460-83d4-4e9c-9018-09b302911694,follow-6f52a460-83d4-4e9c-9018-09b302911694-0,,,follow-follow-date-1663977505,movie,Orphan: First Kill,follow-release-date-2022-07-27,2022-07-27 00:00:00,follow-alpha-orphan-first-kill,5940,,,,,,,,,,,
2020-04-20 01:18:59,,13991889,follow,,,2020-04-20 01:18:59,6f86edbb-c40d-457a-9da5-cc99fb49cf43,follow-6f86edbb-c40d-457a-9da5-cc99fb49cf43-0,,0,follow-follow-date-1587345539,movie,El hoyo,,2020-03-20 00:00:00,,,,,,,,,,,,,
2022-08-05 21:10:30,,13991889,follow,,,2022-08-05 21:10:30,6fa38540-cd95-4e0e-987b-955f29e83aef,follow-6fa38540-cd95-4e0e-987b-955f29e83aef-0,,,follow-follow-date-1659733830,movie,ヒーローリーグベースボール - 笑え！地獄のように,follow-release-date-2022-06-16,2022-06-16 00:00:00,follow-alpha-my-hero-academia-ova---laugh-like-hell,1440,,,,,,,,,,,
2019-08-10 05:54:00,,13991889,follow,,,2019-08-10 05:54:00,6fccd8ba-c7b8-4976-9a28-12901af4cf36,follow-6fccd8ba-c7b8-4976-9a28-12901af4cf36-0,,0,follow-follow-date-1565416440,movie,Madagascar 3: Europe's Most Wanted,,,,,,,,,,,,,,,
2019-08-08 05:12:07,,13991889,follow,,,2019-08-08 05:12:07,701ea1ba-34df-4fa1-b4b1-29fc283c2d0c,follow-701ea1ba-34df-4fa1-b4b1-29fc283c2d0c-0,,0,follow-follow-date-1565241127,movie,Guardians of the Galaxy Vol. 2,,,,,,,,,,,,,,,
2019-08-10 05:53:14,,13991889,follow,,,2019-08-10 05:53:14,70896469-17b7-4ec0-bbb5-2c4c03dd561b,follow-70896469-17b7-4ec0-bbb5-2c4c03dd561b-0,,0,follow-follow-date-1565416394,movie,Suicide Squad,,,,,,,,,,,,,,,
2019-08-10 05:49:34,,13991889,follow,,,2019-08-10 05:49:34,70ffc6be-cfde-4ec9-a0ac-9f48302af7de,follow-70ffc6be-cfde-4ec9-a0ac-9f48302af7de-0,,0,follow-follow-date-1565416174,movie,Alice in Wonderland,,,,,,,,,,,,,,,
2019-08-10 05:47:13,,13991889,follow,,,2019-08-10 05:47:13,717a64a7-8040-4c6b-88e2-3552e890fb54,follow-717a64a7-8040-4c6b-88e2-3552e890fb54-0,,0,follow-follow-date-1565416033,movie,Guardians of the Galaxy,,,,,,,,,,,,,,,
2023-06-10 12:11:30,,13991889,follow,,,2023-06-10 12:11:30,722e0127-7cc0-41a1-b35a-8bfbbffd6b06,follow-722e0127-7cc0-41a1-b35a-8bfbbffd6b06-0,,,follow-follow-date-1686399090,movie,Spider-Man: Beyond the Spider-Verse,follow-release-date-2024-03-29,2024-03-29 00:00:00,follow-alpha-spider-man-beyond-the-spider-verse,,,,,,,,,,,,
2023-06-10 12:11:44,,13991889,follow,,,2023-06-10 12:11:44,724d75e3-5d7c-4af6-a6b4-5f331cd4d0af,follow-724d75e3-5d7c-4af6-a6b4-5f331cd4d0af-0,,,follow-follow-date-1686399104,movie,Dune: Part Two,follow-release-date-2023-11-01,2023-11-01 00:00:00,follow-alpha-dune-part-two,,,,,,,,,,,,
2023-02-26 03:52:53,,13991889,follow,,,2023-02-26 03:52:53,7255641f-5a95-4667-a523-c2002eb07b01,follow-7255641f-5a95-4667-a523-c2002eb07b01-0,,,follow-follow-date-1677383573,movie,The Snowman,follow-release-date-2017-11-29,2017-11-29 00:00:00,follow-alpha-the-snowman,7140,,,,,,,,,,,
2020-06-22 02:36:19,,13991889,follow,,,2020-06-22 02:36:19,72e862fa-bcc5-447f-b780-666b60d82675,follow-72e862fa-bcc5-447f-b780-666b60d82675-0,,0,follow-follow-date-1592793379,movie,ドラゴンボールZ 超戦士撃破!!勝つのはオレだ,,1994-07-09 00:00:00,,,,,,,,,,,,,
2023-06-10 12:11:49,,13991889,follow,,,2023-06-10 12:11:49,7303fdcf-0614-48df-bd63-a405920ead89,follow-7303fdcf-0614-48df-bd63-a405920ead89-0,,,follow-follow-date-1686399109,movie,Blue Beetle,follow-release-date-2023-08-18,2023-08-18 00:00:00,follow-alpha-blue-beetle,,,,,,,,,,,,
2019-08-08 05:09:12,,13991889,follow,,,2019-08-08 05:09:12,735bce3b-0e4f-4cc6-a691-98a2354925cc,follow-735bce3b-0e4f-4cc6-a691-98a2354925cc-0,,0,follow-follow-date-1565240952,movie,The Matrix Revolutions,,,,,,,,,,,,,,,
2019-08-10 05:48:53,,13991889,follow,,,2019-08-10 05:48:53,73b2ad11-a9e0-4685-8a07-f149b9e2609c,follow-73b2ad11-a9e0-4685-8a07-f149b9e2609c-0,,0,follow-follow-date-1565416133,movie,The Simpsons Movie,,,,,,,,,,,,,,,
2019-08-10 05:56:01,,13991889,follow,,,2019-08-10 05:56:01,74f75ba9-560c-417e-8be2-a375a051cb4c,follow-74f75ba9-560c-417e-8be2-a375a051cb4c-0,,0,follow-follow-date-1565416561,movie,X-Men Origins: Wolverine,,,,,,,,,,,,,,,
2019-08-10 05:51:51,,13991889,follow,,,2019-08-10 05:51:51,7509b172-6138-4aec-bdd8-b3e081cc310a,follow-7509b172-6138-4aec-bdd8-b3e081cc310a-0,,0,follow-follow-date-1565416311,movie,X-Men,,,,,,,,,,,,,,,
2021-02-26 02:48:15,,13991889,follow,,,2021-02-26 02:48:15,758d716d-5a34-4c48-8a79-4fa2416e2a91,follow-758d716d-5a34-4c48-8a79-4fa2416e2a91-0,,,follow-follow-date-1614307695,movie,Spider-Man: No Way Home,follow-release-date-2021-12-15,2021-12-15 00:00:00,follow-alpha-spider-man-3,,,,,,,,,,,,
2019-08-10 05:46:49,,13991889,follow,,,2019-08-10 05:46:49,75a7a892-832e-4505-a1d2-6d936577f3f9,follow-75a7a892-832e-4505-a1d2-6d936577f3f9-0,,0,follow-follow-date-1565416009,movie,The Perks of Being a Wallflower,,,,,,,,,,,,,,,
2019-08-10 06:05:00,,13991889,follow,,,2019-08-10 06:05:00,75e0cdd2-b83e-4a9e-91f6-56157cfb72d3,follow-75e0cdd2-b83e-4a9e-91f6-56157cfb72d3-0,,0,follow-follow-date-1565417100,movie,Rio 2,,,,,,,,,,,,,,,
2026-06-08 04:00:37,,13991889,follow,,,2026-06-08 04:00:37,75f84f81-4ab5-48fc-bee4-6a9763329e50,follow-75f84f81-4ab5-48fc-bee4-6a9763329e50-0,,,follow-follow-date-1780891237,movie,Scary Movie 6,follow-release-date-2026-06-05,2026-06-05 00:00:00,follow-alpha-scary-movie-6,5700,,,,,,,,,,,
2021-02-25 04:49:17,,13991889,follow,,,2021-02-25 04:49:17,762135ab-c047-4026-8333-9580bf435807,follow-762135ab-c047-4026-8333-9580bf435807-0,,,follow-follow-date-1614228557,movie,僕のヒーローアカデミア 生き残れ! 決死のサバイバル訓練 後編,follow-release-date-2020-08-15,2020-08-15 00:00:00,follow-alpha-my-hero-academia-make-it-do-or-die-survival-training-(part-2),,,,,,,,,,,,
2019-12-30 18:19:06,,13991889,follow,,,2019-12-30 18:19:06,76c34be2-faba-4061-bb85-2e13fed78872,follow-76c34be2-faba-4061-bb85-2e13fed78872-0,,0,follow-follow-date-1577729946,movie,6 Underground,,2019-12-13 00:00:00,,,,,,,,,,,,,
2020-06-22 02:36:25,,13991889,follow,,,2020-06-22 02:36:25,76cb20b3-2c5d-479f-9690-18f765661711,follow-76cb20b3-2c5d-479f-9690-18f765661711-0,,0,follow-follow-date-1592793385,movie,ドラゴンボールZ とびっきりの最強対最強,,1991-07-20 00:00:00,,,,,,,,,,,,,
2019-08-31 20:29:05,,13991889,follow,,,2019-08-31 20:29:05,775662c5-764a-4809-94b2-6711d4c9a08f,follow-775662c5-764a-4809-94b2-6711d4c9a08f-0,,0,follow-follow-date-1567283345,movie,Share,,0001-01-01 00:00:00,,,,,,,,,,,,,
2025-11-30 14:27:21,,13991889,follow,,,2025-11-30 14:27:21,78079d78-9387-4cbe-9adf-8ded6b6decc4,follow-78079d78-9387-4cbe-9adf-8ded6b6decc4-0,,,follow-follow-date-1764512841,movie,Zootopia 2,follow-release-date-2025-11-26,2025-11-26 00:00:00,follow-alpha-zootopia-2,,,,,,,,,,,,
2019-08-10 05:46:01,,13991889,follow,,,2019-08-10 05:46:01,780fa612-3916-40e9-a1c3-6b2e75197395,follow-780fa612-3916-40e9-a1c3-6b2e75197395-0,,0,follow-follow-date-1565415961,movie,Up,,,,,,,,,,,,,,,
2019-08-10 06:02:58,,13991889,follow,,,2019-08-10 06:02:58,78183e7d-994d-462d-b28a-b3d4c53d308d,follow-78183e7d-994d-462d-b28a-b3d4c53d308d-0,,0,follow-follow-date-1565416978,movie,Scary Movie 3,,,,,,,,,,,,,,,
2019-08-10 05:58:36,,13991889,follow,,,2019-08-10 05:58:36,783fbea2-0828-420e-9dc7-a915c08d0e38,follow-783fbea2-0828-420e-9dc7-a915c08d0e38-0,,0,follow-follow-date-1565416716,movie,The Jungle Book,,,,,,,,,,,,,,,
2019-10-07 03:58:11,,13991889,follow,,,2019-10-07 03:58:11,78a0d677-5e7e-423d-a0ab-b669754885f1,follow-78a0d677-5e7e-423d-a0ab-b669754885f1-0,,0,follow-follow-date-1570420691,movie,Joker,,2019-10-04 00:00:00,,,,,,,,,,,,,
2021-02-16 23:26:33,,13991889,follow,,,2021-02-16 23:26:33,78a8bbfe-2ed8-4c2e-890e-e4d2d87716c5,follow-78a8bbfe-2ed8-4c2e-890e-e4d2d87716c5-0,,,follow-follow-date-1613517993,movie,To All the Boys: Always and Forever,follow-release-date-2021-02-12,2021-02-12 00:00:00,follow-alpha-to-all-the-boys-always-and-forever,,,,,,,,,,,,
2019-08-10 05:50:01,,13991889,follow,,,2019-08-10 05:50:01,78bdccb1-7291-4d79-a4b3-d4e4e198348a,follow-78bdccb1-7291-4d79-a4b3-d4e4e198348a-0,,0,follow-follow-date-1565416201,movie,Ice Age: The Meltdown,,,,,,,,,,,,,,,
2019-08-10 06:04:42,,13991889,follow,,,2019-08-10 06:04:42,796b2ef5-2e06-43e8-a517-d8814f616f71,follow-796b2ef5-2e06-43e8-a517-d8814f616f71-0,,0,follow-follow-date-1565417082,movie,Casper,,,,,,,,,,,,,,,
2019-08-10 06:06:55,,13991889,follow,,,2019-08-10 06:06:55,797850f1-71cd-438d-bde2-345337afd417,follow-797850f1-71cd-438d-bde2-345337afd417-0,,0,follow-follow-date-1565417215,movie,Jumanji: The Next Level,,,,,,,,,,,,,,,
2019-08-10 05:59:01,,13991889,follow,,,2019-08-10 05:59:01,7acb2963-aec2-46d3-a00a-0a32ce895c67,follow-7acb2963-aec2-46d3-a00a-0a32ce895c67-0,,0,follow-follow-date-1565416741,movie,Scooby-Doo,,,,,,,,,,,,,,,
2020-01-17 03:11:46,,13991889,follow,,,2020-01-17 03:11:46,7acba47c-3a69-403a-8058-cf51b20fbeb7,follow-7acba47c-3a69-403a-8058-cf51b20fbeb7-0,,0,follow-follow-date-1579230706,movie,The Edge of Seventeen,,2016-11-18 00:00:00,,,,,,,,,,,,,
2020-02-12 05:24:18,,13991889,follow,,,2020-02-12 05:24:18,7b0435f7-2ee4-49dd-b9d2-4793e7c2ac67,follow-7b0435f7-2ee4-49dd-b9d2-4793e7c2ac67-0,,0,follow-follow-date-1581485058,movie,Dolittle,,2020-01-24 00:00:00,,,,,,,,,,,,,
2022-03-13 10:05:37,,13991889,follow,,,2022-03-13 10:05:37,7b224c12-ebc5-431c-8ed8-72d234d9d0ad,follow-7b224c12-ebc5-431c-8ed8-72d234d9d0ad-0,,,follow-follow-date-1647165937,movie,The Adam Project,follow-release-date-2022-03-11,2022-03-11 00:00:00,follow-alpha-the-adam-project,6360,,,,,,,,,,,
2022-06-27 11:57:29,,13991889,follow,,,2022-06-27 11:57:29,7ba78b56-300a-4f2c-a4e6-2c6837d23e6d,follow-7ba78b56-300a-4f2c-a4e6-2c6837d23e6d-0,,,follow-follow-date-1656331049,movie,A Perfect Pairing,follow-release-date-2022-05-19,2022-05-19 00:00:00,follow-alpha-a-perfect-pairing,6060,,,,,,,,,,,
2024-03-10 01:45:24,,13991889,follow,,,2024-03-10 01:45:24,7bbdbf78-cff4-4626-ae2a-8d112aece584,follow-7bbdbf78-cff4-4626-ae2a-8d112aece584-0,,,follow-follow-date-1710035124,movie,City of Lies,follow-release-date-2021-03-19,2021-03-19 00:00:00,follow-alpha-city-of-lies,6720,,,,,,,,,,,
2021-12-12 03:31:43,,13991889,follow,,,2021-12-12 03:31:43,7cb13f6a-f47e-487e-8901-d8c1d161a429,follow-7cb13f6a-f47e-487e-8901-d8c1d161a429-0,,,follow-follow-date-1639279903,movie,Father Christmas is Back,follow-release-date-2021-11-07,2021-11-07 00:00:00,follow-alpha-father-christmas-is-back,6300,,,,,,,,,,,
2024-06-21 16:24:23,,13991889,follow,,,2024-06-21 16:24:23,7d2c48ae-f4cb-44d8-8bfc-a3efca84381a,follow-7d2c48ae-f4cb-44d8-8bfc-a3efca84381a-0,,,follow-follow-date-1718987063,movie,Bad Boys: Ride or Die,follow-release-date-2024-06-07,2024-06-07 00:00:00,follow-alpha-bad-boys-ride-or-die,6900,,,,,,,,,,,
2024-01-08 00:30:38,,13991889,follow,,,2024-01-08 00:30:38,7d657ec9-5920-4162-86d2-f3496450489f,follow-7d657ec9-5920-4162-86d2-f3496450489f-0,,,follow-follow-date-1704673838,movie,雄英ヒーローズ・バトル,follow-release-date-2023-10-20,2023-10-20 00:00:00,follow-alpha-ua-heroes-battle,1440,,,,,,,,,,,
2019-08-10 06:03:48,,13991889,follow,,,2019-08-10 06:03:48,7d831ca2-6dee-4435-a232-bad8ae5c3f76,follow-7d831ca2-6dee-4435-a232-bad8ae5c3f76-0,,0,follow-follow-date-1565417028,movie,Tinker Bell,,,,,,,,,,,,,,,
2026-03-14 23:53:01,,13991889,follow,,,2026-03-14 23:53:01,7da02bbd-0631-43af-ad79-271395d2ed16,follow-7da02bbd-0631-43af-ad79-271395d2ed16-0,,,follow-follow-date-1773532381,movie,Culpa tuya,follow-release-date-2024-12-27,2024-12-27 00:00:00,follow-alpha-your-fault,7200,,,,,,,,,,,
2023-06-12 03:09:36,,13991889,follow,,,2023-06-12 03:09:36,7df503aa-67ae-4a68-b4bd-105b159d4a6a,follow-7df503aa-67ae-4a68-b4bd-105b159d4a6a-0,,,follow-follow-date-1686539376,movie,Shingeki no kyojin kōhen ~Kakusei no hōkō~,follow-release-date-2018-03-09,2018-03-09 00:00:00,follow-alpha-shingeki-no-kyojin-kōhen-~kakusei-no-hōkō~,7200,,,,,,,,,,,
2019-08-10 05:59:44,,13991889,follow,,,2019-08-10 05:59:44,7e43368d-eb1c-4e03-8ecf-86c598245419,follow-7e43368d-eb1c-4e03-8ecf-86c598245419-0,,0,follow-follow-date-1565416784,movie,The Imitation Game,,,,,,,,,,,,,,,
2019-08-10 05:52:28,,13991889,follow,,,2019-08-10 05:52:28,7e86e6bd-3243-47e8-b259-eea4f6a0af30,follow-7e86e6bd-3243-47e8-b259-eea4f6a0af30-0,,0,follow-follow-date-1565416348,movie,"I, Robot",,,,,,,,,,,,,,,
2019-08-10 06:00:50,,13991889,follow,,,2019-08-10 06:00:50,7ea4c1d3-1125-409c-9d5a-edcf8ebaa359,follow-7ea4c1d3-1125-409c-9d5a-edcf8ebaa359-0,,0,follow-follow-date-1565416850,movie,Bruce Almighty,,,,,,,,,,,,,,,
2019-08-10 06:02:31,,13991889,follow,,,2019-08-10 06:02:31,7f002dbb-25fa-48e0-97b8-476ad13e7a58,follow-7f002dbb-25fa-48e0-97b8-476ad13e7a58-0,,0,follow-follow-date-1565416951,movie,Fantastic Four,,,,,,,,,,,,,,,
2019-08-10 05:51:01,,13991889,follow,,,2019-08-10 05:51:01,7fb75a7c-5a36-4599-a1c4-be418f1b3ada,follow-7fb75a7c-5a36-4599-a1c4-be418f1b3ada-0,,0,follow-follow-date-1565416261,movie,Venom,,,,,,,,,,,,,,,
2020-02-18 18:34:01,,13991889,follow,,,2020-02-18 18:34:01,800fece5-25fd-4f76-868a-6967366a5cb0,follow-800fece5-25fd-4f76-868a-6967366a5cb0-0,,0,follow-follow-date-1582050841,movie,The Last Airbender,,,,,,,,,,,,,,,
2019-08-10 06:04:29,,13991889,follow,,,2019-08-10 06:04:29,8013692a-24ec-4ee6-94df-1aebaee17710,follow-8013692a-24ec-4ee6-94df-1aebaee17710-0,,0,follow-follow-date-1565417069,movie,Ted 2,,,,,,,,,,,,,,,
2023-09-14 01:47:31,,13991889,follow,,,2023-09-14 01:47:31,802de268-7ca1-4a17-b86b-69db59fe1266,follow-802de268-7ca1-4a17-b86b-69db59fe1266-0,,,follow-follow-date-1694656051,movie,You Are So Not Invited to My Bat Mitzvah,follow-release-date-2023-08-25,2023-08-25 00:00:00,follow-alpha-you-are-so-not-invited-to-my-bat-mitzvah,6060,,,,,,,,,,,
2023-06-12 03:09:25,,13991889,follow,,,2023-06-12 03:09:25,80689972-31a1-4b97-a1cf-7cf5794c8ee6,follow-80689972-31a1-4b97-a1cf-7cf5794c8ee6-0,,,follow-follow-date-1686539365,movie,劇場版 進撃の巨人 後編 ～自由の翼～,follow-release-date-2015-06-27,2015-06-27 00:00:00,follow-alpha-attack-on-titan-the-wings-of-freedom,7200,,,,,,,,,,,
2023-01-07 02:33:59,,13991889,follow,,,2023-01-07 02:33:59,806dfa10-ad40-4e60-a878-ba49a8326f03,follow-806dfa10-ad40-4e60-a878-ba49a8326f03-0,,,follow-follow-date-1673058839,movie,Everything Everywhere All at Once,follow-release-date-2022-03-25,2022-03-25 00:00:00,follow-alpha-everything-everywhere-all-at-once,8400,,,,,,,,,,,
2021-07-30 00:43:21,,13991889,follow,,,2021-07-30 00:43:21,80b741e4-5e30-4426-b4fc-e5625cbb3fba,follow-80b741e4-5e30-4426-b4fc-e5625cbb3fba-0,,,follow-follow-date-1627605801,movie,Fear Street: 1994,follow-release-date-2021-07-02,2021-07-02 00:00:00,follow-alpha-fear-street-1994,6300,,,,,,,,,,,
2022-04-17 09:44:03,,13991889,follow,,,2022-04-17 09:44:03,8194fc45-0c2e-4f6e-a471-f8c5b3d1a8af,follow-8194fc45-0c2e-4f6e-a471-f8c5b3d1a8af-0,,,follow-follow-date-1650188643,movie,Morbius,follow-release-date-2022-04-01,2022-04-01 00:00:00,follow-alpha-morbius,6480,,,,,,,,,,,
2019-11-12 05:23:05,,13991889,follow,,,2019-11-12 05:23:05,822f1303-6747-4a66-836a-aab046c4c4a6,follow-822f1303-6747-4a66-836a-aab046c4c4a6-0,,0,follow-follow-date-1573536185,movie,Terminator Genisys,,2015-06-25 00:00:00,,,,,,,,,,,,,
2020-06-21 06:35:30,,13991889,follow,,,2020-06-21 06:35:30,827a0c83-ef39-491b-8ff6-85b118afec9e,follow-827a0c83-ef39-491b-8ff6-85b118afec9e-0,,0,follow-follow-date-1592721330,movie,Invader Zim: Enter the Florpus,,2019-08-16 00:00:00,,,,,,,,,,,,,
2019-08-10 06:03:29,,13991889,follow,,,2019-08-10 06:03:29,82f50a08-0078-42ba-8249-fb4cbc7cc27b,follow-82f50a08-0078-42ba-8249-fb4cbc7cc27b-0,,0,follow-follow-date-1565417009,movie,The Croods,,,,,,,,,,,,,,,
2020-06-22 02:36:19,,13991889,follow,,,2020-06-22 02:36:19,830063bd-a883-4bc1-ae03-05cca7cda7e9,follow-830063bd-a883-4bc1-ae03-05cca7cda7e9-0,,0,follow-follow-date-1592793379,movie,ドラゴンボールZ 神と神,,2013-03-30 00:00:00,,,,,,,,,,,,,
2019-08-10 06:06:11,,13991889,follow,,,2019-08-10 06:06:11,83191621-aca2-4e80-b20b-c95af2f9e0bd,follow-83191621-aca2-4e80-b20b-c95af2f9e0bd-0,,0,follow-follow-date-1565417171,movie,Ghost Rider,,,,,,,,,,,,,,,
2019-08-10 05:45:26,,13991889,follow,,,2019-08-10 05:45:26,831f05ea-de4a-44a8-8f28-83b208a05da1,follow-831f05ea-de4a-44a8-8f28-83b208a05da1-0,,0,follow-follow-date-1565415926,movie,Jumanji,,,,,,,,,,,,,,,
2020-02-12 05:26:11,,13991889,follow,,,2020-02-12 05:26:11,834aac4e-1349-4170-9fdd-23e29d3f231c,follow-834aac4e-1349-4170-9fdd-23e29d3f231c-0,,0,follow-follow-date-1581485171,movie,Futurama: Into the Wild Green Yonder,,2009-02-23 00:00:00,,,,,,,,,,,,,
2023-04-23 02:40:32,,13991889,follow,,,2023-04-23 02:40:32,83efdedf-6e68-4546-a738-372cf0495ddb,follow-83efdedf-6e68-4546-a738-372cf0495ddb-0,,,follow-follow-date-1682217632,movie,Wrath of Man,follow-release-date-2021-05-20,2021-05-20 00:00:00,follow-alpha-wrath-of-man,7080,,,,,,,,,,,
2020-05-14 02:20:49,,13991889,follow,,,2020-05-14 02:20:49,842d3de9-f35d-454b-a346-c78d5f2e1413,follow-842d3de9-f35d-454b-a346-c78d5f2e1413-0,,0,follow-follow-date-1589422849,movie,Tokyo Ghoul: Jack,,2015-09-30 00:00:00,,,,,,,,,,,,,
2024-06-29 02:43:16,,13991889,follow,,,2024-06-29 02:43:16,84394394-cf08-4ceb-bd46-8e051ca3873e,follow-84394394-cf08-4ceb-bd46-8e051ca3873e-0,,,follow-follow-date-1719628996,movie,A Family Affair,follow-release-date-2024-06-28,2024-06-28 00:00:00,follow-alpha-a-family-affair,6660,,,,,,,,,,,
2019-08-10 05:49:14,,13991889,follow,,,2019-08-10 05:49:14,8524d86e-11af-42b5-9637-1fa18664e218,follow-8524d86e-11af-42b5-9637-1fa18664e218-0,,0,follow-follow-date-1565416154,movie,Maleficent,,,,,,,,,,,,,,,
2022-03-27 01:03:36,,13991889,follow,,,2022-03-27 01:03:36,852f52ce-915a-455e-8f90-96142d317f79,follow-852f52ce-915a-455e-8f90-96142d317f79-0,,,follow-follow-date-1648343016,movie,La abuela,follow-release-date-2022-04-06,2022-04-06 00:00:00,follow-alpha-the-grandmother,5940,,,,,,,,,,,
2019-08-10 05:50:10,,13991889,follow,,,2019-08-10 05:50:10,85447af1-ac34-476c-b5f6-411bb9d7c110,follow-85447af1-ac34-476c-b5f6-411bb9d7c110-0,,0,follow-follow-date-1565416210,movie,Hotel Transylvania,,,,,,,,,,,,,,,
2024-04-30 01:42:42,,13991889,follow,,,2024-04-30 01:42:42,860b59cb-a32b-410c-a8db-55657c45e1b6,follow-860b59cb-a32b-410c-a8db-55657c45e1b6-0,,,follow-follow-date-1714441362,movie,The Reluctant Fundamentalist,follow-release-date-2013-03-17,2013-03-17 00:00:00,follow-alpha-the-reluctant-fundamentalist,7800,,,,,,,,,,,
2025-01-31 22:50:36,,13991889,follow,,,2025-01-31 22:50:36,86130b93-8d67-420c-bd24-b2fb4c4f4bb2,follow-86130b93-8d67-420c-bd24-b2fb4c4f4bb2-0,,,follow-follow-date-1738363836,movie,Sonic the Hedgehog 3,follow-release-date-2024-12-25,2024-12-25 00:00:00,follow-alpha-sonic-the-hedgehog-3,6660,,,,,,,,,,,
2020-03-31 16:10:08,,13991889,follow,,,2020-03-31 16:10:08,86376076-f75c-47af-aacd-cc7f0681b718,follow-86376076-f75c-47af-aacd-cc7f0681b718-0,,0,follow-follow-date-1585671008,movie,Ben 10: Alien Swarm,,2009-01-01 00:00:00,,,,,,,,,,,,,
2020-07-24 18:22:15,,13991889,follow,,,2020-07-24 18:22:15,86dca86b-b9b9-460f-91cd-48d8513fd064,follow-86dca86b-b9b9-460f-91cd-48d8513fd064-0,,0,follow-follow-date-1595614935,movie,The Kissing Booth 2,,2020-07-24 00:00:00,,,,,,,,,,,,,
2022-10-15 02:08:31,,13991889,follow,,,2022-10-15 02:08:31,8740cd50-93fe-4e17-ada7-d6affb4dd63a,follow-8740cd50-93fe-4e17-ada7-d6affb4dd63a-0,,,follow-follow-date-1665799711,movie,Fireproof,follow-release-date-2008-09-26,2008-09-26 00:00:00,follow-alpha-fireproof,7320,,,,,,,,,,,
2019-08-10 06:07:06,,13991889,follow,,,2019-08-10 06:07:06,87a5124e-3eca-43fe-8667-7bcab6ada01e,follow-87a5124e-3eca-43fe-8667-7bcab6ada01e-0,,0,follow-follow-date-1565417226,movie,Wonder Woman 1984,,,,,,,,,,,,,,,
2019-08-10 06:06:59,,13991889,follow,,,2019-08-10 06:06:59,88b5eeea-84da-41a2-ae5a-3cec6ec49696,follow-88b5eeea-84da-41a2-ae5a-3cec6ec49696-0,,0,follow-follow-date-1565417219,movie,Life of Pi,,,,,,,,,,,,,,,
2019-08-10 05:50:50,,13991889,follow,,,2019-08-10 05:50:50,892577e5-13de-45db-ad3b-be59bcb6df9b,follow-892577e5-13de-45db-ad3b-be59bcb6df9b-0,,0,follow-follow-date-1565416250,movie,I Am Legend,,,,,,,,,,,,,,,
2019-08-10 06:00:10,,13991889,follow,,,2019-08-10 06:00:10,893c636e-f7d2-4646-875f-872940c37cdb,follow-893c636e-f7d2-4646-875f-872940c37cdb-0,,0,follow-follow-date-1565416810,movie,The Lion King II: Simba's Pride,,,,,,,,,,,,,,,
2019-08-10 05:49:46,,13991889,follow,,,2019-08-10 05:49:46,895851b6-d9e1-49c6-b90d-7197d651a169,follow-895851b6-d9e1-49c6-b90d-7197d651a169-0,,0,follow-follow-date-1565416186,movie,Logan,,,,,,,,,,,,,,,
2019-08-10 05:48:35,,13991889,follow,,,2019-08-10 05:48:35,8a142746-1fad-4c07-91c1-4cf970940c33,follow-8a142746-1fad-4c07-91c1-4cf970940c33-0,,0,follow-follow-date-1565416115,movie,Bird Box,,,,,,,,,,,,,,,
2020-06-22 02:36:35,,13991889,follow,,,2020-06-22 02:36:35,8a34831a-3e1e-4423-b3d8-099756ad4cb1,follow-8a34831a-3e1e-4423-b3d8-099756ad4cb1-0,,0,follow-follow-date-1592793395,movie,悟空外伝！勇気の証しは四星球,,1997-03-26 00:00:00,,,,,,,,,,,,,
2019-08-10 05:57:10,,13991889,follow,,,2019-08-10 05:57:10,8a52bdb3-2b9d-4c9c-b91b-82de7113d8c8,follow-8a52bdb3-2b9d-4c9c-b91b-82de7113d8c8-0,,0,follow-follow-date-1565416630,movie,Percy Jackson & the Olympians: The Lightning Thief,,,,,,,,,,,,,,,
2020-10-10 18:17:24,,13991889,follow,,,2020-10-10 18:17:24,8a55f87a-b715-4e70-b828-b22be24d4a95,follow-8a55f87a-b715-4e70-b828-b22be24d4a95-0,,0,follow-follow-date-1602353844,movie,Once Upon a Deadpool,,2018-12-11 00:00:00,,,,,,,,,,,,,
2025-01-09 22:36:33,,13991889,follow,,,2025-01-09 22:36:33,8a9b60a2-1669-403f-83bd-0b0ac7547390,follow-8a9b60a2-1669-403f-83bd-0b0ac7547390-0,,,follow-follow-date-1736462193,movie,Sweeney Todd: The Demon Barber of Fleet Street,follow-release-date-2007-12-20,2007-12-20 00:00:00,follow-alpha-sweeney-todd-the-demon-barber-of-fleet-street,7020,,,,,,,,,,,
2019-11-12 05:23:10,,13991889,follow,,,2019-11-12 05:23:10,8aa3e3c0-dbd3-413a-a193-be7e4428b515,follow-8aa3e3c0-dbd3-413a-a193-be7e4428b515-0,,0,follow-follow-date-1573536190,movie,Terminator 3: Rise of the Machines,,2003-07-02 00:00:00,,,,,,,,,,,,,
2019-08-10 05:44:24,,13991889,follow,,,2019-08-10 05:44:24,8acdf7f7-88d1-4e10-92d5-296f7b64c50e,follow-8acdf7f7-88d1-4e10-92d5-296f7b64c50e-0,,0,follow-follow-date-1565415864,movie,,,,,,,,,,,,,,,,
2020-09-22 22:47:00,,13991889,follow,,,2020-09-22 22:47:00,8ae4034b-0f9b-40b1-87f9-c9a40ff0117d,follow-8ae4034b-0f9b-40b1-87f9-c9a40ff0117d-0,,0,follow-follow-date-1600814820,movie,Maggie Simpson in The Longest Daycare,,2012-07-12 00:00:00,,,,,,,,,,,,,
2019-08-10 05:49:01,,13991889,follow,,,2019-08-10 05:49:01,8b180a17-b645-4e14-ab25-e50e7a68a7a1,follow-8b180a17-b645-4e14-ab25-e50e7a68a7a1-0,,0,follow-follow-date-1565416141,movie,Tarzan,,,,,,,,,,,,,,,
2019-08-10 06:05:28,,13991889,follow,,,2019-08-10 06:05:28,8b24570f-e6b1-4271-9f74-f6ea0bedb1eb,follow-8b24570f-e6b1-4271-9f74-f6ea0bedb1eb-0,,0,follow-follow-date-1565417128,movie,Justice League,,,,,,,,,,,,,,,
2020-08-11 04:15:16,,13991889,follow,,,2020-08-11 04:15:16,8b468f09-7101-47f2-980d-fbf6b55df396,follow-8b468f09-7101-47f2-980d-fbf6b55df396-0,,0,follow-follow-date-1597119316,movie,6 Days to Air: The Making of South Park,,2011-10-09 00:00:00,,,,,,,,,,,,,
2020-06-25 00:15:47,,13991889,follow,,,2020-06-25 00:15:47,8b817b98-e287-4994-9caf-88a44592c6b8,follow-8b817b98-e287-4994-9caf-88a44592c6b8-0,,0,follow-follow-date-1593044147,movie,僕のヒーローアカデミア THE MOVIE ～2人の英雄～,,2018-08-03 00:00:00,,,,,,,,,,,,,
2019-08-10 05:50:23,,13991889,follow,,,2019-08-10 05:50:23,8b9f98b4-5ad6-4aed-b2d5-82f478dcd822,follow-8b9f98b4-5ad6-4aed-b2d5-82f478dcd822-0,,0,follow-follow-date-1565416223,movie,Pirates of the Caribbean: Dead Man's Chest,,,,,,,,,,,,,,,
2019-08-10 05:59:40,,13991889,follow,,,2019-08-10 05:59:40,8bcd83b4-2692-4fd6-83dc-0135b507fba7,follow-8bcd83b4-2692-4fd6-83dc-0135b507fba7-0,,0,follow-follow-date-1565416780,movie,The Kissing Booth,,,,,,,,,,,,,,,
2019-08-10 06:04:31,,13991889,follow,,,2019-08-10 06:04:31,8c4fffb7-5729-43e1-b10b-886fe62b75b5,follow-8c4fffb7-5729-43e1-b10b-886fe62b75b5-0,,0,follow-follow-date-1565417071,movie,Blade Runner 2049,,,,,,,,,,,,,,,
2019-08-10 05:54:59,,13991889,follow,,,2019-08-10 05:54:59,8d85df5b-0ffb-450a-a32e-7eab9665366a,follow-8d85df5b-0ffb-450a-a32e-7eab9665366a-0,,0,follow-follow-date-1565416499,movie,Hancock,,,,,,,,,,,,,,,
2019-08-10 05:47:26,,13991889,follow,,,2019-08-10 05:47:26,8e76c65a-9440-4e12-9ffa-84a4c2fb958c,follow-8e76c65a-9440-4e12-9ffa-84a4c2fb958c-0,,0,follow-follow-date-1565416046,movie,The Mask,,,,,,,,,,,,,,,
2019-08-10 06:02:40,,13991889,follow,,,2019-08-10 06:02:40,8e93fce5-38fd-478a-9329-b7f922fcc4af,follow-8e93fce5-38fd-478a-9329-b7f922fcc4af-0,,0,follow-follow-date-1565416960,movie,Lara Croft: Tomb Raider,,,,,,,,,,,,,,,
2022-12-18 17:19:09,,13991889,follow,,,2022-12-18 17:19:09,8ed79c61-2216-477a-a52e-871d7895ca2b,follow-8ed79c61-2216-477a-a52e-871d7895ca2b-0,,,follow-follow-date-1671383949,movie,Avatar: The Way of Water,follow-release-date-2022-12-09,2022-12-09 00:00:00,follow-alpha-avatar-the-way-of-water,11520,,,,,,,,,,,
2024-02-26 00:33:26,,13991889,follow,,,2024-02-26 00:33:26,8ef12c09-c030-4ccf-ba3e-ed313393a427,follow-8ef12c09-c030-4ccf-ba3e-ed313393a427-0,,,follow-follow-date-1708907606,movie,Dune: Part One,follow-release-date-2021-10-22,2021-10-22 00:00:00,follow-alpha-dune,9300,,,,,,,,,,,
2023-07-24 19:29:36,,13991889,follow,,,2023-07-24 19:29:36,8f160db4-d292-448f-be17-9001b3a18856,follow-8f160db4-d292-448f-be17-9001b3a18856-0,,,follow-follow-date-1690226976,movie,Mission: Impossible – Dead Reckoning Part One,follow-release-date-2023-07-08,2023-07-08 00:00:00,follow-alpha-mission-impossible-–-dead-reckoning-part-one,9780,,,,,,,,,,,
2019-08-10 05:45:05,,13991889,follow,,,2019-08-10 05:45:05,903a576e-a716-4abc-b69b-3a1003d9d5af,follow-903a576e-a716-4abc-b69b-3a1003d9d5af-0,,0,follow-follow-date-1565415905,movie,The Devil Wears Prada,,,,,,,,,,,,,,,
2024-08-10 17:50:42,,13991889,follow,,,2024-08-10 17:50:42,905d6f6c-df85-4c7d-a933-9c29e77348ed,follow-905d6f6c-df85-4c7d-a933-9c29e77348ed-0,,,follow-follow-date-1723312242,movie,Borderlands,follow-release-date-2024-08-09,2024-08-09 00:00:00,follow-alpha-borderlands,,,,,,,,,,,,
2019-08-10 06:05:12,,13991889,follow,,,2019-08-10 06:05:12,907c43d4-92e7-4351-8662-d679bbfa1dba,follow-907c43d4-92e7-4351-8662-d679bbfa1dba-0,,0,follow-follow-date-1565417112,movie,The King's Man,,,,,,,,,,,,,,,
2022-02-22 23:54:11,,13991889,follow,,,2022-02-22 23:54:11,90939db3-4946-4d56-ac42-21660616df35,follow-90939db3-4946-4d56-ac42-21660616df35-0,,,follow-follow-date-1645574051,movie,劇場版 七つの大罪 光に呪われし者たち,follow-release-date-2021-10-01,2021-10-01 00:00:00,follow-alpha-the-seven-deadly-sins-cursed-by-light,4740,,,,,,,,,,,
2019-08-10 05:47:33,,13991889,follow,,,2019-08-10 05:47:33,9095e0da-6662-4820-a3a1-4e1fe52638f4,follow-9095e0da-6662-4820-a3a1-4e1fe52638f4-0,,0,follow-follow-date-1565416053,movie,Thor: The Dark World,,,,,,,,,,,,,,,
2026-05-18 01:28:06,,13991889,follow,,,2026-05-18 01:28:06,9101d670-0e18-4b3b-846a-e1134fe557cb,follow-9101d670-0e18-4b3b-846a-e1134fe557cb-0,,,follow-follow-date-1779067686,movie,Mortal Kombat II,follow-release-date-2026-05-08,2026-05-08 00:00:00,follow-alpha-mortal-kombat-ii,6960,,,,,,,,,,,
2024-03-03 23:24:24,,13991889,follow,,,2024-03-03 23:24:24,91b6f09c-ef66-4f73-8fb9-07ef87fc608b,follow-91b6f09c-ef66-4f73-8fb9-07ef87fc608b-0,,,follow-follow-date-1709508264,movie,Spaceman,follow-release-date-2024-03-01,2024-03-01 00:00:00,follow-alpha-spaceman,,,,,,,,,,,,
2021-01-02 04:09:06,,13991889,follow,,,2021-01-02 04:09:06,91e579c9-7b9f-49a2-b63b-1e165f79d50b,follow-91e579c9-7b9f-49a2-b63b-1e165f79d50b-0,,,follow-follow-date-1609560546,movie,Soul,follow-release-date-2020-12-25,2020-12-25 00:00:00,follow-alpha-soul,,,,,,,,,,,,
2024-02-25 19:07:56,,13991889,follow,,,2024-02-25 19:07:56,9321e734-98dc-44a4-a2e7-45908e0928ba,follow-9321e734-98dc-44a4-a2e7-45908e0928ba-0,,,follow-follow-date-1708888076,movie,,follow-release-date-2029-12-21,2029-12-21 00:00:00,follow-alpha-avatar-4,,,,,,,,,,,,
2020-07-26 18:06:09,,13991889,follow,,,2020-07-26 18:06:09,933b0f93-48f4-420c-97c5-b7d02a7bb284,follow-933b0f93-48f4-420c-97c5-b7d02a7bb284-0,,0,follow-follow-date-1595786769,movie,Annihilation,,2018-02-23 00:00:00,,,,,,,,,,,,,
2019-08-10 05:44:09,,13991889,follow,,,2019-08-10 05:44:09,935896b6-e802-4781-97f5-bd7bb66b4162,follow-935896b6-e802-4781-97f5-bd7bb66b4162-0,,0,follow-follow-date-1565415849,movie,Deadpool 2,,,,,,,,,,,,,,,
2019-08-10 06:01:02,,13991889,follow,,,2019-08-10 06:01:02,93787a9c-2a57-4db9-a8ea-1a4b4dc45624,follow-93787a9c-2a57-4db9-a8ea-1a4b4dc45624-0,,0,follow-follow-date-1565416862,movie,Stuart Little,,,,,,,,,,,,,,,
2020-09-18 19:30:09,,13991889,follow,,,2020-09-18 19:30:09,94cac0c2-5785-49ce-a253-770447bce8a8,follow-94cac0c2-5785-49ce-a253-770447bce8a8-0,,0,follow-follow-date-1600457409,movie,,,2020-09-02 00:00:00,,,,,,,,,,,,,
2023-08-28 23:03:07,,13991889,follow,,,2023-08-28 23:03:07,94d3fa95-f83d-42ad-ba65-06bfa022feb0,follow-94d3fa95-f83d-42ad-ba65-06bfa022feb0-0,,,follow-follow-date-1693263787,movie,Insidious: The Red Door,follow-release-date-2023-07-20,2023-07-20 00:00:00,follow-alpha-insidious-the-red-door,6420,,,,,,,,,,,
2024-06-08 19:15:01,,13991889,follow,,,2024-06-08 19:15:01,9509a1ec-14ed-4e21-b7f9-6c7a1fe41d80,follow-9509a1ec-14ed-4e21-b7f9-6c7a1fe41d80-0,,,follow-follow-date-1717874101,movie,The Ministry of Ungentlemanly Warfare,follow-release-date-2024-04-19,2024-04-19 00:00:00,follow-alpha-the-ministry-of-ungentlemanly-warfare,7200,,,,,,,,,,,
2020-04-06 06:21:08,,13991889,follow,,,2020-04-06 06:21:08,95101877-a611-46f6-9616-921756266f49,follow-95101877-a611-46f6-9616-921756266f49-0,,0,follow-follow-date-1586154068,movie,Gravity Falls: Take Back the Falls,,2016-02-15 00:00:00,,,,,,,,,,,,,
2025-05-27 00:07:57,,13991889,follow,,,2025-05-27 00:07:57,951b225b-6740-40f9-b15d-4b970466b283,follow-951b225b-6740-40f9-b15d-4b970466b283-0,,,follow-follow-date-1748304477,movie,Lilo & Stitch,follow-release-date-2025-05-23,2025-05-23 00:00:00,follow-alpha-lilo-&-stitch,6480,,,,,,,,,,,
2019-08-08 05:09:23,,13991889,follow,,,2019-08-08 05:09:23,95bc823e-4707-445a-8cdb-fffc7c113977,follow-95bc823e-4707-445a-8cdb-fffc7c113977-0,,0,follow-follow-date-1565240963,movie,The Matrix Reloaded,,,,,,,,,,,,,,,
2022-04-14 02:10:27,,13991889,follow,,,2022-04-14 02:10:27,9639167d-e53e-4a6e-9ec2-61628bc65858,follow-9639167d-e53e-4a6e-9ec2-61628bc65858-0,,,follow-follow-date-1649902227,movie,Turning Red,follow-release-date-2022-03-11,2022-03-11 00:00:00,follow-alpha-turning-red,6000,,,,,,,,,,,
2020-02-12 05:23:28,,13991889,follow,,,2020-02-12 05:23:28,96e53d6d-0f77-452b-ad3b-cd321143a34d,follow-96e53d6d-0f77-452b-ad3b-cd321143a34d-0,,0,follow-follow-date-1581485008,movie,기생충,,2019-08-15 00:00:00,,,,,,,,,,,,,
2020-07-02 18:34:25,,13991889,follow,,,2020-07-02 18:34:25,970a2201-6a0c-4b1e-9e35-6aa2fa25a748,follow-970a2201-6a0c-4b1e-9e35-6aa2fa25a748-0,,0,follow-follow-date-1593714865,movie,Zombieland: Double Tap,,2019-10-11 00:00:00,,,,,,,,,,,,,
2023-01-07 02:34:41,,13991889,follow,,,2023-01-07 02:34:41,9719a2ac-9e62-43b0-9ad2-307aa969a337,follow-9719a2ac-9e62-43b0-9ad2-307aa969a337-0,,,follow-follow-date-1673058881,movie,Violent Night,follow-release-date-2022-12-02,2022-12-02 00:00:00,follow-alpha-violent-night,6060,,,,,,,,,,,
2019-08-10 05:47:59,,13991889,follow,,,2019-08-10 05:47:59,9722666f-dbc4-41cd-a917-2bd26e3ef21c,follow-9722666f-dbc4-41cd-a917-2bd26e3ef21c-0,,0,follow-follow-date-1565416079,movie,Ice Age,,,,,,,,,,,,,,,
2021-12-08 03:52:58,,13991889,follow,,,2021-12-08 03:52:58,974fcd5c-26fd-4068-bbbd-437317265f58,follow-974fcd5c-26fd-4068-bbbd-437317265f58-0,,,follow-follow-date-1638935578,movie,Pourris gâtés,follow-release-date-2021-09-15,2021-09-15 00:00:00,follow-alpha-spoiled-brats,5700,,,,,,,,,,,
2019-08-10 05:52:44,,13991889,follow,,,2019-08-10 05:52:44,9787e50b-2f06-4b57-bd7a-ac308d701efa,follow-9787e50b-2f06-4b57-bd7a-ac308d701efa-0,,0,follow-follow-date-1565416364,movie,Snow White and the Seven Dwarfs,,,,,,,,,,,,,,,
2019-08-08 05:09:19,,13991889,follow,,,2019-08-08 05:09:19,978899c4-5194-4568-b922-0bd2874c4c1a,follow-978899c4-5194-4568-b922-0bd2874c4c1a-0,,0,follow-follow-date-1565240959,movie,The Matrix,,,,,,,,,,,,,,,
2019-08-10 05:56:08,,13991889,follow,,,2019-08-10 05:56:08,9799ee60-4e2f-439c-a9b6-832d03c99dd6,follow-9799ee60-4e2f-439c-a9b6-832d03c99dd6-0,,0,follow-follow-date-1565416568,movie,Beauty and the Beast,,,,,,,,,,,,,,,
2023-12-27 23:25:51,,13991889,follow,,,2023-12-27 23:25:51,97c0c948-4abc-46cb-98b5-ede8ea3a78e7,follow-97c0c948-4abc-46cb-98b5-ede8ea3a78e7-0,,,follow-follow-date-1703719551,movie,Fair Play,follow-release-date-2023-10-06,2023-10-06 00:00:00,follow-alpha-fair-play,6780,,,,,,,,,,,
2023-08-14 00:27:58,,13991889,follow,,,2023-08-14 00:27:58,986ce017-4a8b-413d-95ae-ab7bff682969,follow-986ce017-4a8b-413d-95ae-ab7bff682969-0,,,follow-follow-date-1691972878,movie,The Pope's Exorcist,follow-release-date-2023-05-11,2023-05-11 00:00:00,follow-alpha-the-pope's-exorcist,6180,,,,,,,,,,,
2019-08-08 05:11:19,,13991889,follow,,,2019-08-08 05:11:19,98cc1928-fa5e-4c00-a0e7-762d1f73a1fc,follow-98cc1928-fa5e-4c00-a0e7-762d1f73a1fc-0,,0,follow-follow-date-1565241079,movie,,,,,,,,,,,,,,,,
2019-08-10 05:55:16,,13991889,follow,,,2019-08-10 05:55:16,98d1ffda-5bd1-4db4-835f-2bcc9e1612f4,follow-98d1ffda-5bd1-4db4-835f-2bcc9e1612f4-0,,0,follow-follow-date-1565416516,movie,Alice Through the Looking Glass,,,,,,,,,,,,,,,
2019-08-10 05:55:31,,13991889,follow,,,2019-08-10 05:55:31,98d4f9bb-79e7-4147-b366-d3a62053b38a,follow-98d4f9bb-79e7-4147-b366-d3a62053b38a-0,,0,follow-follow-date-1565416531,movie,Fantastic Four: Rise of the Silver Surfer,,,,,,,,,,,,,,,
2024-05-16 03:40:59,,13991889,follow,,,2024-05-16 03:40:59,991c2451-84de-4da0-9510-05a29811b125,follow-991c2451-84de-4da0-9510-05a29811b125-0,,,follow-follow-date-1715830859,movie,The Idea of You,follow-release-date-2024-05-02,2024-05-02 00:00:00,follow-alpha-the-idea-of-you,5640,,,,,,,,,,,
2019-08-10 05:50:11,,13991889,follow,,,2019-08-10 05:50:11,99d8c03e-6d00-4b6f-8a2b-a2374c70a0dc,follow-99d8c03e-6d00-4b6f-8a2b-a2374c70a0dc-0,,0,follow-follow-date-1565416211,movie,It: Chapter Two,,,,,,,,,,,,,,,
2023-07-24 02:29:14,,13991889,follow,,,2023-07-24 02:29:14,9a07c179-dfff-4c7d-b48c-b885484751ab,follow-9a07c179-dfff-4c7d-b48c-b885484751ab-0,,,follow-follow-date-1690165754,movie,Bird Box: Barcelona,follow-release-date-2023-07-14,2023-07-14 00:00:00,follow-alpha-bird-box-barcelona,6660,,,,,,,,,,,
2025-02-02 03:36:29,,13991889,follow,,,2025-02-02 03:36:29,9a801305-611e-4193-be03-e25893793ee7,follow-9a801305-611e-4193-be03-e25893793ee7-0,,,follow-follow-date-1738467389,movie,Snack Shack,follow-release-date-2024-03-15,2024-03-15 00:00:00,follow-alpha-snack-shack,6720,,,,,,,,,,,
2019-08-10 05:51:30,,13991889,follow,,,2019-08-10 05:51:30,9aaf123c-d6b8-48ff-b5f7-b70bb3c5a4d7,follow-9aaf123c-d6b8-48ff-b5f7-b70bb3c5a4d7-0,,0,follow-follow-date-1565416290,movie,Pinocchio,,,,,,,,,,,,,,,
2023-07-24 19:29:35,,13991889,follow,,,2023-07-24 19:29:35,9adb5ec5-a5c7-4cc8-8b10-b69f8944bfbf,follow-9adb5ec5-a5c7-4cc8-8b10-b69f8944bfbf-0,,,follow-follow-date-1690226975,movie,Oppenheimer,follow-release-date-2023-07-19,2023-07-19 00:00:00,follow-alpha-oppenheimer,10800,,,,,,,,,,,
2022-05-23 05:00:31,,13991889,follow,,,2022-05-23 05:00:31,9b291842-b784-43b5-a79b-d7b720bd8d48,follow-9b291842-b784-43b5-a79b-d7b720bd8d48-0,,,follow-follow-date-1653282031,movie,Choose or Die,follow-release-date-2022-04-15,2022-04-15 00:00:00,follow-alpha-choose-or-die,5100,,,,,,,,,,,
2019-08-10 05:53:08,,13991889,follow,,,2019-08-10 05:53:08,9ccb2445-ef51-4a54-91c3-8885df405746,follow-9ccb2445-ef51-4a54-91c3-8885df405746-0,,0,follow-follow-date-1565416388,movie,Men in Black: International,,,,,,,,,,,,,,,
2023-06-10 12:11:53,,13991889,follow,,,2023-06-10 12:11:53,9d6cd3ef-452c-4f98-b7fe-29eaa2d64e47,follow-9d6cd3ef-452c-4f98-b7fe-29eaa2d64e47-0,,,follow-follow-date-1686399113,movie,,follow-release-date-2024-05-03,2024-05-03 00:00:00,follow-alpha-captain-america-brave-new-world,,,,,,,,,,,,
2020-07-31 05:49:41,,13991889,follow,,,2020-07-31 05:49:41,9ded12df-1920-4338-80d8-fda905574f96,follow-9ded12df-1920-4338-80d8-fda905574f96-0,,0,follow-follow-date-1596174581,movie,"Yo, Adolescente",,2020-07-23 00:00:00,,,,,,,,,,,,,
2019-08-08 05:10:52,,13991889,follow,,,2019-08-08 05:10:52,9e5e9ef7-8976-4b8c-8cda-8d4aad85b20a,follow-9e5e9ef7-8976-4b8c-8cda-8d4aad85b20a-0,,0,follow-follow-date-1565241052,movie,Mulan,,,,,,,,,,,,,,,
2020-06-22 02:36:38,,13991889,follow,,,2020-06-22 02:36:38,9eb3d430-3ae4-4695-a35f-6772fe1fc1ea,follow-9eb3d430-3ae4-4695-a35f-6772fe1fc1ea-0,,0,follow-follow-date-1592793398,movie,Dragon Ball  - La Légende de Shenron,,1986-12-20 00:00:00,,,,,,,,,,,,,
2019-08-08 05:11:25,,13991889,follow,,,2019-08-08 05:11:25,9ec9c87a-b3c3-4783-9f53-22503fc814f2,follow-9ec9c87a-b3c3-4783-9f53-22503fc814f2-0,,0,follow-follow-date-1565241085,movie,Fast & Furious Presents: Hobbs & Shaw,,,,,,,,,,,,,,,
2019-08-10 05:51:43,,13991889,follow,,,2019-08-10 05:51:43,9faef59c-80ec-4a57-866e-99ad2038a3ce,follow-9faef59c-80ec-4a57-866e-99ad2038a3ce-0,,0,follow-follow-date-1565416303,movie,Men in Black,,,,,,,,,,,,,,,
2022-02-25 22:37:31,,13991889,follow,,,2022-02-25 22:37:31,9fdc0e35-be1c-41ee-a1d4-fd846a8e3bc5,follow-9fdc0e35-be1c-41ee-a1d4-fd846a8e3bc5-0,,,follow-follow-date-1645828651,movie,僕のヒーローアカデミア THE MOVIE ヒーローズ・ライジング エピローグ・プラス《夢を現実に》,follow-release-date-2020-07-15,2020-07-15 00:00:00,follow-alpha-boku-no-hero-academia-the-movie-2-heroes-rising---epilogue-plus,600,,,,,,,,,,,
2019-08-10 06:02:54,,13991889,follow,,,2019-08-10 06:02:54,a2f4f40e-e26c-4dbd-9bc3-1061df15f7f7,follow-a2f4f40e-e26c-4dbd-9bc3-1061df15f7f7-0,,0,follow-follow-date-1565416974,movie,Sausage Party,,,,,,,,,,,,,,,
2023-02-26 01:01:03,,13991889,follow,,,2023-02-26 01:01:03,a3476fd1-c2a6-43a6-b50c-d124380cf5d4,follow-a3476fd1-c2a6-43a6-b50c-d124380cf5d4-0,,,follow-follow-date-1677373263,movie,The Whale,follow-release-date-2022-12-21,2022-12-21 00:00:00,follow-alpha-the-whale,7020,,,,,,,,,,,
2021-01-02 04:09:51,,13991889,follow,,,2021-01-02 04:09:51,a35feccb-98db-4f94-a79d-81a6b4df9b40,follow-a35feccb-98db-4f94-a79d-81a6b4df9b40-0,,,follow-follow-date-1609560591,movie,The Minimalists: Less Is Now,follow-release-date-2021-01-01,2021-01-01 00:00:00,follow-alpha-the-minimalists-less-is-now,,,,,,,,,,,,
2019-08-08 05:09:46,,13991889,follow,,,2019-08-08 05:09:46,a3f59c5f-15ff-4990-804a-3a3d98c8d609,follow-a3f59c5f-15ff-4990-804a-3a3d98c8d609-0,,0,follow-follow-date-1565240986,movie,Black Panther,,,,,,,,,,,,,,,
2019-08-10 06:01:52,,13991889,follow,,,2019-08-10 06:01:52,a4013684-6ff8-4fbe-9630-db7aa36ac3a6,follow-a4013684-6ff8-4fbe-9630-db7aa36ac3a6-0,,0,follow-follow-date-1565416912,movie,The Boss Baby,,,,,,,,,,,,,,,
2019-08-10 06:01:36,,13991889,follow,,,2019-08-10 06:01:36,a419103b-14ec-4177-927d-91546133a16a,follow-a419103b-14ec-4177-927d-91546133a16a-0,,0,follow-follow-date-1565416896,movie,Les 12 travaux d'Astérix,,,,,,,,,,,,,,,
2026-05-10 04:22:40,,13991889,follow,,,2026-05-10 04:22:40,a4b14e7e-ceac-4a46-bac2-da5d0da275a6,follow-a4b14e7e-ceac-4a46-bac2-da5d0da275a6-0,,,follow-follow-date-1778386960,movie,The Devil Wears Prada 2,follow-release-date-2026-05-01,2026-05-01 00:00:00,follow-alpha-the-devil-wears-prada-2,7200,,,,,,,,,,,
2023-02-26 01:01:55,,13991889,follow,,,2023-02-26 01:01:55,a4cf678e-483b-4016-9d5f-1b6c73b6ab66,follow-a4cf678e-483b-4016-9d5f-1b6c73b6ab66-0,,,follow-follow-date-1677373315,movie,「鬼滅の刃」上弦集結、そして刀鍛冶の里へ,follow-release-date-2023-03-11,2023-03-11 00:00:00,follow-alpha-demon-slayer-kimetsu-no-yaiba--to-the-swordsmith-village-,6600,,,,,,,,,,,
2019-08-10 05:56:54,,13991889,follow,,,2019-08-10 05:56:54,a51f2623-1ecb-4ce6-bb46-494e0a8a59d8,follow-a51f2623-1ecb-4ce6-bb46-494e0a8a59d8-0,,0,follow-follow-date-1565416614,movie,Arrival,,,,,,,,,,,,,,,
2019-08-10 05:45:22,,13991889,follow,,,2019-08-10 05:45:22,a5cb13d6-384d-46c8-9bde-1f7006f5cb1b,follow-a5cb13d6-384d-46c8-9bde-1f7006f5cb1b-0,,0,follow-follow-date-1565415922,movie,Legally Blonde,,,,,,,,,,,,,,,
2019-08-08 05:12:00,,13991889,follow,,,2019-08-08 05:12:00,a60faf09-aa37-48ba-9864-a203239828b2,follow-a60faf09-aa37-48ba-9864-a203239828b2-0,,0,follow-follow-date-1565241120,movie,Alita: Battle Angel,,,,,,,,,,,,,,,
2023-02-01 01:02:43,,13991889,follow,,,2023-02-01 01:02:43,a69f1e1e-3b68-40f7-baa8-6e5ac78bcd93,follow-a69f1e1e-3b68-40f7-baa8-6e5ac78bcd93-0,,,follow-follow-date-1675213363,movie,Last Seen Alive,follow-release-date-2022-05-12,2022-05-12 00:00:00,follow-alpha-last-seen-alive,7200,,,,,,,,,,,
2019-08-10 06:04:09,,13991889,follow,,,2019-08-10 06:04:09,a6a68855-1532-408f-b269-0a37db294f89,follow-a6a68855-1532-408f-b269-0a37db294f89-0,,0,follow-follow-date-1565417049,movie,Kick-Ass,,,,,,,,,,,,,,,
2024-01-01 04:01:26,,13991889,follow,,,2024-01-01 04:01:26,a6be566f-571d-4891-b351-552a0b27f080,follow-a6be566f-571d-4891-b351-552a0b27f080-0,,,follow-follow-date-1704081686,movie,Aquaman and The Lost Kingdom,follow-release-date-2023-12-20,2023-12-20 00:00:00,follow-alpha-aquaman-and-the-lost-kingdom,7440,,,,,,,,,,,
2019-08-14 23:36:59,,13991889,follow,,,2019-08-14 23:36:59,a75842e0-5a21-4fd4-bdf8-e5495f7ca975,follow-a75842e0-5a21-4fd4-bdf8-e5495f7ca975-0,,0,follow-follow-date-1565825819,movie,Unbreakable,,,,,,,,,,,,,,,
2023-09-14 01:45:54,,13991889,follow,,,2023-09-14 01:45:54,a7e939fd-bfcc-4095-91ab-5e130a295170,follow-a7e939fd-bfcc-4095-91ab-5e130a295170-0,,,follow-follow-date-1694655954,movie,かがみの孤城,follow-release-date-2022-12-23,2022-12-23 00:00:00,follow-alpha-lonely-castle-in-the-mirror,7020,,,,,,,,,,,
2019-08-08 05:16:31,,13991889,follow,,,2019-08-08 05:16:31,a82a3a46-b8a1-4944-87b7-5fb959413e4f,follow-a82a3a46-b8a1-4944-87b7-5fb959413e4f-0,,0,follow-follow-date-1565241391,movie,Godzilla,,,,,,,,,,,,,,,
2020-06-25 00:16:56,,13991889,follow,,,2020-06-25 00:16:56,a84c24c8-3a5b-46bd-b201-b6248d552e3a,follow-a84c24c8-3a5b-46bd-b201-b6248d552e3a-0,,0,follow-follow-date-1593044216,movie,僕のヒーローアカデミア - オールマイト：ライジング,,2019-02-13 00:00:00,,,,,,,,,,,,,
2023-07-08 02:47:12,,13991889,follow,,,2023-07-08 02:47:12,a8f0cfb9-6eb9-4c57-ace1-dea2d8d4ff9d,follow-a8f0cfb9-6eb9-4c57-ace1-dea2d8d4ff9d-0,,,follow-follow-date-1688784432,movie,Late Night,follow-release-date-2019-06-07,2019-06-07 00:00:00,follow-alpha-late-night,6120,,,,,,,,,,,
2019-08-10 05:46:02,,13991889,follow,,,2019-08-10 05:46:02,a8f9787d-4883-4974-a02b-6ac8337a7c5b,follow-a8f9787d-4883-4974-a02b-6ac8337a7c5b-0,,0,follow-follow-date-1565415962,movie,Madagascar,,,,,,,,,,,,,,,
2022-08-21 02:57:32,,13991889,follow,,,2022-08-21 02:57:32,a960556b-6eb8-4782-a294-68377d49557d,follow-a960556b-6eb8-4782-a294-68377d49557d-0,,,follow-follow-date-1661050652,movie,ドラゴンボール超 スーパーヒーロー,follow-release-date-2022-08-19,2022-08-19 00:00:00,follow-alpha-dragon-ball-super-super-hero,7200,,,,,,,,,,,
2024-02-26 00:34:48,,13991889,follow,,,2024-02-26 00:34:48,a97a8227-5973-4c37-a516-be082eb7fbdb,follow-a97a8227-5973-4c37-a516-be082eb7fbdb-0,,,follow-follow-date-1708907688,movie,火垂るの墓,follow-release-date-2015-11-10,2015-11-10 00:00:00,follow-alpha-grave-of-the-fireflies,5580,,,,,,,,,,,
2019-08-10 05:51:59,,13991889,follow,,,2019-08-10 05:51:59,a9b902e6-73de-41a4-a681-e71ad4ee360d,follow-a9b902e6-73de-41a4-a681-e71ad4ee360d-0,,0,follow-follow-date-1565416319,movie,The Suicide Squad,,,,,,,,,,,,,,,
2023-09-17 04:13:41,,13991889,follow,,,2023-09-17 04:13:41,a9c5e5f9-4b9d-4263-a494-df1e0307adaa,follow-a9c5e5f9-4b9d-4263-a494-df1e0307adaa-0,,,follow-follow-date-1694924021,movie,On the Line,follow-release-date-2022-11-17,2022-11-17 00:00:00,follow-alpha-on-the-line,6240,,,,,,,,,,,
2019-08-24 20:08:00,,13991889,follow,,,2019-08-24 20:08:00,aa65faf2-6ac7-40c9-af46-86e17aa8b7f8,follow-aa65faf2-6ac7-40c9-af46-86e17aa8b7f8-0,,0,follow-follow-date-1566677280,movie,First Born,,0001-01-01 00:00:00,,,,,,,,,,,,,
2019-08-10 05:55:44,,13991889,follow,,,2019-08-10 05:55:44,aa72ab5f-74ee-4eba-8aba-217e2c22ff9b,follow-aa72ab5f-74ee-4eba-8aba-217e2c22ff9b-0,,0,follow-follow-date-1565416544,movie,Coraline,,,,,,,,,,,,,,,
2019-08-10 05:49:09,,13991889,follow,,,2019-08-10 05:49:09,aaafe3da-d446-4677-afb2-09c81f31f505,follow-aaafe3da-d446-4677-afb2-09c81f31f505-0,,0,follow-follow-date-1565416149,movie,Back to the Future Part II,,,,,,,,,,,,,,,
2019-08-08 05:12:11,,13991889,follow,,,2019-08-08 05:12:11,aab0967f-10b5-402c-9dca-9bbdd11527cd,follow-aab0967f-10b5-402c-9dca-9bbdd11527cd-0,,0,follow-follow-date-1565241131,movie,Who Framed Roger Rabbit,,,,,,,,,,,,,,,
2019-08-10 05:46:54,,13991889,follow,,,2019-08-10 05:46:54,ab756788-fd39-454f-bcaa-16811781dab0,follow-ab756788-fd39-454f-bcaa-16811781dab0-0,,0,follow-follow-date-1565416014,movie,Now You See Me,,,,,,,,,,,,,,,
2026-06-22 18:19:38,,13991889,follow,,,2026-06-22 18:19:38,abaa0e4d-b31e-49e9-8e33-8d878c2f6dd7,follow-abaa0e4d-b31e-49e9-8e33-8d878c2f6dd7-0,,,follow-follow-date-1782152378,movie,Toy Story 5,follow-release-date-2026-06-19,2026-06-19 00:00:00,follow-alpha-toy-story-5,,,,,,,,,,,,
2019-08-08 05:10:39,,13991889,follow,,,2019-08-08 05:10:39,abce8275-53cf-4572-88e5-a931d47c8246,follow-abce8275-53cf-4572-88e5-a931d47c8246-0,,0,follow-follow-date-1565241039,movie,The Proposal,,,,,,,,,,,,,,,
2019-08-10 05:51:21,,13991889,follow,,,2019-08-10 05:51:21,abf88efb-3cc4-4663-8dd3-1ffb8a7deb56,follow-abf88efb-3cc4-4663-8dd3-1ffb8a7deb56-0,,0,follow-follow-date-1565416281,movie,Peter Pan,,,,,,,,,,,,,,,
2020-10-29 04:11:59,,13991889,follow,,,2020-10-29 04:11:59,ac1fea86-9db2-4936-aa14-71a62661fb9a,follow-ac1fea86-9db2-4936-aa14-71a62661fb9a-0,,0,follow-follow-date-1603944719,movie,Death Note,,2017-08-25 00:00:00,,,,,,,,,,,,,
2019-08-08 05:16:58,,13991889,follow,,,2019-08-08 05:16:58,ac2f2b25-caec-49be-aff6-e5d0baca3d50,follow-ac2f2b25-caec-49be-aff6-e5d0baca3d50-0,,0,follow-follow-date-1565241418,movie,John Wick: Chapter 3 - Parabellum,,,,,,,,,,,,,,,
2024-02-26 00:34:09,,13991889,follow,,,2024-02-26 00:34:09,ac4cd096-79df-42ab-8593-087d2e4fa3f3,follow-ac4cd096-79df-42ab-8593-087d2e4fa3f3-0,,,follow-follow-date-1708907649,movie,BlackBerry,follow-release-date-2023-05-12,2023-05-12 00:00:00,follow-alpha-blackberry,7320,,,,,,,,,,,
2019-08-10 05:50:56,,13991889,follow,,,2019-08-10 05:50:56,acecdd25-b3cb-42ad-aadd-9765a17d2d75,follow-acecdd25-b3cb-42ad-aadd-9765a17d2d75-0,,0,follow-follow-date-1565416256,movie,Cinderella,,,,,,,,,,,,,,,
2019-11-16 19:47:35,,13991889,follow,,,2019-11-16 19:47:35,ad66bc35-4213-4ff3-8b9a-4a135b844560,follow-ad66bc35-4213-4ff3-8b9a-4a135b844560-0,,0,follow-follow-date-1573933655,movie,The Inventor: Out for Blood in Silicon Valley,,2019-01-24 00:00:00,,,,,,,,,,,,,
2020-06-22 02:36:30,,13991889,follow,,,2020-06-22 02:36:30,ad7a827f-c79e-4e8b-9b74-cd6911d84790,follow-ad7a827f-c79e-4e8b-9b74-cd6911d84790-0,,0,follow-follow-date-1592793390,movie,ドラゴンボールZ 地球まるごと超決戦,,1990-06-07 00:00:00,,,,,,,,,,,,,
2019-08-10 06:02:15,,13991889,follow,,,2019-08-10 06:02:15,ae1a5efe-1806-4d57-a0ea-dbeb199e4ec9,follow-ae1a5efe-1806-4d57-a0ea-dbeb199e4ec9-0,,0,follow-follow-date-1565416935,movie,Scary Movie 2,,,,,,,,,,,,,,,
2020-02-07 03:19:46,,13991889,follow,,,2020-02-07 03:19:46,aefb2fc2-75b2-4c73-8eaa-5729b794b025,follow-aefb2fc2-75b2-4c73-8eaa-5729b794b025-0,,0,follow-follow-date-1581045586,movie,Birds of Prey (and the Fantabulous Emancipation of One Harley Quinn),,2020-02-06 00:00:00,,,,,,,,,,,,,
2019-08-10 06:05:18,,13991889,follow,,,2019-08-10 06:05:18,af6e2e89-752c-48ff-8e93-5c64ff65437b,follow-af6e2e89-752c-48ff-8e93-5c64ff65437b-0,,0,follow-follow-date-1565417118,movie,The Christmas Chronicles,,,,,,,,,,,,,,,
2020-06-22 02:36:29,,13991889,follow,,,2020-06-22 02:36:29,af9f84ab-6e36-47d7-859e-3bf52b3555e7,follow-af9f84ab-6e36-47d7-859e-3bf52b3555e7-0,,0,follow-follow-date-1592793389,movie,ドラゴンボールZ 超サイヤ人だ孫悟空,,1991-03-19 00:00:00,,,,,,,,,,,,,
2024-02-26 00:34:50,,13991889,follow,,,2024-02-26 00:34:50,afbaa9dd-e9a1-4252-a7c3-46afc13d08c7,follow-afbaa9dd-e9a1-4252-a7c3-46afc13d08c7-0,,,follow-follow-date-1708907690,movie,The Wonderful Story of Henry Sugar,follow-release-date-2023-09-01,2023-09-01 00:00:00,follow-alpha-the-wonderful-story-of-henry-sugar,2460,,,,,,,,,,,
2019-08-10 05:51:37,,13991889,follow,,,2019-08-10 05:51:37,afbad037-eaf1-44ef-8be6-02c084602478,follow-afbad037-eaf1-44ef-8be6-02c084602478-0,,0,follow-follow-date-1565416297,movie,The Conjuring,,,,,,,,,,,,,,,
2023-08-25 20:03:43,,13991889,follow,,,2023-08-25 20:03:43,afd927f3-0a60-4906-a3e3-8040bcfa1c03,follow-afd927f3-0a60-4906-a3e3-8040bcfa1c03-0,,,follow-follow-date-1692993823,movie,Talk to Me,follow-release-date-2023-08-17,2023-08-17 00:00:00,follow-alpha-talk-to-me,5640,,,,,,,,,,,
2023-06-12 03:09:42,,13991889,follow,,,2023-06-12 03:09:42,b0e8b0e4-e05f-4571-9c9d-bc6731246479,follow-b0e8b0e4-e05f-4571-9c9d-bc6731246479-0,,,follow-follow-date-1686539382,movie,"進撃の巨人 - Wall Sina, Goodbye 後編",follow-release-date-2018-04-09,2018-04-09 00:00:00,"follow-alpha-attack-on-titan-ova-7---lost-girls-wall-sina,-goodbye-(part-2)",1500,,,,,,,,,,,
2019-08-10 06:07:11,,13991889,follow,,,2019-08-10 06:07:11,b1c98d70-3644-472e-b2b4-06712cebbc4e,follow-b1c98d70-3644-472e-b2b4-06712cebbc4e-0,,0,follow-follow-date-1565417231,movie,The Cloverfield Paradox,,,,,,,,,,,,,,,
2019-08-10 05:55:22,,13991889,follow,,,2019-08-10 05:55:22,b1df3260-1c28-4185-ab83-1a0f5aeca011,follow-b1df3260-1c28-4185-ab83-1a0f5aeca011-0,,0,follow-follow-date-1565416522,movie,Cloudy with a Chance of Meatballs,,,,,,,,,,,,,,,
2019-08-10 06:07:42,,13991889,follow,,,2019-08-10 06:07:42,b32c8392-93c0-4306-90c1-0c36f554fdc0,follow-b32c8392-93c0-4306-90c1-0c36f554fdc0-0,,0,follow-follow-date-1565417262,movie,Transformers: Dark of the Moon,,,,,,,,,,,,,,,
2019-08-10 05:52:22,,13991889,follow,,,2019-08-10 05:52:22,b3f57d1d-2a69-440e-8259-c869e072ed0f,follow-b3f57d1d-2a69-440e-8259-c869e072ed0f-0,,0,follow-follow-date-1565416342,movie,X-Men: Days of Future Past,,,,,,,,,,,,,,,
2019-08-10 05:56:17,,13991889,follow,,,2019-08-10 05:56:17,b483f82e-14c7-4f97-86b7-cd957ee89f87,follow-b483f82e-14c7-4f97-86b7-cd957ee89f87-0,,0,follow-follow-date-1565416577,movie,Cars 2,,,,,,,,,,,,,,,
2021-09-05 01:15:32,,13991889,follow,,,2021-09-05 01:15:32,b4d469e5-a1e4-4a62-9958-0e65ff9ca098,follow-b4d469e5-a1e4-4a62-9958-0e65ff9ca098-0,,,follow-follow-date-1630804532,movie,Shiny_Flakes: The Teenage Drug Lord,follow-release-date-2021-08-03,2021-08-03 00:00:00,follow-alpha-shiny_flakes-the-teenage-drug-lord,5820,,,,,,,,,,,
2025-09-21 04:14:31,,13991889,follow,,,2025-09-21 04:14:31,b5db790a-07ab-4dd5-ba5a-0fcf9874c061,follow-b5db790a-07ab-4dd5-ba5a-0fcf9874c061-0,,,follow-follow-date-1758428071,movie,The Amateur,follow-release-date-2025-04-11,2025-04-11 00:00:00,follow-alpha-the-amateur,7380,,,,,,,,,,,
2019-08-08 05:14:04,,13991889,follow,,,2019-08-08 05:14:04,b6480723-c7ce-4cd7-b889-5b21d0dfe741,follow-b6480723-c7ce-4cd7-b889-5b21d0dfe741-0,,0,follow-follow-date-1565241244,movie,The Lord of the Rings: The Two Towers,,,,,,,,,,,,,,,
2020-04-18 03:01:12,,13991889,follow,,,2020-04-18 03:01:12,b658f434-18d7-49d3-bbe6-12c4ae69062a,follow-b658f434-18d7-49d3-bbe6-12c4ae69062a-0,,0,follow-follow-date-1587178872,movie,,,2020-02-12 00:00:00,,,,,,,,,,,,,
2019-08-08 05:10:50,,13991889,follow,,,2019-08-08 05:10:50,b6e6e8d7-15f5-419e-8f5d-8c9d33c8320f,follow-b6e6e8d7-15f5-419e-8f5d-8c9d33c8320f-0,,0,follow-follow-date-1565241050,movie,The Dark Knight,,,,,,,,,,,,,,,
2026-06-20 18:03:09,,13991889,follow,,,2026-06-20 18:03:09,b70165c4-15b2-4a3c-850d-392386a2503e,follow-b70165c4-15b2-4a3c-850d-392386a2503e-0,,,follow-follow-date-1781978589,movie,Culpa nuestra,follow-release-date-2025-10-16,2025-10-16 00:00:00,follow-alpha-our-fault,6720,,,,,,,,,,,
2019-08-10 05:49:17,,13991889,follow,,,2019-08-10 05:49:17,b73936fb-4e59-4e5c-8a2c-abf301376ed8,follow-b73936fb-4e59-4e5c-8a2c-abf301376ed8-0,,0,follow-follow-date-1565416157,movie,How to Train Your Dragon 2,,,,,,,,,,,,,,,
2020-06-22 02:36:11,,13991889,follow,,,2020-06-22 02:36:11,b75843db-daa2-413f-81dd-2b3e2fb9350b,follow-b75843db-daa2-413f-81dd-2b3e2fb9350b-0,,0,follow-follow-date-1592793371,movie,ドラゴンボールZ 龍拳爆発!!悟空がやらねば誰がやる,,1995-07-15 00:00:00,,,,,,,,,,,,,
2019-08-10 05:45:21,,13991889,follow,,,2019-08-10 05:45:21,b76dd8fe-8dfd-4a6a-b296-402dc39f077a,follow-b76dd8fe-8dfd-4a6a-b296-402dc39f077a-0,,0,follow-follow-date-1565415921,movie,Captain America: Civil War,,,,,,,,,,,,,,,
2019-08-10 05:57:25,,13991889,follow,,,2019-08-10 05:57:25,b78de30e-5452-4dff-b770-565304d995c0,follow-b78de30e-5452-4dff-b770-565304d995c0-0,,0,follow-follow-date-1565416645,movie,The Lost World: Jurassic Park,,,,,,,,,,,,,,,
2019-08-10 05:50:48,,13991889,follow,,,2019-08-10 05:50:48,b7b9dc4a-8278-47a7-9201-8588b6877bdc,follow-b7b9dc4a-8278-47a7-9201-8588b6877bdc-0,,0,follow-follow-date-1565416248,movie,Jurassic World,,,,,,,,,,,,,,,
2019-08-10 05:55:47,,13991889,follow,,,2019-08-10 05:55:47,b7c2098d-e182-4ffb-942c-8a81b1c2bf0b,follow-b7c2098d-e182-4ffb-942c-8a81b1c2bf0b-0,,0,follow-follow-date-1565416547,movie,The Fast and the Furious: Tokyo Drift,,,,,,,,,,,,,,,
2023-06-10 12:11:48,,13991889,follow,,,2023-06-10 12:11:48,b7c658cc-d561-4129-9b68-ddddc50547c7,follow-b7c658cc-d561-4129-9b68-ddddc50547c7-0,,,follow-follow-date-1686399108,movie,Deadpool & Wolverine,follow-release-date-2024-11-08,2024-11-08 00:00:00,follow-alpha-deadpool-3,,,,,,,,,,,,
2019-08-10 06:05:50,,13991889,follow,,,2019-08-10 06:05:50,b7fa700c-f101-48fd-b890-9e3ebf0ecf00,follow-b7fa700c-f101-48fd-b890-9e3ebf0ecf00-0,,0,follow-follow-date-1565417150,movie,Transformers: Revenge of the Fallen,,,,,,,,,,,,,,,
2024-06-21 18:23:19,,13991889,follow,,,2024-06-21 18:23:19,b8103d90-8c74-4954-baca-1de0c0a35d84,follow-b8103d90-8c74-4954-baca-1de0c0a35d84-0,,,follow-follow-date-1718994199,movie,Avengers: Secret Wars,follow-release-date-2027-05-07,2027-05-07 00:00:00,follow-alpha-avengers-secret-wars,,,,,,,,,,,,
2019-08-10 05:56:39,,13991889,follow,,,2019-08-10 05:56:39,b83c3ced-7395-40dd-87fc-b2390bb0f779,follow-b83c3ced-7395-40dd-87fc-b2390bb0f779-0,,0,follow-follow-date-1565416599,movie,Johnny English Reborn,,,,,,,,,,,,,,,
2019-08-10 05:51:49,,13991889,follow,,,2019-08-10 05:51:49,b8ee32c3-48a2-4562-8686-e2933ef20e90,follow-b8ee32c3-48a2-4562-8686-e2933ef20e90-0,,0,follow-follow-date-1565416309,movie,The Hobbit: The Battle of the Five Armies,,,,,,,,,,,,,,,
2019-08-10 06:01:16,,13991889,follow,,,2019-08-10 06:01:16,b8f1f0c6-a24a-4c54-9056-486061b0d972,follow-b8f1f0c6-a24a-4c54-9056-486061b0d972-0,,0,follow-follow-date-1565416876,movie,Marley & Me,,,,,,,,,,,,,,,
2019-08-10 05:54:28,,13991889,follow,,,2019-08-10 05:54:28,b8f4e857-7b12-4a5e-9a87-994393fa4d70,follow-b8f4e857-7b12-4a5e-9a87-994393fa4d70-0,,0,follow-follow-date-1565416468,movie,Hotel Transylvania 2,,,,,,,,,,,,,,,
2023-06-10 12:11:56,,13991889,follow,,,2023-06-10 12:11:56,b94842ee-d986-4014-8e44-6032c24d9b35,follow-b94842ee-d986-4014-8e44-6032c24d9b35-0,,,follow-follow-date-1686399116,movie,Thunderbolts*: *The New Avengers,follow-release-date-2024-07-24,2024-07-24 00:00:00,follow-alpha-thunderbolts,,,,,,,,,,,,
2020-10-11 19:14:31,,13991889,follow,,,2020-10-11 19:14:31,b9734307-c575-4c85-bd3d-19457fade50d,follow-b9734307-c575-4c85-bd3d-19457fade50d-0,,0,follow-follow-date-1602443671,movie,American Murder: The Family Next Door,,2020-09-30 00:00:00,,,,,,,,,,,,,
2023-06-12 03:09:39,,13991889,follow,,,2023-06-12 03:09:39,b98bb355-c5d5-443c-93a1-6fb232af33bd,follow-b98bb355-c5d5-443c-93a1-6fb232af33bd-0,,,follow-follow-date-1686539379,movie,進撃の巨人 - Lost in the Cruel World,follow-release-date-2018-08-09,2018-08-09 00:00:00,follow-alpha-attack-on-titan-ova-8---lost-girls-lost-in-the-cruel-world,1500,,,,,,,,,,,
2026-06-20 18:02:40,,13991889,follow,,,2026-06-20 18:02:40,b9faec46-305e-418b-b6e1-ffc7b538733b,follow-b9faec46-305e-418b-b6e1-ffc7b538733b-0,,,follow-follow-date-1781978560,movie,Your Fault: London,follow-release-date-2026-06-17,2026-06-17 00:00:00,follow-alpha-your-fault-london,,,,,,,,,,,,
2024-06-21 18:23:17,,13991889,follow,,,2024-06-21 18:23:17,ba7c1fa6-21f6-4021-8f18-61138d72ba23,follow-ba7c1fa6-21f6-4021-8f18-61138d72ba23-0,,,follow-follow-date-1718994197,movie,Wonder Woman 3,follow-release-date-2026-01-01,2026-01-01 00:00:00,follow-alpha-wonder-woman-3,,,,,,,,,,,,
2024-08-10 17:50:58,,13991889,follow,,,2024-08-10 17:50:58,bb15d16d-6f79-42c1-81bd-c673dc7537ee,follow-bb15d16d-6f79-42c1-81bd-c673dc7537ee-0,,,follow-follow-date-1723312258,movie,Kingdom of the Planet of the Apes,follow-release-date-2024-05-10,2024-05-10 00:00:00,follow-alpha-kingdom-of-the-planet-of-the-apes,8700,,,,,,,,,,,
2019-08-10 06:01:18,,13991889,follow,,,2019-08-10 06:01:18,bb428e73-3014-4d78-a449-75878051e3fb,follow-bb428e73-3014-4d78-a449-75878051e3fb-0,,0,follow-follow-date-1565416878,movie,Sherlock Holmes: A Game of Shadows,,,,,,,,,,,,,,,
2019-08-10 05:56:26,,13991889,follow,,,2019-08-10 05:56:26,bb4d8f9c-3c10-4798-92b2-48d242630470,follow-bb4d8f9c-3c10-4798-92b2-48d242630470-0,,0,follow-follow-date-1565416586,movie,2 Fast 2 Furious,,,,,,,,,,,,,,,
2024-06-19 16:11:36,,13991889,follow,,,2024-06-19 16:11:36,bb52ce42-a7e5-482c-8127-8a53283965ac,follow-bb52ce42-a7e5-482c-8127-8a53283965ac-0,,,follow-follow-date-1718813496,movie,Inside Out 2,follow-release-date-2024-06-14,2024-06-14 00:00:00,follow-alpha-inside-out-2,6000,,,,,,,,,,,
2019-08-10 06:04:49,,13991889,follow,,,2019-08-10 06:04:49,bbab1b9f-ec09-4a02-bfcb-82631c25aa98,follow-bbab1b9f-ec09-4a02-bfcb-82631c25aa98-0,,0,follow-follow-date-1565417089,movie,Shark Tale,,,,,,,,,,,,,,,
2024-02-26 00:34:57,,13991889,follow,,,2024-02-26 00:34:57,bc1542c4-e72f-4dd4-bb80-2d89bd6c6199,follow-bc1542c4-e72f-4dd4-bb80-2d89bd6c6199-0,,,follow-follow-date-1708907697,movie,Interstellar,follow-release-date-2014-11-06,2014-11-06 00:00:00,follow-alpha-interstellar,10140,,,,,,,,,,,
2019-08-10 05:52:56,,13991889,follow,,,2019-08-10 05:52:56,bc180014-4bd3-40a1-bd0f-01fb8fa79dc0,follow-bc180014-4bd3-40a1-bd0f-01fb8fa79dc0-0,,0,follow-follow-date-1565416376,movie,Transformers,,,,,,,,,,,,,,,
2022-10-30 20:41:44,,13991889,follow,,,2022-10-30 20:41:44,bc1dc13c-e9c7-4055-bfc9-4d59e3dcb084,follow-bc1dc13c-e9c7-4055-bfc9-4d59e3dcb084-0,,,follow-follow-date-1667162504,movie,JoJo's Bizarre Adventure: Phantom Blood,follow-release-date-2007-02-17,2007-02-17 00:00:00,follow-alpha-jojo's-bizarre-adventure-phantom-blood,7200,,,,,,,,,,,
2019-08-10 05:44:12,,13991889,follow,,,2019-08-10 05:44:12,bc5eb84f-6e5d-45b0-97c1-96bf401dd59f,follow-bc5eb84f-6e5d-45b0-97c1-96bf401dd59f-0,,0,follow-follow-date-1565415852,movie,Avatar,,,,,,,,,,,,,,,
2019-08-10 05:56:04,,13991889,follow,,,2019-08-10 05:56:04,bca9c67a-e91c-4df2-a624-1430bedea455,follow-bca9c67a-e91c-4df2-a624-1430bedea455-0,,0,follow-follow-date-1565416564,movie,Ted,,,,,,,,,,,,,,,
2019-08-10 05:52:49,,13991889,follow,,,2019-08-10 05:52:49,bd2e6693-3d05-44eb-b8a8-68ff96b636cd,follow-bd2e6693-3d05-44eb-b8a8-68ff96b636cd-0,,0,follow-follow-date-1565416369,movie,Batman Begins,,,,,,,,,,,,,,,
2021-01-03 21:41:06,,13991889,follow,,,2021-01-03 21:41:06,bd548c50-5dc6-4b55-9344-9756942263f5,follow-bd548c50-5dc6-4b55-9344-9756942263f5-0,,,follow-follow-date-1609710066,movie,Borat Subsequent Moviefilm: Delivery of Prodigious Bribe To American Regime For Make Benefit Once Glorious Nation of Kazakhstan,follow-release-date-2020-10-23,2020-10-23 00:00:00,follow-alpha-borat-subsequent-moviefilm-delivery-of-prodigious-bribe-to-american-regime-for-make-benefit-once-glorious-nation-of-kazakhstan,,,,,,,,,,,,
2023-07-21 03:04:53,,13991889,follow,,,2023-07-21 03:04:53,bdb1ca3e-5529-4045-b8fd-f9671e3402f5,follow-bdb1ca3e-5529-4045-b8fd-f9671e3402f5-0,,,follow-follow-date-1689908693,movie,Vampires Suck,follow-release-date-2010-08-18,2010-08-18 00:00:00,follow-alpha-vampires-suck,4920,,,,,,,,,,,
2022-05-21 01:39:04,,13991889,follow,,,2022-05-21 01:39:04,bde54601-30ed-4b18-9ca6-072a7e42ca86,follow-bde54601-30ed-4b18-9ca6-072a7e42ca86-0,,,follow-follow-date-1653097144,movie,La familia perfecta,follow-release-date-2022-05-11,2022-05-11 00:00:00,follow-alpha-the-perfect-family,6600,,,,,,,,,,,
2019-08-10 05:48:42,,13991889,follow,,,2019-08-10 05:48:42,be4921f9-aab7-433a-8c48-c6fc701d7a56,follow-be4921f9-aab7-433a-8c48-c6fc701d7a56-0,,0,follow-follow-date-1565416122,movie,22 Jump Street,,,,,,,,,,,,,,,
2023-12-02 03:34:43,,13991889,follow,,,2023-12-02 03:34:43,be9788f3-e713-4c67-a528-6bb578bd011e,follow-be9788f3-e713-4c67-a528-6bb578bd011e-0,,,follow-follow-date-1701488083,movie,The Hunger Games: Mockingjay - Part 2,follow-release-date-2015-11-27,2015-11-27 00:00:00,follow-alpha-the-hunger-games-mockingjay---part-2,8220,,,,,,,,,,,
2021-06-12 01:08:22,,13991889,follow,,,2021-06-12 01:08:22,becb0254-b478-4570-b4c2-e465b901a9f0,follow-becb0254-b478-4570-b4c2-e465b901a9f0-0,,,follow-follow-date-1623460102,movie,The Conjuring: The Devil Made Me Do It,follow-release-date-2021-05-26,2021-05-26 00:00:00,follow-alpha-the-conjuring-the-devil-made-me-do-it-,6660,,,,,,,,,,,
2021-06-08 19:13:38,,13991889,follow,,,2021-06-08 19:13:38,bee94e91-f6e0-4981-a541-8d2c7c4883db,follow-bee94e91-f6e0-4981-a541-8d2c7c4883db-0,,,follow-follow-date-1623179618,movie,El orfanato,follow-release-date-2007-05-20,2007-05-20 00:00:00,follow-alpha-the-orphanage,6300,,,,,,,,,,,
2024-02-18 01:47:42,,13991889,follow,,,2024-02-18 01:47:42,bf03441b-9c3a-44fa-87e6-82409cf21b08,follow-bf03441b-9c3a-44fa-87e6-82409cf21b08-0,,,follow-follow-date-1708220862,movie,Transformers: The Last Knight,follow-release-date-2017-06-22,2017-06-22 00:00:00,follow-alpha-transformers-the-last-knight,9300,,,,,,,,,,,
2019-08-10 05:57:08,,13991889,follow,,,2019-08-10 05:57:08,bf5d3c2f-b028-4127-98d4-7a756510d5ab,follow-bf5d3c2f-b028-4127-98d4-7a756510d5ab-0,,0,follow-follow-date-1565416628,movie,Mama,,,,,,,,,,,,,,,
2019-08-08 05:11:45,,13991889,follow,,,2019-08-08 05:11:45,bf63e3d9-ee2d-4b7d-8a33-bde06f364456,follow-bf63e3d9-ee2d-4b7d-8a33-bde06f364456-0,,0,follow-follow-date-1565241105,movie,Avengers: Infinity War,,,,,,,,,,,,,,,
2025-10-13 00:42:49,,13991889,follow,,,2025-10-13 00:42:49,bfb681ca-0a26-4656-b183-e7ba4c639294,follow-bfb681ca-0a26-4656-b183-e7ba4c639294-0,,,follow-follow-date-1760316169,movie,Tron: Ares,follow-release-date-2025-10-08,2025-10-08 00:00:00,follow-alpha-tron-ares,,,,,,,,,,,,
2019-08-10 05:51:55,,13991889,follow,,,2019-08-10 05:51:55,bfea00cd-5826-4b23-8f34-bf564a612988,follow-bfea00cd-5826-4b23-8f34-bf564a612988-0,,0,follow-follow-date-1565416315,movie,8 Mile,,,,,,,,,,,,,,,
2019-09-07 06:01:55,,13991889,follow,,,2019-09-07 06:01:55,c12fdfb6-83e5-4763-89e6-72755c77a763,follow-c12fdfb6-83e5-4763-89e6-72755c77a763-0,,0,follow-follow-date-1567836115,movie,Steven Universe: The Movie,,0001-01-01 00:00:00,,,,,,,,,,,,,
2020-03-31 16:10:27,,13991889,follow,,,2020-03-31 16:10:27,c1533c3f-f301-4ad7-bf01-278237276aee,follow-c1533c3f-f301-4ad7-bf01-278237276aee-0,,0,follow-follow-date-1585671027,movie,Ben 10: Race Against Time,,2008-02-11 00:00:00,,,,,,,,,,,,,
2020-06-22 02:36:22,,13991889,follow,,,2020-06-22 02:36:22,c1615a79-348d-4cde-99cc-5f76599d45fe,follow-c1615a79-348d-4cde-99cc-5f76599d45fe-0,,0,follow-follow-date-1592793382,movie,ドラゴンボールＺ 復活の「Ｆ」,,2015-04-18 00:00:00,,,,,,,,,,,,,
2020-09-16 03:51:23,,13991889,follow,,,2020-09-16 03:51:23,c186652e-666a-47c4-9c72-f6fc2e845bca,follow-c186652e-666a-47c4-9c72-f6fc2e845bca-0,,0,follow-follow-date-1600228283,movie,The Social Dilemma,,2020-09-09 00:00:00,,,,,,,,,,,,,
2024-06-03 03:39:01,,13991889,follow,,,2024-06-03 03:39:01,c1f741f4-1c5a-478a-815d-e439e140df71,follow-c1f741f4-1c5a-478a-815d-e439e140df71-0,,,follow-follow-date-1717385941,movie,The Man Who Knew Infinity,follow-release-date-2016-04-08,2016-04-08 00:00:00,follow-alpha-the-man-who-knew-infinity,6480,,,,,,,,,,,
2019-08-10 05:58:05,,13991889,follow,,,2019-08-10 05:58:05,c2d0dc27-179f-4ed2-91fa-41001583756c,follow-c2d0dc27-179f-4ed2-91fa-41001583756c-0,,0,follow-follow-date-1565416685,movie,Night at the Museum: Secret of the Tomb,,,,,,,,,,,,,,,
2023-11-18 20:19:16,,13991889,follow,,,2023-11-18 20:19:16,c2ea512b-eb59-4301-812c-f6f292fc6c68,follow-c2ea512b-eb59-4301-812c-f6f292fc6c68-0,,,follow-follow-date-1700338756,movie,The Hunger Games: The Ballad of Songbirds & Snakes,follow-release-date-2023-11-17,2023-11-17 00:00:00,follow-alpha-the-hunger-games-the-ballad-of-songbirds-&-snakes,9420,,,,,,,,,,,
2019-08-10 05:45:51,,13991889,follow,,,2019-08-10 05:45:51,c388061b-6d59-4e12-a512-dc175dc6716e,follow-c388061b-6d59-4e12-a512-dc175dc6716e-0,,0,follow-follow-date-1565415951,movie,Inside Out,,,,,,,,,,,,,,,
2019-08-10 05:51:03,,13991889,follow,,,2019-08-10 05:51:03,c3baf110-81ab-428c-8a20-de8f620542d2,follow-c3baf110-81ab-428c-8a20-de8f620542d2-0,,0,follow-follow-date-1565416263,movie,Just Go with It,,,,,,,,,,,,,,,
2020-10-04 17:08:59,,13991889,follow,,,2020-10-04 17:08:59,c3f82066-247d-4635-ba05-0c51473ef710,follow-c3f82066-247d-4635-ba05-0c51473ef710-0,,0,follow-follow-date-1601831339,movie,Sala samobójców. Hejter,,2020-07-29 00:00:00,,,,,,,,,,,,,
2019-08-10 06:07:34,,13991889,follow,,,2019-08-10 06:07:34,c481d027-0a95-4264-aa2d-b31953e6c236,follow-c481d027-0a95-4264-aa2d-b31953e6c236-0,,0,follow-follow-date-1565417254,movie,Fifty Shades Darker,,,,,,,,,,,,,,,
2021-06-08 19:12:27,,13991889,follow,,,2021-06-08 19:12:27,c4f2193b-f5d5-4dc5-aa47-71c10e414a21,follow-c4f2193b-f5d5-4dc5-aa47-71c10e414a21-0,,,follow-follow-date-1623179547,movie,What Lies Below,follow-release-date-2020-12-04,2020-12-04 00:00:00,follow-alpha-what-lies-below,5220,,,,,,,,,,,
2019-08-14 23:40:10,,13991889,follow,,,2019-08-14 23:40:10,c55736f2-b49e-427d-af30-ed4cb3f5a6be,follow-c55736f2-b49e-427d-af30-ed4cb3f5a6be-0,,0,follow-follow-date-1565826010,movie,The Butterfly Effect 2,,,,,,,,,,,,,,,
2019-08-10 06:07:20,,13991889,follow,,,2019-08-10 06:07:20,c5eab940-b238-41cf-bb92-a900cefb40f5,follow-c5eab940-b238-41cf-bb92-a900cefb40f5-0,,0,follow-follow-date-1565417240,movie,Spy Kids,,,,,,,,,,,,,,,
2019-08-14 23:40:12,,13991889,follow,,,2019-08-14 23:40:12,c6856ecf-b628-4019-8809-82f782d0ee15,follow-c6856ecf-b628-4019-8809-82f782d0ee15-0,,0,follow-follow-date-1565826012,movie,The Butterfly Effect 3: Revelations,,,,,,,,,,,,,,,
2019-08-08 05:17:36,,13991889,follow,,,2019-08-08 05:17:36,c829ea36-7220-4afc-acfc-5308da04d1a0,follow-c829ea36-7220-4afc-acfc-5308da04d1a0-0,,0,follow-follow-date-1565241456,movie,Swiped,,,,,,,,,,,,,,,
2019-08-10 05:54:05,,13991889,follow,,,2019-08-10 05:54:05,c8d407e2-a9db-4a88-b2ea-5e776dcd5f78,follow-c8d407e2-a9db-4a88-b2ea-5e776dcd5f78-0,,0,follow-follow-date-1565416445,movie,The Little Mermaid,,,,,,,,,,,,,,,
2021-05-30 01:19:30,,13991889,follow,,,2021-05-30 01:19:30,c9084c2b-bea2-4bbb-8e29-bdf22245d23b,follow-c9084c2b-bea2-4bbb-8e29-bdf22245d23b-0,,,follow-follow-date-1622337570,movie,Cruella,follow-release-date-2021-05-27,2021-05-27 00:00:00,follow-alpha-cruella,,,,,,,,,,,,
2023-06-20 05:49:31,,13991889,follow,,,2023-06-20 05:49:31,c914d8fe-81cb-4f09-bd7d-85d11cb1194f,follow-c914d8fe-81cb-4f09-bd7d-85d11cb1194f-0,,,follow-follow-date-1687240171,movie,Elemental,follow-release-date-2023-06-15,2023-06-15 00:00:00,follow-alpha-elemental,6180,,,,,,,,,,,
2019-08-08 05:17:11,,13991889,follow,,,2019-08-08 05:17:11,c97ca1ee-d4ba-4629-814b-95b6e8697cb1,follow-c97ca1ee-d4ba-4629-814b-95b6e8697cb1-0,,0,follow-follow-date-1565241431,movie,Holmes & Watson,,,,,,,,,,,,,,,
2022-03-29 04:50:40,,13991889,follow,,,2022-03-29 04:50:40,c99106f7-e69c-44fb-b562-ea9d9f5fbd58,follow-c99106f7-e69c-44fb-b562-ea9d9f5fbd58-0,,,follow-follow-date-1648529440,movie,Escape Room: Tournament of Champions,follow-release-date-2021-07-16,2021-07-16 00:00:00,follow-alpha-escape-room-tournament-of-champions,5280,,,,,,,,,,,
2023-05-26 03:45:56,,13991889,follow,,,2023-05-26 03:45:56,cad1eb2f-89b7-4e05-8006-f1ec5e9fcdbf,follow-cad1eb2f-89b7-4e05-8006-f1ec5e9fcdbf-0,,,follow-follow-date-1685072756,movie,La Extorsión,follow-release-date-2023-04-06,2023-04-06 00:00:00,follow-alpha-the-extortion,6300,,,,,,,,,,,
2019-08-10 05:50:32,,13991889,follow,,,2019-08-10 05:50:32,cb30b49e-cc43-41ac-8bf2-7a56e7d870f6,follow-cb30b49e-cc43-41ac-8bf2-7a56e7d870f6-0,,0,follow-follow-date-1565416232,movie,Ice Age: Continental Drift,,,,,,,,,,,,,,,
2022-03-14 03:45:17,,13991889,follow,,,2022-03-14 03:45:17,cb75c2cc-f250-43a0-b2e4-4f99aa1f5642,follow-cb75c2cc-f250-43a0-b2e4-4f99aa1f5642-0,,,follow-follow-date-1647229517,movie,Free Guy,follow-release-date-2021-08-13,2021-08-13 00:00:00,follow-alpha-free-guy,6900,,,,,,,,,,,
2019-08-10 05:57:13,,13991889,follow,,,2019-08-10 05:57:13,cc2ad04f-c7ec-4d9c-bc91-27df1218acce,follow-cc2ad04f-c7ec-4d9c-bc91-27df1218acce-0,,0,follow-follow-date-1565416633,movie,The Pianist,,,,,,,,,,,,,,,
2019-08-10 05:47:34,,13991889,follow,,,2019-08-10 05:47:34,ccb08e41-8205-47dc-87fa-899b860dc28c,follow-ccb08e41-8205-47dc-87fa-899b860dc28c-0,,0,follow-follow-date-1565416054,movie,Shrek the Third,,,,,,,,,,,,,,,
2022-08-05 21:10:08,,13991889,follow,,,2022-08-05 21:10:08,cd186544-f4c0-4c8b-a121-a100333f211d,follow-cd186544-f4c0-4c8b-a121-a100333f211d-0,,,follow-follow-date-1659733808,movie,僕のヒーローアカデミア THE MOVIE　ワールド ヒーローズ ミッション　≪旅立ち≫,follow-release-date-2022-02-16,2022-02-16 00:00:00,follow-alpha-my-hero-academia-world-heroes'-mission---take-off,360,,,,,,,,,,,
2021-11-23 06:09:23,,13991889,follow,,,2021-11-23 06:09:23,cd4489c7-5da3-4fd7-b8a1-47ee17bf7fc7,follow-cd4489c7-5da3-4fd7-b8a1-47ee17bf7fc7-0,,,follow-follow-date-1637647763,movie,Shang-Chi and the Legend of the Ten Rings,follow-release-date-2021-09-02,2021-09-02 00:00:00,follow-alpha-shang-chi-and-the-legend-of-the-ten-rings,7920,,,,,,,,,,,
2019-08-08 05:13:51,,13991889,follow,,,2019-08-08 05:13:51,cd873bfc-ab18-461e-844c-f6c24a0ffb16,follow-cd873bfc-ab18-461e-844c-f6c24a0ffb16-0,,0,follow-follow-date-1565241231,movie,Dark Phoenix,,,,,,,,,,,,,,,
2023-01-07 02:33:48,,13991889,follow,,,2023-01-07 02:33:48,ce245077-0b88-478c-9793-e20730be9b8c,follow-ce245077-0b88-478c-9793-e20730be9b8c-0,,,follow-follow-date-1673058828,movie,Glass Onion: A Knives Out Mystery,follow-release-date-2022-12-23,2022-12-23 00:00:00,follow-alpha-glass-onion-a-knives-out-mystery,8340,,,,,,,,,,,
2020-12-26 05:57:23,,13991889,follow,,,2020-12-26 05:57:23,ce89a408-5597-4084-8ece-b8f71bb88838,follow-ce89a408-5597-4084-8ece-b8f71bb88838-0,,,follow-follow-date-1608962243,movie,The Drawn Together Movie: The Movie!,follow-release-date-2010-04-20,2010-04-20 00:00:00,follow-alpha-the-drawn-together-movie-the-movie,,,,,,,,,,,,
2020-09-29 17:07:20,,13991889,follow,,,2020-09-29 17:07:20,cf2b9c19-59d2-47bf-9b98-91eadbe62e56,follow-cf2b9c19-59d2-47bf-9b98-91eadbe62e56-0,,0,follow-follow-date-1601399240,movie,Enola Holmes,,2020-09-23 00:00:00,,,,,,,,,,,,,
2019-08-10 06:00:04,,13991889,follow,,,2019-08-10 06:00:04,cf82bdac-f096-45f2-9362-ae51e6e533d2,follow-cf82bdac-f096-45f2-9362-ae51e6e533d2-0,,0,follow-follow-date-1565416804,movie,The Nightmare Before Christmas,,,,,,,,,,,,,,,
2020-09-22 22:48:11,,13991889,follow,,,2020-09-22 22:48:11,cf9d355f-3dda-425a-861b-7550faf66504,follow-cf9d355f-3dda-425a-861b-7550faf66504-0,,0,follow-follow-date-1600814891,movie,,,2004-11-02 00:00:00,,,,,,,,,,,,,
2024-02-26 00:33:06,,13991889,follow,,,2024-02-26 00:33:06,d1139aff-445f-4495-b255-b6dce67ae940,follow-d1139aff-445f-4495-b255-b6dce67ae940-0,,,follow-follow-date-1708907586,movie,Mea Culpa,follow-release-date-2024-02-23,2024-02-23 00:00:00,follow-alpha-mea-culpa,7080,,,,,,,,,,,
2019-08-10 05:52:58,,13991889,follow,,,2019-08-10 05:52:58,d1bcb2ec-7a87-4686-9af1-44f4510fe80f,follow-d1bcb2ec-7a87-4686-9af1-44f4510fe80f-0,,0,follow-follow-date-1565416378,movie,The Dark Knight Rises,,,,,,,,,,,,,,,
2019-08-10 06:03:01,,13991889,follow,,,2019-08-10 06:03:01,d230afda-20d5-411b-9785-d0c9435dc9b2,follow-d230afda-20d5-411b-9785-d0c9435dc9b2-0,,0,follow-follow-date-1565416981,movie,Mission: Impossible,,,,,,,,,,,,,,,
2019-08-10 06:01:54,,13991889,follow,,,2019-08-10 06:01:54,d2b5e2e0-9ff0-4c1a-91f2-f08d7d8e415e,follow-d2b5e2e0-9ff0-4c1a-91f2-f08d7d8e415e-0,,0,follow-follow-date-1565416914,movie,Lady and the Tramp,,,,,,,,,,,,,,,
2021-04-24 00:46:22,,13991889,follow,,,2021-04-24 00:46:22,d2ccc9b4-da09-4f38-9e66-f2774c1c374d,follow-d2ccc9b4-da09-4f38-9e66-f2774c1c374d-0,,,follow-follow-date-1619225182,movie,スタインズ;ゲート0 結晶多形のヴァレンティヌス,follow-release-date-2018-12-21,2018-12-21 00:00:00,follow-alpha-steins;gate-0---valentine's-of-crystal-polymorphism-bittersweet-intermedio,1440,,,,,,,,,,,
2019-08-10 05:49:42,,13991889,follow,,,2019-08-10 05:49:42,d3903d99-42fc-4f59-a1de-f230aa0d7a4b,follow-d3903d99-42fc-4f59-a1de-f230aa0d7a4b-0,,0,follow-follow-date-1565416182,movie,Back to the Future Part III,,,,,,,,,,,,,,,
2019-08-08 05:09:44,,13991889,follow,,,2019-08-08 05:09:44,d3ff6d88-18ba-4c55-9d6e-e00b4d3f956e,follow-d3ff6d88-18ba-4c55-9d6e-e00b4d3f956e-0,,0,follow-follow-date-1565240984,movie,Spider-Man: Homecoming,,,,,,,,,,,,,,,
2019-08-08 05:11:17,,13991889,follow,,,2019-08-08 05:11:17,d42b395b-4bba-4046-a682-d1c6a69fe663,follow-d42b395b-4bba-4046-a682-d1c6a69fe663-0,,0,follow-follow-date-1565241077,movie,Captain America: The First Avenger,,,,,,,,,,,,,,,
2023-05-15 16:04:13,,13991889,follow,,,2023-05-15 16:04:13,d43c1cfa-f61d-4a2f-9248-c21cad6c9c4a,follow-d43c1cfa-f61d-4a2f-9248-c21cad6c9c4a-0,,,follow-follow-date-1684166653,movie,The Guardians of the Galaxy Holiday Special,follow-release-date-2022-11-25,2022-11-25 00:00:00,follow-alpha-the-guardians-of-the-galaxy-holiday-special,2700,,,,,,,,,,,
2019-08-10 05:46:18,,13991889,follow,,,2019-08-10 05:46:18,d4b925c4-9e31-4998-9041-abb79fcf0ef4,follow-d4b925c4-9e31-4998-9041-abb79fcf0ef4-0,,0,follow-follow-date-1565415978,movie,Divergent,,,,,,,,,,,,,,,
2019-08-10 06:05:42,,13991889,follow,,,2019-08-10 06:05:42,d4c2ca58-f7dc-4fc5-82cf-26eff8d308ed,follow-d4c2ca58-f7dc-4fc5-82cf-26eff8d308ed-0,,0,follow-follow-date-1565417142,movie,The Hobbit: An Unexpected Journey,,,,,,,,,,,,,,,
2025-10-09 01:37:15,,13991889,follow,,,2025-10-09 01:37:15,d50129a9-d630-4ec3-8162-48b1150689eb,follow-d50129a9-d630-4ec3-8162-48b1150689eb-0,,,follow-follow-date-1759973835,movie,劇場版「鬼滅の刃」無限城編 第一章 猗窩座再来,follow-release-date-2025-09-12,2025-09-12 00:00:00,follow-alpha-demon-slayer-kimetsu-no-yaiba---infinity-castle,9300,,,,,,,,,,,
2025-07-14 01:39:06,,13991889,follow,,,2025-07-14 01:39:06,d5d472c0-8bf0-483b-b2ab-6378aa6c96fa,follow-d5d472c0-8bf0-483b-b2ab-6378aa6c96fa-0,,,follow-follow-date-1752457146,movie,Superman,follow-release-date-2025-07-11,2025-07-11 00:00:00,follow-alpha-superman,7800,,,,,,,,,,,
2019-08-10 05:50:20,,13991889,follow,,,2019-08-10 05:50:20,d7fe4629-9672-47d2-bb92-5cc0a232bc91,follow-d7fe4629-9672-47d2-bb92-5cc0a232bc91-0,,0,follow-follow-date-1565416220,movie,Wreck-It Ralph,,,,,,,,,,,,,,,
2023-03-18 04:45:22,,13991889,follow,,,2023-03-18 04:45:22,d9a4f296-56e9-4286-b038-b8e81cc01a8e,follow-d9a4f296-56e9-4286-b038-b8e81cc01a8e-0,,,follow-follow-date-1679114722,movie,Queenpins,follow-release-date-2021-09-10,2021-09-10 00:00:00,follow-alpha-queenpins,6600,,,,,,,,,,,
2019-08-10 05:44:35,,13991889,follow,,,2019-08-10 05:44:35,d9aff53e-d802-4661-9c5a-ddb1c2a5cb97,follow-d9aff53e-d802-4661-9c5a-ddb1c2a5cb97-0,,0,follow-follow-date-1565415875,movie,Tangled,,,,,,,,,,,,,,,
2020-06-22 02:36:32,,13991889,follow,,,2020-06-22 02:36:32,d9b83b54-b022-4839-84a6-50701ddffcad,follow-d9b83b54-b022-4839-84a6-50701ddffcad-0,,0,follow-follow-date-1592793392,movie,ドラゴンボールZ この世で一番強いヤツ,,1990-03-10 00:00:00,,,,,,,,,,,,,
2022-04-09 01:04:45,,13991889,follow,,,2022-04-09 01:04:45,d9cc4bfb-3c11-4049-b48e-4947fe76e84b,follow-d9cc4bfb-3c11-4049-b48e-4947fe76e84b-0,,,follow-follow-date-1649466285,movie,Halo: The Fall of Reach,follow-release-date-2015-10-27,2015-10-27 00:00:00,follow-alpha-halo-the-fall-of-reach,3840,,,,,,,,,,,
2019-08-10 06:04:02,,13991889,follow,,,2019-08-10 06:04:02,da10ef2f-b343-4563-8382-8e03248b32bf,follow-da10ef2f-b343-4563-8382-8e03248b32bf-0,,0,follow-follow-date-1565417042,movie,Fantastic Beasts: The Secrets of Dumbledore,,,,,,,,,,,,,,,
2019-08-10 05:53:06,,13991889,follow,,,2019-08-10 05:53:06,da24691e-1338-415d-80a1-6009955e8182,follow-da24691e-1338-415d-80a1-6009955e8182-0,,0,follow-follow-date-1565416386,movie,The Princess and the Frog,,,,,,,,,,,,,,,
2020-04-06 06:18:39,,13991889,follow,,,2020-04-06 06:18:39,da84e764-70ed-4583-b5a5-ddfd9c756ed2,follow-da84e764-70ed-4583-b5a5-ddfd9c756ed2-0,,0,follow-follow-date-1586153919,movie,Altered Carbon: Resleeved,,2020-03-19 00:00:00,,,,,,,,,,,,,
2021-08-16 04:06:58,,13991889,follow,,,2021-08-16 04:06:58,db430e6d-193b-45bc-aeac-7087b736331b,follow-db430e6d-193b-45bc-aeac-7087b736331b-0,,,follow-follow-date-1629086818,movie,The Fate of the Furious,follow-release-date-2017-04-09,2017-04-09 00:00:00,follow-alpha-the-fate-of-the-furious,8160,,,,,,,,,,,
2019-08-10 05:48:03,,13991889,follow,,,2019-08-10 05:48:03,dc19553b-7ee7-4e0c-a302-102f11091be6,follow-dc19553b-7ee7-4e0c-a302-102f11091be6-0,,0,follow-follow-date-1565416083,movie,Fantastic Beasts: The Crimes of Grindelwald,,,,,,,,,,,,,,,
2019-08-10 06:02:13,,13991889,follow,,,2019-08-10 06:02:13,dc9af31d-2200-410a-85af-05396cc7c6bc,follow-dc9af31d-2200-410a-85af-05396cc7c6bc-0,,0,follow-follow-date-1565416933,movie,Nanny McPhee,,,,,,,,,,,,,,,
2019-08-10 05:45:56,,13991889,follow,,,2019-08-10 05:45:56,ddd9c178-0906-4b95-8448-e43c4e890cea,follow-ddd9c178-0906-4b95-8448-e43c4e890cea-0,,0,follow-follow-date-1565415956,movie,Maze Runner: The Death Cure,,,,,,,,,,,,,,,
2019-08-10 05:47:46,,13991889,follow,,,2019-08-10 05:47:46,ddff5475-56cd-444b-98e3-f4652038b273,follow-ddff5475-56cd-444b-98e3-f4652038b273-0,,0,follow-follow-date-1565416066,movie,Back to the Future,,,,,,,,,,,,,,,
2020-04-20 06:02:28,,13991889,follow,,,2020-04-20 06:02:28,de1668bc-c004-423c-82c9-23e83344f702,follow-de1668bc-c004-423c-82c9-23e83344f702-0,,0,follow-follow-date-1587362548,movie,劇場版 七つの大罪 天空の囚われ人,,2018-08-18 00:00:00,,,,,,,,,,,,,
2019-08-10 05:48:18,,13991889,follow,,,2019-08-10 05:48:18,de398a3d-5f4d-4121-85a8-047242dd846e,follow-de398a3d-5f4d-4121-85a8-047242dd846e-0,,0,follow-follow-date-1565416098,movie,Spider-Man,,,,,,,,,,,,,,,
2019-08-10 05:44:56,,13991889,follow,,,2019-08-10 05:44:56,de9f4f37-5794-434e-88db-f4ac6508ff01,follow-de9f4f37-5794-434e-88db-f4ac6508ff01-0,,0,follow-follow-date-1565415896,movie,The Incredibles,,,,,,,,,,,,,,,
2022-08-05 21:10:56,,13991889,follow,,,2022-08-05 21:10:56,defd9829-98a7-4c41-85a1-b047c26fa02a,follow-defd9829-98a7-4c41-85a1-b047c26fa02a-0,,,follow-follow-date-1659733856,movie,僕のヒーローアカデミア - ヒーローリーグベースボール,follow-release-date-2022-06-16,2022-06-16 00:00:00,follow-alpha-my-hero-academia-ova---hlb,1440,,,,,,,,,,,
2019-08-10 06:03:06,,13991889,follow,,,2019-08-10 06:03:06,df4785fc-4b3a-4dd6-a55c-2dff79502fa1,follow-df4785fc-4b3a-4dd6-a55c-2dff79502fa1-0,,0,follow-follow-date-1565416986,movie,The Conjuring 2,,,,,,,,,,,,,,,
2019-08-08 05:11:00,,13991889,follow,,,2019-08-08 05:11:00,df9d8522-d060-4277-b7c2-addceadf8fe3,follow-df9d8522-d060-4277-b7c2-addceadf8fe3-0,,0,follow-follow-date-1565241060,movie,Iron Man 2,,,,,,,,,,,,,,,
2019-08-08 05:10:45,,13991889,follow,,,2019-08-08 05:10:45,dfe92d1c-0125-4f6d-a9d3-35443b5a9aac,follow-dfe92d1c-0125-4f6d-a9d3-35443b5a9aac-0,,0,follow-follow-date-1565241045,movie,Harry Potter and the Prisoner of Azkaban,,,,,,,,,,,,,,,
2020-07-07 02:37:22,,13991889,follow,,,2020-07-07 02:37:22,e0028742-6506-42bf-843a-e9c5f06ca145,follow-e0028742-6506-42bf-843a-e9c5f06ca145-0,,0,follow-follow-date-1594089442,movie,僕のヒーローアカデミア救え!救助訓練!,,2017-04-04 00:00:00,,,,,,,,,,,,,
2019-08-08 05:16:02,,13991889,follow,,,2019-08-08 05:16:02,e0067488-637e-44fe-8192-1969e9773dd3,follow-e0067488-637e-44fe-8192-1969e9773dd3-0,,0,follow-follow-date-1565241362,movie,Shrek,,,,,,,,,,,,,,,
2019-08-08 05:17:29,,13991889,follow,,,2019-08-08 05:17:29,e02e9914-9009-4f59-b66e-6834f5fe6afc,follow-e02e9914-9009-4f59-b66e-6834f5fe6afc-0,,0,follow-follow-date-1565241449,movie,Ant-Man and the Wasp,,,,,,,,,,,,,,,
2023-02-05 20:47:47,,13991889,follow,,,2023-02-05 20:47:47,e033b7cb-4275-48b7-9c79-5e7211f190b3,follow-e033b7cb-4275-48b7-9c79-5e7211f190b3-0,,,follow-follow-date-1675630067,movie,M3GAN 2.0,follow-release-date-tbd,,follow-alpha-m3gan-20,,,,,,,,,,,,
2020-07-17 23:45:08,,13991889,follow,,,2020-07-17 23:45:08,e09ca199-cd05-4cb8-8f1a-401d8ff6dbb6,follow-e09ca199-cd05-4cb8-8f1a-401d8ff6dbb6-0,,0,follow-follow-date-1595029508,movie,進撃の巨人 ATTACK ON TITAN エンド オブ ザ ワールド,,2015-09-01 00:00:00,,,,,,,,,,,,,
2023-03-09 20:19:48,,13991889,follow,,,2023-03-09 20:19:48,e11c4377-0e7a-4eea-8fff-b01d1af37669,follow-e11c4377-0e7a-4eea-8fff-b01d1af37669-0,,,follow-follow-date-1678393188,movie,Scream,follow-release-date-2022-01-13,2022-01-13 00:00:00,follow-alpha-scream,8100,,,,,,,,,,,
2019-08-10 05:58:35,,13991889,follow,,,2019-08-10 05:58:35,e170a5e7-40d9-4bd5-ad18-6c2848dc8b9a,follow-e170a5e7-40d9-4bd5-ad18-6c2848dc8b9a-0,,0,follow-follow-date-1565416715,movie,Tomb Raider,,,,,,,,,,,,,,,
2019-08-10 05:59:06,,13991889,follow,,,2019-08-10 05:59:06,e18c14b9-a619-48c8-88db-906d567f2537,follow-e18c14b9-a619-48c8-88db-906d567f2537-0,,0,follow-follow-date-1565416746,movie,101 Dalmatians,,,,,,,,,,,,,,,
2021-08-14 23:47:11,,13991889,follow,,,2021-08-14 23:47:11,e19ab717-ba69-4a0c-bde3-fc77de22ff10,follow-e19ab717-ba69-4a0c-bde3-fc77de22ff10-0,,,follow-follow-date-1628984831,movie,劇場版 STEINS;GATE 負荷領域のデジャヴ,follow-release-date-2013-04-20,2013-04-20 00:00:00,follow-alpha-steins;gate-the-movie-−-load-region-of-déjà-vu,5400,,,,,,,,,,,
2023-02-05 20:48:03,,13991889,follow,,,2023-02-05 20:48:03,e1ae9a89-1954-4c61-a108-20b52b0a97ae,follow-e1ae9a89-1954-4c61-a108-20b52b0a97ae-0,,,follow-follow-date-1675630083,movie,M3GAN,follow-release-date-2023-01-04,2023-01-04 00:00:00,follow-alpha-m3gan,6120,,,,,,,,,,,
2020-10-25 04:06:10,,13991889,follow,,,2020-10-25 04:06:10,e2c79312-ca01-40fc-bd7a-002fb5bbf34b,follow-e2c79312-ca01-40fc-bd7a-002fb5bbf34b-0,,0,follow-follow-date-1603598770,movie,Kadaver,,2020-10-22 00:00:00,,,,,,,,,,,,,
2019-08-10 05:47:50,,13991889,follow,,,2019-08-10 05:47:50,e33e6e56-b272-489a-822b-b12df66fa6d6,follow-e33e6e56-b272-489a-822b-b12df66fa6d6-0,,0,follow-follow-date-1565416070,movie,Paper Towns,,,,,,,,,,,,,,,
2020-10-17 04:28:45,,13991889,follow,,,2020-10-17 04:28:45,e3ae9a97-fdf0-44cf-b941-5b7a441fb23b,follow-e3ae9a97-fdf0-44cf-b941-5b7a441fb23b-0,,0,follow-follow-date-1602908925,movie,Death at a Funeral,,2007-02-09 00:00:00,,,,,,,,,,,,,
2020-08-11 04:15:15,,13991889,follow,,,2020-08-11 04:15:15,e3dddf47-91d4-40d6-98c5-11b21b11a23b,follow-e3dddf47-91d4-40d6-98c5-11b21b11a23b-0,,0,follow-follow-date-1597119315,movie,Christmas Time In South Park,,2000-10-09 00:00:00,,,,,,,,,,,,,
2019-08-10 06:04:55,,13991889,follow,,,2019-08-10 06:04:55,e40030e7-e4d9-4e6b-a501-c1b324de03cb,follow-e40030e7-e4d9-4e6b-a501-c1b324de03cb-0,,0,follow-follow-date-1565417095,movie,Corpse Bride,,,,,,,,,,,,,,,
2019-08-10 06:00:32,,13991889,follow,,,2019-08-10 06:00:32,e42677c5-c4de-4ef4-97e6-1a3130b93551,follow-e42677c5-c4de-4ef4-97e6-1a3130b93551-0,,0,follow-follow-date-1565416832,movie,The Hangover Part III,,,,,,,,,,,,,,,
2019-08-10 06:03:28,,13991889,follow,,,2019-08-10 06:03:28,e4610302-2218-4155-9c6c-5c7f19f221a6,follow-e4610302-2218-4155-9c6c-5c7f19f221a6-0,,0,follow-follow-date-1565417008,movie,The Hunchback of Notre Dame,,,,,,,,,,,,,,,
2020-11-16 01:05:12,,13991889,follow,,,2020-11-16 01:05:12,e4fb11d3-1df0-4d37-a0b7-e890086709bf,follow-e4fb11d3-1df0-4d37-a0b7-e890086709bf-0,,,follow-follow-date-1605488712,movie,Paranormal Activity: The Marked Ones,follow-release-date-2014-01-01,2014-01-01 00:00:00,follow-alpha-paranormal-activity-the-marked-ones,,,,,,,,,,,,
2023-01-22 03:58:29,,13991889,follow,,,2023-01-22 03:58:29,e598e977-8fe6-4e0d-8def-da1537e82549,follow-e598e977-8fe6-4e0d-8def-da1537e82549-0,,,follow-follow-date-1674359909,movie,Puss in Boots,follow-release-date-2011-12-09,2011-12-09 00:00:00,follow-alpha-puss-in-boots,5400,,,,,,,,,,,
2019-08-10 05:52:42,,13991889,follow,,,2019-08-10 05:52:42,e602ecbf-bd13-48f7-9759-712bfb7eef71,follow-e602ecbf-bd13-48f7-9759-712bfb7eef71-0,,0,follow-follow-date-1565416362,movie,The Dictator,,,,,,,,,,,,,,,
2019-08-10 05:58:26,,13991889,follow,,,2019-08-10 05:58:26,e61d6466-d456-43e8-bc3f-bcdfcc54269e,follow-e61d6466-d456-43e8-bc3f-bcdfcc54269e-0,,0,follow-follow-date-1565416706,movie,Percy Jackson: Sea of Monsters,,,,,,,,,,,,,,,
2019-08-10 06:04:43,,13991889,follow,,,2019-08-10 06:04:43,e65b0725-8e79-445c-abeb-31f3824c2da5,follow-e65b0725-8e79-445c-abeb-31f3824c2da5-0,,0,follow-follow-date-1565417083,movie,Alvin and the Chipmunks: The Squeakquel,,,,,,,,,,,,,,,
2020-03-31 16:10:26,,13991889,follow,,,2020-03-31 16:10:26,e672d964-0600-4149-8575-988374b0087a,follow-e672d964-0600-4149-8575-988374b0087a-0,,0,follow-follow-date-1585671026,movie,Ben 10: Secret of the Omnitrix,,2007-08-10 00:00:00,,,,,,,,,,,,,
2024-06-29 00:49:22,,13991889,follow,,,2024-06-29 00:49:22,e7738d90-c859-429c-819f-345aec95db7a,follow-e7738d90-c859-429c-819f-345aec95db7a-0,,,follow-follow-date-1719622162,movie,Mrs. Harris Goes to Paris,follow-release-date-2022-05-06,2022-05-06 00:00:00,follow-alpha-mrs-harris-goes-to-paris,6900,,,,,,,,,,,
2019-08-10 05:48:19,,13991889,follow,,,2019-08-10 05:48:19,e7792e9d-e603-4297-9f7e-150cdfa84bb8,follow-e7792e9d-e603-4297-9f7e-150cdfa84bb8-0,,0,follow-follow-date-1565416099,movie,Cinderella,,,,,,,,,,,,,,,
2020-01-09 03:40:38,,13991889,follow,,,2020-01-09 03:40:38,e7a67a35-e610-4ae9-9703-82823eda385d,follow-e7a67a35-e610-4ae9-9703-82823eda385d-0,,0,follow-follow-date-1578541238,movie,Billy and Mandy's Big Boogey Adventure,,2007-02-14 00:00:00,,,,,,,,,,,,,
2026-05-30 03:06:16,,13991889,follow,,,2026-05-30 03:06:16,e7e2b37f-e746-4fbd-bde7-e7d1da6da104,follow-e7e2b37f-e746-4fbd-bde7-e7d1da6da104-0,,,follow-follow-date-1780110376,movie,GOAT,follow-release-date-2026-02-13,2026-02-13 00:00:00,follow-alpha-goat,6120,,,,,,,,,,,
2020-02-12 05:26:19,,13991889,follow,,,2020-02-12 05:26:19,e83333df-ba32-4624-ac67-8edd0134fee1,follow-e83333df-ba32-4624-ac67-8edd0134fee1-0,,0,follow-follow-date-1581485179,movie,Futurama: The Lost Adventure,,2008-06-24 00:00:00,,,,,,,,,,,,,
2023-10-22 03:32:58,,13991889,follow,,,2023-10-22 03:32:58,e8689a11-dd36-4f91-8fae-a31a33332ff3,follow-e8689a11-dd36-4f91-8fae-a31a33332ff3-0,,,follow-follow-date-1697945578,movie,Fast Forever,follow-release-date-2025-04-04,2025-04-04 00:00:00,follow-alpha-fast-x-part-2,,,,,,,,,,,,
2019-08-10 05:45:48,,13991889,follow,,,2019-08-10 05:45:48,e86ad74f-3e3d-45cf-8c55-c5a5f8938748,follow-e86ad74f-3e3d-45cf-8c55-c5a5f8938748-0,,0,follow-follow-date-1565415948,movie,Incredibles 2,,,,,,,,,,,,,,,
2019-08-10 06:07:28,,13991889,follow,,,2019-08-10 06:07:28,e9125678-68eb-4f9b-a16f-67ad7372e4da,follow-e9125678-68eb-4f9b-a16f-67ad7372e4da-0,,0,follow-follow-date-1565417248,movie,Freaky Friday,,,,,,,,,,,,,,,
2023-12-31 03:27:15,,13991889,follow,,,2023-12-31 03:27:15,e94820f5-4304-46d2-9470-3488ea9d4ad2,follow-e94820f5-4304-46d2-9470-3488ea9d4ad2-0,,,follow-follow-date-1703993235,movie,Burnt,follow-release-date-2015-11-04,2015-11-04 00:00:00,follow-alpha-burnt,7800,,,,,,,,,,,
2019-08-10 05:47:38,,13991889,follow,,,2019-08-10 05:47:38,e9c52bae-c6e7-44ff-8041-0710df97fec3,follow-e9c52bae-c6e7-44ff-8041-0710df97fec3-0,,0,follow-follow-date-1565416058,movie,Ant-Man,,,,,,,,,,,,,,,
2021-04-24 00:46:38,,13991889,follow,,,2021-04-24 00:46:38,e9de0fc0-0f7c-47a1-9d1a-841cf0def488,follow-e9de0fc0-0f7c-47a1-9d1a-841cf0def488-0,,,follow-follow-date-1619225198,movie,Steins;Gate OVA - Oukoubakko no Poriomania,follow-release-date-2012-02-22,2012-02-22 00:00:00,follow-alpha-steins;gate-ova---egoistic-poriomania,1440,,,,,,,,,,,
2019-08-10 05:47:24,,13991889,follow,,,2019-08-10 05:47:24,ea25eff1-d708-4db4-a5d9-3f75985b887c,follow-ea25eff1-d708-4db4-a5d9-3f75985b887c-0,,0,follow-follow-date-1565416044,movie,Toy Story 3,,,,,,,,,,,,,,,
2019-08-08 05:09:43,,13991889,follow,,,2019-08-08 05:09:43,ea2c6fa3-053f-4cc3-b34c-9bcf519b695f,follow-ea2c6fa3-053f-4cc3-b34c-9bcf519b695f-0,,0,follow-follow-date-1565240983,movie,Spider-Man: Far From Home,,,,,,,,,,,,,,,
2026-03-22 04:28:46,,13991889,follow,,,2026-03-22 04:28:46,ea3a24e0-bad5-45d0-bc36-0c7d864b3455,follow-ea3a24e0-bad5-45d0-bc36-0c7d864b3455-0,,,follow-follow-date-1774153726,movie,Peaky Blinders: The Immortal Man,follow-release-date-2026-03-20,2026-03-20 00:00:00,follow-alpha-peaky-blinders-the-immortal-man,6900,,,,,,,,,,,
2019-08-14 23:36:41,,13991889,follow,,,2019-08-14 23:36:41,ea3a46d1-7779-414b-8124-c0dd184799e8,follow-ea3a46d1-7779-414b-8124-c0dd184799e8-0,,0,follow-follow-date-1565825801,movie,Patient Zero,,,,,,,,,,,,,,,
2019-08-14 23:38:00,,13991889,follow,,,2019-08-14 23:38:00,ea4bf38c-bbce-40dd-81f8-f8d54e654e28,follow-ea4bf38c-bbce-40dd-81f8-f8d54e654e28-0,,0,follow-follow-date-1565825880,movie,Horrible Bosses 2,,,,,,,,,,,,,,,
2019-08-10 05:54:13,,13991889,follow,,,2019-08-10 05:54:13,eb0a741b-f1ea-4c49-96ff-2298f9ec9fb7,follow-eb0a741b-f1ea-4c49-96ff-2298f9ec9fb7-0,,0,follow-follow-date-1565416453,movie,The Hangover,,,,,,,,,,,,,,,
2022-10-19 02:31:58,,13991889,follow,,,2022-10-19 02:31:58,eb3510b9-e587-41ae-8918-f91d89c1d471,follow-eb3510b9-e587-41ae-8918-f91d89c1d471-0,,,follow-follow-date-1666146718,movie,The Northman,follow-release-date-2022-04-22,2022-04-22 00:00:00,follow-alpha-the-northman,8220,,,,,,,,,,,
2019-08-08 05:10:56,,13991889,follow,,,2019-08-08 05:10:56,eb6617d4-88ef-4b25-8c6e-67aa338fb2b5,follow-eb6617d4-88ef-4b25-8c6e-67aa338fb2b5-0,,0,follow-follow-date-1565241056,movie,Ready Player One,,,,,,,,,,,,,,,
2022-03-29 04:49:38,,13991889,follow,,,2022-03-29 04:49:38,ebd5a22b-da18-4c63-bc2b-4a45c3180995,follow-ebd5a22b-da18-4c63-bc2b-4a45c3180995-0,,,follow-follow-date-1648529378,movie,劇場版 呪術廻戦 0,follow-release-date-2022-03-18,2022-03-18 00:00:00,follow-alpha-jujutsu-kaisen-0,6300,,,,,,,,,,,
2024-01-14 17:06:02,,13991889,follow,,,2024-01-14 17:06:02,ec6850f2-d0f4-4067-8ffd-2d447851faa8,follow-ec6850f2-d0f4-4067-8ffd-2d447851faa8-0,,,follow-follow-date-1705251962,movie,BlacKkKlansman,follow-release-date-2018-08-22,2018-08-22 00:00:00,follow-alpha-blackkklansman,8100,,,,,,,,,,,
2020-02-02 06:37:01,,13991889,follow,,,2020-02-02 06:37:01,ec7e56de-b756-4691-908c-e5f994ec6a8b,follow-ec7e56de-b756-4691-908c-e5f994ec6a8b-0,,0,follow-follow-date-1580625421,movie,Ford v Ferrari,,2019-11-13 00:00:00,,,,,,,,,,,,,
2023-04-06 17:38:23,,13991889,follow,,,2023-04-06 17:38:23,ecaa0945-258b-4ecf-abb8-50dcdfdfa13b,follow-ecaa0945-258b-4ecf-abb8-50dcdfdfa13b-0,,,follow-follow-date-1680802703,movie,Bill & Ted's Bogus Journey,follow-release-date-1991-07-19,1991-07-19 00:00:00,follow-alpha-bill-&-ted's-bogus-journey,5880,,,,,,,,,,,
2023-02-26 01:01:06,,13991889,follow,,,2023-02-26 01:01:06,ecb0109c-f53c-4d94-95fe-910ef8dda64a,follow-ecb0109c-f53c-4d94-95fe-910ef8dda64a-0,,,follow-follow-date-1677373266,movie,Ant-Man and the Wasp: Quantumania,follow-release-date-2023-02-15,2023-02-15 00:00:00,follow-alpha-ant-man-and-the-wasp-quantumania,7500,,,,,,,,,,,
2020-02-23 06:00:38,,13991889,follow,,,2020-02-23 06:00:38,eddfb088-fcb9-4b7a-b385-f89891c70bb0,follow-eddfb088-fcb9-4b7a-b385-f89891c70bb0-0,,0,follow-follow-date-1582437638,movie,El Robo del Siglo,,2020-01-16 00:00:00,,,,,,,,,,,,,
2024-06-21 18:23:40,,13991889,follow,,,2024-06-21 18:23:40,ee1011f1-27c1-469c-92dc-caf884f20601,follow-ee1011f1-27c1-469c-92dc-caf884f20601-0,,,follow-follow-date-1718994220,movie,The Fantastic Four: First Steps,follow-release-date-2025-07-25,2025-07-25 00:00:00,follow-alpha-the-fantastic-four,,,,,,,,,,,,
2022-05-01 02:38:29,,13991889,follow,,,2022-05-01 02:38:29,ee14219e-0681-4ff5-a156-5e70fc914ad2,follow-ee14219e-0681-4ff5-a156-5e70fc914ad2-0,,,follow-follow-date-1651372709,movie,47 Meters Down: Uncaged,follow-release-date-2019-08-16,2019-08-16 00:00:00,follow-alpha-47-meters-down-uncaged,5280,,,,,,,,,,,
2023-08-28 23:04:21,,13991889,follow,,,2023-08-28 23:04:21,ee3dabd1-afd3-4941-8d8b-6cf4ec1d2ef2,follow-ee3dabd1-afd3-4941-8d8b-6cf4ec1d2ef2-0,,,follow-follow-date-1693263861,movie,The Lie,follow-release-date-2018-09-13,2018-09-13 00:00:00,follow-alpha-the-lie,5820,,,,,,,,,,,
2019-08-10 05:57:37,,13991889,follow,,,2019-08-10 05:57:37,ee46e16b-a8e7-48ec-adf3-a74e87583eff,follow-ee46e16b-a8e7-48ec-adf3-a74e87583eff-0,,0,follow-follow-date-1565416657,movie,Bambi,,,,,,,,,,,,,,,
2026-05-03 01:09:36,,13991889,follow,,,2026-05-03 01:09:36,ee4a1a65-5346-42b3-96e9-e41380d723a5,follow-ee4a1a65-5346-42b3-96e9-e41380d723a5-0,,,follow-follow-date-1777770576,movie,The Lord of the Rings: The War of the Rohirrim,follow-release-date-2024-12-13,2024-12-13 00:00:00,follow-alpha-the-lord-of-the-rings-the-war-of-the-rohirrim,8100,,,,,,,,,,,
2019-08-10 05:46:06,,13991889,follow,,,2019-08-10 05:46:06,eeca34eb-a4c3-4e35-be6e-6c31f875ce56,follow-eeca34eb-a4c3-4e35-be6e-6c31f875ce56-0,,0,follow-follow-date-1565415966,movie,Home Alone,,,,,,,,,,,,,,,
2020-03-31 16:09:32,,13991889,follow,,,2020-03-31 16:09:32,eed1a090-6599-42fd-9a6a-5e1cf4c135af,follow-eed1a090-6599-42fd-9a6a-5e1cf4c135af-0,,0,follow-follow-date-1585670972,movie,Regular Show: The Movie,,2015-09-01 00:00:00,,,,,,,,,,,,,
2023-06-12 03:09:26,,13991889,follow,,,2023-06-12 03:09:26,ef57555d-abc7-4ec8-bfd9-078168a86ad6,follow-ef57555d-abc7-4ec8-bfd9-078168a86ad6-0,,,follow-follow-date-1686539366,movie,劇場版 進撃の巨人 前編 ～紅蓮の弓矢～,follow-release-date-2014-11-22,2014-11-22 00:00:00,follow-alpha-attack-on-titan-crimson-bow-and-arrow,7080,,,,,,,,,,,
2022-07-02 01:57:29,,13991889,follow,,,2022-07-02 01:57:29,ef661837-7d45-4ace-80d7-9bb4b0d2f46a,follow-ef661837-7d45-4ace-80d7-9bb4b0d2f46a-0,,,follow-follow-date-1656727049,movie,Minions: The Rise of Gru,follow-release-date-2022-07-01,2022-07-01 00:00:00,follow-alpha-minions-the-rise-of-gru,5100,,,,,,,,,,,
2020-05-11 08:04:45,,13991889,follow,,,2020-05-11 08:04:45,ef71e0e1-72a1-4178-b79f-fd094f23c9b3,follow-ef71e0e1-72a1-4178-b79f-fd094f23c9b3-0,,0,follow-follow-date-1589184285,movie,Justice League Dark: Apokolips War,,2020-05-05 00:00:00,,,,,,,,,,,,,
2019-08-10 06:03:12,,13991889,follow,,,2019-08-10 06:03:12,efa4d4c8-1e88-4ceb-8974-1c1fda90dfac,follow-efa4d4c8-1e88-4ceb-8974-1c1fda90dfac-0,,0,follow-follow-date-1565416992,movie,King Kong,,,,,,,,,,,,,,,
2019-08-08 05:16:29,,13991889,follow,,,2019-08-08 05:16:29,f00f5dda-cebe-496e-b43b-3dbcb2953dee,follow-f00f5dda-cebe-496e-b43b-3dbcb2953dee-0,,0,follow-follow-date-1565241389,movie,Harry Potter and the Deathly Hallows: Part 1,,,,,,,,,,,,,,,
2020-09-22 22:47:36,,13991889,follow,,,2020-09-22 22:47:36,f0179fd7-70b2-4537-ac17-998bfb78ff3f,follow-f0179fd7-70b2-4537-ac17-998bfb78ff3f-0,,0,follow-follow-date-1600814856,movie,,,2005-01-01 00:00:00,,,,,,,,,,,,,
2019-08-10 06:07:15,,13991889,follow,,,2019-08-10 06:07:15,f052a7ad-a3ac-4e81-b14b-ed4ed6ba6fbc,follow-f052a7ad-a3ac-4e81-b14b-ed4ed6ba6fbc-0,,0,follow-follow-date-1565417235,movie,The Butterfly Effect,,,,,,,,,,,,,,,
2021-06-21 02:43:03,,13991889,follow,,,2021-06-21 02:43:03,f084d17f-34c2-4e5e-a8db-e7c995c438d0,follow-f084d17f-34c2-4e5e-a8db-e7c995c438d0-0,,,follow-follow-date-1624243383,movie,Спутник,follow-release-date-2021-02-24,2021-02-24 00:00:00,follow-alpha-sputnik,6780,,,,,,,,,,,
2019-08-10 05:51:07,,13991889,follow,,,2019-08-10 05:51:07,f10ef4a2-73e0-49e9-9df7-9332a2985a79,follow-f10ef4a2-73e0-49e9-9df7-9332a2985a79-0,,0,follow-follow-date-1565416267,movie,Black Mirror: Bandersnatch,,,,,,,,,,,,,,,
2020-02-23 05:59:53,,13991889,follow,,,2020-02-23 05:59:53,f36bb557-f400-40d9-8f5a-c53d8a5e54c4,follow-f36bb557-f400-40d9-8f5a-c53d8a5e54c4-0,,0,follow-follow-date-1582437593,movie,Gretel & Hansel,,2020-01-31 00:00:00,,,,,,,,,,,,,
2019-08-10 05:49:52,,13991889,follow,,,2019-08-10 05:49:52,f4553752-87ac-41ce-b929-9d1bb0741af7,follow-f4553752-87ac-41ce-b929-9d1bb0741af7-0,,0,follow-follow-date-1565416192,movie,Minions,,,,,,,,,,,,,,,
2019-08-10 05:58:15,,13991889,follow,,,2019-08-10 05:58:15,f45c70ab-45ef-4938-8ec1-883a5e8b6fda,follow-f45c70ab-45ef-4938-8ec1-883a5e8b6fda-0,,0,follow-follow-date-1565416695,movie,Lucy,,,,,,,,,,,,,,,
2019-08-31 20:29:16,,13991889,follow,,,2019-08-31 20:29:16,f47ca818-7f13-43ed-a4ca-0dcdab7372cd,follow-f47ca818-7f13-43ed-a4ca-0dcdab7372cd-0,,0,follow-follow-date-1567283356,movie,Dora and the Lost City of Gold,,0001-01-01 00:00:00,,,,,,,,,,,,,
2019-08-10 06:06:04,,13991889,follow,,,2019-08-10 06:06:04,f49878e9-aff2-4277-b50e-c986f7cdd4cb,follow-f49878e9-aff2-4277-b50e-c986f7cdd4cb-0,,0,follow-follow-date-1565417164,movie,Fifty Shades Freed,,,,,,,,,,,,,,,
2022-07-10 18:01:12,,13991889,follow,,,2022-07-10 18:01:12,f4a7a928-12f7-4488-aac5-55ad59a8de1b,follow-f4a7a928-12f7-4488-aac5-55ad59a8de1b-0,,,follow-follow-date-1657476072,movie,Deliver Us from Evil,follow-release-date-2014-07-02,2014-07-02 00:00:00,follow-alpha-deliver-us-from-evil,7080,,,,,,,,,,,
2019-08-10 05:54:43,,13991889,follow,,,2019-08-10 05:54:43,f4de6517-da04-4977-a80d-778ec335c088,follow-f4de6517-da04-4977-a80d-778ec335c088-0,,0,follow-follow-date-1565416483,movie,X2,,,,,,,,,,,,,,,
2019-08-10 05:57:06,,13991889,follow,,,2019-08-10 05:57:06,f4ffba41-7a6e-429d-ac88-d6639c96a5d4,follow-f4ffba41-7a6e-429d-ac88-d6639c96a5d4-0,,0,follow-follow-date-1565416626,movie,17 Again,,,,,,,,,,,,,,,
2022-07-23 02:40:10,,13991889,follow,,,2022-07-23 02:40:10,f5da9638-06c6-4cf1-9d9d-3faf5dd0950f,follow-f5da9638-06c6-4cf1-9d9d-3faf5dd0950f-0,,,follow-follow-date-1658544010,movie,The Gray Man,follow-release-date-2022-07-15,2022-07-15 00:00:00,follow-alpha-the-gray-man,7320,,,,,,,,,,,
2019-08-10 05:56:15,,13991889,follow,,,2019-08-10 05:56:15,f677b664-1330-4a79-ab36-2f11a3d88d9f,follow-f677b664-1330-4a79-ab36-2f11a3d88d9f-0,,0,follow-follow-date-1565416575,movie,Jurassic World: Fallen Kingdom,,,,,,,,,,,,,,,
2019-08-10 05:54:38,,13991889,follow,,,2019-08-10 05:54:38,f6987486-5380-4f63-b80c-cd7a35b616eb,follow-f6987486-5380-4f63-b80c-cd7a35b616eb-0,,0,follow-follow-date-1565416478,movie,Toy Story,,,,,,,,,,,,,,,
2019-08-10 05:53:47,,13991889,follow,,,2019-08-10 05:53:47,f7361386-0283-449e-bb93-f28b7c4e8bd0,follow-f7361386-0283-449e-bb93-f28b7c4e8bd0-0,,0,follow-follow-date-1565416427,movie,Jurassic Park,,,,,,,,,,,,,,,
2024-01-14 17:06:21,,13991889,follow,,,2024-01-14 17:06:21,f7910fed-2e12-46a8-941c-4cdd5dc3241f,follow-f7910fed-2e12-46a8-941c-4cdd5dc3241f-0,,,follow-follow-date-1705251981,movie,La sociedad de la nieve,follow-release-date-2024-01-03,2024-01-03 00:00:00,follow-alpha-society-of-the-snow,8640,,,,,,,,,,,
2019-08-10 05:43:32,,13991889,follow,,,2019-08-10 05:43:32,f812aad9-24b9-42cf-8f31-2e5bd2f7a0f9,follow-f812aad9-24b9-42cf-8f31-2e5bd2f7a0f9-0,,0,follow-follow-date-1565415812,movie,Thor: Ragnarok,,,,,,,,,,,,,,,
2023-03-18 02:25:39,,13991889,follow,,,2023-03-18 02:25:39,f8411868-c6ed-4cca-b5eb-fd2a47fdd1b8,follow-f8411868-c6ed-4cca-b5eb-fd2a47fdd1b8-0,,,follow-follow-date-1679106339,movie,Shazam! Fury of the Gods,follow-release-date-2023-03-17,2023-03-17 00:00:00,follow-alpha-shazam-fury-of-the-gods,7800,,,,,,,,,,,
2023-11-18 20:19:13,,13991889,follow,,,2023-11-18 20:19:13,f865f8bd-661f-4b22-b342-5a81474f1dd9,follow-f865f8bd-661f-4b22-b342-5a81474f1dd9-0,,,follow-follow-date-1700338753,movie,The Marvels,follow-release-date-2023-11-08,2023-11-08 00:00:00,follow-alpha-the-marvels,6300,,,,,,,,,,,
2019-08-10 05:57:19,,13991889,follow,,,2019-08-10 05:57:19,f8a3d562-3b38-4159-8db4-fa3402bb291c,follow-f8a3d562-3b38-4159-8db4-fa3402bb291c-0,,0,follow-follow-date-1565416639,movie,The School of Rock,,,,,,,,,,,,,,,
2019-08-10 06:01:47,,13991889,follow,,,2019-08-10 06:01:47,f8bdc653-9ab8-4fa5-a02c-5623f5166485,follow-f8bdc653-9ab8-4fa5-a02c-5623f5166485-0,,0,follow-follow-date-1565416907,movie,The Hunger Games: Catching Fire,,,,,,,,,,,,,,,
2024-08-22 21:27:13,,13991889,follow,,,2024-08-22 21:27:13,f8e0da75-9414-4b90-9be5-ae3778e689a0,follow-f8e0da75-9414-4b90-9be5-ae3778e689a0-0,,,follow-follow-date-1724362033,movie,Guilty as Sin,follow-release-date-1993-06-04,1993-06-04 00:00:00,follow-alpha-guilty-as-sin,6420,,,,,,,,,,,
2019-11-12 05:29:08,,13991889,follow,,,2019-11-12 05:29:08,f8e5ba56-c952-42d1-b9cc-5c82c647e44a,follow-f8e5ba56-c952-42d1-b9cc-5c82c647e44a-0,,0,follow-follow-date-1573536548,movie,Leroy & Stitch,,2006-06-23 00:00:00,,,,,,,,,,,,,
2024-05-03 19:15:43,,13991889,follow,,,2024-05-03 19:15:43,f8f0f59e-31c1-44d7-8ed0-99aaebe6c519,follow-f8f0f59e-31c1-44d7-8ed0-99aaebe6c519-0,,,follow-follow-date-1714763743,movie,He's Just Not That Into You,follow-release-date-2009-02-06,2009-02-06 00:00:00,follow-alpha-he's-just-not-that-into-you,7740,,,,,,,,,,,
2023-07-02 03:16:39,,13991889,follow,,,2023-07-02 03:16:39,f9656943-8d07-4f47-8a77-0d59869f1d6e,follow-f9656943-8d07-4f47-8a77-0d59869f1d6e-0,,,follow-follow-date-1688267799,movie,Freaky,follow-release-date-2020-12-10,2020-12-10 00:00:00,follow-alpha-freaky,6120,,,,,,,,,,,
2019-08-10 05:55:59,,13991889,follow,,,2019-08-10 05:55:59,f9ff9e3d-4274-4c51-ac75-2c0343866827,follow-f9ff9e3d-4274-4c51-ac75-2c0343866827-0,,0,follow-follow-date-1565416559,movie,The Aristocats,,,,,,,,,,,,,,,
2024-02-26 00:33:28,,13991889,follow,,,2024-02-26 00:33:28,fa51a369-170d-4e73-a18b-207d57b101cc,follow-fa51a369-170d-4e73-a18b-207d57b101cc-0,,,follow-follow-date-1708907608,movie,Avgrunden,follow-release-date-2023-09-15,2023-09-15 00:00:00,follow-alpha-the-abyss,6180,,,,,,,,,,,
2019-08-10 05:58:09,,13991889,follow,,,2019-08-10 05:58:09,fa5b623e-54d5-4547-92b9-a358b4444006,follow-fa5b623e-54d5-4547-92b9-a358b4444006-0,,0,follow-follow-date-1565416689,movie,Fast & Furious 6,,,,,,,,,,,,,,,
2020-01-01 20:49:35,,13991889,follow,,,2020-01-01 20:49:35,fa68436e-1fa6-4851-98fb-f6f25937451c,follow-fa68436e-1fa6-4851-98fb-f6f25937451c-0,,0,follow-follow-date-1577911775,movie,Tau,,2018-06-20 00:00:00,,,,,,,,,,,,,
2023-06-20 05:49:36,,13991889,follow,,,2023-06-20 05:49:36,fadbb018-b0e3-45be-aca4-59a817539996,follow-fadbb018-b0e3-45be-aca4-59a817539996-0,,,follow-follow-date-1687240176,movie,The Flash,follow-release-date-2023-06-15,2023-06-15 00:00:00,follow-alpha-the-flash,8640,,,,,,,,,,,
2019-08-10 05:45:08,,13991889,follow,,,2019-08-10 05:45:08,fb158f35-6e8e-4693-bddc-2d35a26a889c,follow-fb158f35-6e8e-4693-bddc-2d35a26a889c-0,,0,follow-follow-date-1565415908,movie,It,,,,,,,,,,,,,,,
2021-06-27 02:16:08,,13991889,follow,,,2021-06-27 02:16:08,fb7709c5-f9c9-4838-8970-3c4b517989cb,follow-fb7709c5-f9c9-4838-8970-3c4b517989cb-0,,,follow-follow-date-1624760168,movie,A Quiet Place Part II,follow-release-date-2021-06-16,2021-06-16 00:00:00,follow-alpha-a-quiet-place-part-ii,5820,,,,,,,,,,,
2019-08-08 05:12:22,,13991889,follow,,,2019-08-08 05:12:22,fba77bbb-092b-4d99-a68a-af6a70f284e8,follow-fba77bbb-092b-4d99-a68a-af6a70f284e8-0,,0,follow-follow-date-1565241142,movie,Harry Potter and the Goblet of Fire,,,,,,,,,,,,,,,
2019-08-10 05:58:43,,13991889,follow,,,2019-08-10 05:58:43,fc322fe8-6328-48aa-ba22-23629660a9e9,follow-fc322fe8-6328-48aa-ba22-23629660a9e9-0,,0,follow-follow-date-1565416723,movie,The Other Guys,,,,,,,,,,,,,,,
2019-08-23 03:32:15,,13991889,follow,,,2019-08-23 03:32:15,fce10c1e-5c86-4e64-87ae-0b147acf792a,follow-fce10c1e-5c86-4e64-87ae-0b147acf792a-0,,0,follow-follow-date-1566531135,movie,The Current War,,0001-01-01 00:00:00,,,,,,,,,,,,,
2020-01-04 07:02:14,,13991889,follow,,,2020-01-04 07:02:14,fd0b4b1f-fca2-49e2-9b39-caa292e55c7b,follow-fd0b4b1f-fca2-49e2-9b39-caa292e55c7b-0,,0,follow-follow-date-1578121334,movie,Cam,,2018-10-01 00:00:00,,,,,,,,,,,,,
2019-08-10 05:44:41,,13991889,follow,,,2019-08-10 05:44:41,fe040628-4c70-4728-8eab-8d9e778b3920,follow-fe040628-4c70-4728-8eab-8d9e778b3920-0,,0,follow-follow-date-1565415881,movie,The Maze Runner,,,,,,,,,,,,,,,
2023-12-03 23:52:19,,13991889,follow,,,2023-12-03 23:52:19,fe58d6ce-6230-4486-8986-811ce0fe4c9e,follow-fe58d6ce-6230-4486-8986-811ce0fe4c9e-0,,,follow-follow-date-1701647539,movie,となりのトトロ,follow-release-date-2009-09-18,2009-09-18 00:00:00,follow-alpha-my-neighbor-totoro,5160,,,,,,,,,,,
2026-03-14 23:52:37,,13991889,follow,,,2026-03-14 23:52:37,fe997f1c-c537-4d3e-a25f-9746d11a4165,follow-fe997f1c-c537-4d3e-a25f-9746d11a4165-0,,,follow-follow-date-1773532357,movie,Culpa mía,follow-release-date-2023-06-08,2023-06-08 00:00:00,follow-alpha-my-fault,7020,,,,,,,,,,,
2019-08-10 05:50:36,,13991889,follow,,,2019-08-10 05:50:36,fe9cd0a8-8139-4748-959b-917b99a6bd65,follow-fe9cd0a8-8139-4748-959b-917b99a6bd65-0,,0,follow-follow-date-1565416236,movie,Aladdin,,,,,,,,,,,,,,,
2019-08-10 06:01:21,,13991889,follow,,,2019-08-10 06:01:21,ff46daba-4be9-440c-aabc-eae7bb69bdd5,follow-ff46daba-4be9-440c-aabc-eae7bb69bdd5-0,,0,follow-follow-date-1565416881,movie,Snow White and the Huntsman,,,,,,,,,,,,,,,
2023-03-03 01:32:49,,13991889,follow,,,2023-03-03 01:32:49,ff9dcd57-7f0b-451a-a45e-d6c1550f80ba,follow-ff9dcd57-7f0b-451a-a45e-d6c1550f80ba-0,,,follow-follow-date-1677807169,movie,Marvel One-Shot: The Consultant,follow-release-date-2011-09-13,2011-09-13 00:00:00,follow-alpha-marvel-one-shot-the-consultant,240,,,,,,,,,,,
2019-08-10 05:59:45,,13991889,follow,,,2019-08-10 05:59:45,ffc9cb1e-7054-4aac-9c87-813b15c8fe3d,follow-ffc9cb1e-7054-4aac-9c87-813b15c8fe3d-0,,0,follow-follow-date-1565416785,movie,Jurassic Park III,,,,,,,,,,,,,,,
2021-11-01 06:22:02,348545,13991889,last-episode-watched,Demon Slayer: Kimetsu no Yaiba,,2021-04-07 03:46:30,8d0ec8be-f54b-4c51-adc2-3340878f2ab0,last-episode-watched-015f238e-e893-4c3a-973a-674eb2a1df87,,,,episode,,,,,1440,2,015f238e-e893-4c3a-973a-674eb2a1df87,8747423,1635747722,2,,,,,,
2021-04-06 00:49:13,355774,13991889,last-episode-watched,Dr. STONE,,2021-02-08 22:12:56,4e7ff193-60e0-4540-871e-b30b10d1b201,last-episode-watched-14f8bad3-d1da-4e83-b1e7-9cd5bb66a51e,,,,episode,,,,,,2,14f8bad3-d1da-4e83-b1e7-9cd5bb66a51e,8145694,1617670153,10,,,,,,
2020-12-18 14:09:31,251085,13991889,last-episode-watched,The Legend of Korra,,2020-12-18 14:08:53,ba6e8597-229c-44e5-949e-20555f3baee8,last-episode-watched-16ff2b5f-a919-4223-85ca-81822f00f699,,,,episode,,,,,,1,16ff2b5f-a919-4223-85ca-81822f00f699,4315552,1608300571,6,,,,,,
2021-03-23 01:11:08,348922,13991889,last-episode-watched,Paradise PD,,2021-03-23 01:11:08,6df8280b-6631-41e8-afef-6e2fa78f0d01,last-episode-watched-1b5da6b3-cd03-4986-a754-c3a097d61ac8,,,,episode,,,,,,3,1b5da6b3-cd03-4986-a754-c3a097d61ac8,8199276,1616461868,1,,,,,,
2021-09-24 14:55:53,330374,13991889,last-episode-watched,Atypical,,2021-09-17 00:07:05,e9c349a0-aa9a-4b8d-88e4-83e6749f9801,last-episode-watched-1b942384-17aa-4ad6-b3f2-1e0fdece066f,,,,episode,,,,,1800,4,1b942384-17aa-4ad6-b3f2-1e0fdece066f,8513240,1632495353,10,,,,,,
2020-11-05 23:31:02,257655,13991889,last-episode-watched,Arrow,,2020-11-05 23:31:02,2d030ed6-a03a-4fd5-9287-99b0d29499b2,last-episode-watched-200a6f37-0ced-46e8-bf42-3db320cc3d04,,,,episode,,,,,,1,200a6f37-0ced-46e8-bf42-3db320cc3d04,4369897,1604619062,4,,,,,,
2021-10-24 21:22:27,356317,13991889,last-episode-watched,Sex Education,,2021-09-20 00:00:53,9aed750b-8bf2-4728-8880-38d914c89d34,last-episode-watched-2ca857f5-aa12-4c60-8f01-3615da41dc09,,,,episode,,,,,3240,3,2ca857f5-aa12-4c60-8f01-3615da41dc09,8507469,1635110547,8,,,,,,
2021-10-16 04:43:47,398193,13991889,last-episode-watched,The World's Finest Assassin Gets Reincarnated in Another World as an Aristocrat,,2021-10-09 04:05:15,8c4dc4ff-fe0a-4aa7-a397-88c26aef5efe,last-episode-watched-2dd409ed-5907-4452-b39b-56e1ed70c376,,,,episode,,,,,1440,1,2dd409ed-5907-4452-b39b-56e1ed70c376,8740112,1634359427,2,,,,,,
2021-02-10 23:40:46,328690,13991889,last-episode-watched,The Alienist,,2020-12-18 14:08:05,05d17636-aca3-40d5-a848-ab011e2bb0b7,last-episode-watched-3264a58a-3b8e-4b12-a67b-75ff00ef5c76,,,,episode,,,,,,2,3264a58a-3b8e-4b12-a67b-75ff00ef5c76,7801011,1613000446,8,,,,,,
2021-08-21 04:50:34,393810,13991889,last-episode-watched,Record of Ragnarok,,2021-07-24 00:15:02,a331dce3-d31e-42fd-86c7-93352a98d53d,last-episode-watched-37358331-3dd5-4503-afb3-d63ddf158cd4,,,,episode,,,,,1500,1,37358331-3dd5-4503-afb3-d63ddf158cd4,8481734,1629521434,12,,,,,,
2021-02-14 02:22:28,267440,13991889,last-episode-watched,Attack on Titan,,2021-02-14 02:22:28,034ce0c8-0c45-4dd9-8d6e-b299ced13c6a,last-episode-watched-3adddd30-319a-4e47-bb54-fa22d92aa5e1,,,,episode,,,,,,0,3adddd30-319a-4e47-bb54-fa22d92aa5e1,4635717,1613958309,2,,,,,,
2021-11-07 02:58:55,401911,13991889,last-episode-watched,The Great Jahy Will Not Be Defeated!,,2021-08-02 04:52:38,5a4f0740-264f-4614-a86a-54e658194940,last-episode-watched-3cf6fad6-6d0a-4588-a30b-79f3a4f55be6,,,,episode,,,,,1440,1,3cf6fad6-6d0a-4588-a30b-79f3a4f55be6,8593357,1636253935,13,,,,,,
2021-09-11 16:55:41,343913,13991889,last-episode-watched,Grand Blue Dreaming,,2021-08-15 03:58:25,3ec8ea25-15e9-4efb-812c-3daedc43d046,last-episode-watched-3f34594c-8d53-40b8-af9e-1a444cb89900,,,,episode,,,,,1500,1,3f34594c-8d53-40b8-af9e-1a444cb89900,6768665,1631379341,12,,,,,,
2020-12-26 05:56:49,78831,13991889,last-episode-watched,Drawn Together,,2020-12-11 03:23:06,7544ca2c-177c-4488-b7e6-d747729a8aba,last-episode-watched-40652d64-ab6f-4708-a334-f9195176d942,,,,episode,,,,,,3,40652d64-ab6f-4708-a334-f9195176d942,315989,1608962209,14,,,,,,
2021-03-30 04:36:32,377543,13991889,last-episode-watched,JUJUTSU KAISEN,,2020-12-12 06:12:34,426147e1-26c1-492b-83d1-3826ac11674e,last-episode-watched-629493df-1990-437e-a64f-3adf1f2782c1,,,,episode,,,,,,1,629493df-1990-437e-a64f-3adf1f2782c1,7973210,1617078992,24,,,,,,
2021-10-04 04:58:44,284131,13991889,last-episode-watched,The Seven Deadly Sins,,2021-02-10 02:31:54,77ab11da-6bb7-406f-b1f5-b7f03ca5e88d,last-episode-watched-6436b274-ca56-4d2f-8c68-2956bc0fcab6,,,,episode,,,,,1440,4,6436b274-ca56-4d2f-8c68-2956bc0fcab6,8139338,1633323524,12,,,,,,
2021-09-21 04:10:37,364007,13991889,last-episode-watched,Primal,,2021-09-21 04:10:37,818a18ab-3de8-4703-807d-07331c83f9fc,last-episode-watched-7063ddb0-ea89-4bc2-ba9e-1abd6cdc48bb,,,,episode,,,,,1320,1,7063ddb0-ea89-4bc2-ba9e-1abd6cdc48bb,7338073,1632197437,1,,,,,,
2021-07-22 04:41:15,328724,13991889,last-episode-watched,Young Sheldon,,2020-12-28 15:49:30,99b995aa-b7c7-40e3-a86a-c8012140a933,last-episode-watched-7675925d-5d4d-4580-856a-2a9bf2441a46,,,,episode,,,,,1200,4,7675925d-5d4d-4580-856a-2a9bf2441a46,8185520,1626928875,9,,,,,,
2021-10-09 17:41:15,329822,13991889,last-episode-watched,Classroom of the Elite,,2021-10-09 17:41:15,8237c63b-8f3a-427b-8ebd-02c181fd71ab,last-episode-watched-77533fe4-ba38-4e6f-a064-8446a27d57cc,,,,episode,,,,,1500,1,77533fe4-ba38-4e6f-a064-8446a27d57cc,6125438,1633801275,1,,,,,,
2021-06-25 23:59:52,327572,13991889,last-episode-watched,Kakegurui,,2021-02-08 22:17:21,2793b20f-cf4d-4e9a-a4cf-0c111c5fac16,last-episode-watched-7d5f3a6e-734d-4b59-ab86-60f0e293ab5c,,,,episode,,,,,,2,7d5f3a6e-734d-4b59-ab86-60f0e293ab5c,6944340,1624665592,12,,,,,,
2021-09-03 01:12:37,361034,13991889,last-episode-watched,How to Sell Drugs Online (Fast),,2021-08-24 21:59:40,00dd06de-ad2e-46b7-817f-6bec9acb16bf,last-episode-watched-93804bbd-2bff-4632-9fd2-b65dfa911c13,,,,episode,,,,,1740,3,93804bbd-2bff-4632-9fd2-b65dfa911c13,8524796,1630631557,6,,,,,,
2021-11-07 02:58:41,399902,13991889,last-episode-watched,Platinum End,,2021-10-09 00:32:09,efc38846-29b7-48fb-90a8-c582838de73f,last-episode-watched-96e5bfa7-459d-41b3-b286-ca4e3e8971d6,,,,episode,,,,,1500,1,96e5bfa7-459d-41b3-b286-ca4e3e8971d6,8771944,1636253921,5,,,,,,
2021-06-29 03:25:16,376751,13991889,last-episode-watched,The Daily Life of the Immortal King,,2021-06-14 19:57:03,c7888c81-0be7-45d4-91ec-097e4b9ae49a,last-episode-watched-97fa280e-6382-4ddf-ac69-bac712f946d6,,,,episode,,,,,,1,97fa280e-6382-4ddf-ac69-bac712f946d6,7587785,1624937116,15,,,,,,
2021-01-02 00:50:54,81797,13991889,last-episode-watched,One Piece,,2020-12-29 16:42:54,90f20c80-4867-4abf-93a7-af8e3db602f8,last-episode-watched-9851e41d-c538-44a9-a656-46de8a59471e,,,,episode,,,,,,1,9851e41d-c538-44a9-a656-46de8a59471e,361896,1609548654,8,,,,,,
2021-03-05 02:29:53,353232,13991889,last-episode-watched,Narcos: Mexico,,2021-02-13 21:41:33,6e68a2af-1974-4e30-b758-a9f8190b74e3,last-episode-watched-9a01e954-63e9-428f-9455-7bc85cc852c9,,,,episode,,,,,,2,9a01e954-63e9-428f-9455-7bc85cc852c9,7576367,1614911393,10,,,,,,
2021-08-05 03:34:58,381016,13991889,last-episode-watched,Biohackers,,2021-07-10 15:45:27,d0cfbf2f-2549-45da-b2be-3f9372e79969,last-episode-watched-9b95280b-8b39-45f9-85bb-f8614c5b653d,,,,episode,,,,,2700,2,9b95280b-8b39-45f9-85bb-f8614c5b653d,8525758,1628134498,6,,,,,,
2021-06-25 03:52:02,332335,13991889,last-episode-watched,Close Enough,,2021-06-12 23:08:39,3898b16a-759a-4b92-9a8c-6e977545525e,last-episode-watched-9e6de326-3ca4-4886-9176-67d47fc1ba19,,,,episode,,,,,,2,9e6de326-3ca4-4886-9176-67d47fc1ba19,8235336,1624593122,16,,,,,,
2021-10-24 06:17:12,365098,13991889,last-episode-watched,Inside Job,,2021-10-24 06:17:12,c2fbaa24-7cce-4786-9f20-f51212cc0468,last-episode-watched-a42ed3b9-d60b-4d83-86f2-ca92d1d44767,,,,episode,,,,,1680,1,a42ed3b9-d60b-4d83-86f2-ca92d1d44767,8616998,1635056232,1,,,,,,
2021-02-23 06:57:09,361315,13991889,last-episode-watched,Batwoman,,2021-02-23 06:57:09,54df3b26-97dd-4343-8604-ff8e09f53018,last-episode-watched-a68ce349-bf93-4e63-8d32-e23d45af950f,,,,episode,,,,,,2,a68ce349-bf93-4e63-8d32-e23d45af950f,8032033,1614063429,3,,,,,,
2021-11-10 14:16:56,383275,13991889,last-episode-watched,Squid Game,,2021-09-25 14:54:26,448a8707-6d5c-438c-b257-daba711bdaf8,last-episode-watched-a704a3c7-996b-40d8-bdb8-76fc2a34e1fd,,,,episode,,,,,3300,1,a704a3c7-996b-40d8-bdb8-76fc2a34e1fd,8640477,1636553816,6,,,,,,
2021-10-27 04:54:52,347734,13991889,last-episode-watched,Super Dragon Ball Heroes,,2020-12-25 21:42:27,a2db48bf-7448-4001-9cd3-2bfbc1e71e01,last-episode-watched-a91c09d6-e687-4094-9290-206ae8c0cd75,,,,episode,,,,,600,4,a91c09d6-e687-4094-9290-206ae8c0cd75,8686927,1635310492,7,,,,,,
2021-11-11 16:32:44,402412,13991889,last-episode-watched,Komi Can't Communicate,,2021-10-09 23:52:42,666031c9-0e5e-4844-98d6-bd0f48cec1ad,last-episode-watched-aaeb7879-fd12-499e-a24b-c00d5797f6b4,,,,episode,,,,,1440,1,aaeb7879-fd12-499e-a24b-c00d5797f6b4,8740147,1636648364,4,,,,,,
2021-04-19 21:21:17,339353,13991889,last-episode-watched,B: The Beginning,,2021-03-04 04:03:06,1e2711d9-ea2f-454b-abec-089caa858bba,last-episode-watched-ad1dcc9f-bf02-40c6-8524-fda5fc171955,,,,episode,,,,,,2,ad1dcc9f-bf02-40c6-8524-fda5fc171955,8217122,1618867277,6,,,,,,
2021-05-19 04:48:04,357888,13991889,last-episode-watched,"Love, Death & Robots",,2021-05-16 20:44:18,1255919a-8cc9-4b11-ab30-c2c1ba22445d,last-episode-watched-ad76771e-2a66-4748-93f6-5853f407b216,,,,episode,,,,,,2,ad76771e-2a66-4748-93f6-5853f407b216,8376693,1621399684,8,,,,,,
2021-04-24 01:13:06,346931,13991889,last-episode-watched,Cells at Work!,,2021-04-24 01:13:06,f16da4c2-c2f6-47dc-9530-e44dfe0faa05,last-episode-watched-aedf4a1f-8889-440b-9499-1d8950943383,,,,episode,,,,,,1,aedf4a1f-8889-440b-9499-1d8950943383,6671281,1619226786,1,,,,,,
2021-03-18 16:36:23,279121,13991889,last-episode-watched,The Flash (2014),,2021-03-04 20:37:34,f36d2b15-53f6-4633-9859-d890c4f3f95d,last-episode-watched-b0742927-b90e-4b53-8c58-63d8707a677d,,,,episode,,,,,,7,b0742927-b90e-4b53-8c58-63d8707a677d,8069522,1616085383,3,,,,,,
2021-09-25 14:53:34,305074,13991889,last-episode-watched,My Hero Academia,,2021-02-08 22:13:24,d96a5f3d-0d78-473d-bf95-4fb892b64716,last-episode-watched-b4e8e618-0fbb-46c6-9ccc-bf3ca6f09251,,,,episode,,,,,1500,5,b4e8e618-0fbb-46c6-9ccc-bf3ca6f09251,8329813,1632581614,25,,,,,,
2021-10-28 22:00:18,364468,13991889,last-episode-watched,Family Business (2019),,2021-10-28 22:00:18,246eac0c-dcfe-4728-bd63-9ff2c504215c,last-episode-watched-c192a13d-3963-410c-b34e-c5990374d206,,,,episode,,,,,1860,3,c192a13d-3963-410c-b34e-c5990374d206,8660064,1635458418,1,,,,,,
2020-12-22 05:04:46,349643,13991889,last-episode-watched,Hilda,,2020-12-15 21:25:41,6c705cb8-d701-451f-a396-5891f01dc4da,last-episode-watched-c41bc231-1f55-46c2-b458-ef93309eef32,,,,episode,,,,,,2,c41bc231-1f55-46c2-b458-ef93309eef32,8088662,1608613486,13,,,,,,
2021-09-06 13:33:48,275274,13991889,last-episode-watched,Rick and Morty,,2021-06-22 06:39:24,39f0ecca-3674-4963-826a-9c2d679febf8,last-episode-watched-c89b7b03-cb1f-4776-b5ea-374263ce2310,,,,episode,,,,,1320,5,c89b7b03-cb1f-4776-b5ea-374263ce2310,8320011,1630935228,10,,,,,,
2021-08-15 16:39:58,388575,13991889,last-episode-watched,Redo of Healer,,2021-08-14 23:42:53,3d72e16b-0729-432e-be82-693a57f2e546,last-episode-watched-c9229b30-7ae2-4efe-adac-078d892c76f6,,,,episode,,,,,1440,1,c9229b30-7ae2-4efe-adac-078d892c76f6,8117864,1629045598,2,,,,,,
2021-10-23 00:07:45,405661,13991889,last-episode-watched,Takt op.Destiny,,2021-10-09 04:05:50,aca7ebdb-8d52-4176-bef6-88a2d4db4d34,last-episode-watched-d12f97ef-f046-4905-94c7-8149f6b7d557,,,,episode,,,,,1440,1,d12f97ef-f046-4905-94c7-8149f6b7d557,8756416,1634947665,2,,,,,,
2021-11-04 03:36:17,79481,13991889,last-episode-watched,Death Note,,2021-10-20 02:51:34,4d48b0d4-9446-4a03-8853-39faeaaf257b,last-episode-watched-d6adbb6e-05b6-45fe-bf0c-34aee5fc663c,,,,episode,,,,,1320,1,d6adbb6e-05b6-45fe-bf0c-34aee5fc663c,316391,1635996977,12,,,,,,
2021-07-08 01:41:50,279831,13991889,last-episode-watched,Parasyte -the maxim-,,2021-03-28 02:37:54,2aae8eaf-517f-4cb2-8c58-3e68f34ee476,last-episode-watched-e04658af-ac15-450b-8bde-faa6e2d97950,,,,episode,,,,,,1,e04658af-ac15-450b-8bde-faa6e2d97950,5037910,1625708510,24,,,,,,
2021-11-10 04:38:12,399121,13991889,last-episode-watched,Mieruko-chan,,2021-10-07 05:30:24,3af52112-ce6b-4ee4-bc44-cae6b9d7db66,last-episode-watched-e05df8c5-e61f-44fc-86d8-91a65d3dd110,,,,episode,,,,,1440,1,e05df8c5-e61f-44fc-86d8-91a65d3dd110,8747085,1636519092,6,,,,,,
2021-05-25 18:38:03,362392,13991889,last-episode-watched,WandaVision,,2021-02-15 02:06:29,abe880ff-0902-4a06-abb4-87d3a290fa34,last-episode-watched-e0f26948-10ad-4865-a187-eaf236616cb0,,,,episode,,,,,,1,e0f26948-10ad-4865-a187-eaf236616cb0,8120638,1621967883,9,,,,,,
2021-10-27 05:03:59,267441,13991889,last-episode-watched,The Devil Is a Part-Timer!,,2021-08-14 22:55:54,17ac8e70-856d-4109-9184-bccfe5c529ff,last-episode-watched-f0a1217d-9257-44b4-83ed-b4eb00f631b1,,,,episode,,,,,1500,1,f0a1217d-9257-44b4-83ed-b4eb00f631b1,4587075,1635311039,13,,,,,,
2021-09-04 03:00:03,399966,13991889,last-episode-watched,Sex!fy,,2021-05-19 04:49:30,affa27be-761c-497b-92d8-eb9774ab0890,last-episode-watched-f2ad4f4c-447f-4d65-84ca-00881c9f1375,,,,episode,,,,,3060,1,f2ad4f4c-447f-4d65-84ca-00881c9f1375,8322953,1630724403,8,,,,,,
2021-08-15 22:30:03,354198,13991889,last-episode-watched,Kaguya-sama: Love Is War,,2021-08-15 22:29:50,c8bd8836-c4d9-4b9f-aa48-273a77fb5fbd,last-episode-watched-f50cb36e-2a19-4bd3-a04b-4e4ac5e7011f,,,,episode,,,,,1440,1,f50cb36e-2a19-4bd3-a04b-4e4ac5e7011f,6937077,1629066603,2,,,,,,
2021-09-29 19:42:53,397597,13991889,last-episode-watched,iCarly (2021),,2021-08-11 03:40:45,32caf6c5-9417-4d48-a31d-e7f6a9631e1c,last-episode-watched-f910269b-1d3a-4e4e-b02d-1e407a3edcbe,,,,episode,,,,,1440,1,f910269b-1d3a-4e4e-b02d-1e407a3edcbe,8290939,1632944573,5,,,,,,
2021-04-27 05:12:07,348002,13991889,last-episode-watched,The Promised Neverland,,2021-02-10 13:42:56,82f61950-e027-40e7-b178-73bc5fc9e1e8,last-episode-watched-fba3a83c-e062-4bea-a884-245e69f3931a,,,,episode,,,,,,2,fba3a83c-e062-4bea-a884-245e69f3931a,8128385,1619500327,11,,,,,,
2020-12-17 05:47:52,368452,13991889,last-episode-watched,Inside Bill's Brain: Decoding Bill Gates,,2020-12-17 05:47:50,8aeccb14-2ed7-4e91-b585-6ae1fdf07604,last-episode-watched-fc413b42-259c-4444-96c7-ccc578308830,,,,episode,,,,,,1,fc413b42-259c-4444-96c7-ccc578308830,7328942,1608184072,3,,,,,,
2024-08-04 01:37:18,,13991889,rewatch,,,2024-08-04 01:37:18,050ea6f8-fb27-46d3-b78b-4da4b6b76783,rewatch-050ea6f8-fb27-46d3-b78b-4da4b6b76783-1,,1,,movie,Titanic,rewatch-release-date-1997-12-19,1997-12-19 00:00:00,rewatch-alpha-titanic,11640,,,,,,,,,,,
2025-08-20 20:41:08,,13991889,rewatch,,,2025-08-20 20:41:08,160ed8e8-2949-4eeb-adea-b7e01813e6b4,rewatch-160ed8e8-2949-4eeb-adea-b7e01813e6b4-1,,1,,movie,Ralph Breaks the Internet,rewatch-release-date-2018-11-22,2018-11-22 00:00:00,rewatch-alpha-ralph-breaks-the-internet,6720,,,,,,,,,,,
2020-10-10 18:16:28,,13991889,rewatch,,,2020-10-10 18:16:28,3067f4f8-c34d-4a10-a869-6c08557e869c,rewatch-3067f4f8-c34d-4a10-a869-6c08557e869c-1,,1,,movie,Deadpool,,0001-01-01 00:00:00,,,,,,,,,,,,,
2020-10-17 03:25:07,,13991889,rewatch,,,2020-10-17 03:25:07,32e7f2a3-0012-4b09-b250-36ac5e3e5595,rewatch-32e7f2a3-0012-4b09-b250-36ac5e3e5595-1,,1,,movie,A Quiet Place,,0001-01-01 00:00:00,,,,,,,,,,,,,
2024-08-10 17:50:28,,13991889,rewatch,,,2024-08-10 17:50:28,3894d7ea-04b7-446f-ac04-cd593e1b3951,rewatch-3894d7ea-04b7-446f-ac04-cd593e1b3951-1,,1,,movie,Fifty Shades of Grey,rewatch-release-date-2015-02-09,2015-02-09 00:00:00,rewatch-alpha-fifty-shades-of-grey,7500,,,,,,,,,,,
2021-08-06 02:49:23,,13991889,rewatch,,,2021-08-06 02:49:23,38e93373-705b-43f0-bbfb-734d9d12f708,rewatch-38e93373-705b-43f0-bbfb-734d9d12f708-1,,1,,episode,,,,,1440,4,6436b274-ca56-4d2f-8c68-2956bc0fcab6,,,1,rewatched-episode-6436b274-ca56-4d2f-8c68-2956bc0fcab6-38e93373-705b-43f0-bbfb-734d9d12f708,,,,,
2025-08-12 22:39:07,,13991889,rewatch,,,2025-08-12 22:39:07,4ae4c259-b063-4330-a688-0eb3fc619855,rewatch-4ae4c259-b063-4330-a688-0eb3fc619855-1,,1,,movie,The Lion King,rewatch-release-date-1994-06-24,1994-06-24 00:00:00,rewatch-alpha-the-lion-king,5280,,,,,,,,,,,
2025-01-19 04:56:37,,13991889,rewatch,,,2025-01-19 04:56:37,58e24522-bc2d-43a5-bc4c-142388b82e95,rewatch-58e24522-bc2d-43a5-bc4c-142388b82e95-1,,1,,movie,Venom: The Last Dance,rewatch-release-date-2024-10-23,2024-10-23 00:00:00,rewatch-alpha-venom-the-last-dance,6540,,,,,,,,,,,
2021-02-13 21:44:22,,13991889,rewatch,,,2021-02-13 21:44:22,5a6972c8-aadb-44e6-9932-646c2c2cf4a0,rewatch-5a6972c8-aadb-44e6-9932-646c2c2cf4a0-1,,1,,episode,,,,,24,1,3adddd30-319a-4e47-bb54-fa22d92aa5e1,,,2,rewatched-episode-3adddd30-319a-4e47-bb54-fa22d92aa5e1-5a6972c8-aadb-44e6-9932-646c2c2cf4a0,,,,,
2021-10-10 03:02:46,,13991889,rewatch,,,2021-10-10 03:02:46,7fb75a7c-5a36-4599-a1c4-be418f1b3ada,rewatch-7fb75a7c-5a36-4599-a1c4-be418f1b3ada-1,,1,,movie,Venom,rewatch-release-date-2018-10-03,2018-10-03 00:00:00,rewatch-alpha-venom,6720,,,,,,,,,,,
2021-06-12 23:07:03,,13991889,rewatch,,,2021-06-12 23:07:03,82f61950-e027-40e7-b178-73bc5fc9e1e8,rewatch-82f61950-e027-40e7-b178-73bc5fc9e1e8-1,,1,,episode,,,,,23,2,fba3a83c-e062-4bea-a884-245e69f3931a,,,11,rewatched-episode-fba3a83c-e062-4bea-a884-245e69f3931a-82f61950-e027-40e7-b178-73bc5fc9e1e8,,,,,
2021-02-13 21:44:18,,13991889,rewatch,,,2021-02-13 21:44:18,8a4b95ab-a29c-4051-8be4-dc0eee367e5c,rewatch-8a4b95ab-a29c-4051-8be4-dc0eee367e5c-1,,1,,episode,,,,,24,1,3adddd30-319a-4e47-bb54-fa22d92aa5e1,,,1,rewatched-episode-3adddd30-319a-4e47-bb54-fa22d92aa5e1-8a4b95ab-a29c-4051-8be4-dc0eee367e5c,,,,,
2021-09-07 02:06:50,,13991889,rewatch,,,2021-09-07 02:06:50,90d69e5f-f12f-44f4-926e-13ef8b5e6b6d,rewatch-90d69e5f-f12f-44f4-926e-13ef8b5e6b6d-1,,1,,episode,,,,,2460,7,f5d35f68-0397-4084-8370-dbd75ec2c7e2,,,2,rewatched-episode-f5d35f68-0397-4084-8370-dbd75ec2c7e2-90d69e5f-f12f-44f4-926e-13ef8b5e6b6d,,,,,
2024-07-15 02:03:26,,13991889,rewatch,,,2024-07-15 02:03:26,a2f4f40e-e26c-4dbd-9bc3-1061df15f7f7,rewatch-a2f4f40e-e26c-4dbd-9bc3-1061df15f7f7-1,,1,,movie,Sausage Party,rewatch-release-date-2016-08-12,2016-08-12 00:00:00,rewatch-alpha-sausage-party,5340,,,,,,,,,,,
2021-09-25 03:53:07,,13991889,rewatch,,,2021-09-25 03:53:07,aa72ab5f-74ee-4eba-8aba-217e2c22ff9b,rewatch-aa72ab5f-74ee-4eba-8aba-217e2c22ff9b-1,,1,,movie,Coraline,rewatch-release-date-2009-06-10,2009-06-10 00:00:00,rewatch-alpha-coraline,6000,,,,,,,,,,,
2025-08-12 22:38:47,,13991889,rewatch,,,2025-08-12 22:38:47,d7fe4629-9672-47d2-bb92-5cc0a232bc91,rewatch-d7fe4629-9672-47d2-bb92-5cc0a232bc91-1,,1,,movie,Wreck-It Ralph,rewatch-release-date-2012-11-02,2012-11-02 00:00:00,rewatch-alpha-wreck-it-ralph,6060,,,,,,,,,,,
2021-06-12 23:07:01,,13991889,rewatch,,,2021-06-12 23:07:01,e794d6cb-0c94-4089-abc9-9213fa112141,rewatch-e794d6cb-0c94-4089-abc9-9213fa112141-1,,1,,episode,,,,,23,2,fba3a83c-e062-4bea-a884-245e69f3931a,,,10,rewatched-episode-fba3a83c-e062-4bea-a884-245e69f3931a-e794d6cb-0c94-4089-abc9-9213fa112141,,,,,
2023-06-15 01:44:43,,13991889,rewatch,,,2023-06-15 01:44:43,e86ad74f-3e3d-45cf-8c55-c5a5f8938748,rewatch-e86ad74f-3e3d-45cf-8c55-c5a5f8938748-1,,1,,movie,Incredibles 2,rewatch-release-date-2018-08-03,2018-08-03 00:00:00,rewatch-alpha-incredibles-2,7080,,,,,,,,,,,
2024-08-04 01:37:18,,13991889,rewatch_count,,,2024-08-04 01:37:18,050ea6f8-fb27-46d3-b78b-4da4b6b76783,rewatch_count-050ea6f8-fb27-46d3-b78b-4da4b6b76783,,1,,movie,Titanic,rewatch_count-release-date-1997-12-19,1997-12-19 00:00:00,rewatch_count-alpha-titanic,11640,,,,,,,,,,,
2023-10-23 04:49:58,,13991889,rewatch_count,,,2023-10-23 04:49:58,113a6682-77e5-43f5-b451-cc39db1f7d2b,rewatch_count-113a6682-77e5-43f5-b451-cc39db1f7d2b,,0,,movie,Black Panther: Wakanda Forever,rewatch_count-release-date-2022-11-11,2022-11-11 00:00:00,rewatch_count-alpha-watch-alpha-black-panther-wakanda-forever,9660,,,,,,,,,,,
2025-08-20 20:41:08,,13991889,rewatch_count,,,2025-08-20 20:41:08,160ed8e8-2949-4eeb-adea-b7e01813e6b4,rewatch_count-160ed8e8-2949-4eeb-adea-b7e01813e6b4,,1,,movie,Ralph Breaks the Internet,rewatch_count-release-date-2018-11-22,2018-11-22 00:00:00,rewatch_count-alpha-ralph-breaks-the-internet,6720,,,,,,,,,,,
2021-07-24 01:55:41,,13991889,rewatch_count,,,2021-07-24 01:55:41,21398bb4-db94-439d-a5b1-4097a48c0942,rewatch_count-21398bb4-db94-439d-a5b1-4097a48c0942,,0,,movie,The Unholy,rewatch_count-release-date-2021-07-07,2021-07-07 00:00:00,rewatch_count-alpha-watch-alpha-the-unholy,5940,,,,,,,,,,,
2020-10-10 18:16:28,,13991889,rewatch_count,,,2020-10-10 18:16:28,3067f4f8-c34d-4a10-a869-6c08557e869c,rewatch_count-3067f4f8-c34d-4a10-a869-6c08557e869c,,1,,movie,Deadpool,,0001-01-01 00:00:00,,,,,,,,,,,,,
2020-10-17 03:25:07,,13991889,rewatch_count,,,2020-10-17 03:25:07,32e7f2a3-0012-4b09-b250-36ac5e3e5595,rewatch_count-32e7f2a3-0012-4b09-b250-36ac5e3e5595,,1,,movie,A Quiet Place,,0001-01-01 00:00:00,,,,,,,,,,,,,
2024-08-10 17:50:28,,13991889,rewatch_count,,,2024-08-10 17:50:28,3894d7ea-04b7-446f-ac04-cd593e1b3951,rewatch_count-3894d7ea-04b7-446f-ac04-cd593e1b3951,,1,,movie,Fifty Shades of Grey,rewatch_count-release-date-2015-02-09,2015-02-09 00:00:00,rewatch_count-alpha-fifty-shades-of-grey,7500,,,,,,,,,,,
2021-08-06 02:49:23,,13991889,rewatch_count,,,2021-08-06 02:49:23,38e93373-705b-43f0-bbfb-734d9d12f708,rewatch_count-38e93373-705b-43f0-bbfb-734d9d12f708,,1,,episode,,,,,1440,4,6436b274-ca56-4d2f-8c68-2956bc0fcab6,,,1,,,,,,
2025-08-12 22:39:07,,13991889,rewatch_count,,,2025-08-12 22:39:07,4ae4c259-b063-4330-a688-0eb3fc619855,rewatch_count-4ae4c259-b063-4330-a688-0eb3fc619855,,1,,movie,The Lion King,rewatch_count-release-date-1994-06-24,1994-06-24 00:00:00,rewatch_count-alpha-the-lion-king,5280,,,,,,,,,,,
2022-09-17 02:28:35,,13991889,rewatch_count,,,2022-09-17 02:28:35,5232ddb9-1401-48c4-9a8d-6d043ce93963,rewatch_count-5232ddb9-1401-48c4-9a8d-6d043ce93963,,0,,movie,Pinocchio,rewatch_count-release-date-2022-09-08,2022-09-08 00:00:00,rewatch_count-alpha-watch-alpha-pinocchio,6300,,,,,,,,,,,
2025-01-19 04:56:37,,13991889,rewatch_count,,,2025-01-19 04:56:37,58e24522-bc2d-43a5-bc4c-142388b82e95,rewatch_count-58e24522-bc2d-43a5-bc4c-142388b82e95,,1,,movie,Venom: The Last Dance,rewatch_count-release-date-2024-10-23,2024-10-23 00:00:00,rewatch_count-alpha-venom-the-last-dance,6540,,,,,,,,,,,
2021-02-13 21:44:22,,13991889,rewatch_count,,,2021-02-13 21:44:22,5a6972c8-aadb-44e6-9932-646c2c2cf4a0,rewatch_count-5a6972c8-aadb-44e6-9932-646c2c2cf4a0,,1,,episode,,,,,24,1,3adddd30-319a-4e47-bb54-fa22d92aa5e1,,,2,,,,,,
2021-10-10 03:02:46,,13991889,rewatch_count,,,2021-10-10 03:02:46,7fb75a7c-5a36-4599-a1c4-be418f1b3ada,rewatch_count-7fb75a7c-5a36-4599-a1c4-be418f1b3ada,,1,,movie,Venom,rewatch_count-release-date-2018-10-03,2018-10-03 00:00:00,rewatch_count-alpha-venom,6720,,,,,,,,,,,
2021-06-12 23:07:03,,13991889,rewatch_count,,,2021-06-12 23:07:03,82f61950-e027-40e7-b178-73bc5fc9e1e8,rewatch_count-82f61950-e027-40e7-b178-73bc5fc9e1e8,,1,,episode,,,,,23,2,fba3a83c-e062-4bea-a884-245e69f3931a,,,11,,,,,,
2022-10-15 02:08:55,,13991889,rewatch_count,,,2022-10-15 02:08:55,8740cd50-93fe-4e17-ada7-d6affb4dd63a,rewatch_count-8740cd50-93fe-4e17-ada7-d6affb4dd63a,,0,,movie,Fireproof,rewatch_count-release-date-2008-09-26,2008-09-26 00:00:00,rewatch_count-alpha-watch-alpha-fireproof,7320,,,,,,,,,,,
2021-02-13 21:44:18,,13991889,rewatch_count,,,2021-02-13 21:44:18,8a4b95ab-a29c-4051-8be4-dc0eee367e5c,rewatch_count-8a4b95ab-a29c-4051-8be4-dc0eee367e5c,,1,,episode,,,,,24,1,3adddd30-319a-4e47-bb54-fa22d92aa5e1,,,1,,,,,,
2021-09-07 02:06:50,,13991889,rewatch_count,,,2021-09-07 02:06:50,90d69e5f-f12f-44f4-926e-13ef8b5e6b6d,rewatch_count-90d69e5f-f12f-44f4-926e-13ef8b5e6b6d,,1,,episode,,,,,2460,7,f5d35f68-0397-4084-8370-dbd75ec2c7e2,,,2,,,,,,
2024-07-15 02:03:26,,13991889,rewatch_count,,,2024-07-15 02:03:26,a2f4f40e-e26c-4dbd-9bc3-1061df15f7f7,rewatch_count-a2f4f40e-e26c-4dbd-9bc3-1061df15f7f7,,1,,movie,Sausage Party,rewatch_count-release-date-2016-08-12,2016-08-12 00:00:00,rewatch_count-alpha-sausage-party,5340,,,,,,,,,,,
2021-09-25 03:53:07,,13991889,rewatch_count,,,2021-09-25 03:53:07,aa72ab5f-74ee-4eba-8aba-217e2c22ff9b,rewatch_count-aa72ab5f-74ee-4eba-8aba-217e2c22ff9b,,1,,movie,Coraline,rewatch_count-release-date-2009-06-10,2009-06-10 00:00:00,rewatch_count-alpha-coraline,6000,,,,,,,,,,,
2024-02-26 00:35:03,,13991889,rewatch_count,,,2024-02-26 00:35:03,bc1542c4-e72f-4dd4-bb80-2d89bd6c6199,rewatch_count-bc1542c4-e72f-4dd4-bb80-2d89bd6c6199,,0,,movie,Interstellar,rewatch_count-release-date-2014-11-06,2014-11-06 00:00:00,rewatch_count-alpha-watch-alpha-interstellar,10140,,,,,,,,,,,
2025-08-12 22:38:47,,13991889,rewatch_count,,,2025-08-12 22:38:47,d7fe4629-9672-47d2-bb92-5cc0a232bc91,rewatch_count-d7fe4629-9672-47d2-bb92-5cc0a232bc91,,1,,movie,Wreck-It Ralph,rewatch_count-release-date-2012-11-02,2012-11-02 00:00:00,rewatch_count-alpha-wreck-it-ralph,6060,,,,,,,,,,,
2023-02-05 20:47:57,,13991889,rewatch_count,,,2023-02-05 20:47:57,e033b7cb-4275-48b7-9c79-5e7211f190b3,rewatch_count-e033b7cb-4275-48b7-9c79-5e7211f190b3,,0,,movie,M3GAN 2.0,,1970-01-01 00:00:00,rewatch_count-alpha-watch-alpha-m3gan-20,,,,,,,,,,,,
2021-06-12 23:07:01,,13991889,rewatch_count,,,2021-06-12 23:07:01,e794d6cb-0c94-4089-abc9-9213fa112141,rewatch_count-e794d6cb-0c94-4089-abc9-9213fa112141,,1,,episode,,,,,23,2,fba3a83c-e062-4bea-a884-245e69f3931a,,,10,,,,,,
2023-06-15 01:44:43,,13991889,rewatch_count,,,2023-06-15 01:44:43,e86ad74f-3e3d-45cf-8c55-c5a5f8938748,rewatch_count-e86ad74f-3e3d-45cf-8c55-c5a5f8938748,,1,,movie,Incredibles 2,rewatch_count-release-date-2018-08-03,2018-08-03 00:00:00,rewatch_count-alpha-incredibles-2,7080,,,,,,,,,,,
2026-06-22 18:19:38,,13991889,time-count,,,2021-08-29 18:14:24,,time-count,,,,,,,,,,,,,,,,7761120,3659820,,,
2023-06-12 03:09:27,,13991889,towatch,,,2023-06-12 03:09:27,0274b477-6b00-4834-9e8b-756580c662e2,towatch-0274b477-6b00-4834-9e8b-756580c662e2,,,towatch-follow-date-1686539367,movie,"進撃の巨人 - Wall Sina, Goodbye 前編",towatch-release-date-2017-12-08,2017-12-08 00:00:00,"towatch-alpha-attack-on-titan-ova-6---lost-girls-wall-sina,-goodbye-(part-1)",1500,,,,,,,,,,,
2023-12-31 01:35:53,,13991889,towatch,,,2023-12-31 01:35:53,0365cc2a-eee9-4bb0-89c1-28a354edc289,towatch-0365cc2a-eee9-4bb0-89c1-28a354edc289,,,towatch-follow-date-1703986553,movie,The Family Plan,towatch-release-date-2023-12-15,2023-12-15 00:00:00,towatch-alpha-the-family-plan,7080,,,,,,,,,,,
2019-08-15 20:14:20,,13991889,towatch,,,2019-08-08 05:11:43,041dd5fb-baa2-4a7d-a017-d004b605f700,towatch-041dd5fb-baa2-4a7d-a017-d004b605f700,,0,towatch-follow-date-2019-08-08,movie,The Lord of the Rings: The Return of the King,towatch-release-date-2003-12-17,2003-12-17 00:00:00,towatch-alpha-the-lord-of-the-rings-the-return-of-the-king,,,,,,,,,,,,
2020-06-22 02:36:16,,13991889,towatch,,,2020-06-22 02:36:16,04f2f49d-bb61-4715-bf06-4fde994dc1a7,towatch-04f2f49d-bb61-4715-bf06-4fde994dc1a7,,0,towatch-follow-date-2020-06-22,movie,ドラゴンボール エピソード オブ バーダック,towatch-release-date-2011-12-17,2011-12-17 00:00:00,towatch-alpha-dragon-ball-episode-of-bardock,,,,,,,,,,,,
2022-10-30 20:42:03,,13991889,towatch,,,2022-10-30 20:42:03,056002be-5e65-4801-a750-7258b53c2c93,towatch-056002be-5e65-4801-a750-7258b53c2c93,,,towatch-follow-date-1667162523,movie,ジョジョの奇妙な冒険 ダイヤモンドは砕けない 第一章,towatch-release-date-2017-08-04,2017-08-04 00:00:00,towatch-alpha-jojo's-bizarre-adventure-diamond-is-unbreakable---chapter-1,7140,,,,,,,,,,,
2019-08-15 20:14:20,,13991889,towatch,,,2019-08-10 05:57:22,0c342128-e5ad-45c8-b01f-ed1fdf7f46e9,towatch-0c342128-e5ad-45c8-b01f-ed1fdf7f46e9,,0,towatch-follow-date-2019-08-10,movie,Searching,towatch-release-date-2018-09-12,2018-09-12 00:00:00,towatch-alpha-searching,,,,,,,,,,,,
2019-08-15 20:14:20,,13991889,towatch,,,2019-08-10 05:44:47,0c7c7acc-d9c2-41b2-a855-42cf8c91a9e9,towatch-0c7c7acc-d9c2-41b2-a855-42cf8c91a9e9,,0,towatch-follow-date-2019-08-10,movie,Harry Potter and the Half-Blood Prince,towatch-release-date-2009-07-16,2009-07-16 00:00:00,towatch-alpha-harry-potter-and-the-half-blood-prince,,,,,,,,,,,,
2019-12-30 18:20:13,,13991889,towatch,,,2019-12-30 18:20:13,0cc71115-a4a3-4683-9d43-cb0529699431,towatch-0cc71115-a4a3-4683-9d43-cb0529699431,,0,towatch-follow-date-2019-12-30,movie,Fractured,towatch-release-date-2019-10-11,2019-10-11 00:00:00,towatch-alpha-fractured-(2019),,,,,,,,,,,,
2019-08-15 20:14:20,,13991889,towatch,,,2019-08-08 05:09:28,0ccf22d7-8c54-455a-a2dd-cd172ae4d9b4,towatch-0ccf22d7-8c54-455a-a2dd-cd172ae4d9b4,,0,towatch-follow-date-2019-08-08,movie,The Matrix Recalibrated,towatch-release-date-2004-04-06,2004-04-06 00:00:00,towatch-alpha-the-matrix-recalibrated,,,,,,,,,,,,
2024-09-16 16:47:54,,13991889,towatch,,,2024-09-16 16:47:54,0dee5c8d-a122-4b51-b99b-eaf499829f5b,towatch-0dee5c8d-a122-4b51-b99b-eaf499829f5b,,,towatch-follow-date-1726505274,movie,An American Pickle,towatch-release-date-2020-08-06,2020-08-06 00:00:00,towatch-alpha-an-american-pickle,5340,,,,,,,,,,,
2020-06-22 02:36:40,,13991889,towatch,,,2020-06-22 02:36:40,0e8dc34e-e378-4f8e-b6c9-2b9ec4a54200,towatch-0e8dc34e-e378-4f8e-b6c9-2b9ec4a54200,,0,towatch-follow-date-2020-06-22,movie,ドラゴンボールZ 燃えつきろ!!熱戦・烈戦・超激戦,towatch-release-date-1993-03-06,1993-03-06 00:00:00,towatch-alpha-dragon-ball-z-broly-–-the-legendary-super-saiyan,,,,,,,,,,,,
2024-02-26 00:33:35,,13991889,towatch,,,2024-02-26 00:33:35,1092f22f-8edf-42de-8d95-ee9384f9ba8c,towatch-1092f22f-8edf-42de-8d95-ee9384f9ba8c,,,towatch-follow-date-1708907615,movie,Ferrari,towatch-release-date-2024-03-08,2024-03-08 00:00:00,towatch-alpha-ferrari,7860,,,,,,,,,,,
2024-06-21 18:23:31,,13991889,towatch,,,2024-06-21 18:23:31,126c81a1-9815-4248-a11c-d16b295b7ac2,towatch-126c81a1-9815-4248-a11c-d16b295b7ac2,,,towatch-follow-date-1718994211,movie,Joker: Folie à Deux,towatch-release-date-2024-10-04,2024-10-04 00:00:00,towatch-alpha-joker-folie-à-deux,,,,,,,,,,,,
2020-06-22 02:36:22,,13991889,towatch,,,2020-06-22 02:36:22,132ccfee-61c2-45a5-aac9-63eae850912f,towatch-132ccfee-61c2-45a5-aac9-63eae850912f,,0,towatch-follow-date-2020-06-22,movie,ドラゴンボールＺ復活のフュージョン!!悟空とベジータ,towatch-release-date-1995-03-04,1995-03-04 00:00:00,towatch-alpha-dragon-ball-z-fusion-reborn,,,,,,,,,,,,
2024-02-26 00:35:18,,13991889,towatch,,,2024-02-26 00:35:18,1342ca0d-fdec-43f0-9245-b4f939009994,towatch-1342ca0d-fdec-43f0-9245-b4f939009994,,,towatch-follow-date-1708907718,movie,Enola Holmes 2,towatch-release-date-2022-11-04,2022-11-04 00:00:00,towatch-alpha-enola-holmes-2,7860,,,,,,,,,,,
2024-05-24 04:21:49,,13991889,towatch,,,2024-05-24 04:21:49,13b9af24-e494-423a-8d88-0f4f92b1d912,towatch-13b9af24-e494-423a-8d88-0f4f92b1d912,,,towatch-follow-date-1716524509,movie,Dumb Money,towatch-release-date-2023-09-22,2023-09-22 00:00:00,towatch-alpha-dumb-money,6240,,,,,,,,,,,
2022-10-28 22:58:42,,13991889,towatch,,,2022-10-28 22:58:42,15283a03-e775-4cb3-be18-5a16582933cf,towatch-15283a03-e775-4cb3-be18-5a16582933cf,,,towatch-follow-date-1666997922,movie,Shingeki no Kyojin OVA 2 - Totsuzen no Raihousha―Sainamareru Seishun no Noroi―,towatch-release-date-2014-04-09,2014-04-09 00:00:00,towatch-alpha-attack-on-titan-ova-2---the-sudden-visitor-the-torturous-curse-of-youth,1380,,,,,,,,,,,
2019-11-12 05:29:43,,13991889,towatch,,,2019-11-12 05:29:43,15564438-52e5-458c-a160-d5f8e6107f75,towatch-15564438-52e5-458c-a160-d5f8e6107f75,,0,towatch-follow-date-2019-11-12,movie,Lilo & Stitch 2: Stitch has a Glitch,towatch-release-date-2005-01-22,2005-01-22 00:00:00,towatch-alpha-lilo-&-stitch-2-stitch-has-a-glitch,,,,,,,,,,,,
2021-01-03 21:41:05,,13991889,towatch,,,2021-01-03 21:41:05,1cee102d-ffd9-4e44-a0f9-213182f87440,towatch-1cee102d-ffd9-4e44-a0f9-213182f87440,,,towatch-follow-date-1609710065,movie,Borat: Cultural Learnings of America for Make Benefit Glorious Nation of Kazakhstan,towatch-release-date-2006-11-03,2006-11-03 00:00:00,towatch-alpha-borat-cultural-learnings-of-america-for-make-benefit-glorious-nation-of-kazakhstan,,,,,,,,,,,,
2020-06-22 02:36:29,,13991889,towatch,,,2020-06-22 02:36:29,1ee777d0-cd13-414f-851f-249ec330edcc,towatch-1ee777d0-cd13-414f-851f-249ec330edcc,,0,towatch-follow-date-2020-06-22,movie,ドラゴンボールZ,towatch-release-date-1989-06-15,1989-06-15 00:00:00,towatch-alpha-dragon-ball-z-dead-zone,,,,,,,,,,,,
2023-06-22 00:33:03,,13991889,towatch,,,2023-06-22 00:33:03,1fcd26e2-130f-4cd5-914a-201f2074e9e6,towatch-1fcd26e2-130f-4cd5-914a-201f2074e9e6,,,towatch-follow-date-1687393983,movie,Kingsman: The Golden Circle,towatch-release-date-2017-09-21,2017-09-21 00:00:00,towatch-alpha-kingsman-the-golden-circle,8460,,,,,,,,,,,
2020-07-17 23:44:48,,13991889,towatch,,,2020-07-17 23:44:48,2103776d-2953-4a26-9160-6683b5f86c71,towatch-2103776d-2953-4a26-9160-6683b5f86c71,,0,towatch-follow-date-2020-07-17,movie,劇場版 進撃の巨人 Season2 ～覚醒の咆哮～,towatch-release-date-2018-01-13,2018-01-13 00:00:00,towatch-alpha-attack-on-titan-the-roar-of-awakening,,,,,,,,,,,,
2021-07-24 01:55:41,,13991889,towatch,,,2021-07-24 01:55:41,21398bb4-db94-439d-a5b1-4097a48c0942,towatch-21398bb4-db94-439d-a5b1-4097a48c0942,,,towatch-follow-date-1627091741,movie,The Unholy,towatch-release-date-2021-03-31,2021-03-31 00:00:00,towatch-alpha-watch-alpha-the-unholy,5940,,,,,,,,,,,
2019-08-15 20:14:20,,13991889,towatch,,,2019-08-10 05:59:56,23056092-be01-4f64-a3e9-b75308d4a1bc,towatch-23056092-be01-4f64-a3e9-b75308d4a1bc,,0,towatch-follow-date-2019-08-10,movie,Glass,towatch-release-date-2019-01-16,2019-01-16 00:00:00,towatch-alpha-glass,,,,,,,,,,,,
2019-11-12 05:23:06,,13991889,towatch,,,2019-11-12 05:23:06,232fa81f-7ae3-4000-b1a2-c421307a3dc0,towatch-232fa81f-7ae3-4000-b1a2-c421307a3dc0,,0,towatch-follow-date-2019-11-12,movie,Terminator 2: Judgment Day,towatch-release-date-1991-07-03,1991-07-03 00:00:00,towatch-alpha-terminator-2-judgment-day,,,,,,,,,,,,
2022-10-28 22:58:43,,13991889,towatch,,,2022-10-28 22:58:43,233b8b22-f111-458c-84fb-30e4902c617a,towatch-233b8b22-f111-458c-84fb-30e4902c617a,,,towatch-follow-date-1666997923,movie,Shingeki no Kyojin OVA 3 - Konnan,towatch-release-date-2014-08-08,2014-08-08 00:00:00,towatch-alpha-attack-on-titan-ova-3---distress,1380,,,,,,,,,,,
2023-06-12 03:09:24,,13991889,towatch,,,2023-06-12 03:09:24,234d29ce-eae4-475a-92f2-7c3e1ef28ef5,towatch-234d29ce-eae4-475a-92f2-7c3e1ef28ef5,,,towatch-follow-date-1686539364,movie,進撃の巨人 〜クロニクル〜,towatch-release-date-2020-12-07,2020-12-07 00:00:00,towatch-alpha-attack-on-titan-chronicle,7320,,,,,,,,,,,
2023-06-12 03:09:44,,13991889,towatch,,,2023-06-12 03:09:44,23e213f0-2c72-4de4-abd2-66b6b23ad4cf,towatch-23e213f0-2c72-4de4-abd2-66b6b23ad4cf,,,towatch-follow-date-1686539384,movie,この素晴らしい世界に祝福を！紅伝説,towatch-release-date-2019-08-30,2019-08-30 00:00:00,towatch-alpha-konosuba-god's-blessing-on-this-wonderful-world-legend-of-crimson,5400,,,,,,,,,,,
2023-02-26 01:02:05,,13991889,towatch,,,2023-02-26 01:02:05,2460c290-6b6a-4939-9724-c746227d12e6,towatch-2460c290-6b6a-4939-9724-c746227d12e6,,,towatch-follow-date-1677373325,movie,Winnie-the-Pooh: Blood and Honey,towatch-release-date-2023-02-15,2023-02-15 00:00:00,towatch-alpha-winnie-the-pooh-blood-and-honey,6000,,,,,,,,,,,
2020-02-12 05:27:34,,13991889,towatch,,,2020-02-12 05:27:34,24cec51c-0303-45b2-a4bb-295eb309cafd,towatch-24cec51c-0303-45b2-a4bb-295eb309cafd,,0,towatch-follow-date-2020-02-12,movie,"South Park: Bigger, Longer & Uncut",towatch-release-date-1999-06-30,1999-06-30 00:00:00,"towatch-alpha-south-park-bigger,-longer-&-uncut-(1999)",,,,,,,,,,,,
2019-08-15 20:14:20,,13991889,towatch,,,2019-08-10 05:57:58,277b281e-ffff-4648-bbc0-2aea4a64290a,towatch-277b281e-ffff-4648-bbc0-2aea4a64290a,,0,towatch-follow-date-2019-08-10,movie,The Hangover Part II,towatch-release-date-2011-05-25,2011-05-25 00:00:00,towatch-alpha-the-hangover-part-ii,,,,,,,,,,,,
2020-10-17 04:30:07,,13991889,towatch,,,2020-10-17 04:30:07,29267b84-a5cd-4e25-b72f-5fc4b2adcd6b,towatch-29267b84-a5cd-4e25-b72f-5fc4b2adcd6b,,0,towatch-follow-date-2020-10-17,movie,Death at a Funeral,towatch-release-date-2010-04-15,2010-04-15 00:00:00,towatch-alpha-death-at-a-funeral,,,,,,,,,,,,
2020-03-31 16:10:49,,13991889,towatch,,,2020-03-31 16:10:49,29741e0b-a785-4795-bd29-cb065727a893,towatch-29741e0b-a785-4795-bd29-cb065727a893,,0,towatch-follow-date-2020-03-31,movie,Ben 10: Destroy All Aliens,towatch-release-date-2012-03-11,2012-03-11 00:00:00,towatch-alpha-ben-10-destroy-all-aliens,,,,,,,,,,,,
2019-08-15 20:14:20,,13991889,towatch,,,2019-08-10 05:54:53,2b5e8976-9b03-4294-9583-1d5ef72452fc,towatch-2b5e8976-9b03-4294-9583-1d5ef72452fc,,0,towatch-follow-date-2019-08-10,movie,John Wick: Chapter 2,towatch-release-date-2017-02-08,2017-02-08 00:00:00,towatch-alpha-john-wick-chapter-2,,,,,,,,,,,,
2019-08-15 20:14:20,,13991889,towatch,,,2019-08-08 05:18:46,2c41a188-b550-44be-bb6b-c0d1c9604744,towatch-2c41a188-b550-44be-bb6b-c0d1c9604744,,0,towatch-follow-date-2019-08-08,movie,Harry Potter and the Deathly Hallows: Part 2,towatch-release-date-2011-07-13,2011-07-13 00:00:00,towatch-alpha-harry-potter-and-the-deathly-hallows-part-2,,,,,,,,,,,,
2024-02-26 00:33:14,,13991889,towatch,,,2024-02-26 00:33:14,2fce4cfb-e935-47b4-8db5-48a30b0df9be,towatch-2fce4cfb-e935-47b4-8db5-48a30b0df9be,,,towatch-follow-date-1708907594,movie,Upgraded,towatch-release-date-2024-02-09,2024-02-09 00:00:00,towatch-alpha-upgraded,6240,,,,,,,,,,,
2020-02-12 05:26:10,,13991889,towatch,,,2020-02-12 05:26:10,301bcebe-f4b1-4d93-9223-14196702f5b4,towatch-301bcebe-f4b1-4d93-9223-14196702f5b4,,0,towatch-follow-date-2020-02-12,movie,Futurama: Bender's Game,towatch-release-date-2008-11-03,2008-11-03 00:00:00,towatch-alpha-futurama-bender's-game,,,,,,,,,,,,
2020-06-22 02:36:26,,13991889,towatch,,,2020-06-22 02:36:26,3393bac6-a0d5-4327-9f0a-10cbede45a54,towatch-3393bac6-a0d5-4327-9f0a-10cbede45a54,,0,towatch-follow-date-2020-06-22,movie,ドラゴンボールZ 絶望への反抗!!残された超戦士・悟飯とトランクス,towatch-release-date-1993-02-24,1993-02-24 00:00:00,towatch-alpha-dragon-ball-z-the-history-of-trunks,,,,,,,,,,,,
2024-01-01 04:01:08,,13991889,towatch,,,2024-01-01 04:01:08,34200f2e-6359-4384-8982-8fbf98ccbe88,towatch-34200f2e-6359-4384-8982-8fbf98ccbe88,,,towatch-follow-date-1704081668,movie,Rebel Moon Part 1: A Child of Fire,towatch-release-date-2023-12-22,2023-12-22 00:00:00,towatch-alpha-rebel-moon-–-part-one-a-child-of-fire,8160,,,,,,,,,,,
2020-02-12 05:26:15,,13991889,towatch,,,2020-02-12 05:26:15,343ca699-0d11-40c7-9f5e-9af5d0bf913a,towatch-343ca699-0d11-40c7-9f5e-9af5d0bf913a,,0,towatch-follow-date-2020-02-12,movie,Futurama: Bender's Big Score,towatch-release-date-2007-11-27,2007-11-27 00:00:00,towatch-alpha-futurama-bender's-big-score,,,,,,,,,,,,
2021-04-24 00:46:33,,13991889,towatch,,,2021-04-24 00:46:33,39ca55ba-2667-43ba-bb7b-08b6e3d96fba,towatch-39ca55ba-2667-43ba-bb7b-08b6e3d96fba,,,towatch-follow-date-1619225193,movie,Steins;Gate OVA - Kyoukaimenjou no Missing Link - Divide By Zero,towatch-release-date-2015-12-03,2015-12-03 00:00:00,towatch-alpha--steins;gate-ova---open-the-missing-link---divide-by-zero,1440,,,,,,,,,,,
2019-08-15 20:14:20,,13991889,towatch,,,2019-08-14 23:38:01,3cdac52b-03a0-4c4b-b562-6c83f407f0e7,towatch-3cdac52b-03a0-4c4b-b562-6c83f407f0e7,,0,towatch-follow-date-2019-08-14,movie,Horrible Bosses,towatch-release-date-2011-08-05,2011-08-05 00:00:00,towatch-alpha-horrible-bosses,,,,,,,,,,,,
2021-03-29 14:43:56,,13991889,towatch,,,2021-03-29 14:43:56,3d9af89d-c6bf-4f3a-b91e-e5587302b6ef,towatch-3d9af89d-c6bf-4f3a-b91e-e5587302b6ef,,,towatch-follow-date-1617029036,movie,Zack Snyder's Justice League,towatch-release-date-2021-03-18,2021-03-18 00:00:00,towatch-alpha-zack-snyder's-justice-league,,,,,,,,,,,,
2023-06-10 12:11:54,,13991889,towatch,,,2023-06-10 12:11:54,3dd8c862-791f-45c5-adb3-de37e7378266,towatch-3dd8c862-791f-45c5-adb3-de37e7378266,,,towatch-follow-date-1686399114,movie,Avengers: Doomsday,towatch-release-date-2025-05-02,2025-05-02 00:00:00,towatch-alpha-avengers-the-kang-dynasty,,,,,,,,,,,,
2019-08-15 20:14:20,,13991889,towatch,,,2019-08-14 23:36:25,409c29e8-8daf-41bd-843a-8a217320d374,towatch-409c29e8-8daf-41bd-843a-8a217320d374,,0,towatch-follow-date-2019-08-14,movie,Mr. Nobody,towatch-release-date-2010-01-13,2010-01-13 00:00:00,towatch-alpha-mr-nobody,,,,,,,,,,,,
2023-12-31 01:35:55,,13991889,towatch,,,2023-12-31 01:35:55,418ee8ed-a163-449e-85d1-b8944a9137af,towatch-418ee8ed-a163-449e-85d1-b8944a9137af,,,towatch-follow-date-1703986555,movie,ゴジラ-1.0,towatch-release-date-2023-12-01,2023-12-01 00:00:00,towatch-alpha-godzilla-minus-one,7500,,,,,,,,,,,
2023-06-12 03:09:33,,13991889,towatch,,,2023-06-12 03:09:33,41ad9652-fd24-4cbd-b485-a921d7e4539e,towatch-41ad9652-fd24-4cbd-b485-a921d7e4539e,,,towatch-follow-date-1686539373,movie,進撃の巨人 - 悔いなき選択 前編,towatch-release-date-2014-12-09,2014-12-09 00:00:00,towatch-alpha-attack-on-titan-ova-4---a-choice-with-no-regrets-(part-1),1620,,,,,,,,,,,
2024-08-26 17:29:11,,13991889,towatch,,,2024-08-26 17:29:11,42aef814-8b3c-49ca-9a58-937f16b15e34,towatch-42aef814-8b3c-49ca-9a58-937f16b15e34,,,towatch-follow-date-1724693351,movie,A Quiet Place: Day One,towatch-release-date-2024-06-26,2024-06-26 00:00:00,towatch-alpha-a-quiet-place-day-one,6000,,,,,,,,,,,
2019-08-15 20:14:20,,13991889,towatch,,,2019-08-10 05:53:11,48bf77c3-9ecb-4c12-acaf-7d1830b116a6,towatch-48bf77c3-9ecb-4c12-acaf-7d1830b116a6,,0,towatch-follow-date-2019-08-10,movie,John Wick,towatch-release-date-2014-10-29,2014-10-29 00:00:00,towatch-alpha-john-wick,,,,,,,,,,,,
2021-12-12 03:33:01,,13991889,towatch,,,2021-12-12 03:33:01,491ca29f-e4c6-4733-a1a6-ac3fd6dd8f9b,towatch-491ca29f-e4c6-4733-a1a6-ac3fd6dd8f9b,,,towatch-follow-date-1639279981,movie,The Unforgivable,towatch-release-date-2021-12-10,2021-12-10 00:00:00,towatch-alpha-the-unforgivable,6840,,,,,,,,,,,
2023-06-10 12:12:00,,13991889,towatch,,,2023-06-10 12:12:00,49aa1ad0-9883-4218-a41b-3d1df9540766,towatch-49aa1ad0-9883-4218-a41b-3d1df9540766,,,towatch-follow-date-1686399120,movie,Kraven the Hunter,towatch-release-date-2023-10-06,2023-10-06 00:00:00,towatch-alpha-kraven-the-hunter,,,,,,,,,,,,
2021-07-13 02:54:38,,13991889,towatch,,,2021-07-13 02:54:38,49fa3bc5-fd04-4b1e-8c08-b0e60409e17d,towatch-49fa3bc5-fd04-4b1e-8c08-b0e60409e17d,,,towatch-follow-date-1626144878,movie,The Tomorrow War,towatch-release-date-2021-07-02,2021-07-02 00:00:00,towatch-alpha-the-tomorrow-war,8280,,,,,,,,,,,
2019-11-12 05:29:56,,13991889,towatch,,,2019-11-12 05:29:56,4aa15a93-36b7-4782-bd09-4e5fd71716d1,towatch-4aa15a93-36b7-4782-bd09-4e5fd71716d1,,0,towatch-follow-date-2019-11-12,movie,Lilo & Stitch,towatch-release-date-2002-06-21,2002-06-21 00:00:00,towatch-alpha-lilo-&-stitch,,,,,,,,,,,,
2021-02-26 02:48:35,,13991889,towatch,,,2021-02-26 02:48:35,4b67a3f0-96d1-45bd-94eb-a370ab3b2f24,towatch-4b67a3f0-96d1-45bd-94eb-a370ab3b2f24,,,towatch-follow-date-1614307715,movie,ワンピース フィルム ゼット,towatch-release-date-2012-12-15,2012-12-15 00:00:00,towatch-alpha-one-piece-film-z,,,,,,,,,,,,
2019-11-12 05:23:07,,13991889,towatch,,,2019-11-12 05:23:07,4e76674c-9086-45dd-a98d-fee61623b1b3,towatch-4e76674c-9086-45dd-a98d-fee61623b1b3,,0,towatch-follow-date-2019-11-12,movie,Terminator Salvation,towatch-release-date-2009-05-20,2009-05-20 00:00:00,towatch-alpha-terminator-salvation,,,,,,,,,,,,
2022-05-01 02:29:23,,13991889,towatch,,,2022-05-01 02:29:23,501e7833-75c3-4e89-b44c-05c8deb619f1,towatch-501e7833-75c3-4e89-b44c-05c8deb619f1,,,towatch-follow-date-1651372163,movie,365 dni: Ten dzień,towatch-release-date-2022-04-27,2022-04-27 00:00:00,towatch-alpha-365-days-this-day,6660,,,,,,,,,,,
2022-09-17 02:28:35,,13991889,towatch,,,2022-09-17 02:28:35,5232ddb9-1401-48c4-9a8d-6d043ce93963,towatch-5232ddb9-1401-48c4-9a8d-6d043ce93963,,,towatch-follow-date-1663381715,movie,Pinocchio,towatch-release-date-2022-09-08,2022-09-08 00:00:00,towatch-alpha-watch-alpha-pinocchio,6300,,,,,,,,,,,
2019-08-15 20:14:20,,13991889,towatch,,,2019-08-10 05:53:48,5236a530-8da3-461f-aec4-2883f7c85031,towatch-5236a530-8da3-461f-aec4-2883f7c85031,,0,towatch-follow-date-2019-08-10,movie,The Hobbit: The Desolation of Smaug,towatch-release-date-2013-12-11,2013-12-11 00:00:00,towatch-alpha-the-hobbit-the-desolation-of-smaug,,,,,,,,,,,,
2020-09-22 22:47:34,,13991889,towatch,,,2020-09-22 22:47:34,52e49071-aed3-4219-b8bf-0e493e2c1154,towatch-52e49071-aed3-4219-b8bf-0e493e2c1154,,0,towatch-follow-date-2020-09-22,movie,,towatch-release-date-2003-10-14,2003-10-14 00:00:00,towatch-alpha-the-simpsons---christmas,,,,,,,,,,,,
2019-11-12 05:27:55,,13991889,towatch,,,2019-11-12 05:27:55,52efc635-0f15-4b44-86be-ff22161f4b7d,towatch-52efc635-0f15-4b44-86be-ff22161f4b7d,,0,towatch-follow-date-2019-11-12,movie,The Story Room: The Making of 'Lilo & Stitch',towatch-release-date-2005-08-22,2005-08-22 00:00:00,towatch-alpha-the-story-room-the-making-of-'lilo-&-stitch',,,,,,,,,,,,
2019-08-15 20:14:20,,13991889,towatch,,,2019-08-14 23:39:31,5655af3a-2fbd-46a2-893f-63c37d74e083,towatch-5655af3a-2fbd-46a2-893f-63c37d74e083,,0,towatch-follow-date-2019-08-14,movie,Hellboy,towatch-release-date-2020-11-09,2020-11-09 00:00:00,towatch-alpha-hellboy,,,,,,,,,,,,
2020-04-03 06:11:32,,13991889,towatch,,,2020-04-03 06:11:32,580604c9-0aaf-4eb5-ad3d-0386dc4b52a9,towatch-580604c9-0aaf-4eb5-ad3d-0386dc4b52a9,,0,towatch-follow-date-2020-04-03,movie,Happy Tree Friends Winter Break,towatch-release-date-2005-10-03,2005-10-03 00:00:00,towatch-alpha-happy-tree-friends-winter-break,,,,,,,,,,,,
2020-06-22 02:36:14,,13991889,towatch,,,2020-06-22 02:36:14,5a8ee1ac-e645-42c4-b175-c28cdb7c383a,towatch-5a8ee1ac-e645-42c4-b175-c28cdb7c383a,,0,towatch-follow-date-2020-06-22,movie,ドラゴンボール超スーパー ブロリー,towatch-release-date-2018-12-14,2018-12-14 00:00:00,towatch-alpha-dragon-ball-super-broly,,,,,,,,,,,,
2020-06-22 02:36:27,,13991889,towatch,,,2020-06-22 02:36:27,5b3b010b-f3a2-4e4d-9aa4-53a27eb3d74d,towatch-5b3b010b-f3a2-4e4d-9aa4-53a27eb3d74d,,0,towatch-follow-date-2020-06-22,movie,ドラゴンボールZ 銀河ギリギリ!!ぶっちぎりの凄い奴,towatch-release-date-1993-07-10,1993-07-10 00:00:00,towatch-alpha-dragon-ball-z-bojack-unbound,,,,,,,,,,,,
2020-02-12 05:26:09,,13991889,towatch,,,2020-02-12 05:26:09,5b52bf81-f6df-42ba-bd1b-6b72f1a13428,towatch-5b52bf81-f6df-42ba-bd1b-6b72f1a13428,,0,towatch-follow-date-2020-02-12,movie,Futurama: The Beast with a Billion Backs,towatch-release-date-2008-06-30,2008-06-30 00:00:00,towatch-alpha-futurama-the-beast-with-a-billion-backs,,,,,,,,,,,,
2020-06-22 02:36:25,,13991889,towatch,,,2020-06-22 02:36:25,5bc7a157-1788-4f4d-9aad-8f48acdaca70,towatch-5bc7a157-1788-4f4d-9aad-8f48acdaca70,,0,towatch-follow-date-2020-06-22,movie,ドラゴンボール 摩訶不思議大冒険,towatch-release-date-1988-07-09,1988-07-09 00:00:00,towatch-alpha-dragon-ball-mystical-adventure,,,,,,,,,,,,
2020-02-12 05:27:34,,13991889,towatch,,,2020-02-12 05:27:34,5c77655a-bf88-4e38-91e3-b7268294df3e,towatch-5c77655a-bf88-4e38-91e3-b7268294df3e,,0,towatch-follow-date-2020-02-12,movie,South Park: Imaginationland,towatch-release-date-2008-03-11,2008-03-11 00:00:00,towatch-alpha-south-park-imaginationland,,,,,,,,,,,,
2019-08-15 20:14:20,,13991889,towatch,,,2019-08-10 05:49:56,5e14cbcf-c9b3-4f82-b6df-9f68cdc0beb6,towatch-5e14cbcf-c9b3-4f82-b6df-9f68cdc0beb6,,0,towatch-follow-date-2019-08-10,movie,Black Widow,towatch-release-date-2021-07-09,2021-07-09 00:00:00,towatch-alpha-black-widow,,,,,,,,,,,,
2020-06-22 02:36:22,,13991889,towatch,,,2020-06-22 02:36:22,5e3f02bd-349f-423f-bff6-43d762105132,towatch-5e3f02bd-349f-423f-bff6-43d762105132,,0,towatch-follow-date-2020-06-22,movie,ドラゴンボール 最強への道,towatch-release-date-1996-03-02,1996-03-02 00:00:00,towatch-alpha-dragon-ball-the-path-to-power,,,,,,,,,,,,
2020-11-14 01:22:18,,13991889,towatch,,,2020-11-14 01:22:18,601568ff-a487-49db-8b68-dc6c4fd6cfc1,towatch-601568ff-a487-49db-8b68-dc6c4fd6cfc1,,,towatch-follow-date-1605316938,movie,The SpongeBob Movie: Sponge on the Run,towatch-release-date-2021-03-04,2021-03-04 00:00:00,towatch-alpha-the-spongebob-movie-sponge-on-the-run,,,,,,,,,,,,
2020-06-22 02:36:27,,13991889,towatch,,,2020-06-22 02:36:27,6238c4b9-2520-47eb-94ad-aca163f16331,towatch-6238c4b9-2520-47eb-94ad-aca163f16331,,0,towatch-follow-date-2020-06-22,movie,ドラゴンボールZ 激突!!100億パワーの戦士たち,towatch-release-date-1992-03-07,1992-03-07 00:00:00,towatch-alpha-dragon-ball-z-the-return-of-cooler,,,,,,,,,,,,
2021-12-12 03:33:01,,13991889,towatch,,,2021-12-12 03:33:01,64191e87-9816-4375-99f8-6f0dac796142,towatch-64191e87-9816-4375-99f8-6f0dac796142,,,towatch-follow-date-1639279981,movie,The Hating Game,towatch-release-date-2021-12-10,2021-12-10 00:00:00,towatch-alpha-the-hating-game,6120,,,,,,,,,,,
2024-02-25 19:07:58,,13991889,towatch,,,2024-02-25 19:07:58,681778ce-16b2-4557-a218-a25f0f38a35f,towatch-681778ce-16b2-4557-a218-a25f0f38a35f,,,towatch-follow-date-1708888078,movie,Avatar 5,towatch-release-date-tbd,,towatch-alpha-avatar-5,,,,,,,,,,,,
2022-10-28 22:58:43,,13991889,towatch,,,2022-10-28 22:58:43,6968bfe2-3d3f-4bb0-8b47-d42a0af4493f,towatch-6968bfe2-3d3f-4bb0-8b47-d42a0af4493f,,,towatch-follow-date-1666997923,movie,Shingeki no Kyojin OVA 1 - Ilse no Techou―Aru Chousa Heidan-in no Shuki―,towatch-release-date-2013-12-09,2013-12-09 00:00:00,towatch-alpha-attack-on-titan-ova-1---ilse's-notebook-memoirs-of-a-recon-corps-member,1380,,,,,,,,,,,
2025-01-19 04:56:14,,13991889,towatch,,,2025-01-19 04:56:14,6a63ed9e-463d-4cda-9215-79ee4825b093,towatch-6a63ed9e-463d-4cda-9215-79ee4825b093,,,towatch-follow-date-1737262574,movie,Babygirl,towatch-release-date-2025-01-15,2025-01-15 00:00:00,towatch-alpha-babygirl,6840,,,,,,,,,,,
2023-06-10 12:11:30,,13991889,towatch,,,2023-06-10 12:11:30,722e0127-7cc0-41a1-b35a-8bfbbffd6b06,towatch-722e0127-7cc0-41a1-b35a-8bfbbffd6b06,,,towatch-follow-date-1686399090,movie,Spider-Man: Beyond the Spider-Verse,towatch-release-date-2024-03-29,2024-03-29 00:00:00,towatch-alpha-spider-man-beyond-the-spider-verse,,,,,,,,,,,,
2023-06-10 12:11:44,,13991889,towatch,,,2023-06-10 12:11:44,724d75e3-5d7c-4af6-a6b4-5f331cd4d0af,towatch-724d75e3-5d7c-4af6-a6b4-5f331cd4d0af,,,towatch-follow-date-1686399104,movie,Dune: Part Two,towatch-release-date-2023-11-01,2023-11-01 00:00:00,towatch-alpha-dune-part-two,,,,,,,,,,,,
2020-06-22 02:36:19,,13991889,towatch,,,2020-06-22 02:36:19,72e862fa-bcc5-447f-b780-666b60d82675,towatch-72e862fa-bcc5-447f-b780-666b60d82675,,0,towatch-follow-date-2020-06-22,movie,ドラゴンボールZ 超戦士撃破!!勝つのはオレだ,towatch-release-date-1994-07-09,1994-07-09 00:00:00,towatch-alpha-dragon-ball-z-bio-broly,,,,,,,,,,,,
2019-08-15 20:14:20,,13991889,towatch,,,2019-08-08 05:09:12,735bce3b-0e4f-4cc6-a691-98a2354925cc,towatch-735bce3b-0e4f-4cc6-a691-98a2354925cc,,0,towatch-follow-date-2019-08-08,movie,The Matrix Revolutions,towatch-release-date-2003-11-05,2003-11-05 00:00:00,towatch-alpha-the-matrix-revolutions,,,,,,,,,,,,
2021-02-26 02:48:15,,13991889,towatch,,,2021-02-26 02:48:15,758d716d-5a34-4c48-8a79-4fa2416e2a91,towatch-758d716d-5a34-4c48-8a79-4fa2416e2a91,,,towatch-follow-date-1614307695,movie,Spider-Man: No Way Home,towatch-release-date-2021-12-17,2021-12-17 00:00:00,towatch-alpha-spider-man-3,,,,,,,,,,,,
2019-12-30 18:19:06,,13991889,towatch,,,2019-12-30 18:19:06,76c34be2-faba-4061-bb85-2e13fed78872,towatch-76c34be2-faba-4061-bb85-2e13fed78872,,0,towatch-follow-date-2019-12-30,movie,6 Underground,towatch-release-date-2019-12-13,2019-12-13 00:00:00,towatch-alpha-6-underground,,,,,,,,,,,,
2020-06-22 02:36:25,,13991889,towatch,,,2020-06-22 02:36:25,76cb20b3-2c5d-479f-9690-18f765661711,towatch-76cb20b3-2c5d-479f-9690-18f765661711,,0,towatch-follow-date-2020-06-22,movie,ドラゴンボールZ とびっきりの最強対最強,towatch-release-date-1991-07-20,1991-07-20 00:00:00,towatch-alpha-dragon-ball-z-cooler's-revenge,,,,,,,,,,,,
2019-08-31 20:29:05,,13991889,towatch,,,2019-08-31 20:29:05,775662c5-764a-4809-94b2-6711d4c9a08f,towatch-775662c5-764a-4809-94b2-6711d4c9a08f,,0,towatch-follow-date-2019-08-31,movie,Share,towatch-release-date-2019-07-27,2019-07-27 00:00:00,towatch-alpha-share,,,,,,,,,,,,
2019-08-15 20:14:20,,13991889,towatch,,,2019-08-10 06:02:58,78183e7d-994d-462d-b28a-b3d4c53d308d,towatch-78183e7d-994d-462d-b28a-b3d4c53d308d,,0,towatch-follow-date-2019-08-10,movie,Scary Movie 3,towatch-release-date-2003-12-24,2003-12-24 00:00:00,towatch-alpha-scary-movie-3,,,,,,,,,,,,
2021-02-16 23:26:33,,13991889,towatch,,,2021-02-16 23:26:33,78a8bbfe-2ed8-4c2e-890e-e4d2d87716c5,towatch-78a8bbfe-2ed8-4c2e-890e-e4d2d87716c5,,,towatch-follow-date-1613517993,movie,To All the Boys: Always and Forever,towatch-release-date-2021-02-12,2021-02-12 00:00:00,towatch-alpha-to-all-the-boys-always-and-forever,,,,,,,,,,,,
2022-06-27 11:57:29,,13991889,towatch,,,2022-06-27 11:57:29,7ba78b56-300a-4f2c-a4e6-2c6837d23e6d,towatch-7ba78b56-300a-4f2c-a4e6-2c6837d23e6d,,,towatch-follow-date-1656331049,movie,A Perfect Pairing,towatch-release-date-2022-05-19,2022-05-19 00:00:00,towatch-alpha-a-perfect-pairing,6060,,,,,,,,,,,
2024-06-21 16:24:23,,13991889,towatch,,,2024-06-21 16:24:23,7d2c48ae-f4cb-44d8-8bfc-a3efca84381a,towatch-7d2c48ae-f4cb-44d8-8bfc-a3efca84381a,,,towatch-follow-date-1718987063,movie,Bad Boys: Ride or Die,towatch-release-date-2024-06-07,2024-06-07 00:00:00,towatch-alpha-bad-boys-ride-or-die,6900,,,,,,,,,,,
2023-06-12 03:09:36,,13991889,towatch,,,2023-06-12 03:09:36,7df503aa-67ae-4a68-b4bd-105b159d4a6a,towatch-7df503aa-67ae-4a68-b4bd-105b159d4a6a,,,towatch-follow-date-1686539376,movie,Shingeki no kyojin kōhen ~Kakusei no hōkō~,towatch-release-date-2018-03-09,2018-03-09 00:00:00,towatch-alpha-shingeki-no-kyojin-kōhen-~kakusei-no-hōkō~,7200,,,,,,,,,,,
2019-08-15 20:14:20,,13991889,towatch,,,2019-08-10 06:02:31,7f002dbb-25fa-48e0-97b8-476ad13e7a58,towatch-7f002dbb-25fa-48e0-97b8-476ad13e7a58,,0,towatch-follow-date-2019-08-10,movie,Fantastic Four,towatch-release-date-2015-08-05,2015-08-05 00:00:00,towatch-alpha-fantastic-four,,,,,,,,,,,,
2023-06-12 03:09:25,,13991889,towatch,,,2023-06-12 03:09:25,80689972-31a1-4b97-a1cf-7cf5794c8ee6,towatch-80689972-31a1-4b97-a1cf-7cf5794c8ee6,,,towatch-follow-date-1686539365,movie,劇場版 進撃の巨人 後編 ～自由の翼～,towatch-release-date-2015-06-27,2015-06-27 00:00:00,towatch-alpha-attack-on-titan-the-wings-of-freedom,7200,,,,,,,,,,,
2019-11-12 05:23:05,,13991889,towatch,,,2019-11-12 05:23:05,822f1303-6747-4a66-836a-aab046c4c4a6,towatch-822f1303-6747-4a66-836a-aab046c4c4a6,,0,towatch-follow-date-2019-11-12,movie,Terminator Genisys,towatch-release-date-2015-06-25,2015-06-25 00:00:00,towatch-alpha-terminator-genisys,,,,,,,,,,,,
2020-06-21 06:35:30,,13991889,towatch,,,2020-06-21 06:35:30,827a0c83-ef39-491b-8ff6-85b118afec9e,towatch-827a0c83-ef39-491b-8ff6-85b118afec9e,,0,towatch-follow-date-2020-06-21,movie,Invader Zim: Enter the Florpus,towatch-release-date-2019-08-16,2019-08-16 00:00:00,towatch-alpha-invader-zim-enter-the-florpus,,,,,,,,,,,,
2020-06-22 02:36:19,,13991889,towatch,,,2020-06-22 02:36:19,830063bd-a883-4bc1-ae03-05cca7cda7e9,towatch-830063bd-a883-4bc1-ae03-05cca7cda7e9,,0,towatch-follow-date-2020-06-22,movie,ドラゴンボールZ 神と神,towatch-release-date-2013-03-30,2013-03-30 00:00:00,towatch-alpha-dragon-ball-z-battle-of-gods,,,,,,,,,,,,
2020-02-12 05:26:11,,13991889,towatch,,,2020-02-12 05:26:11,834aac4e-1349-4170-9fdd-23e29d3f231c,towatch-834aac4e-1349-4170-9fdd-23e29d3f231c,,0,towatch-follow-date-2020-02-12,movie,Futurama: Into the Wild Green Yonder,towatch-release-date-2009-02-23,2009-02-23 00:00:00,towatch-alpha-futurama-into-the-wild-green-yonder,,,,,,,,,,,,
2022-03-27 01:03:36,,13991889,towatch,,,2022-03-27 01:03:36,852f52ce-915a-455e-8f90-96142d317f79,towatch-852f52ce-915a-455e-8f90-96142d317f79,,,towatch-follow-date-1648343016,movie,La abuela,towatch-release-date-2022-04-06,2022-04-06 00:00:00,towatch-alpha-the-grandmother,5940,,,,,,,,,,,
2024-04-30 01:42:42,,13991889,towatch,,,2024-04-30 01:42:42,860b59cb-a32b-410c-a8db-55657c45e1b6,towatch-860b59cb-a32b-410c-a8db-55657c45e1b6,,,towatch-follow-date-1714441362,movie,The Reluctant Fundamentalist,towatch-release-date-2013-03-17,2013-03-17 00:00:00,towatch-alpha-the-reluctant-fundamentalist,7800,,,,,,,,,,,
2022-10-15 02:08:55,,13991889,towatch,,,2022-10-15 02:08:55,8740cd50-93fe-4e17-ada7-d6affb4dd63a,towatch-8740cd50-93fe-4e17-ada7-d6affb4dd63a,,,towatch-follow-date-1665799735,movie,Fireproof,towatch-release-date-2008-09-26,2008-09-26 00:00:00,towatch-alpha-watch-alpha-fireproof,7320,,,,,,,,,,,
2025-01-09 22:36:33,,13991889,towatch,,,2025-01-09 22:36:33,8a9b60a2-1669-403f-83bd-0b0ac7547390,towatch-8a9b60a2-1669-403f-83bd-0b0ac7547390,,,towatch-follow-date-1736462193,movie,Sweeney Todd: The Demon Barber of Fleet Street,towatch-release-date-2007-12-20,2007-12-20 00:00:00,towatch-alpha-sweeney-todd-the-demon-barber-of-fleet-street,7020,,,,,,,,,,,
2019-11-12 05:23:10,,13991889,towatch,,,2019-11-12 05:23:10,8aa3e3c0-dbd3-413a-a193-be7e4428b515,towatch-8aa3e3c0-dbd3-413a-a193-be7e4428b515,,0,towatch-follow-date-2019-11-12,movie,Terminator 3: Rise of the Machines,towatch-release-date-2003-07-02,2003-07-02 00:00:00,towatch-alpha-terminator-3-rise-of-the-machines,,,,,,,,,,,,
2019-08-15 20:14:20,,13991889,towatch,,,2019-08-10 05:44:24,8acdf7f7-88d1-4e10-92d5-296f7b64c50e,towatch-8acdf7f7-88d1-4e10-92d5-296f7b64c50e,,0,towatch-follow-date-2019-08-10,movie,,towatch-release-date-2007-07-11,2007-07-11 00:00:00,towatch-alpha-harry-potter-and-the-order-of-the-phoenix,,,,,,,,,,,,
2020-09-22 22:47:16,,13991889,towatch,,,2020-09-22 22:47:16,8ae4034b-0f9b-40b1-87f9-c9a40ff0117d,towatch-8ae4034b-0f9b-40b1-87f9-c9a40ff0117d,,0,towatch-follow-date-2020-09-22,movie,Maggie Simpson in The Longest Daycare,towatch-release-date-2012-07-12,2012-07-12 00:00:00,towatch-alpha-maggie-simpson-in-the-longest-daycare,,,,,,,,,,,,
2020-08-11 04:15:16,,13991889,towatch,,,2020-08-11 04:15:16,8b468f09-7101-47f2-980d-fbf6b55df396,towatch-8b468f09-7101-47f2-980d-fbf6b55df396,,0,towatch-follow-date-2020-08-11,movie,6 Days to Air: The Making of South Park,towatch-release-date-2011-10-09,2011-10-09 00:00:00,towatch-alpha-6-days-to-air-the-making-of-south-park,,,,,,,,,,,,
2019-08-15 20:14:20,,13991889,towatch,,,2019-08-10 06:04:31,8c4fffb7-5729-43e1-b10b-886fe62b75b5,towatch-8c4fffb7-5729-43e1-b10b-886fe62b75b5,,0,towatch-follow-date-2019-08-10,movie,Blade Runner 2049,towatch-release-date-2017-10-05,2017-10-05 00:00:00,towatch-alpha-blade-runner-2049,,,,,,,,,,,,
2024-02-26 00:33:26,,13991889,towatch,,,2024-02-26 00:33:26,8ef12c09-c030-4ccf-ba3e-ed313393a427,towatch-8ef12c09-c030-4ccf-ba3e-ed313393a427,,,towatch-follow-date-1708907606,movie,Dune: Part One,towatch-release-date-2021-10-22,2021-10-22 00:00:00,towatch-alpha-dune,9300,,,,,,,,,,,
2023-07-24 19:29:36,,13991889,towatch,,,2023-07-24 19:29:36,8f160db4-d292-448f-be17-9001b3a18856,towatch-8f160db4-d292-448f-be17-9001b3a18856,,,towatch-follow-date-1690226976,movie,Mission: Impossible – Dead Reckoning Part One,towatch-release-date-2023-07-08,2023-07-08 00:00:00,towatch-alpha-mission-impossible-–-dead-reckoning-part-one,9780,,,,,,,,,,,
2024-08-10 17:50:42,,13991889,towatch,,,2024-08-10 17:50:42,905d6f6c-df85-4c7d-a933-9c29e77348ed,towatch-905d6f6c-df85-4c7d-a933-9c29e77348ed,,,towatch-follow-date-1723312242,movie,Borderlands,towatch-release-date-2024-08-09,2024-08-09 00:00:00,towatch-alpha-borderlands,,,,,,,,,,,,
2024-02-25 19:07:56,,13991889,towatch,,,2024-02-25 19:07:56,9321e734-98dc-44a4-a2e7-45908e0928ba,towatch-9321e734-98dc-44a4-a2e7-45908e0928ba,,,towatch-follow-date-1708888076,movie,,towatch-release-date-2029-12-21,2029-12-21 00:00:00,towatch-alpha-avatar-4,,,,,,,,,,,,
2024-06-08 19:15:01,,13991889,towatch,,,2024-06-08 19:15:01,9509a1ec-14ed-4e21-b7f9-6c7a1fe41d80,towatch-9509a1ec-14ed-4e21-b7f9-6c7a1fe41d80,,,towatch-follow-date-1717874101,movie,The Ministry of Ungentlemanly Warfare,towatch-release-date-2024-04-19,2024-04-19 00:00:00,towatch-alpha-the-ministry-of-ungentlemanly-warfare,7200,,,,,,,,,,,
2020-04-06 06:21:08,,13991889,towatch,,,2020-04-06 06:21:08,95101877-a611-46f6-9616-921756266f49,towatch-95101877-a611-46f6-9616-921756266f49,,0,towatch-follow-date-2020-04-06,movie,Gravity Falls: Take Back the Falls,towatch-release-date-2016-02-15,2016-02-15 00:00:00,towatch-alpha-duplicate,,,,,,,,,,,,
2019-08-15 20:14:20,,13991889,towatch,,,2019-08-08 05:09:23,95bc823e-4707-445a-8cdb-fffc7c113977,towatch-95bc823e-4707-445a-8cdb-fffc7c113977,,0,towatch-follow-date-2019-08-08,movie,The Matrix Reloaded,towatch-release-date-2003-05-15,2003-05-15 00:00:00,towatch-alpha-the-matrix-reloaded,,,,,,,,,,,,
2023-01-07 02:34:41,,13991889,towatch,,,2023-01-07 02:34:41,9719a2ac-9e62-43b0-9ad2-307aa969a337,towatch-9719a2ac-9e62-43b0-9ad2-307aa969a337,,,towatch-follow-date-1673058881,movie,Violent Night,towatch-release-date-2022-12-02,2022-12-02 00:00:00,towatch-alpha-violent-night,6060,,,,,,,,,,,
2019-08-15 20:14:20,,13991889,towatch,,,2019-08-08 05:09:19,978899c4-5194-4568-b922-0bd2874c4c1a,towatch-978899c4-5194-4568-b922-0bd2874c4c1a,,0,towatch-follow-date-2019-08-08,movie,The Matrix,towatch-release-date-1999-05-21,1999-05-21 00:00:00,towatch-alpha-the-matrix,,,,,,,,,,,,
2022-05-23 05:00:31,,13991889,towatch,,,2022-05-23 05:00:31,9b291842-b784-43b5-a79b-d7b720bd8d48,towatch-9b291842-b784-43b5-a79b-d7b720bd8d48,,,towatch-follow-date-1653282031,movie,Choose or Die,towatch-release-date-2022-04-15,2022-04-15 00:00:00,towatch-alpha-choose-or-die,5100,,,,,,,,,,,
2019-08-15 20:14:20,,13991889,towatch,,,2019-08-10 05:53:08,9ccb2445-ef51-4a54-91c3-8885df405746,towatch-9ccb2445-ef51-4a54-91c3-8885df405746,,0,towatch-follow-date-2019-08-10,movie,Men in Black: International,towatch-release-date-2019-06-19,2019-06-19 00:00:00,towatch-alpha-men-in-black-international,,,,,,,,,,,,
2020-06-22 02:36:38,,13991889,towatch,,,2020-06-22 02:36:38,9eb3d430-3ae4-4695-a35f-6772fe1fc1ea,towatch-9eb3d430-3ae4-4695-a35f-6772fe1fc1ea,,0,towatch-follow-date-2020-06-22,movie,Dragon Ball  - La Légende de Shenron,towatch-release-date-1986-12-20,1986-12-20 00:00:00,towatch-alpha-dragon-ball-curse-of-the-blood-rubies,,,,,,,,,,,,
2022-02-25 22:37:31,,13991889,towatch,,,2022-02-25 22:37:31,9fdc0e35-be1c-41ee-a1d4-fd846a8e3bc5,towatch-9fdc0e35-be1c-41ee-a1d4-fd846a8e3bc5,,,towatch-follow-date-1645828651,movie,僕のヒーローアカデミア THE MOVIE ヒーローズ・ライジング エピローグ・プラス《夢を現実に》,towatch-release-date-2020-07-15,2020-07-15 00:00:00,towatch-alpha-boku-no-hero-academia-the-movie-2-heroes-rising---epilogue-plus,600,,,,,,,,,,,
2023-02-26 01:01:03,,13991889,towatch,,,2023-02-26 01:01:03,a3476fd1-c2a6-43a6-b50c-d124380cf5d4,towatch-a3476fd1-c2a6-43a6-b50c-d124380cf5d4,,,towatch-follow-date-1677373263,movie,The Whale,towatch-release-date-2022-12-21,2022-12-21 00:00:00,towatch-alpha-the-whale,7020,,,,,,,,,,,
2021-01-02 04:09:51,,13991889,towatch,,,2021-01-02 04:09:51,a35feccb-98db-4f94-a79d-81a6b4df9b40,towatch-a35feccb-98db-4f94-a79d-81a6b4df9b40,,,towatch-follow-date-1609560591,movie,The Minimalists: Less Is Now,towatch-release-date-2021-01-01,2021-01-01 00:00:00,towatch-alpha-the-minimalists-less-is-now,,,,,,,,,,,,
2019-08-15 20:14:20,,13991889,towatch,,,2019-08-10 06:01:36,a419103b-14ec-4177-927d-91546133a16a,towatch-a419103b-14ec-4177-927d-91546133a16a,,0,towatch-follow-date-2019-08-10,movie,Les 12 travaux d'Astérix,towatch-release-date-1976-06-26,1976-06-26 00:00:00,towatch-alpha-the-twelve-tasks-of-asterix,,,,,,,,,,,,
2019-08-15 20:14:20,,13991889,towatch,,,2019-08-08 05:12:00,a60faf09-aa37-48ba-9864-a203239828b2,towatch-a60faf09-aa37-48ba-9864-a203239828b2,,0,towatch-follow-date-2019-08-08,movie,Alita: Battle Angel,towatch-release-date-2019-02-13,2019-02-13 00:00:00,towatch-alpha-alita-battle-angel,,,,,,,,,,,,
2024-01-01 04:01:26,,13991889,towatch,,,2024-01-01 04:01:26,a6be566f-571d-4891-b351-552a0b27f080,towatch-a6be566f-571d-4891-b351-552a0b27f080,,,towatch-follow-date-1704081686,movie,Aquaman and The Lost Kingdom,towatch-release-date-2023-12-20,2023-12-20 00:00:00,towatch-alpha-aquaman-and-the-lost-kingdom,7440,,,,,,,,,,,
2023-09-14 01:45:54,,13991889,towatch,,,2023-09-14 01:45:54,a7e939fd-bfcc-4095-91ab-5e130a295170,towatch-a7e939fd-bfcc-4095-91ab-5e130a295170,,,towatch-follow-date-1694655954,movie,かがみの孤城,towatch-release-date-2022-12-23,2022-12-23 00:00:00,towatch-alpha-lonely-castle-in-the-mirror,7020,,,,,,,,,,,
2024-02-26 00:34:48,,13991889,towatch,,,2024-02-26 00:34:48,a97a8227-5973-4c37-a516-be082eb7fbdb,towatch-a97a8227-5973-4c37-a516-be082eb7fbdb,,,towatch-follow-date-1708907688,movie,火垂るの墓,towatch-release-date-2015-11-10,2015-11-10 00:00:00,towatch-alpha-grave-of-the-fireflies,5580,,,,,,,,,,,
2019-08-15 20:14:20,,13991889,towatch,,,2019-08-10 05:52:18,a9b902e6-73de-41a4-a681-e71ad4ee360d,towatch-a9b902e6-73de-41a4-a681-e71ad4ee360d,,0,towatch-follow-date-2019-08-10,movie,The Suicide Squad,towatch-release-date-2021-07-28,2021-07-28 00:00:00,towatch-alpha-the-suicide-squad,,,,,,,,,,,,
2019-08-15 20:14:20,,13991889,towatch,,,2019-08-08 05:16:58,ac2f2b25-caec-49be-aff6-e5d0baca3d50,towatch-ac2f2b25-caec-49be-aff6-e5d0baca3d50,,0,towatch-follow-date-2019-08-08,movie,John Wick: Chapter 3 - Parabellum,towatch-release-date-2019-05-15,2019-05-15 00:00:00,towatch-alpha-john-wick-chapter-3-–-parabellum,,,,,,,,,,,,
2020-06-22 02:36:30,,13991889,towatch,,,2020-06-22 02:36:30,ad7a827f-c79e-4e8b-9b74-cd6911d84790,towatch-ad7a827f-c79e-4e8b-9b74-cd6911d84790,,0,towatch-follow-date-2020-06-22,movie,ドラゴンボールZ 地球まるごと超決戦,towatch-release-date-1990-06-07,1990-06-07 00:00:00,towatch-alpha-dragon-ball-z-the-tree-of-might,,,,,,,,,,,,
2020-06-22 02:36:29,,13991889,towatch,,,2020-06-22 02:36:29,af9f84ab-6e36-47d7-859e-3bf52b3555e7,towatch-af9f84ab-6e36-47d7-859e-3bf52b3555e7,,0,towatch-follow-date-2020-06-22,movie,ドラゴンボールZ 超サイヤ人だ孫悟空,towatch-release-date-1991-03-19,1991-03-19 00:00:00,towatch-alpha-dragon-ball-z-lord-slug,,,,,,,,,,,,
2024-02-26 00:34:50,,13991889,towatch,,,2024-02-26 00:34:50,afbaa9dd-e9a1-4252-a7c3-46afc13d08c7,towatch-afbaa9dd-e9a1-4252-a7c3-46afc13d08c7,,,towatch-follow-date-1708907690,movie,The Wonderful Story of Henry Sugar,towatch-release-date-2023-09-01,2023-09-01 00:00:00,towatch-alpha-the-wonderful-story-of-henry-sugar,2460,,,,,,,,,,,
2023-08-25 20:03:43,,13991889,towatch,,,2023-08-25 20:03:43,afd927f3-0a60-4906-a3e3-8040bcfa1c03,towatch-afd927f3-0a60-4906-a3e3-8040bcfa1c03,,,towatch-follow-date-1692993823,movie,Talk to Me,towatch-release-date-2023-08-17,2023-08-17 00:00:00,towatch-alpha-talk-to-me,5640,,,,,,,,,,,
2023-06-12 03:09:42,,13991889,towatch,,,2023-06-12 03:09:42,b0e8b0e4-e05f-4571-9c9d-bc6731246479,towatch-b0e8b0e4-e05f-4571-9c9d-bc6731246479,,,towatch-follow-date-1686539382,movie,"進撃の巨人 - Wall Sina, Goodbye 後編",towatch-release-date-2018-04-09,2018-04-09 00:00:00,"towatch-alpha-attack-on-titan-ova-7---lost-girls-wall-sina,-goodbye-(part-2)",1500,,,,,,,,,,,
2019-08-15 20:14:20,,13991889,towatch,,,2019-08-08 05:14:04,b6480723-c7ce-4cd7-b889-5b21d0dfe741,towatch-b6480723-c7ce-4cd7-b889-5b21d0dfe741,,0,towatch-follow-date-2019-08-08,movie,The Lord of the Rings: The Two Towers,towatch-release-date-2002-12-18,2002-12-18 00:00:00,towatch-alpha-the-lord-of-the-rings-the-two-towers,,,,,,,,,,,,
2020-06-22 02:36:11,,13991889,towatch,,,2020-06-22 02:36:11,b75843db-daa2-413f-81dd-2b3e2fb9350b,towatch-b75843db-daa2-413f-81dd-2b3e2fb9350b,,0,towatch-follow-date-2020-06-22,movie,ドラゴンボールZ 龍拳爆発!!悟空がやらねば誰がやる,towatch-release-date-1995-07-15,1995-07-15 00:00:00,towatch-alpha-dragon-ball-z-wrath-of-the-dragon,,,,,,,,,,,,
2024-06-21 18:23:19,,13991889,towatch,,,2024-06-21 18:23:19,b8103d90-8c74-4954-baca-1de0c0a35d84,towatch-b8103d90-8c74-4954-baca-1de0c0a35d84,,,towatch-follow-date-1718994199,movie,Avengers: Secret Wars,towatch-release-date-2027-05-07,2027-05-07 00:00:00,towatch-alpha-avengers-secret-wars,,,,,,,,,,,,
2019-08-15 20:14:20,,13991889,towatch,,,2019-08-10 05:51:49,b8ee32c3-48a2-4562-8686-e2933ef20e90,towatch-b8ee32c3-48a2-4562-8686-e2933ef20e90,,0,towatch-follow-date-2019-08-10,movie,The Hobbit: The Battle of the Five Armies,towatch-release-date-2014-12-10,2014-12-10 00:00:00,towatch-alpha-the-hobbit-the-battle-of-the-five-armies,,,,,,,,,,,,
2023-06-12 03:09:39,,13991889,towatch,,,2023-06-12 03:09:39,b98bb355-c5d5-443c-93a1-6fb232af33bd,towatch-b98bb355-c5d5-443c-93a1-6fb232af33bd,,,towatch-follow-date-1686539379,movie,進撃の巨人 - Lost in the Cruel World,towatch-release-date-2018-08-09,2018-08-09 00:00:00,towatch-alpha-attack-on-titan-ova-8---lost-girls-lost-in-the-cruel-world,1500,,,,,,,,,,,
2024-06-21 18:23:17,,13991889,towatch,,,2024-06-21 18:23:17,ba7c1fa6-21f6-4021-8f18-61138d72ba23,towatch-ba7c1fa6-21f6-4021-8f18-61138d72ba23,,,towatch-follow-date-1718994197,movie,Wonder Woman 3,towatch-release-date-2026-01-01,2026-01-01 00:00:00,towatch-alpha-wonder-woman-3,,,,,,,,,,,,
2024-08-10 17:50:58,,13991889,towatch,,,2024-08-10 17:50:58,bb15d16d-6f79-42c1-81bd-c673dc7537ee,towatch-bb15d16d-6f79-42c1-81bd-c673dc7537ee,,,towatch-follow-date-1723312258,movie,Kingdom of the Planet of the Apes,towatch-release-date-2024-05-10,2024-05-10 00:00:00,towatch-alpha-kingdom-of-the-planet-of-the-apes,8700,,,,,,,,,,,
2024-02-26 00:35:03,,13991889,towatch,,,2024-02-26 00:35:03,bc1542c4-e72f-4dd4-bb80-2d89bd6c6199,towatch-bc1542c4-e72f-4dd4-bb80-2d89bd6c6199,,,towatch-follow-date-1708907703,movie,Interstellar,towatch-release-date-2014-11-06,2014-11-06 00:00:00,towatch-alpha-watch-alpha-interstellar,10140,,,,,,,,,,,
2022-10-30 20:41:44,,13991889,towatch,,,2022-10-30 20:41:44,bc1dc13c-e9c7-4055-bfc9-4d59e3dcb084,towatch-bc1dc13c-e9c7-4055-bfc9-4d59e3dcb084,,,towatch-follow-date-1667162504,movie,JoJo's Bizarre Adventure: Phantom Blood,towatch-release-date-2007-02-17,2007-02-17 00:00:00,towatch-alpha-jojo's-bizarre-adventure-phantom-blood,7200,,,,,,,,,,,
2021-01-03 21:41:06,,13991889,towatch,,,2021-01-03 21:41:06,bd548c50-5dc6-4b55-9344-9756942263f5,towatch-bd548c50-5dc6-4b55-9344-9756942263f5,,,towatch-follow-date-1609710066,movie,Borat Subsequent Moviefilm: Delivery of Prodigious Bribe To American Regime For Make Benefit Once Glorious Nation of Kazakhstan,towatch-release-date-2020-10-23,2020-10-23 00:00:00,towatch-alpha-borat-subsequent-moviefilm-delivery-of-prodigious-bribe-to-american-regime-for-make-benefit-once-glorious-nation-of-kazakhstan,,,,,,,,,,,,
2025-10-13 00:42:49,,13991889,towatch,,,2025-10-13 00:42:49,bfb681ca-0a26-4656-b183-e7ba4c639294,towatch-bfb681ca-0a26-4656-b183-e7ba4c639294,,,towatch-follow-date-1760316169,movie,Tron: Ares,towatch-release-date-2025-10-08,2025-10-08 00:00:00,towatch-alpha-tron-ares,,,,,,,,,,,,
2020-06-22 02:36:22,,13991889,towatch,,,2020-06-22 02:36:22,c1615a79-348d-4cde-99cc-5f76599d45fe,towatch-c1615a79-348d-4cde-99cc-5f76599d45fe,,0,towatch-follow-date-2020-06-22,movie,ドラゴンボールＺ 復活の「Ｆ」,towatch-release-date-2015-04-18,2015-04-18 00:00:00,"towatch-alpha-dragon-ball-z-resurrection-""f""",,,,,,,,,,,,
2024-06-03 03:39:01,,13991889,towatch,,,2024-06-03 03:39:01,c1f741f4-1c5a-478a-815d-e439e140df71,towatch-c1f741f4-1c5a-478a-815d-e439e140df71,,,towatch-follow-date-1717385941,movie,The Man Who Knew Infinity,towatch-release-date-2016-04-08,2016-04-08 00:00:00,towatch-alpha-the-man-who-knew-infinity,6480,,,,,,,,,,,
2019-08-15 20:14:20,,13991889,towatch,,,2019-08-14 23:40:10,c55736f2-b49e-427d-af30-ed4cb3f5a6be,towatch-c55736f2-b49e-427d-af30-ed4cb3f5a6be,,0,towatch-follow-date-2019-08-14,movie,The Butterfly Effect 2,towatch-release-date-2006-10-10,2006-10-10 00:00:00,towatch-alpha-the-butterfly-effect-2,,,,,,,,,,,,
2019-08-15 20:14:20,,13991889,towatch,,,2019-08-14 23:40:12,c6856ecf-b628-4019-8809-82f782d0ee15,towatch-c6856ecf-b628-4019-8809-82f782d0ee15,,0,towatch-follow-date-2019-08-14,movie,The Butterfly Effect 3: Revelations,towatch-release-date-2009-01-09,2009-01-09 00:00:00,towatch-alpha-the-butterfly-effect-3-revelations,,,,,,,,,,,,
2019-08-15 20:14:20,,13991889,towatch,,,2019-08-08 05:17:11,c97ca1ee-d4ba-4629-814b-95b6e8697cb1,towatch-c97ca1ee-d4ba-4629-814b-95b6e8697cb1,,0,towatch-follow-date-2019-08-08,movie,Holmes & Watson,towatch-release-date-2018-12-25,2018-12-25 00:00:00,towatch-alpha-holmes-&-watson,,,,,,,,,,,,
2022-03-29 04:50:40,,13991889,towatch,,,2022-03-29 04:50:40,c99106f7-e69c-44fb-b562-ea9d9f5fbd58,towatch-c99106f7-e69c-44fb-b562-ea9d9f5fbd58,,,towatch-follow-date-1648529440,movie,Escape Room: Tournament of Champions,towatch-release-date-2021-07-16,2021-07-16 00:00:00,towatch-alpha-escape-room-tournament-of-champions,5280,,,,,,,,,,,
2022-03-14 03:45:17,,13991889,towatch,,,2022-03-14 03:45:17,cb75c2cc-f250-43a0-b2e4-4f99aa1f5642,towatch-cb75c2cc-f250-43a0-b2e4-4f99aa1f5642,,,towatch-follow-date-1647229517,movie,Free Guy,towatch-release-date-2021-08-13,2021-08-13 00:00:00,towatch-alpha-free-guy,6900,,,,,,,,,,,
2020-09-22 22:48:11,,13991889,towatch,,,2020-09-22 22:48:11,cf9d355f-3dda-425a-861b-7550faf66504,towatch-cf9d355f-3dda-425a-861b-7550faf66504,,0,towatch-follow-date-2020-09-22,movie,,towatch-release-date-2004-11-02,2004-11-02 00:00:00,towatch-alpha-the-simpsons-christmas-2,,,,,,,,,,,,
2024-02-26 00:33:06,,13991889,towatch,,,2024-02-26 00:33:06,d1139aff-445f-4495-b255-b6dce67ae940,towatch-d1139aff-445f-4495-b255-b6dce67ae940,,,towatch-follow-date-1708907586,movie,Mea Culpa,towatch-release-date-2024-02-23,2024-02-23 00:00:00,towatch-alpha-mea-culpa,7080,,,,,,,,,,,
2021-04-24 00:46:22,,13991889,towatch,,,2021-04-24 00:46:22,d2ccc9b4-da09-4f38-9e66-f2774c1c374d,towatch-d2ccc9b4-da09-4f38-9e66-f2774c1c374d,,,towatch-follow-date-1619225182,movie,スタインズ;ゲート0 結晶多形のヴァレンティヌス,towatch-release-date-2018-12-21,2018-12-21 00:00:00,towatch-alpha-steins;gate-0---valentine's-of-crystal-polymorphism-bittersweet-intermedio,1440,,,,,,,,,,,
2019-08-15 20:14:20,,13991889,towatch,,,2019-08-10 06:05:42,d4c2ca58-f7dc-4fc5-82cf-26eff8d308ed,towatch-d4c2ca58-f7dc-4fc5-82cf-26eff8d308ed,,0,towatch-follow-date-2019-08-10,movie,The Hobbit: An Unexpected Journey,towatch-release-date-2012-12-14,2012-12-14 00:00:00,towatch-alpha-the-hobbit-an-unexpected-journey,,,,,,,,,,,,
2020-06-22 02:36:32,,13991889,towatch,,,2020-06-22 02:36:32,d9b83b54-b022-4839-84a6-50701ddffcad,towatch-d9b83b54-b022-4839-84a6-50701ddffcad,,0,towatch-follow-date-2020-06-22,movie,ドラゴンボールZ この世で一番強いヤツ,towatch-release-date-1990-03-10,1990-03-10 00:00:00,towatch-alpha-dragon-ball-z-the-world's-strongest,,,,,,,,,,,,
2022-04-09 01:04:45,,13991889,towatch,,,2022-04-09 01:04:45,d9cc4bfb-3c11-4049-b48e-4947fe76e84b,towatch-d9cc4bfb-3c11-4049-b48e-4947fe76e84b,,,towatch-follow-date-1649466285,movie,Halo: The Fall of Reach,towatch-release-date-2015-10-27,2015-10-27 00:00:00,towatch-alpha-halo-the-fall-of-reach,3840,,,,,,,,,,,
2019-08-15 20:14:20,,13991889,towatch,,,2019-08-10 06:04:02,da10ef2f-b343-4563-8382-8e03248b32bf,towatch-da10ef2f-b343-4563-8382-8e03248b32bf,,0,towatch-follow-date-2019-08-10,movie,Fantastic Beasts: The Secrets of Dumbledore,towatch-release-date-2022-04-15,2022-04-15 00:00:00,towatch-alpha-fantastic-beasts-and-where-to-find-them-3,,,,,,,,,,,,
2019-08-15 20:14:20,,13991889,towatch,,,2019-08-10 05:48:03,dc19553b-7ee7-4e0c-a302-102f11091be6,towatch-dc19553b-7ee7-4e0c-a302-102f11091be6,,0,towatch-follow-date-2019-08-10,movie,Fantastic Beasts: The Crimes of Grindelwald,towatch-release-date-2018-11-14,2018-11-14 00:00:00,towatch-alpha-fantastic-beasts-the-crimes-of-grindelwald,,,,,,,,,,,,
2022-08-05 21:10:56,,13991889,towatch,,,2022-08-05 21:10:56,defd9829-98a7-4c41-85a1-b047c26fa02a,towatch-defd9829-98a7-4c41-85a1-b047c26fa02a,,,towatch-follow-date-1659733856,movie,僕のヒーローアカデミア - ヒーローリーグベースボール,towatch-release-date-2022-06-16,2022-06-16 00:00:00,towatch-alpha-my-hero-academia-ova---hlb,1440,,,,,,,,,,,
2019-08-15 20:14:20,,13991889,towatch,,,2019-08-08 05:10:45,dfe92d1c-0125-4f6d-a9d3-35443b5a9aac,towatch-dfe92d1c-0125-4f6d-a9d3-35443b5a9aac,,0,towatch-follow-date-2019-08-08,movie,Harry Potter and the Prisoner of Azkaban,towatch-release-date-2004-06-04,2004-06-04 00:00:00,towatch-alpha-harry-potter-and-the-prisoner-of-azkaban,,,,,,,,,,,,
2023-02-05 20:47:57,,13991889,towatch,,,2023-02-05 20:47:57,e033b7cb-4275-48b7-9c79-5e7211f190b3,towatch-e033b7cb-4275-48b7-9c79-5e7211f190b3,,,towatch-follow-date-1675630077,movie,M3GAN 2.0,towatch-release-date-tbd,,towatch-alpha-watch-alpha-m3gan-20,,,,,,,,,,,,
2020-07-17 23:45:08,,13991889,towatch,,,2020-07-17 23:45:08,e09ca199-cd05-4cb8-8f1a-401d8ff6dbb6,towatch-e09ca199-cd05-4cb8-8f1a-401d8ff6dbb6,,0,towatch-follow-date-2020-07-17,movie,進撃の巨人 ATTACK ON TITAN エンド オブ ザ ワールド,towatch-release-date-2015-09-01,2015-09-01 00:00:00,towatch-alpha-attack-on-titan-ii-end-of-the-world,,,,,,,,,,,,
2021-08-14 23:47:11,,13991889,towatch,,,2021-08-14 23:47:11,e19ab717-ba69-4a0c-bde3-fc77de22ff10,towatch-e19ab717-ba69-4a0c-bde3-fc77de22ff10,,,towatch-follow-date-1628984831,movie,劇場版 STEINS;GATE 負荷領域のデジャヴ,towatch-release-date-2013-04-20,2013-04-20 00:00:00,towatch-alpha-steins;gate-the-movie-−-load-region-of-déjà-vu,5400,,,,,,,,,,,
2020-08-11 04:15:15,,13991889,towatch,,,2020-08-11 04:15:15,e3dddf47-91d4-40d6-98c5-11b21b11a23b,towatch-e3dddf47-91d4-40d6-98c5-11b21b11a23b,,0,towatch-follow-date-2020-08-11,movie,Christmas Time In South Park,towatch-release-date-2000-10-09,2000-10-09 00:00:00,towatch-alpha-christmas-time-in-south-park,,,,,,,,,,,,
2019-08-15 20:14:20,,13991889,towatch,,,2019-08-10 06:00:32,e42677c5-c4de-4ef4-97e6-1a3130b93551,towatch-e42677c5-c4de-4ef4-97e6-1a3130b93551,,0,towatch-follow-date-2019-08-10,movie,The Hangover Part III,towatch-release-date-2013-05-29,2013-05-29 00:00:00,towatch-alpha-the-hangover-part-iii,,,,,,,,,,,,
2020-03-31 16:10:26,,13991889,towatch,,,2020-03-31 16:10:26,e672d964-0600-4149-8575-988374b0087a,towatch-e672d964-0600-4149-8575-988374b0087a,,0,towatch-follow-date-2020-03-31,movie,Ben 10: Secret of the Omnitrix,towatch-release-date-2007-08-10,2007-08-10 00:00:00,towatch-alpha-ben-10-secret-of-the-omnitrix,,,,,,,,,,,,
2024-06-29 00:49:22,,13991889,towatch,,,2024-06-29 00:49:22,e7738d90-c859-429c-819f-345aec95db7a,towatch-e7738d90-c859-429c-819f-345aec95db7a,,,towatch-follow-date-1719622162,movie,Mrs. Harris Goes to Paris,towatch-release-date-2022-05-06,2022-05-06 00:00:00,towatch-alpha-mrs-harris-goes-to-paris,6900,,,,,,,,,,,
2020-01-09 03:40:38,,13991889,towatch,,,2020-01-09 03:40:38,e7a67a35-e610-4ae9-9703-82823eda385d,towatch-e7a67a35-e610-4ae9-9703-82823eda385d,,0,towatch-follow-date-2020-01-09,movie,Billy and Mandy's Big Boogey Adventure,towatch-release-date-2007-02-14,2007-02-14 00:00:00,towatch-alpha-billy-and-mandy's-big-boogey-adventure,,,,,,,,,,,,
2020-02-12 05:26:19,,13991889,towatch,,,2020-02-12 05:26:19,e83333df-ba32-4624-ac67-8edd0134fee1,towatch-e83333df-ba32-4624-ac67-8edd0134fee1,,0,towatch-follow-date-2020-02-12,movie,Futurama: The Lost Adventure,towatch-release-date-2008-06-24,2008-06-24 00:00:00,towatch-alpha-futurama-the-lost-adventure,,,,,,,,,,,,
2023-10-22 03:32:58,,13991889,towatch,,,2023-10-22 03:32:58,e8689a11-dd36-4f91-8fae-a31a33332ff3,towatch-e8689a11-dd36-4f91-8fae-a31a33332ff3,,,towatch-follow-date-1697945578,movie,Fast Forever,towatch-release-date-2025-04-04,2025-04-04 00:00:00,towatch-alpha-fast-x-part-2,,,,,,,,,,,,
2021-04-24 00:46:38,,13991889,towatch,,,2021-04-24 00:46:38,e9de0fc0-0f7c-47a1-9d1a-841cf0def488,towatch-e9de0fc0-0f7c-47a1-9d1a-841cf0def488,,,towatch-follow-date-1619225198,movie,Steins;Gate OVA - Oukoubakko no Poriomania,towatch-release-date-2012-02-22,2012-02-22 00:00:00,towatch-alpha-steins;gate-ova---egoistic-poriomania,1440,,,,,,,,,,,
2019-08-15 20:14:20,,13991889,towatch,,,2019-08-14 23:36:41,ea3a46d1-7779-414b-8124-c0dd184799e8,towatch-ea3a46d1-7779-414b-8124-c0dd184799e8,,0,towatch-follow-date-2019-08-14,movie,Patient Zero,towatch-release-date-2018-09-14,2018-09-14 00:00:00,towatch-alpha-patient-zero,,,,,,,,,,,,
2019-08-15 20:14:20,,13991889,towatch,,,2019-08-14 23:38:00,ea4bf38c-bbce-40dd-81f8-f8d54e654e28,towatch-ea4bf38c-bbce-40dd-81f8-f8d54e654e28,,0,towatch-follow-date-2019-08-14,movie,Horrible Bosses 2,towatch-release-date-2014-12-04,2014-12-04 00:00:00,towatch-alpha-horrible-bosses-2,,,,,,,,,,,,
2019-08-15 20:14:20,,13991889,towatch,,,2019-08-10 05:54:19,eb0a741b-f1ea-4c49-96ff-2298f9ec9fb7,towatch-eb0a741b-f1ea-4c49-96ff-2298f9ec9fb7,,0,towatch-follow-date-2019-08-10,movie,The Hangover,towatch-release-date-2009-06-24,2009-06-24 00:00:00,towatch-alpha-the-hangover,,,,,,,,,,,,
2024-01-14 17:06:02,,13991889,towatch,,,2024-01-14 17:06:02,ec6850f2-d0f4-4067-8ffd-2d447851faa8,towatch-ec6850f2-d0f4-4067-8ffd-2d447851faa8,,,towatch-follow-date-1705251962,movie,BlacKkKlansman,towatch-release-date-2018-08-22,2018-08-22 00:00:00,towatch-alpha-blackkklansman,8100,,,,,,,,,,,
2023-04-06 17:38:23,,13991889,towatch,,,2023-04-06 17:38:23,ecaa0945-258b-4ecf-abb8-50dcdfdfa13b,towatch-ecaa0945-258b-4ecf-abb8-50dcdfdfa13b,,,towatch-follow-date-1680802703,movie,Bill & Ted's Bogus Journey,towatch-release-date-1991-07-19,1991-07-19 00:00:00,towatch-alpha-bill-&-ted's-bogus-journey,5880,,,,,,,,,,,
2026-05-03 01:09:36,,13991889,towatch,,,2026-05-03 01:09:36,ee4a1a65-5346-42b3-96e9-e41380d723a5,towatch-ee4a1a65-5346-42b3-96e9-e41380d723a5,,,towatch-follow-date-1777770576,movie,The Lord of the Rings: The War of the Rohirrim,towatch-release-date-2024-12-13,2024-12-13 00:00:00,towatch-alpha-the-lord-of-the-rings-the-war-of-the-rohirrim,8100,,,,,,,,,,,
2020-03-31 16:09:32,,13991889,towatch,,,2020-03-31 16:09:32,eed1a090-6599-42fd-9a6a-5e1cf4c135af,towatch-eed1a090-6599-42fd-9a6a-5e1cf4c135af,,0,towatch-follow-date-2020-03-31,movie,Regular Show: The Movie,towatch-release-date-2015-08-14,2015-08-14 00:00:00,towatch-alpha-regular-show-the-movie,,,,,,,,,,,,
2023-06-12 03:09:26,,13991889,towatch,,,2023-06-12 03:09:26,ef57555d-abc7-4ec8-bfd9-078168a86ad6,towatch-ef57555d-abc7-4ec8-bfd9-078168a86ad6,,,towatch-follow-date-1686539366,movie,劇場版 進撃の巨人 前編 ～紅蓮の弓矢～,towatch-release-date-2014-11-22,2014-11-22 00:00:00,towatch-alpha-attack-on-titan-crimson-bow-and-arrow,7080,,,,,,,,,,,
2020-05-11 08:04:45,,13991889,towatch,,,2020-05-11 08:04:45,ef71e0e1-72a1-4178-b79f-fd094f23c9b3,towatch-ef71e0e1-72a1-4178-b79f-fd094f23c9b3,,0,towatch-follow-date-2020-05-11,movie,Justice League Dark: Apokolips War,towatch-release-date-2020-05-05,2020-05-05 00:00:00,towatch-alpha-justice-league-dark-apokolips-war,,,,,,,,,,,,
2019-08-15 20:14:20,,13991889,towatch,,,2019-08-08 05:16:29,f00f5dda-cebe-496e-b43b-3dbcb2953dee,towatch-f00f5dda-cebe-496e-b43b-3dbcb2953dee,,0,towatch-follow-date-2019-08-08,movie,Harry Potter and the Deathly Hallows: Part 1,towatch-release-date-2010-11-18,2010-11-18 00:00:00,towatch-alpha-harry-potter-and-the-deathly-hallows-part-1,,,,,,,,,,,,
2020-09-22 22:47:36,,13991889,towatch,,,2020-09-22 22:47:36,f0179fd7-70b2-4537-ac17-998bfb78ff3f,towatch-f0179fd7-70b2-4537-ac17-998bfb78ff3f,,0,towatch-follow-date-2020-09-22,movie,,towatch-release-date-2005-01-01,2005-01-01 00:00:00,towatch-alpha-the-simpsons---viva-los-simpsons,,,,,,,,,,,,
2019-08-15 20:14:20,,13991889,towatch,,,2019-08-10 06:06:04,f49878e9-aff2-4277-b50e-c986f7cdd4cb,towatch-f49878e9-aff2-4277-b50e-c986f7cdd4cb,,0,towatch-follow-date-2019-08-10,movie,Fifty Shades Freed,towatch-release-date-2018-02-07,2018-02-07 00:00:00,towatch-alpha-fifty-shades-freed,,,,,,,,,,,,
2023-03-18 02:25:39,,13991889,towatch,,,2023-03-18 02:25:39,f8411868-c6ed-4cca-b5eb-fd2a47fdd1b8,towatch-f8411868-c6ed-4cca-b5eb-fd2a47fdd1b8,,,towatch-follow-date-1679106339,movie,Shazam! Fury of the Gods,towatch-release-date-2023-03-17,2023-03-17 00:00:00,towatch-alpha-shazam-fury-of-the-gods,7800,,,,,,,,,,,
2024-08-22 21:27:13,,13991889,towatch,,,2024-08-22 21:27:13,f8e0da75-9414-4b90-9be5-ae3778e689a0,towatch-f8e0da75-9414-4b90-9be5-ae3778e689a0,,,towatch-follow-date-1724362033,movie,Guilty as Sin,towatch-release-date-1993-06-04,1993-06-04 00:00:00,towatch-alpha-guilty-as-sin,6420,,,,,,,,,,,
2019-11-12 05:29:12,,13991889,towatch,,,2019-11-12 05:29:12,f8e5ba56-c952-42d1-b9cc-5c82c647e44a,towatch-f8e5ba56-c952-42d1-b9cc-5c82c647e44a,,0,towatch-follow-date-2019-11-12,movie,Leroy & Stitch,towatch-release-date-2006-06-23,2006-06-23 00:00:00,towatch-alpha-leroy-&-stitch,,,,,,,,,,,,
2019-08-15 20:14:20,,13991889,towatch,,,2019-08-08 05:12:22,fba77bbb-092b-4d99-a68a-af6a70f284e8,towatch-fba77bbb-092b-4d99-a68a-af6a70f284e8,,0,towatch-follow-date-2019-08-08,movie,Harry Potter and the Goblet of Fire,towatch-release-date-2005-12-01,2005-12-01 00:00:00,towatch-alpha-harry-potter-and-the-goblet-of-fire,,,,,,,,,,,,
2019-08-23 03:32:15,,13991889,towatch,,,2019-08-23 03:32:15,fce10c1e-5c86-4e64-87ae-0b147acf792a,towatch-fce10c1e-5c86-4e64-87ae-0b147acf792a,,0,towatch-follow-date-2019-08-23,movie,The Current War,towatch-release-date-2019-10-25,2019-10-25 00:00:00,towatch-alpha-the-current-war,,,,,,,,,,,,
2023-03-03 01:32:49,,13991889,towatch,,,2023-03-03 01:32:49,ff9dcd57-7f0b-451a-a45e-d6c1550f80ba,towatch-ff9dcd57-7f0b-451a-a45e-d6c1550f80ba,,,towatch-follow-date-1677807169,movie,Marvel One-Shot: The Consultant,towatch-release-date-2011-09-13,2011-09-13 00:00:00,towatch-alpha-marvel-one-shot-the-consultant,240,,,,,,,,,,,
2021-10-12 16:47:09,356317,13991889,watch,Sex Education,,2021-10-12 16:47:09,00017ebf-719a-4773-b686-857d9d7042da,watch-00017ebf-719a-4773-b686-857d9d7042da-0,,,,episode,,,,,3240,3,2ca857f5-aa12-4c60-8f01-3615da41dc09,8507465,1634057229,6,watched-episode-2ca857f5-aa12-4c60-8f01-3615da41dc09-00017ebf-719a-4773-b686-857d9d7042da,,,watch-date-1634057229,true,us
2021-03-02 05:37:58,353232,13991889,watch,Narcos: Mexico,,2021-03-02 05:37:58,003a145a-7424-470b-bfe5-03d20c1b4742,watch-003a145a-7424-470b-bfe5-03d20c1b4742-0,,,,episode,,,,,,2,9a01e954-63e9-428f-9455-7bc85cc852c9,7576352,1614663478,7,watched-episode-9a01e954-63e9-428f-9455-7bc85cc852c9-003a145a-7424-470b-bfe5-03d20c1b4742,,,watch-date-1614663478,true,us
2021-07-10 17:39:58,305074,13991889,watch,My Hero Academia,,2021-07-10 17:39:58,009fb7d8-8d68-467a-8759-1148c35db2cf,watch-009fb7d8-8d68-467a-8759-1148c35db2cf-0,,,,episode,,,,,,5,b4e8e618-0fbb-46c6-9ccc-bf3ca6f09251,8329803,1625938797,15,watched-episode-b4e8e618-0fbb-46c6-9ccc-bf3ca6f09251-009fb7d8-8d68-467a-8759-1148c35db2cf,,,watch-date-1625938798,true,us
2021-09-03 01:12:37,361034,13991889,watch,How to Sell Drugs Online (Fast),,2021-09-03 01:12:37,00dd06de-ad2e-46b7-817f-6bec9acb16bf,watch-00dd06de-ad2e-46b7-817f-6bec9acb16bf-0,,,,episode,,,,,1740,3,93804bbd-2bff-4632-9fd2-b65dfa911c13,8524796,1630631557,6,watched-episode-93804bbd-2bff-4632-9fd2-b65dfa911c13-00dd06de-ad2e-46b7-817f-6bec9acb16bf,,,watch-date-1630631557,true,us
2020-12-18 14:09:18,251085,13991889,watch,The Legend of Korra,,2020-12-18 14:09:18,00dd8774-ba2f-44d0-9458-6e23737d3ba7,watch-00dd8774-ba2f-44d0-9458-6e23737d3ba7-0,,,,episode,,,,,,1,16ff2b5f-a919-4223-85ca-81822f00f699,4315551,1608300558,5,watched-episode-16ff2b5f-a919-4223-85ca-81822f00f699-00dd8774-ba2f-44d0-9458-6e23737d3ba7,,,watch-date-1608300558,true,us
2020-12-18 14:08:05,328690,13991889,watch,The Alienist,,2020-12-18 14:08:05,014c23e2-1efd-424a-9cc2-d1bc797d4cd5,watch-014c23e2-1efd-424a-9cc2-d1bc797d4cd5-0,,,,episode,,,,,,2,3264a58a-3b8e-4b12-a67b-75ff00ef5c76,7801014,1608300485,2,watched-episode-3264a58a-3b8e-4b12-a67b-75ff00ef5c76-014c23e2-1efd-424a-9cc2-d1bc797d4cd5,,,watch-date-1608300485,true,us
2019-08-10 05:53:22,,13991889,watch,,,2019-08-10 05:53:22,01acc7b8-ddf7-40be-be49-bb98ce47f3f2,watch-01acc7b8-ddf7-40be-be49-bb98ce47f3f2-0,,0,,movie,Finding Dory,,,,,,,,,,,,,,,
2022-03-13 10:05:47,,13991889,watch,,,2022-03-13 10:05:47,01d4581e-5764-4597-aad9-46fadc47ae62,watch-01d4581e-5764-4597-aad9-46fadc47ae62-0,,,,movie,The Batman,watch-release-date-2022-03-04,2022-03-04 00:00:00,watch-alpha-the-batman,10500,,,,,,,,,watch-date-1647165947,,US
2021-09-11 04:34:47,343913,13991889,watch,Grand Blue Dreaming,,2021-09-11 04:34:47,022ccd14-bd24-4260-8553-5d2fb041a066,watch-022ccd14-bd24-4260-8553-5d2fb041a066-0,,,,episode,,,,,1500,1,3f34594c-8d53-40b8-af9e-1a444cb89900,6768663,1631334887,10,watched-episode-3f34594c-8d53-40b8-af9e-1a444cb89900-022ccd14-bd24-4260-8553-5d2fb041a066,,,watch-date-1631334887,true,us
2023-07-31 22:21:05,,13991889,watch,,,2023-07-31 22:21:05,0247115f-7654-4e6d-a108-23fd55bf6232,watch-0247115f-7654-4e6d-a108-23fd55bf6232-0,,,,movie,Barbie,watch-release-date-2023-07-19,2023-07-19 00:00:00,watch-alpha-barbie,6840,,,,,,,,,watch-date-1690842065,,AR
2022-09-17 02:28:49,,13991889,watch,,,2022-09-17 02:28:49,02d9ce7d-392b-4119-a7a7-5cab6bea7392,watch-02d9ce7d-392b-4119-a7a7-5cab6bea7392-0,,,,movie,Goodnight Mommy,watch-release-date-2022-09-16,2022-09-16 00:00:00,watch-alpha-goodnight-mommy,5460,,,,,,,,,watch-date-1663381729,,AR
2023-07-24 02:29:33,,13991889,watch,,,2023-07-24 02:29:33,03152034-a8ec-4d40-a18c-9dd1cecec6fa,watch-03152034-a8ec-4d40-a18c-9dd1cecec6fa-0,,,,movie,The Super Mario Bros. Movie,watch-release-date-2023-05-26,2023-05-26 00:00:00,watch-alpha-the-super-mario-bros-movie,5520,,,,,,,,,watch-date-1690165773,,AR
2023-04-08 17:25:50,,13991889,watch,,,2023-04-08 17:25:50,03410eb0-bcd8-403a-b308-c1583a8062af,watch-03410eb0-bcd8-403a-b308-c1583a8062af-0,,,,movie,Hitman’s Wife’s Bodyguard,watch-release-date-2021-06-16,2021-06-16 00:00:00,watch-alpha-hitman’s-wife’s-bodyguard,8160,,,,,,,,,watch-date-1680974750,,AR
2021-02-22 01:45:09,267440,13991889,watch,Attack on Titan,,2021-02-22 01:45:09,034ce0c8-0c45-4dd9-8d6e-b299ced13c6a,watch-034ce0c8-0c45-4dd9-8d6e-b299ced13c6a-0,,,,episode,,,,,,0,3adddd30-319a-4e47-bb54-fa22d92aa5e1,4635717,1613958309,2,watched-episode-3adddd30-319a-4e47-bb54-fa22d92aa5e1-034ce0c8-0c45-4dd9-8d6e-b299ced13c6a,,,watch-date-1613958309,true,us
2019-08-10 06:03:21,,13991889,watch,,,2019-08-10 06:03:21,038fc68d-4034-4ae2-b427-5ee9535d52b8,watch-038fc68d-4034-4ae2-b427-5ee9535d52b8-0,,0,,movie,The Social Network,,,,,,,,,,,,,,,
2023-12-02 03:34:47,,13991889,watch,,,2023-12-02 03:34:47,0396d2d6-5f2b-4fee-9fb3-135792ef09c6,watch-0396d2d6-5f2b-4fee-9fb3-135792ef09c6-0,,,,movie,The Hunger Games: Mockingjay - Part 1,watch-release-date-2014-11-20,2014-11-20 00:00:00,watch-alpha-the-hunger-games-mockingjay---part-1,7380,,,,,,,,,watch-date-1701488087,,AR
2019-08-10 05:53:40,,13991889,watch,,,2019-08-10 05:53:40,03a14169-0625-456c-a2ae-bbd063bc1baa,watch-03a14169-0625-456c-a2ae-bbd063bc1baa-0,,0,,movie,Men in Black II,,,,,,,,,,,,,,,
2020-10-18 16:51:43,,13991889,watch,,,2020-10-18 16:51:43,04021f53-669c-4adf-bf8f-e3780fdea57d,watch-04021f53-669c-4adf-bf8f-e3780fdea57d-0,,0,,movie,War Dogs,,0001-01-01 00:00:00,,,,,,,,,,,,,
2021-09-20 00:00:53,356317,13991889,watch,Sex Education,,2021-09-20 00:00:53,04697f34-48e4-4844-992a-27a4d92b80d7,watch-04697f34-48e4-4844-992a-27a4d92b80d7-0,,,,episode,,,,,3240,3,2ca857f5-aa12-4c60-8f01-3615da41dc09,8507456,1632096053,1,watched-episode-2ca857f5-aa12-4c60-8f01-3615da41dc09-04697f34-48e4-4844-992a-27a4d92b80d7,,,watch-date-1632096053,true,us
2021-10-16 04:43:49,401911,13991889,watch,The Great Jahy Will Not Be Defeated!,,2021-10-16 04:43:49,049262ad-0bf9-4259-a6db-0bdcd63dba55,watch-049262ad-0bf9-4259-a6db-0bdcd63dba55-0,,,,episode,,,,,1440,1,3cf6fad6-6d0a-4588-a30b-79f3a4f55be6,8593354,1634359429,10,watched-episode-3cf6fad6-6d0a-4588-a30b-79f3a4f55be6-049262ad-0bf9-4259-a6db-0bdcd63dba55,,,watch-date-1634359429,true,us
2019-08-08 05:10:58,,13991889,watch,,,2019-08-08 05:10:58,050ea6f8-fb27-46d3-b78b-4da4b6b76783,watch-050ea6f8-fb27-46d3-b78b-4da4b6b76783-0,,0,,movie,Titanic,,,,,,,,,,,,,,,
2022-09-16 01:52:11,,13991889,watch,,,2022-09-16 01:52:11,05807f03-e989-47e3-8494-7964df0a7f12,watch-05807f03-e989-47e3-8494-7964df0a7f12-0,,,,movie,Thor: Love and Thunder,watch-release-date-2022-07-07,2022-07-07 00:00:00,watch-alpha-thor-love-and-thunder,7140,,,,,,,,,watch-date-1663293131,,AR
2021-08-16 04:06:04,,13991889,watch,,,2021-08-16 04:06:04,05c91651-7a02-452f-b328-3a3fc9e28de8,watch-05c91651-7a02-452f-b328-3a3fc9e28de8-0,,,,movie,Fast & Furious,watch-release-date-2009-04-08,2009-04-08 00:00:00,watch-alpha-fast-&-furious,6420,,,,,,,,,watch-date-1629086764,,AR
2021-02-10 23:40:46,328690,13991889,watch,The Alienist,,2021-02-10 23:40:46,05d17636-aca3-40d5-a848-ab011e2bb0b7,watch-05d17636-aca3-40d5-a848-ab011e2bb0b7-0,,,,episode,,,,,,2,3264a58a-3b8e-4b12-a67b-75ff00ef5c76,7801011,1613000446,8,watched-episode-3264a58a-3b8e-4b12-a67b-75ff00ef5c76-05d17636-aca3-40d5-a848-ab011e2bb0b7,,,watch-date-1613000446,true,us
2019-08-10 06:07:47,,13991889,watch,,,2019-08-10 06:07:47,0612c48f-cd81-476c-af4a-2e8eecdc5af1,watch-0612c48f-cd81-476c-af4a-2e8eecdc5af1-0,,0,,movie,Allegiant,,,,,,,,,,,,,,,
2024-02-18 01:48:26,,13991889,watch,,,2024-02-18 01:48:26,06227450-2170-463f-a163-8e58c1fb5b46,watch-06227450-2170-463f-a163-8e58c1fb5b46-0,,,,movie,Transformers: Rise of the Beasts,watch-release-date-2023-06-07,2023-06-07 00:00:00,watch-alpha-transformers-rise-of-the-beasts,7620,,,,,,,,,watch-date-1708220906,,AR
2019-08-10 05:56:33,,13991889,watch,,,2019-08-10 05:56:33,06dc7623-9f63-4864-bb1d-555318d184b0,watch-06dc7623-9f63-4864-bb1d-555318d184b0-0,,0,,movie,Split,,,,,,,,,,,,,,,
2021-04-09 03:42:44,348545,13991889,watch,Demon Slayer: Kimetsu no Yaiba,,2021-04-09 03:42:44,0749bb54-6780-48d0-9419-c31fd62686c9,watch-0749bb54-6780-48d0-9419-c31fd62686c9-0,,,,episode,,,,,,1,015f238e-e893-4c3a-973a-674eb2a1df87,7081351,1617939764,2,watched-episode-015f238e-e893-4c3a-973a-674eb2a1df87-0749bb54-6780-48d0-9419-c31fd62686c9,,,watch-date-1617939764,true,us
2022-06-05 01:58:45,,13991889,watch,,,2022-06-05 01:58:45,0760134e-4e7b-4e7d-8c07-2b397d3ffa0c,watch-0760134e-4e7b-4e7d-8c07-2b397d3ffa0c-0,,,,movie,Interceptor,watch-release-date-2022-06-03,2022-06-03 00:00:00,watch-alpha-interceptor,5760,,,,,,,,,watch-date-1654394325,,US
2019-08-10 05:44:57,,13991889,watch,,,2019-08-10 05:44:57,0796722a-aa1b-4cb1-90e7-cbcf579473a8,watch-0796722a-aa1b-4cb1-90e7-cbcf579473a8-0,,0,,movie,Toy Story 2,,,,,,,,,,,,,,,
2021-10-09 00:32:09,399902,13991889,watch,Platinum End,,2021-10-09 00:32:09,0805542f-7d26-41ac-aeae-b1ded850cc67,watch-0805542f-7d26-41ac-aeae-b1ded850cc67-0,,,,episode,,,,,1440,1,96e5bfa7-459d-41b3-b286-ca4e3e8971d6,8305537,1633739529,1,watched-episode-96e5bfa7-459d-41b3-b286-ca4e3e8971d6-0805542f-7d26-41ac-aeae-b1ded850cc67,,,watch-date-1633739529,true,us
2021-04-21 20:36:59,348545,13991889,watch,Demon Slayer: Kimetsu no Yaiba,,2021-04-21 20:36:59,08a27e7c-4290-4f12-bd3d-088750157c93,watch-08a27e7c-4290-4f12-bd3d-088750157c93-0,,,,episode,,,,,,1,015f238e-e893-4c3a-973a-674eb2a1df87,7081364,1619037419,7,watched-episode-015f238e-e893-4c3a-973a-674eb2a1df87-08a27e7c-4290-4f12-bd3d-088750157c93,,,watch-date-1619037419,true,us
2019-08-08 05:09:47,,13991889,watch,,,2019-08-08 05:09:47,08c1f0a2-581f-476c-bbd8-643a7426635f,watch-08c1f0a2-581f-476c-bbd8-643a7426635f-0,,0,,movie,Avengers: Endgame,,,,,,,,,,,,,,,
2020-12-18 14:08:25,349643,13991889,watch,Hilda,,2020-12-18 14:08:25,08c84180-5a12-4e6b-b8b0-3eeb32fb7398,watch-08c84180-5a12-4e6b-b8b0-3eeb32fb7398-0,,,,episode,,,,,,2,c41bc231-1f55-46c2-b458-ef93309eef32,8088651,1608300505,7,watched-episode-c41bc231-1f55-46c2-b458-ef93309eef32-08c84180-5a12-4e6b-b8b0-3eeb32fb7398,,,watch-date-1608300505,true,us
2022-08-08 18:38:01,,13991889,watch,,,2022-08-08 18:38:01,08d3af1d-54fa-4646-9405-7ba9511a9bbe,watch-08d3af1d-54fa-4646-9405-7ba9511a9bbe-0,,,,movie,"Ich seh, Ich seh",watch-release-date-2014-08-29,2014-08-29 00:00:00,watch-alpha-goodnight-mommy,6000,,,,,,,,,watch-date-1659983881,,US
2024-12-01 01:03:38,,13991889,watch,,,2024-12-01 01:03:38,091da9e4-960c-435e-8e3c-63399c2f21ac,watch-091da9e4-960c-435e-8e3c-63399c2f21ac-0,,,,movie,El hoyo 2,watch-release-date-2024-10-04,2024-10-04 00:00:00,watch-alpha-the-platform-2,6060,,,,,,,,,watch-date-1733015018,,AR
2021-02-08 22:17:21,327572,13991889,watch,Kakegurui,,2021-02-08 22:17:21,0926b887-814c-4206-bfe6-bfaf3f15f7b0,watch-0926b887-814c-4206-bfe6-bfaf3f15f7b0-0,,,,episode,,,,,,1,7d5f3a6e-734d-4b59-ab86-60f0e293ab5c,6060431,1612822641,1,watched-episode-7d5f3a6e-734d-4b59-ab86-60f0e293ab5c-0926b887-814c-4206-bfe6-bfaf3f15f7b0,,,watch-date-1612822641,true,us
2021-09-22 20:53:38,330374,13991889,watch,Atypical,,2021-09-22 20:53:38,09806276-0e56-4447-b32f-d323d7fe0cb6,watch-09806276-0e56-4447-b32f-d323d7fe0cb6-0,,,,episode,,,,,2040,4,1b942384-17aa-4ad6-b3f2-1e0fdece066f,8513235,1632344018,5,watched-episode-1b942384-17aa-4ad6-b3f2-1e0fdece066f-09806276-0e56-4447-b32f-d323d7fe0cb6,,,watch-date-1632344018,true,us
2021-06-13 01:14:56,332335,13991889,watch,Close Enough,,2021-06-13 01:14:56,09f60596-5ff8-4386-83aa-352c2fa450dc,watch-09f60596-5ff8-4386-83aa-352c2fa450dc-0,,,,episode,,,,,,2,9e6de326-3ca4-4886-9176-67d47fc1ba19,8235324,1623546896,4,watched-episode-9e6de326-3ca4-4886-9176-67d47fc1ba19-09f60596-5ff8-4386-83aa-352c2fa450dc,,,watch-date-1623546896,true,us
2020-01-05 00:57:15,,13991889,watch,,,2020-01-05 00:57:15,0a8d31fc-01db-4625-ba60-11c681a6c6c1,watch-0a8d31fc-01db-4625-ba60-11c681a6c6c1-0,,0,,movie,iCarly: iGo to Japan,,0001-01-01 00:00:00,,,,,,,,,,,,,
2019-08-10 05:43:54,,13991889,watch,,,2019-08-10 05:43:54,0af2fefc-53d8-4ce3-abf8-4783a91d0ef5,watch-0af2fefc-53d8-4ce3-abf8-4783a91d0ef5-0,,0,,movie,Charlie and the Chocolate Factory,,,,,,,,,,,,,,,
2021-04-17 03:12:48,339353,13991889,watch,B: The Beginning,,2021-04-17 03:12:48,0b1e5697-bef8-4033-83a6-631631363884,watch-0b1e5697-bef8-4033-83a6-631631363884-0,,,,episode,,,,,,2,ad1dcc9f-bf02-40c6-8524-fda5fc171955,8217119,1618629168,4,watched-episode-ad1dcc9f-bf02-40c6-8524-fda5fc171955-0b1e5697-bef8-4033-83a6-631631363884,,,watch-date-1618629168,true,us
2021-06-26 16:18:04,279831,13991889,watch,Parasyte -the maxim-,,2021-06-26 16:18:04,0b346375-fce9-4ce1-97d4-443511c33167,watch-0b346375-fce9-4ce1-97d4-443511c33167-0,,,,episode,,,,,,1,e04658af-ac15-450b-8bde-faa6e2d97950,5018811,1624724284,4,watched-episode-e04658af-ac15-450b-8bde-faa6e2d97950-0b346375-fce9-4ce1-97d4-443511c33167,,,watch-date-1624724284,true,us
2019-08-10 06:06:35,,13991889,watch,,,2019-08-10 06:06:35,0b81232e-1cd9-46aa-9ff4-d2b56836c67a,watch-0b81232e-1cd9-46aa-9ff4-d2b56836c67a-0,,0,,movie,The Twilight Saga: New Moon,,,,,,,,,,,,,,,
2019-08-10 05:56:34,,13991889,watch,,,2019-08-10 05:56:34,0be8b8f5-1ded-4a66-ad5f-9a102bb52ecc,watch-0be8b8f5-1ded-4a66-ad5f-9a102bb52ecc-0,,0,,movie,Hercules,,,,,,,,,,,,,,,
2022-02-25 22:39:10,,13991889,watch,,,2022-02-25 22:39:10,0c14a5d5-f4d6-4ab3-8486-fb88d77b44b4,watch-0c14a5d5-f4d6-4ab3-8486-fb88d77b44b4-0,,,,movie,僕のヒーローアカデミア THE MOVIE ワールドヒーローズミッション,watch-release-date-2021-08-06,2021-08-06 00:00:00,watch-alpha-my-hero-academia-world-heroes'-mission,6240,,,,,,,,,watch-date-1645828750,,US
2024-08-04 01:37:42,,13991889,watch,,,2024-08-04 01:37:42,0c56835d-66c4-4710-b033-524403a27c50,watch-0c56835d-66c4-4710-b033-524403a27c50-0,,,,movie,Legend,watch-release-date-2016-01-20,2016-01-20 00:00:00,watch-alpha-legend,7860,,,,,,,,,watch-date-1722735462,,US
2021-08-10 04:30:27,275274,13991889,watch,Rick and Morty,,2021-08-10 04:30:27,0c57a889-7ac1-4efd-8fb5-797ad20143c7,watch-0c57a889-7ac1-4efd-8fb5-797ad20143c7-0,,,,episode,,,,,1320,5,c89b7b03-cb1f-4776-b5ea-374263ce2310,8320009,1628569827,8,watched-episode-c89b7b03-cb1f-4776-b5ea-374263ce2310-0c57a889-7ac1-4efd-8fb5-797ad20143c7,,,watch-date-1628569827,true,us
2019-08-10 06:04:53,,13991889,watch,,,2019-08-10 06:04:53,0c86c471-a76f-4eb1-bb92-6c69d04d392e,watch-0c86c471-a76f-4eb1-bb92-6c69d04d392e-0,,0,,movie,The Lion King 1½,,,,,,,,,,,,,,,
2021-04-24 18:09:33,348545,13991889,watch,Demon Slayer: Kimetsu no Yaiba,,2021-04-24 18:09:33,0cfc2a52-d56e-46d6-a4f5-9ca957317cb0,watch-0cfc2a52-d56e-46d6-a4f5-9ca957317cb0-0,,,,episode,,,,,,1,015f238e-e893-4c3a-973a-674eb2a1df87,7222638,1619287773,16,watched-episode-015f238e-e893-4c3a-973a-674eb2a1df87-0cfc2a52-d56e-46d6-a4f5-9ca957317cb0,,,watch-date-1619287773,true,us
2021-08-18 14:24:27,393810,13991889,watch,Record of Ragnarok,,2021-08-18 14:24:27,0d8c6441-c6c0-45e6-9cac-3d14ef575923,watch-0d8c6441-c6c0-45e6-9cac-3d14ef575923-0,,,,episode,,,,,1500,1,37358331-3dd5-4503-afb3-d63ddf158cd4,8481731,1629296667,9,watched-episode-37358331-3dd5-4503-afb3-d63ddf158cd4-0d8c6441-c6c0-45e6-9cac-3d14ef575923,,,watch-date-1629296667,true,us
2019-08-10 05:53:20,,13991889,watch,,,2019-08-10 05:53:20,0e18170a-cf5f-4652-afcc-d084a902c743,watch-0e18170a-cf5f-4652-afcc-d084a902c743-0,,0,,movie,Despicable Me 2,,,,,,,,,,,,,,,
2019-08-10 05:49:27,,13991889,watch,,,2019-08-10 05:49:27,0e6c2239-8f76-43a2-9b54-eecbf41e1fcb,watch-0e6c2239-8f76-43a2-9b54-eecbf41e1fcb-0,,0,,movie,"The Chronicles of Narnia: The Lion, the Witch and the Wardrobe",,,,,,,,,,,,,,,
2021-07-17 15:38:25,347734,13991889,watch,Super Dragon Ball Heroes,,2021-07-17 15:38:25,0f36452a-9037-46f1-a899-e107b8447c40,watch-0f36452a-9037-46f1-a899-e107b8447c40-0,,,,episode,,,,,,4,a91c09d6-e687-4094-9290-206ae8c0cd75,8502265,1626536305,5,watched-episode-a91c09d6-e687-4094-9290-206ae8c0cd75-0f36452a-9037-46f1-a899-e107b8447c40,,,watch-date-1626536305,true,us
2020-02-16 20:58:12,,13991889,watch,,,2020-02-16 20:58:12,0f5723b2-f687-4fa2-89bd-c27d9f895c0b,watch-0f5723b2-f687-4fa2-89bd-c27d9f895c0b-0,,0,,movie,Jojo Rabbit,,0001-01-01 00:00:00,,,,,,,,,,,,,
2021-02-08 22:14:32,355774,13991889,watch,Dr. STONE,,2021-02-08 22:14:32,0fea2c8f-74be-4a92-beb9-5515e4c0bf97,watch-0fea2c8f-74be-4a92-beb9-5515e4c0bf97-0,,,,episode,,,,,,2,14f8bad3-d1da-4e83-b1e7-9cd5bb66a51e,8118083,1612822472,4,watched-episode-14f8bad3-d1da-4e83-b1e7-9cd5bb66a51e-0fea2c8f-74be-4a92-beb9-5515e4c0bf97,,,watch-date-1612822472,true,us
2019-08-10 05:59:41,,13991889,watch,,,2019-08-10 05:59:41,105874b9-943b-41e1-8dfb-0fc27110c083,watch-105874b9-943b-41e1-8dfb-0fc27110c083-0,,0,,movie,Me Before You,,,,,,,,,,,,,,,
2019-08-10 06:06:05,,13991889,watch,,,2019-08-10 06:06:05,10847448-50f9-41dc-b06b-1015fa167643,watch-10847448-50f9-41dc-b06b-1015fa167643-0,,0,,movie,Scooby-Doo 2: Monsters Unleashed,,,,,,,,,,,,,,,
2023-10-23 04:51:02,,13991889,watch,,,2023-10-23 04:51:02,113a6682-77e5-43f5-b451-cc39db1f7d2b,watch-113a6682-77e5-43f5-b451-cc39db1f7d2b-0,,,,movie,Black Panther: Wakanda Forever,watch-release-date-2022-11-11,2022-11-11 00:00:00,watch-alpha-black-panther-wakanda-forever,9660,,,,,,,,,watch-date-1698036662,,AR
2019-12-13 07:18:59,,13991889,watch,,,2019-12-13 07:18:59,11446b3a-e487-4e9f-8000-a9bed7a7aaac,watch-11446b3a-e487-4e9f-8000-a9bed7a7aaac-0,,0,,movie,君の名は。,,0001-01-01 00:00:00,,,,,,,,,,,,,
2021-09-11 19:51:23,267441,13991889,watch,The Devil Is a Part-Timer!,,2021-09-11 19:51:23,114778dc-0a22-47ca-9675-fac09067dab8,watch-114778dc-0a22-47ca-9675-fac09067dab8-0,,,,episode,,,,,1500,1,f0a1217d-9257-44b4-83ed-b4eb00f631b1,4523080,1631389883,6,watched-episode-f0a1217d-9257-44b4-83ed-b4eb00f631b1-114778dc-0a22-47ca-9675-fac09067dab8,,,watch-date-1631389883,true,us
2019-08-10 06:05:23,,13991889,watch,,,2019-08-10 06:05:23,115fb902-092a-4e6a-a673-c9698eeaec0f,watch-115fb902-092a-4e6a-a673-c9698eeaec0f-0,,0,,movie,Brother Bear,,,,,,,,,,,,,,,
2021-03-06 02:38:45,362392,13991889,watch,WandaVision,,2021-03-06 02:38:45,1187bda4-46cd-477f-a013-f00aff60c053,watch-1187bda4-46cd-477f-a013-f00aff60c053-0,,,,episode,,,,,,1,e0f26948-10ad-4865-a187-eaf236616cb0,8043110,1614998325,4,watched-episode-e0f26948-10ad-4865-a187-eaf236616cb0-1187bda4-46cd-477f-a013-f00aff60c053,,,watch-date-1614998325,true,us
2019-08-08 05:09:43,,13991889,watch,,,2019-08-08 05:09:43,11992369-0507-45bb-8d41-2ad22e2604b7,watch-11992369-0507-45bb-8d41-2ad22e2604b7-0,,0,,movie,Captain Marvel,,,,,,,,,,,,,,,
2022-03-27 01:02:47,,13991889,watch,,,2022-03-27 01:02:47,1199bdaf-f24c-4c49-aee2-b0454e1fdf42,watch-1199bdaf-f24c-4c49-aee2-b0454e1fdf42-0,,,,movie,Uncharted,watch-release-date-2022-02-18,2022-02-18 00:00:00,watch-alpha-uncharted,6960,,,,,,,,,watch-date-1648342967,,US
2019-08-10 05:52:34,,13991889,watch,,,2019-08-10 05:52:34,11b1b419-92c5-4064-af45-4f45b7cd09f5,watch-11b1b419-92c5-4064-af45-4f45b7cd09f5-0,,0,,movie,Edward Scissorhands,,,,,,,,,,,,,,,
2019-08-10 05:43:05,,13991889,watch,,,2019-08-10 05:43:05,11bf414d-8d46-4ac0-81ff-06fb65451823,watch-11bf414d-8d46-4ac0-81ff-06fb65451823-0,,0,,movie,Spider-Man: Into the Spider-Verse,,,,,,,,,,,,,,,
2020-08-03 02:22:22,,13991889,watch,,,2020-08-03 02:22:22,11ef780e-1e36-4f04-933b-674a0a0f3f35,watch-11ef780e-1e36-4f04-933b-674a0a0f3f35-0,,0,,movie,In the Heart of the Sea,,0001-01-01 00:00:00,,,,,,,,,,,,,
2019-08-08 05:17:24,,13991889,watch,,,2019-08-08 05:17:24,1242f357-989f-47ed-8a3d-bb1c8b6aaf33,watch-1242f357-989f-47ed-8a3d-bb1c8b6aaf33-0,,0,,movie,The Avengers,,,,,,,,,,,,,,,
2021-09-20 03:47:24,401911,13991889,watch,The Great Jahy Will Not Be Defeated!,,2021-09-20 03:47:24,12440146-276f-479c-aba9-99a5cc09e140,watch-12440146-276f-479c-aba9-99a5cc09e140-0,,,,episode,,,,,1440,1,3cf6fad6-6d0a-4588-a30b-79f3a4f55be6,8593349,1632109644,5,watched-episode-3cf6fad6-6d0a-4588-a30b-79f3a4f55be6-12440146-276f-479c-aba9-99a5cc09e140,,,watch-date-1632109644,true,us
2023-06-22 00:32:58,,13991889,watch,,,2023-06-22 00:32:58,124adee5-7ef6-4cf5-b5ef-108bcba3cc86,watch-124adee5-7ef6-4cf5-b5ef-108bcba3cc86-0,,,,movie,Kingsman: The Secret Service,watch-release-date-2015-02-27,2015-02-27 00:00:00,watch-alpha-kingsman-the-secret-service,7740,,,,,,,,,watch-date-1687393978,,AR
2021-05-19 04:48:04,357888,13991889,watch,"Love, Death & Robots",,2021-05-19 04:48:04,1255919a-8cc9-4b11-ab30-c2c1ba22445d,watch-1255919a-8cc9-4b11-ab30-c2c1ba22445d-0,,,,episode,,,,,,2,ad76771e-2a66-4748-93f6-5853f407b216,8376693,1621399684,8,watched-episode-ad76771e-2a66-4748-93f6-5853f407b216-1255919a-8cc9-4b11-ab30-c2c1ba22445d,,,watch-date-1621399684,true,us
2022-07-30 01:50:59,,13991889,watch,,,2022-07-30 01:50:59,12dc85e6-701e-4c10-8d16-87e0846ebf3d,watch-12dc85e6-701e-4c10-8d16-87e0846ebf3d-0,,,,movie,Lightyear,watch-release-date-2022-06-17,2022-06-17 00:00:00,watch-alpha-lightyear,6300,,,,,,,,,watch-date-1659145859,,US
2019-08-10 05:59:21,,13991889,watch,,,2019-08-10 05:59:21,130aeea6-cee9-4ad5-bf25-f3ab8db8a4e4,watch-130aeea6-cee9-4ad5-bf25-f3ab8db8a4e4-0,,0,,movie,Django Unchained,,,,,,,,,,,,,,,
2019-08-10 05:50:30,,13991889,watch,,,2019-08-10 05:50:30,141eb0dd-4512-4b24-9330-5c37a649679b,watch-141eb0dd-4512-4b24-9330-5c37a649679b-0,,0,,movie,Shrek Forever After,,,,,,,,,,,,,,,
2021-02-08 22:17:24,327572,13991889,watch,Kakegurui,,2021-02-08 22:17:24,146fb790-b773-48e5-963c-1cf41b2876c9,watch-146fb790-b773-48e5-963c-1cf41b2876c9-0,,,,episode,,,,,,1,7d5f3a6e-734d-4b59-ab86-60f0e293ab5c,6165509,1612822644,5,watched-episode-7d5f3a6e-734d-4b59-ab86-60f0e293ab5c-146fb790-b773-48e5-963c-1cf41b2876c9,,,watch-date-1612822644,true,us
2019-08-10 05:56:42,,13991889,watch,,,2019-08-10 05:56:42,1498d90c-d706-4e1f-b351-c815fb774b46,watch-1498d90c-d706-4e1f-b351-c815fb774b46-0,,0,,movie,,,,,,,,,,,,,,,,
2021-03-04 04:03:06,339353,13991889,watch,B: The Beginning,,2021-03-04 04:03:06,14c1ce95-70cd-4a70-be61-c1c853930a44,watch-14c1ce95-70cd-4a70-be61-c1c853930a44-0,,,,episode,,,,,,1,ad1dcc9f-bf02-40c6-8524-fda5fc171955,6455400,1614830586,1,watched-episode-ad1dcc9f-bf02-40c6-8524-fda5fc171955-14c1ce95-70cd-4a70-be61-c1c853930a44,,,watch-date-1614830586,true,us
2019-08-10 05:57:30,,13991889,watch,,,2019-08-10 05:57:30,14c59b32-6c90-4617-b940-617358c6b6d6,watch-14c59b32-6c90-4617-b940-617358c6b6d6-0,,0,,movie,2012,,,,,,,,,,,,,,,
2026-01-26 23:46:57,,13991889,watch,,,2026-01-26 23:46:57,14f33354-bc8d-498c-88c7-942e6d0bddee,watch-14f33354-bc8d-498c-88c7-942e6d0bddee-0,,,,movie,Harry Potter and the Philosopher's Stone,watch-release-date-2001-11-11,2001-11-11 00:00:00,watch-alpha-harry-potter-and-the-philosopher's-stone,9120,,,,,,,,,watch-date-1769471217,,US
2019-08-08 05:10:43,,13991889,watch,,,2019-08-08 05:10:43,15017f29-d16f-4141-9d04-04117b02c791,watch-15017f29-d16f-4141-9d04-04117b02c791-0,,0,,movie,Toy Story 4,,,,,,,,,,,,,,,
2019-08-10 05:46:29,,13991889,watch,,,2019-08-10 05:46:29,1533de7a-b620-4ce2-a72e-5f15ef96478d,watch-1533de7a-b620-4ce2-a72e-5f15ef96478d-0,,0,,movie,Ratatouille,,,,,,,,,,,,,,,
2019-08-08 05:18:29,,13991889,watch,,,2019-08-08 05:18:29,15d8fe97-f5fa-4984-a79c-8df6f1db9c06,watch-15d8fe97-f5fa-4984-a79c-8df6f1db9c06-0,,0,,movie,The Amazing Spider-Man 2,,,,,,,,,,,,,,,
2019-08-10 05:50:07,,13991889,watch,,,2019-08-10 05:50:07,160ed8e8-2949-4eeb-adea-b7e01813e6b4,watch-160ed8e8-2949-4eeb-adea-b7e01813e6b4-0,,0,,movie,Ralph Breaks the Internet,,,,,,,,,,,,,,,
2019-08-08 05:14:19,,13991889,watch,,,2019-08-08 05:14:19,161087bb-37d6-49fe-9bf2-069e12375342,watch-161087bb-37d6-49fe-9bf2-069e12375342-0,,0,,movie,The Incredible Hulk,,,,,,,,,,,,,,,
2023-01-22 03:58:14,,13991889,watch,,,2023-01-22 03:58:14,16e91281-6914-47f5-aeb9-ed9633aded3d,watch-16e91281-6914-47f5-aeb9-ed9633aded3d-0,,,,movie,Puss in Boots: The Last Wish,watch-release-date-2022-12-22,2022-12-22 00:00:00,watch-alpha-puss-in-boots-the-last-wish,6180,,,,,,,,,watch-date-1674359894,,AR
2021-06-29 19:10:13,279831,13991889,watch,Parasyte -the maxim-,,2021-06-29 19:10:13,172fd9c7-15f4-4b86-b6c5-aa91e723b9f7,watch-172fd9c7-15f4-4b86-b6c5-aa91e723b9f7-0,,,,episode,,,,,,1,e04658af-ac15-450b-8bde-faa6e2d97950,5037896,1624993813,10,watched-episode-e04658af-ac15-450b-8bde-faa6e2d97950-172fd9c7-15f4-4b86-b6c5-aa91e723b9f7,,,watch-date-1624993813,true,us
2021-05-24 02:58:38,,13991889,watch,,,2021-05-24 02:58:38,178f2d24-5ddc-482c-a841-22b0044a6edd,watch-178f2d24-5ddc-482c-a841-22b0044a6edd-0,,,,movie,Unfriended: Dark Web,watch-release-date-2018-12-28,2018-12-28 00:00:00,watch-alpha-unfriended-dark-web,5580,,,,,,,,,watch-date-1621825118,,AR
2021-10-27 05:03:59,267441,13991889,watch,The Devil Is a Part-Timer!,,2021-10-27 05:03:59,17ac8e70-856d-4109-9184-bccfe5c529ff,watch-17ac8e70-856d-4109-9184-bccfe5c529ff-0,,,,episode,,,,,1500,1,f0a1217d-9257-44b4-83ed-b4eb00f631b1,4587075,1635311039,13,watched-episode-f0a1217d-9257-44b4-83ed-b4eb00f631b1-17ac8e70-856d-4109-9184-bccfe5c529ff,,,watch-date-1635311039,true,us
2021-03-22 04:04:18,339353,13991889,watch,B: The Beginning,,2021-03-22 04:04:18,17b9246a-8186-4f5b-9d47-4d5d9b93faed,watch-17b9246a-8186-4f5b-9d47-4d5d9b93faed-0,,,,episode,,,,,,1,ad1dcc9f-bf02-40c6-8524-fda5fc171955,6497910,1616385858,8,watched-episode-ad1dcc9f-bf02-40c6-8524-fda5fc171955-17b9246a-8186-4f5b-9d47-4d5d9b93faed,,,watch-date-1616385858,true,us
2021-10-30 14:36:46,79481,13991889,watch,Death Note,,2021-10-30 14:36:46,18257ebd-0acf-4329-b644-ac4078cd4d0d,watch-18257ebd-0acf-4329-b644-ac4078cd4d0d-0,,,,episode,,,,,1320,1,d6adbb6e-05b6-45fe-bf0c-34aee5fc663c,316389,1635604606,10,watched-episode-d6adbb6e-05b6-45fe-bf0c-34aee5fc663c-18257ebd-0acf-4329-b644-ac4078cd4d0d,,,watch-date-1635604606,true,us
2024-07-07 23:02:54,,13991889,watch,,,2024-07-07 23:02:54,1828cbda-edee-4a09-af91-706a3fc6d2fd,watch-1828cbda-edee-4a09-af91-706a3fc6d2fd-0,,,,movie,Despicable Me 4,watch-release-date-2024-07-05,2024-07-05 00:00:00,watch-alpha-despicable-me-4,5640,,,,,,,,,watch-date-1720393374,,US
2021-06-13 01:14:47,332335,13991889,watch,Close Enough,,2021-06-13 01:14:47,184761d7-e14c-4506-81b4-77b1b9eb18d2,watch-184761d7-e14c-4506-81b4-77b1b9eb18d2-0,,,,episode,,,,,,2,9e6de326-3ca4-4886-9176-67d47fc1ba19,8235323,1623546887,3,watched-episode-9e6de326-3ca4-4886-9176-67d47fc1ba19-184761d7-e14c-4506-81b4-77b1b9eb18d2,,,watch-date-1623546887,true,us
2022-07-02 01:57:16,,13991889,watch,,,2022-07-02 01:57:16,1854e2b9-2c28-4999-aedc-4cb212c700f7,watch-1854e2b9-2c28-4999-aedc-4cb212c700f7-0,,,,movie,Doctor Strange in the Multiverse of Madness,watch-release-date-2022-05-06,2022-05-06 00:00:00,watch-alpha-doctor-strange-in-the-multiverse-of-madness,7560,,,,,,,,,watch-date-1656727036,,US
2021-05-22 03:58:18,305074,13991889,watch,My Hero Academia,,2021-05-22 03:58:18,190d385d-5c35-433f-9c46-76edc750be08,watch-190d385d-5c35-433f-9c46-76edc750be08-0,,,,episode,,,,,,4,b4e8e618-0fbb-46c6-9ccc-bf3ca6f09251,7553216,1621655898,25,watched-episode-b4e8e618-0fbb-46c6-9ccc-bf3ca6f09251-190d385d-5c35-433f-9c46-76edc750be08,,,watch-date-1621655898,true,us
2019-08-10 05:44:28,,13991889,watch,,,2019-08-10 05:44:28,19715abe-817e-424f-8caa-2d6f13165f2d,watch-19715abe-817e-424f-8caa-2d6f13165f2d-0,,0,,movie,Iron Man,,,,,,,,,,,,,,,
2022-09-23 23:58:20,,13991889,watch,,,2022-09-23 23:58:20,19d89b1d-14b2-491b-9661-363d2d057af0,watch-19d89b1d-14b2-491b-9661-363d2d057af0-0,,,,movie,Orphan,watch-release-date-2009-12-30,2009-12-30 00:00:00,watch-alpha-orphan,7380,,,,,,,,,watch-date-1663977500,,AR
2021-04-09 04:30:30,348545,13991889,watch,Demon Slayer: Kimetsu no Yaiba,,2021-04-09 04:30:30,19f1efa8-96b0-4afd-bcc2-9b5c574c4fd0,watch-19f1efa8-96b0-4afd-bcc2-9b5c574c4fd0-0,,,,episode,,,,,,1,015f238e-e893-4c3a-973a-674eb2a1df87,7081355,1617942630,3,watched-episode-015f238e-e893-4c3a-973a-674eb2a1df87-19f1efa8-96b0-4afd-bcc2-9b5c574c4fd0,,,watch-date-1617942630,true,us
2021-08-15 03:58:41,343913,13991889,watch,Grand Blue Dreaming,,2021-08-15 03:58:41,1a82c5ca-46e6-48c2-93a9-c532c10ed345,watch-1a82c5ca-46e6-48c2-93a9-c532c10ed345-0,,,,episode,,,,,1500,1,3f34594c-8d53-40b8-af9e-1a444cb89900,6753048,1628999921,2,watched-episode-3f34594c-8d53-40b8-af9e-1a444cb89900-1a82c5ca-46e6-48c2-93a9-c532c10ed345,,,watch-date-1628999921,true,us
2021-03-18 16:29:44,347734,13991889,watch,Super Dragon Ball Heroes,,2021-03-18 16:29:44,1a869a4f-7967-44fb-b400-e483284d4b48,watch-1a869a4f-7967-44fb-b400-e483284d4b48-0,,,,episode,,,,,,4,a91c09d6-e687-4094-9290-206ae8c0cd75,8240572,1616084984,1,watched-episode-a91c09d6-e687-4094-9290-206ae8c0cd75-1a869a4f-7967-44fb-b400-e483284d4b48,,,watch-date-1616084984,true,us
2021-09-11 00:48:21,343913,13991889,watch,Grand Blue Dreaming,,2021-09-11 00:48:21,1ad6843c-ad0c-4841-87f6-e3ce8859b558,watch-1ad6843c-ad0c-4841-87f6-e3ce8859b558-0,,,,episode,,,,,1500,1,3f34594c-8d53-40b8-af9e-1a444cb89900,6768659,1631321301,6,watched-episode-3f34594c-8d53-40b8-af9e-1a444cb89900-1ad6843c-ad0c-4841-87f6-e3ce8859b558,,,watch-date-1631321301,true,us
2019-08-10 06:00:36,,13991889,watch,,,2019-08-10 06:00:36,1b521cc2-2d48-46c9-871d-ddfc99545504,watch-1b521cc2-2d48-46c9-871d-ddfc99545504-0,,0,,movie,Fast Five,,,,,,,,,,,,,,,
2024-05-16 03:43:45,,13991889,watch,,,2024-05-16 03:43:45,1b7364e3-7e66-4a16-9675-59b710a5df52,watch-1b7364e3-7e66-4a16-9675-59b710a5df52-0,,,,movie,The Burial,watch-release-date-2023-10-06,2023-10-06 00:00:00,watch-alpha-the-burial,7560,,,,,,,,,watch-date-1715831025,,US
2024-02-18 01:48:11,,13991889,watch,,,2024-02-18 01:48:11,1b797503-88d1-49f0-825a-70915c42cf5e,watch-1b797503-88d1-49f0-825a-70915c42cf5e-0,,,,movie,Transformers: Age of Extinction,watch-release-date-2014-07-16,2014-07-16 00:00:00,watch-alpha-transformers-age-of-extinction,9840,,,,,,,,,watch-date-1708220891,,AR
2021-08-14 22:37:25,401911,13991889,watch,The Great Jahy Will Not Be Defeated!,,2021-08-14 22:37:25,1bcb23f7-c813-422d-91a6-7ef6f4c398ff,watch-1bcb23f7-c813-422d-91a6-7ef6f4c398ff-0,,,,episode,,,,,1440,1,3cf6fad6-6d0a-4588-a30b-79f3a4f55be6,8588196,1628980645,3,watched-episode-3cf6fad6-6d0a-4588-a30b-79f3a4f55be6-1bcb23f7-c813-422d-91a6-7ef6f4c398ff,,,watch-date-1628980645,true,us
2023-04-06 03:04:42,,13991889,watch,,,2023-04-06 03:04:42,1bd5f8f7-e114-49c8-aad3-3d649b86e832,watch-1bd5f8f7-e114-49c8-aad3-3d649b86e832-0,,,,movie,Tetris,watch-release-date-2023-03-31,2023-03-31 00:00:00,watch-alpha-tetris,7080,,,,,,,,,watch-date-1680750282,,AR
2021-09-27 02:16:46,356317,13991889,watch,Sex Education,,2021-09-27 02:16:46,1c9e6ffe-0614-4d9c-9dec-f01ece24178b,watch-1c9e6ffe-0614-4d9c-9dec-f01ece24178b-0,,,,episode,,,,,3240,3,2ca857f5-aa12-4c60-8f01-3615da41dc09,8507460,1632709006,3,watched-episode-2ca857f5-aa12-4c60-8f01-3615da41dc09-1c9e6ffe-0614-4d9c-9dec-f01ece24178b,,,watch-date-1632709006,true,us
2019-08-08 05:15:39,,13991889,watch,,,2019-08-08 05:15:39,1cc095b8-64b8-4709-9122-512d5e65ecb6,watch-1cc095b8-64b8-4709-9122-512d5e65ecb6-0,,0,,movie,The Wolf of Wall Street,,,,,,,,,,,,,,,
2021-07-17 15:38:31,381016,13991889,watch,Biohackers,,2021-07-17 15:38:31,1cd645ee-fd6d-4da8-9ca6-eaa380c2330f,watch-1cd645ee-fd6d-4da8-9ca6-eaa380c2330f-0,,,,episode,,,,,,2,9b95280b-8b39-45f9-85bb-f8614c5b653d,8525754,1626536311,2,watched-episode-9b95280b-8b39-45f9-85bb-f8614c5b653d-1cd645ee-fd6d-4da8-9ca6-eaa380c2330f,,,watch-date-1626536311,true,us
2019-08-10 05:57:03,,13991889,watch,,,2019-08-10 05:57:03,1ce36979-7044-447c-894d-bbc2bad766fa,watch-1ce36979-7044-447c-894d-bbc2bad766fa-0,,0,,movie,50 First Dates,,,,,,,,,,,,,,,
2021-06-25 02:43:13,332335,13991889,watch,Close Enough,,2021-06-25 02:43:13,1cef753c-ea77-4c6d-8873-e7ac37a218c4,watch-1cef753c-ea77-4c6d-8873-e7ac37a218c4-0,,,,episode,,,,,,2,9e6de326-3ca4-4886-9176-67d47fc1ba19,8235332,1624588993,12,watched-episode-9e6de326-3ca4-4886-9176-67d47fc1ba19-1cef753c-ea77-4c6d-8873-e7ac37a218c4,,,watch-date-1624588993,true,us
2022-03-29 04:49:05,,13991889,watch,,,2022-03-29 04:49:05,1d0f574b-a686-48c2-8a90-e3fa718ed169,watch-1d0f574b-a686-48c2-8a90-e3fa718ed169-0,,,,movie,,watch-release-date-2019-05-14,2019-05-14 00:00:00,watch-alpha-the-dead-don't-die,6240,,,,,,,,,watch-date-1648529345,,US
2019-08-10 05:47:17,,13991889,watch,,,2019-08-10 05:47:17,1d3702a3-2863-408a-bfd8-5c8d15b5e623,watch-1d3702a3-2863-408a-bfd8-5c8d15b5e623-0,,0,,movie,Iron Man 3,,,,,,,,,,,,,,,
2019-08-10 06:07:14,,13991889,watch,,,2019-08-10 06:07:14,1d82c0f1-0836-4dcc-a2d9-0bece745c471,watch-1d82c0f1-0836-4dcc-a2d9-0bece745c471-0,,0,,movie,Jurassic World Dominion,,,,,,,,,,,,,,,
2020-12-22 05:04:43,349643,13991889,watch,Hilda,,2020-12-22 05:04:43,1da513be-55fc-4925-ae88-08d4509f245d,watch-1da513be-55fc-4925-ae88-08d4509f245d-0,,,,episode,,,,,,2,c41bc231-1f55-46c2-b458-ef93309eef32,8088660,1608613483,12,watched-episode-c41bc231-1f55-46c2-b458-ef93309eef32-1da513be-55fc-4925-ae88-08d4509f245d,,,watch-date-1608613483,true,us
2025-10-13 00:42:53,,13991889,watch,,,2025-10-13 00:42:53,1da58856-435b-429d-a925-3b73656d3250,watch-1da58856-435b-429d-a925-3b73656d3250-0,,,,movie,The Woman in Cabin 10,watch-release-date-2025-10-10,2025-10-10 00:00:00,watch-alpha-the-woman-in-cabin-10,5760,,,,,,,,,watch-date-1760316173,,US
2019-08-10 05:49:26,,13991889,watch,,,2019-08-10 05:49:26,1dea4512-dc40-478f-967e-4268b9cd150e,watch-1dea4512-dc40-478f-967e-4268b9cd150e-0,,0,,movie,Pirates of the Caribbean: The Curse of the Black Pearl,,,,,,,,,,,,,,,
2024-01-29 00:40:07,,13991889,watch,,,2024-01-29 00:40:07,1deede22-d956-40e8-a144-abb369b7f81a,watch-1deede22-d956-40e8-a144-abb369b7f81a-0,,,,movie,Party Central,watch-release-date-2014-03-21,2014-03-21 00:00:00,watch-alpha-party-central,300,,,,,,,,,watch-date-1706488807,,AR
2021-04-19 21:21:17,339353,13991889,watch,B: The Beginning,,2021-04-19 21:21:17,1e2711d9-ea2f-454b-abec-089caa858bba,watch-1e2711d9-ea2f-454b-abec-089caa858bba-0,,,,episode,,,,,,2,ad1dcc9f-bf02-40c6-8524-fda5fc171955,8217122,1618867277,6,watched-episode-ad1dcc9f-bf02-40c6-8524-fda5fc171955-1e2711d9-ea2f-454b-abec-089caa858bba,,,watch-date-1618867277,true,us
2021-04-24 00:44:15,,13991889,watch,,,2021-04-24 00:44:15,1e898052-73ce-4ae3-af49-6bb316b9f74c,watch-1e898052-73ce-4ae3-af49-6bb316b9f74c-0,,,,movie,Stowaway,watch-release-date-2021-04-22,2021-04-22 00:00:00,watch-alpha-stowaway-,6960,,,,,,,,,watch-date-1619225055,,AR
2021-05-09 05:43:54,305074,13991889,watch,My Hero Academia,,2021-05-09 05:43:54,1ea3717a-ebec-430a-a72c-e0add30aaa0b,watch-1ea3717a-ebec-430a-a72c-e0add30aaa0b-0,,,,episode,,,,,,4,b4e8e618-0fbb-46c6-9ccc-bf3ca6f09251,7461712,1620539034,11,watched-episode-b4e8e618-0fbb-46c6-9ccc-bf3ca6f09251-1ea3717a-ebec-430a-a72c-e0add30aaa0b,,,watch-date-1620539034,true,us
2021-06-30 17:10:46,399966,13991889,watch,Sex!fy,,2021-06-30 17:10:46,1eea55f7-77d2-4d80-9d0b-594336ddeacd,watch-1eea55f7-77d2-4d80-9d0b-594336ddeacd-0,,,,episode,,,,,,1,f2ad4f4c-447f-4d65-84ca-00881c9f1375,8322945,1625073046,4,watched-episode-f2ad4f4c-447f-4d65-84ca-00881c9f1375-1eea55f7-77d2-4d80-9d0b-594336ddeacd,,,watch-date-1625073046,true,us
2019-08-10 05:47:54,,13991889,watch,,,2019-08-10 05:47:54,1f0f3d13-b7e2-4842-b079-76d83b7e22d0,watch-1f0f3d13-b7e2-4842-b079-76d83b7e22d0-0,,0,,movie,How to Train Your Dragon,,,,,,,,,,,,,,,
2021-03-28 02:38:05,279831,13991889,watch,Parasyte -the maxim-,,2021-03-28 02:38:05,1f33eed6-9adc-4791-9805-c922c74ddc24,watch-1f33eed6-9adc-4791-9805-c922c74ddc24-0,,,,episode,,,,,,1,e04658af-ac15-450b-8bde-faa6e2d97950,5012473,1616899085,2,watched-episode-e04658af-ac15-450b-8bde-faa6e2d97950-1f33eed6-9adc-4791-9805-c922c74ddc24,,,watch-date-1616899085,true,us
2020-11-22 03:17:24,,13991889,watch,,,2020-11-22 03:17:24,1f49fe0f-f7c4-44b3-945a-f6d2eee30892,watch-1f49fe0f-f7c4-44b3-945a-f6d2eee30892-0,,,,movie,The New Mutants,watch-release-date-2020-08-28,2020-08-28 00:00:00,watch-alpha-the-new-mutants,,,,,,,,,,watch-date-1606015044,,
2019-08-10 06:02:48,,13991889,watch,,,2019-08-10 06:02:48,1f5a284a-cd0b-492a-bdd1-a10779fc4d6c,watch-1f5a284a-cd0b-492a-bdd1-a10779fc4d6c-0,,0,,movie,Happy Feet,,,,,,,,,,,,,,,
2021-09-17 01:20:19,330374,13991889,watch,Atypical,,2021-09-17 01:20:19,1facd006-c63e-421e-80f2-860a543f4175,watch-1facd006-c63e-421e-80f2-860a543f4175-0,,,,episode,,,,,2040,4,1b942384-17aa-4ad6-b3f2-1e0fdece066f,8513233,1631841619,3,watched-episode-1b942384-17aa-4ad6-b3f2-1e0fdece066f-1facd006-c63e-421e-80f2-860a543f4175,,,watch-date-1631841619,true,us
2023-12-04 03:15:59,,13991889,watch,,,2023-12-04 03:15:59,217b7fd0-cae6-48bf-b430-b66443185509,watch-217b7fd0-cae6-48bf-b430-b66443185509-0,,,,movie,ハウルの動く城,watch-release-date-2005-09-09,2005-09-09 00:00:00,watch-alpha-howl's-moving-castle,7140,,,,,,,,,watch-date-1701659759,,AR
2019-08-10 05:57:02,,13991889,watch,,,2019-08-10 05:57:02,21d23229-3751-470a-b940-699c4f634441,watch-21d23229-3751-470a-b940-699c4f634441-0,,0,,movie,Matilda,,,,,,,,,,,,,,,
2024-01-29 00:46:31,,13991889,watch,,,2024-01-29 00:46:31,225db875-0f01-4d6b-ae26-d6fe5b2d41d3,watch-225db875-0f01-4d6b-ae26-d6fe5b2d41d3-0,,,,movie,Monsters University,watch-release-date-2013-07-06,2013-07-06 00:00:00,watch-alpha-monsters-university,6180,,,,,,,,,watch-date-1706489191,,AR
2021-08-08 23:56:29,,13991889,watch,,,2021-08-08 23:56:29,22b68765-df57-4575-85ee-0bc34e8eda95,watch-22b68765-df57-4575-85ee-0bc34e8eda95-0,,,,movie,Fear Street: 1666,watch-release-date-2021-07-16,2021-07-16 00:00:00,watch-alpha-fear-street-1666,6840,,,,,,,,,watch-date-1628466989,,AR
2021-10-24 21:22:23,399121,13991889,watch,Mieruko-chan,,2021-10-24 21:22:23,22d5affb-c84c-4acb-8b57-1ae6ff9855b4,watch-22d5affb-c84c-4acb-8b57-1ae6ff9855b4-0,,,,episode,,,,,1440,1,e05df8c5-e61f-44fc-86d8-91a65d3dd110,8747080,1635110543,4,watched-episode-e05df8c5-e61f-44fc-86d8-91a65d3dd110-22d5affb-c84c-4acb-8b57-1ae6ff9855b4,,,watch-date-1635110543,true,us
2019-08-10 05:52:35,,13991889,watch,,,2019-08-10 05:52:35,22e5ea55-f522-415a-a870-66b3b4d3c4ae,watch-22e5ea55-f522-415a-a870-66b3b4d3c4ae-0,,0,,movie,Pirates of the Caribbean: Dead Men Tell No Tales,,,,,,,,,,,,,,,
2021-02-28 16:46:03,377543,13991889,watch,JUJUTSU KAISEN,,2021-02-28 16:46:03,23257cfc-62fb-44e8-aa17-c1f2c3bd0643,watch-23257cfc-62fb-44e8-aa17-c1f2c3bd0643-0,,,,episode,,,,,,1,629493df-1990-437e-a64f-3adf1f2782c1,7973182,1614530763,13,watched-episode-629493df-1990-437e-a64f-3adf1f2782c1-23257cfc-62fb-44e8-aa17-c1f2c3bd0643,,,watch-date-1614530763,true,us
2023-07-30 03:14:16,,13991889,watch,,,2023-07-30 03:14:16,2337b137-e209-45e1-b73d-e777dd624dc3,watch-2337b137-e209-45e1-b73d-e777dd624dc3-0,,,,movie,The Dark Tower,watch-release-date-2017-08-18,2017-08-18 00:00:00,watch-alpha-the-dark-tower,5700,,,,,,,,,watch-date-1690686856,,AR
2022-08-20 00:03:22,,13991889,watch,,,2022-08-20 00:03:22,2355f5a2-058e-468c-931d-1da1849e83c3,watch-2355f5a2-058e-468c-931d-1da1849e83c3-0,,,,movie,Vivarium,watch-release-date-2020-03-11,2020-03-11 00:00:00,watch-alpha-vivarium,5820,,,,,,,,,watch-date-1660953802,,US
2019-08-10 06:05:22,,13991889,watch,,,2019-08-10 06:05:22,2385a2eb-5989-4cd8-839b-f5a81e99eb7c,watch-2385a2eb-5989-4cd8-839b-f5a81e99eb7c-0,,0,,movie,Mary Poppins,,,,,,,,,,,,,,,
2021-07-22 04:41:48,,13991889,watch,,,2021-07-22 04:41:48,23cbb3d9-91e5-4f0c-9d23-db249edc7ba3,watch-23cbb3d9-91e5-4f0c-9d23-db249edc7ba3-0,,,,movie,One Day,watch-release-date-2011-08-24,2011-08-24 00:00:00,watch-alpha-one-day,6420,,,,,,,,,watch-date-1626928908,,AR
2022-01-22 01:19:00,,13991889,watch,,,2022-01-22 01:19:00,2401c129-f13a-4cff-b61a-51a1b1b22300,watch-2401c129-f13a-4cff-b61a-51a1b1b22300-0,,,,movie,The Clovehitch Killer,watch-release-date-2018-11-16,2018-11-16 00:00:00,watch-alpha-the-clovehitch-killer,6540,,,,,,,,,watch-date-1642814340,,US
2021-10-28 22:00:18,364468,13991889,watch,Family Business (2019),,2021-10-28 22:00:18,246eac0c-dcfe-4728-bd63-9ff2c504215c,watch-246eac0c-dcfe-4728-bd63-9ff2c504215c-0,,,,episode,,,,,1860,3,c192a13d-3963-410c-b34e-c5990374d206,8660064,1635458418,1,watched-episode-c192a13d-3963-410c-b34e-c5990374d206-246eac0c-dcfe-4728-bd63-9ff2c504215c,,,watch-date-1635458418,true,us
2020-09-29 17:07:08,,13991889,watch,,,2020-09-29 17:07:08,2514254e-33cc-4a47-ac4b-b93456af0d2b,watch-2514254e-33cc-4a47-ac4b-b93456af0d2b-0,,0,,movie,Ben 10/Generator Rex: Heroes United,,0001-01-01 00:00:00,,,,,,,,,,,,,
2021-10-12 16:47:07,356317,13991889,watch,Sex Education,,2021-10-12 16:47:07,2555ec68-cdcb-4e5e-9180-fc4b4b9f98c6,watch-2555ec68-cdcb-4e5e-9180-fc4b4b9f98c6-0,,,,episode,,,,,3240,3,2ca857f5-aa12-4c60-8f01-3615da41dc09,8507463,1634057227,5,watched-episode-2ca857f5-aa12-4c60-8f01-3615da41dc09-2555ec68-cdcb-4e5e-9180-fc4b4b9f98c6,,,watch-date-1634057227,true,us
2021-07-12 07:21:56,275274,13991889,watch,Rick and Morty,,2021-07-12 07:21:56,2587b984-4d3d-4a39-9b62-4ef906495984,watch-2587b984-4d3d-4a39-9b62-4ef906495984-0,,,,episode,,,,,,5,c89b7b03-cb1f-4776-b5ea-374263ce2310,8320003,1626074516,4,watched-episode-c89b7b03-cb1f-4776-b5ea-374263ce2310-2587b984-4d3d-4a39-9b62-4ef906495984,,,watch-date-1626074516,true,us
2022-07-16 03:31:40,,13991889,watch,,,2022-07-16 03:31:40,25b44cdb-2be6-4b08-8d81-5f6588b768ef,watch-25b44cdb-2be6-4b08-8d81-5f6588b768ef-0,,,,movie,When the Bough Breaks,watch-release-date-2016-09-09,2016-09-09 00:00:00,watch-alpha-when-the-bough-breaks,5820,,,,,,,,,watch-date-1657942300,,US
2023-03-09 20:23:02,,13991889,watch,,,2023-03-09 20:23:02,25d72184-f66a-4965-a647-8cbd74c2db59,watch-25d72184-f66a-4965-a647-8cbd74c2db59-0,,,,movie,劇場版「鬼滅の刃」 無限列車編,watch-release-date-2022-12-09,2022-12-09 00:00:00,watch-alpha-demon-slayer--kimetsu-no-yaiba--the-movie-mugen-train,7020,,,,,,,,,watch-date-1678393382,,AR
2021-08-15 04:18:51,267441,13991889,watch,The Devil Is a Part-Timer!,,2021-08-15 04:18:51,25e7ab9a-aec5-4f3b-ba1a-4713a0c2bf3b,watch-25e7ab9a-aec5-4f3b-ba1a-4713a0c2bf3b-0,,,,episode,,,,,1500,1,f0a1217d-9257-44b4-83ed-b4eb00f631b1,4523076,1629001131,2,watched-episode-f0a1217d-9257-44b4-83ed-b4eb00f631b1-25e7ab9a-aec5-4f3b-ba1a-4713a0c2bf3b,,,watch-date-1629001131,true,us
2020-02-01 20:11:52,,13991889,watch,,,2020-02-01 20:11:52,266f2f39-0e5a-444e-9f1d-427ce0765cd0,watch-266f2f39-0e5a-444e-9f1d-427ce0765cd0-0,,0,,movie,Vivir dos veces,,0001-01-01 00:00:00,,,,,,,,,,,,,
2019-08-10 06:02:37,,13991889,watch,,,2019-08-10 06:02:37,26b1fbf9-c2d6-4760-85b0-446a7018efcf,watch-26b1fbf9-c2d6-4760-85b0-446a7018efcf-0,,0,,movie,Need for Speed,,,,,,,,,,,,,,,
2022-09-26 00:46:31,,13991889,watch,,,2022-09-26 00:46:31,270a9911-232c-4fff-8bb6-11bd4a7f98d9,watch-270a9911-232c-4fff-8bb6-11bd4a7f98d9-0,,,,movie,Za duży na bajki,watch-release-date-2022-03-18,2022-03-18 00:00:00,watch-alpha-too-old-for-fairy-tales,6360,,,,,,,,,watch-date-1664153191,,AR
2026-06-20 18:02:58,,13991889,watch,,,2026-06-20 18:02:58,27339d21-6e35-40dd-9b94-60307e623813,watch-27339d21-6e35-40dd-9b94-60307e623813-0,,,,movie,My Fault: London,watch-release-date-2025-02-12,2025-02-12 00:00:00,watch-alpha-my-fault-london,7260,,,,,,,,,watch-date-1781978578,,US
2021-06-25 23:59:52,327572,13991889,watch,Kakegurui,,2021-06-25 23:59:52,2793b20f-cf4d-4e9a-a4cf-0c111c5fac16,watch-2793b20f-cf4d-4e9a-a4cf-0c111c5fac16-0,,,,episode,,,,,,2,7d5f3a6e-734d-4b59-ab86-60f0e293ab5c,6944340,1624665592,12,watched-episode-7d5f3a6e-734d-4b59-ab86-60f0e293ab5c-2793b20f-cf4d-4e9a-a4cf-0c111c5fac16,,,watch-date-1624665592,true,us
2021-07-05 06:30:14,279831,13991889,watch,Parasyte -the maxim-,,2021-07-05 06:30:14,27a1d80b-0f33-4935-b5ec-9aa7dff4cfa9,watch-27a1d80b-0f33-4935-b5ec-9aa7dff4cfa9-0,,,,episode,,,,,,1,e04658af-ac15-450b-8bde-faa6e2d97950,5037902,1625466614,16,watched-episode-e04658af-ac15-450b-8bde-faa6e2d97950-27a1d80b-0f33-4935-b5ec-9aa7dff4cfa9,,,watch-date-1625466614,true,us
2021-02-08 22:17:27,327572,13991889,watch,Kakegurui,,2021-02-08 22:17:27,27d21708-3a6e-423f-a575-bbc32ce1cf51,watch-27d21708-3a6e-423f-a575-bbc32ce1cf51-0,,,,episode,,,,,,1,7d5f3a6e-734d-4b59-ab86-60f0e293ab5c,6165513,1612822647,7,watched-episode-7d5f3a6e-734d-4b59-ab86-60f0e293ab5c-27d21708-3a6e-423f-a575-bbc32ce1cf51,,,watch-date-1612822647,true,us
2021-08-16 04:05:52,,13991889,watch,,,2021-08-16 04:05:52,27fa3d0c-a2cb-47f7-b23e-dda689eaeca5,watch-27fa3d0c-a2cb-47f7-b23e-dda689eaeca5-0,,,,movie,Furious 7,watch-release-date-2015-04-02,2015-04-02 00:00:00,watch-alpha-furious-7,8220,,,,,,,,,watch-date-1629086752,,AR
2021-04-24 00:43:21,348545,13991889,watch,Demon Slayer: Kimetsu no Yaiba,,2021-04-24 00:43:21,280354cc-46ce-4828-9f16-50ea863b35ca,watch-280354cc-46ce-4828-9f16-50ea863b35ca-0,,,,episode,,,,,,1,015f238e-e893-4c3a-973a-674eb2a1df87,7222635,1619225001,14,watched-episode-015f238e-e893-4c3a-973a-674eb2a1df87-280354cc-46ce-4828-9f16-50ea863b35ca,,,watch-date-1619225001,true,us
2021-04-28 21:41:55,348545,13991889,watch,Demon Slayer: Kimetsu no Yaiba,,2021-04-28 21:41:55,28969080-afea-40ce-88b7-f0ce88cc5ec9,watch-28969080-afea-40ce-88b7-f0ce88cc5ec9-0,,,,episode,,,,,,1,015f238e-e893-4c3a-973a-674eb2a1df87,7222652,1619646115,22,watched-episode-015f238e-e893-4c3a-973a-674eb2a1df87-28969080-afea-40ce-88b7-f0ce88cc5ec9,,,watch-date-1619646115,true,us
2021-07-05 14:59:43,279831,13991889,watch,Parasyte -the maxim-,,2021-07-05 14:59:43,289de046-886a-4e51-a8d0-6e48445762d4,watch-289de046-886a-4e51-a8d0-6e48445762d4-0,,,,episode,,,,,,1,e04658af-ac15-450b-8bde-faa6e2d97950,5037903,1625497183,17,watched-episode-e04658af-ac15-450b-8bde-faa6e2d97950-289de046-886a-4e51-a8d0-6e48445762d4,,,watch-date-1625497183,true,us
2019-08-10 05:47:59,,13991889,watch,,,2019-08-10 05:47:59,28acf519-c2c7-48e7-a094-b036fd551abe,watch-28acf519-c2c7-48e7-a094-b036fd551abe-0,,0,,movie,X-Men: Apocalypse,,,,,,,,,,,,,,,
2021-06-27 02:14:13,,13991889,watch,,,2021-06-27 02:14:13,28d66f14-4de1-43e5-aa06-3f7a718e9776,watch-28d66f14-4de1-43e5-aa06-3f7a718e9776-0,,,,movie,The 100 Candles Game,watch-release-date-2021-03-25,2021-03-25 00:00:00,watch-alpha-the-100-candles-game,6000,,,,,,,,,watch-date-1624760053,,AR
2020-10-17 04:28:39,,13991889,watch,,,2020-10-17 04:28:39,29267b84-a5cd-4e25-b72f-5fc4b2adcd6b,watch-29267b84-a5cd-4e25-b72f-5fc4b2adcd6b-0,,0,,movie,Death at a Funeral,,0001-01-01 00:00:00,,,,,,,,,,,,,
2022-06-26 18:02:56,,13991889,watch,,,2022-06-26 18:02:56,29325fae-877b-4c14-bd06-deb1cd4ee18d,watch-29325fae-877b-4c14-bd06-deb1cd4ee18d-0,,,,movie,Sonic the Hedgehog 2,watch-release-date-2022-04-08,2022-04-08 00:00:00,watch-alpha-sonic-the-hedgehog-2,7320,,,,,,,,,watch-date-1656266576,,US
2021-03-26 02:08:04,339353,13991889,watch,B: The Beginning,,2021-03-26 02:08:04,293dc827-2685-46e2-95af-514403ecb46e,watch-293dc827-2685-46e2-95af-514403ecb46e-0,,,,episode,,,,,,1,ad1dcc9f-bf02-40c6-8524-fda5fc171955,6497911,1616724484,9,watched-episode-ad1dcc9f-bf02-40c6-8524-fda5fc171955-293dc827-2685-46e2-95af-514403ecb46e,,,watch-date-1616724484,true,us
2021-06-20 17:46:41,332335,13991889,watch,Close Enough,,2021-06-20 17:46:41,294b31bf-c035-4f2a-81cc-e35c2f7034be,watch-294b31bf-c035-4f2a-81cc-e35c2f7034be-0,,,,episode,,,,,,2,9e6de326-3ca4-4886-9176-67d47fc1ba19,8235326,1624211201,6,watched-episode-9e6de326-3ca4-4886-9176-67d47fc1ba19-294b31bf-c035-4f2a-81cc-e35c2f7034be,,,watch-date-1624211201,true,us
2019-08-10 05:53:35,,13991889,watch,,,2019-08-10 05:53:35,29b21b72-989d-46d2-838f-b16a6ff305f6,watch-29b21b72-989d-46d2-838f-b16a6ff305f6-0,,0,,movie,I Am Number Four,,,,,,,,,,,,,,,
2019-08-10 05:50:06,,13991889,watch,,,2019-08-10 05:50:06,29d4a9a1-6d12-4428-aae7-857194f69951,watch-29d4a9a1-6d12-4428-aae7-857194f69951-0,,0,,movie,Kung Fu Panda,,,,,,,,,,,,,,,
2020-06-14 04:21:35,,13991889,watch,,,2020-06-14 04:21:35,29f4e554-11c9-457a-8466-b2cd957d7e9a,watch-29f4e554-11c9-457a-8466-b2cd957d7e9a-0,,0,,movie,Pokémon Detective Pikachu,,0001-01-01 00:00:00,,,,,,,,,,,,,
2020-07-17 23:44:31,,13991889,watch,,,2020-07-17 23:44:31,2a12ce7e-2667-4ed5-955c-2fd237218023,watch-2a12ce7e-2667-4ed5-955c-2fd237218023-0,,0,,movie,進撃の巨人 ATTACK ON TITAN,,0001-01-01 00:00:00,,,,,,,,,,,,,
2021-09-11 04:34:45,343913,13991889,watch,Grand Blue Dreaming,,2021-09-11 04:34:45,2a66fa1e-6668-49c4-a3a7-5792d7cbbebd,watch-2a66fa1e-6668-49c4-a3a7-5792d7cbbebd-0,,,,episode,,,,,1500,1,3f34594c-8d53-40b8-af9e-1a444cb89900,6768662,1631334885,9,watched-episode-3f34594c-8d53-40b8-af9e-1a444cb89900-2a66fa1e-6668-49c4-a3a7-5792d7cbbebd,,,watch-date-1631334885,true,us
2021-07-08 01:41:50,279831,13991889,watch,Parasyte -the maxim-,,2021-07-08 01:41:50,2aae8eaf-517f-4cb2-8c58-3e68f34ee476,watch-2aae8eaf-517f-4cb2-8c58-3e68f34ee476-0,,,,episode,,,,,,1,e04658af-ac15-450b-8bde-faa6e2d97950,5037910,1625708510,24,watched-episode-e04658af-ac15-450b-8bde-faa6e2d97950-2aae8eaf-517f-4cb2-8c58-3e68f34ee476,,,watch-date-1625708510,true,us
2021-04-24 19:21:58,348545,13991889,watch,Demon Slayer: Kimetsu no Yaiba,,2021-04-24 19:21:58,2ab772ec-4bd9-498f-81fa-f6fe9af94f80,watch-2ab772ec-4bd9-498f-81fa-f6fe9af94f80-0,,,,episode,,,,,,1,015f238e-e893-4c3a-973a-674eb2a1df87,7222643,1619292118,18,watched-episode-015f238e-e893-4c3a-973a-674eb2a1df87-2ab772ec-4bd9-498f-81fa-f6fe9af94f80,,,watch-date-1619292118,true,us
2021-03-28 21:51:58,377543,13991889,watch,JUJUTSU KAISEN,,2021-03-28 21:51:58,2abf05eb-8197-4bd3-a428-9238cc58a820,watch-2abf05eb-8197-4bd3-a428-9238cc58a820-0,,,,episode,,,,,,1,629493df-1990-437e-a64f-3adf1f2782c1,7973202,1616968318,21,watched-episode-629493df-1990-437e-a64f-3adf1f2782c1-2abf05eb-8197-4bd3-a428-9238cc58a820,,,watch-date-1616968318,true,us
2021-05-06 05:52:23,305074,13991889,watch,My Hero Academia,,2021-05-06 05:52:23,2ac6c903-9e1d-42d0-b3a8-fcc8c7859534,watch-2ac6c903-9e1d-42d0-b3a8-fcc8c7859534-0,,,,episode,,,,,,4,b4e8e618-0fbb-46c6-9ccc-bf3ca6f09251,7467230,1620280343,7,watched-episode-b4e8e618-0fbb-46c6-9ccc-bf3ca6f09251-2ac6c903-9e1d-42d0-b3a8-fcc8c7859534,,,watch-date-1620280343,true,us
2020-09-22 22:48:19,,13991889,watch,,,2020-09-22 22:48:19,2b4f4a20-5b50-4e37-ba43-535ef10d385b,watch-2b4f4a20-5b50-4e37-ba43-535ef10d385b-0,,0,,movie,The Simpsons 20th Anniversary Special – In 3-D! On Ice!,,0001-01-01 00:00:00,,,,,,,,,,,,,
2026-04-02 17:31:16,,13991889,watch,,,2026-04-02 17:31:16,2b688d44-6c1c-44f2-993c-f46111e59b84,watch-2b688d44-6c1c-44f2-993c-f46111e59b84-0,,,,movie,The Super Mario Galaxy Movie,watch-release-date-2026-04-01,2026-04-01 00:00:00,watch-alpha-the-super-mario-galaxy-movie,5880,,,,,,,,,watch-date-1775151076,,US
2021-08-05 01:06:33,381016,13991889,watch,Biohackers,,2021-08-05 01:06:33,2b93e32f-75e9-4d16-8aa6-521530349439,watch-2b93e32f-75e9-4d16-8aa6-521530349439-0,,,,episode,,,,,2700,2,9b95280b-8b39-45f9-85bb-f8614c5b653d,8525755,1628125593,3,watched-episode-9b95280b-8b39-45f9-85bb-f8614c5b653d-2b93e32f-75e9-4d16-8aa6-521530349439,,,watch-date-1628125593,true,us
2021-04-24 15:22:00,305074,13991889,watch,My Hero Academia,,2021-04-24 15:22:00,2bbc7d08-231c-4d08-82dd-436a1271f2f3,watch-2bbc7d08-231c-4d08-82dd-436a1271f2f3-0,,,,episode,,,,,,4,b4e8e618-0fbb-46c6-9ccc-bf3ca6f09251,7381250,1619277720,2,watched-episode-b4e8e618-0fbb-46c6-9ccc-bf3ca6f09251-2bbc7d08-231c-4d08-82dd-436a1271f2f3,,,watch-date-1619277720,true,us
2021-05-12 03:01:12,305074,13991889,watch,My Hero Academia,,2021-05-12 03:01:12,2bfb45c7-9a4a-4d84-b689-00f614252e54,watch-2bfb45c7-9a4a-4d84-b689-00f614252e54-0,,,,episode,,,,,,4,b4e8e618-0fbb-46c6-9ccc-bf3ca6f09251,7553209,1620788472,19,watched-episode-b4e8e618-0fbb-46c6-9ccc-bf3ca6f09251-2bfb45c7-9a4a-4d84-b689-00f614252e54,,,watch-date-1620788472,true,us
2021-05-09 06:07:05,305074,13991889,watch,My Hero Academia,,2021-05-09 06:07:05,2c33ac51-98b0-4381-9c02-37c40bf37689,watch-2c33ac51-98b0-4381-9c02-37c40bf37689-0,,,,episode,,,,,,4,b4e8e618-0fbb-46c6-9ccc-bf3ca6f09251,7513642,1620540425,14,watched-episode-b4e8e618-0fbb-46c6-9ccc-bf3ca6f09251-2c33ac51-98b0-4381-9c02-37c40bf37689,,,watch-date-1620540425,true,us
2026-03-11 23:44:13,,13991889,watch,,,2026-03-11 23:44:13,2ce81936-84d9-4674-b425-8e3d617e3cc6,watch-2ce81936-84d9-4674-b425-8e3d617e3cc6-0,,,,movie,Mr. Holmes,watch-release-date-2015-06-19,2015-06-19 00:00:00,watch-alpha-mr-holmes,6180,,,,,,,,,watch-date-1773272653,,US
2021-03-04 14:20:07,353232,13991889,watch,Narcos: Mexico,,2021-03-04 14:20:07,2d006eb3-43f2-4bb6-9376-d826e593174d,watch-2d006eb3-43f2-4bb6-9376-d826e593174d-0,,,,episode,,,,,,2,9a01e954-63e9-428f-9455-7bc85cc852c9,7576366,1614867607,9,watched-episode-9a01e954-63e9-428f-9455-7bc85cc852c9-2d006eb3-43f2-4bb6-9376-d826e593174d,,,watch-date-1614867607,true,us
2020-11-05 23:31:02,257655,13991889,watch,Arrow,,2020-11-05 23:31:02,2d030ed6-a03a-4fd5-9287-99b0d29499b2,watch-2d030ed6-a03a-4fd5-9287-99b0d29499b2-0,,,,episode,,,,,,1,200a6f37-0ced-46e8-bf42-3db320cc3d04,4369897,1604619062,4,watched-episode-200a6f37-0ced-46e8-bf42-3db320cc3d04-2d030ed6-a03a-4fd5-9287-99b0d29499b2,,,watch-date-1604619062,true,
2019-08-10 05:51:47,,13991889,watch,,,2019-08-10 05:51:47,2d4ab44f-b844-4feb-a20a-634b6d586a02,watch-2d4ab44f-b844-4feb-a20a-634b6d586a02-0,,0,,movie,How the Grinch Stole Christmas,,,,,,,,,,,,,,,
2021-02-08 22:17:52,327572,13991889,watch,Kakegurui,,2021-02-08 22:17:52,2da5c625-03f8-4841-ba07-27b12733974d,watch-2da5c625-03f8-4841-ba07-27b12733974d-0,,,,episode,,,,,,1,7d5f3a6e-734d-4b59-ab86-60f0e293ab5c,6165523,1612822672,10,watched-episode-7d5f3a6e-734d-4b59-ab86-60f0e293ab5c-2da5c625-03f8-4841-ba07-27b12733974d,,,watch-date-1612822672,true,us
2021-03-02 21:15:35,377543,13991889,watch,JUJUTSU KAISEN,,2021-03-02 21:15:35,2e35f0c5-f66e-4d85-b5dc-3375511e65b5,watch-2e35f0c5-f66e-4d85-b5dc-3375511e65b5-0,,,,episode,,,,,,1,629493df-1990-437e-a64f-3adf1f2782c1,7973186,1614719735,14,watched-episode-629493df-1990-437e-a64f-3adf1f2782c1-2e35f0c5-f66e-4d85-b5dc-3375511e65b5,,,watch-date-1614719735,true,us
2019-08-08 05:11:36,,13991889,watch,,,2019-08-08 05:11:36,2e666bb9-2be6-4022-9653-1ca09503339c,watch-2e666bb9-2be6-4022-9653-1ca09503339c-0,,0,,movie,Airplane!,,,,,,,,,,,,,,,
2025-11-08 15:53:34,,13991889,watch,,,2025-11-08 15:53:34,2e98b178-85dd-49db-b8b4-e4b4437dcb83,watch-2e98b178-85dd-49db-b8b4-e4b4437dcb83-0,,,,movie,Frankenstein,watch-release-date-2025-10-17,2025-10-17 00:00:00,watch-alpha-frankenstein,9180,,,,,,,,,watch-date-1762617214,,US
2021-08-10 20:23:09,393810,13991889,watch,Record of Ragnarok,,2021-08-10 20:23:09,2f010c71-7615-4c63-8975-3a6ccaf11536,watch-2f010c71-7615-4c63-8975-3a6ccaf11536-0,,,,episode,,,,,1500,1,37358331-3dd5-4503-afb3-d63ddf158cd4,8481726,1628626989,4,watched-episode-37358331-3dd5-4503-afb3-d63ddf158cd4-2f010c71-7615-4c63-8975-3a6ccaf11536,,,watch-date-1628626989,true,us
2019-08-10 05:52:25,,13991889,watch,,,2019-08-10 05:52:25,2f0e0702-f693-4adb-a0e0-1e175483cfae,watch-2f0e0702-f693-4adb-a0e0-1e175483cfae-0,,0,,movie,Ice Age: Dawn of the Dinosaurs,,,,,,,,,,,,,,,
2019-08-10 05:54:41,,13991889,watch,,,2019-08-10 05:54:41,2f666ff0-5151-484e-a6a5-799c59ffdcc7,watch-2f666ff0-5151-484e-a6a5-799c59ffdcc7-0,,0,,movie,Annabelle,,,,,,,,,,,,,,,
2023-06-10 12:11:02,,13991889,watch,,,2023-06-10 12:11:02,2f6cfd70-9bc6-49f1-b8e7-469004bd11df,watch-2f6cfd70-9bc6-49f1-b8e7-469004bd11df-0,,,,movie,Spider-Man: Across the Spider-Verse,watch-release-date-2023-06-02,2023-06-02 00:00:00,watch-alpha-spider-man-across-the-spider-verse,8400,,,,,,,,,watch-date-1686399062,,AR
2021-10-20 02:52:00,79481,13991889,watch,Death Note,,2021-10-20 02:52:00,2fd3fd13-9e4b-4581-88b5-a652cf77cbbd,watch-2fd3fd13-9e4b-4581-88b5-a652cf77cbbd-0,,,,episode,,,,,1320,1,d6adbb6e-05b6-45fe-bf0c-34aee5fc663c,311258,1634698320,2,watched-episode-d6adbb6e-05b6-45fe-bf0c-34aee5fc663c-2fd3fd13-9e4b-4581-88b5-a652cf77cbbd,,,watch-date-1634698320,true,us
2021-06-06 01:15:17,,13991889,watch,,,2021-06-06 01:15:17,30589ea9-67c9-4898-96cb-95891ab80fbe,watch-30589ea9-67c9-4898-96cb-95891ab80fbe-0,,,,movie,2067,watch-release-date-2021-02-17,2021-02-17 00:00:00,watch-alpha-2067,6840,,,,,,,,,watch-date-1622942117,,AR
2019-08-08 05:09:42,,13991889,watch,,,2019-08-08 05:09:42,3067f4f8-c34d-4a10-a869-6c08557e869c,watch-3067f4f8-c34d-4a10-a869-6c08557e869c-0,,0,,movie,Deadpool,,,,,,,,,,,,,,,
2021-06-25 03:51:58,332335,13991889,watch,Close Enough,,2021-06-25 03:51:58,30a08e66-b6a5-4910-bc7e-52fa54622c71,watch-30a08e66-b6a5-4910-bc7e-52fa54622c71-0,,,,episode,,,,,,2,9e6de326-3ca4-4886-9176-67d47fc1ba19,8235335,1624593118,15,watched-episode-9e6de326-3ca4-4886-9176-67d47fc1ba19-30a08e66-b6a5-4910-bc7e-52fa54622c71,,,watch-date-1624593118,true,us
2020-12-29 16:43:01,328690,13991889,watch,The Alienist,,2020-12-29 16:43:01,30cd670c-9b34-444c-97d0-e6d51cd1abec,watch-30cd670c-9b34-444c-97d0-e6d51cd1abec-0,,,,episode,,,,,,2,3264a58a-3b8e-4b12-a67b-75ff00ef5c76,7801005,1609260181,4,watched-episode-3264a58a-3b8e-4b12-a67b-75ff00ef5c76-30cd670c-9b34-444c-97d0-e6d51cd1abec,,,watch-date-1609260181,true,us
2021-06-20 17:46:39,332335,13991889,watch,Close Enough,,2021-06-20 17:46:39,30e6f2b2-4dee-4b2f-8587-6e1020ba7c6e,watch-30e6f2b2-4dee-4b2f-8587-6e1020ba7c6e-0,,,,episode,,,,,,2,9e6de326-3ca4-4886-9176-67d47fc1ba19,8235325,1624211199,5,watched-episode-9e6de326-3ca4-4886-9176-67d47fc1ba19-30e6f2b2-4dee-4b2f-8587-6e1020ba7c6e,,,watch-date-1624211199,true,us
2019-08-10 05:44:01,,13991889,watch,,,2019-08-10 05:44:01,30ecc384-0bd3-48bd-8f95-07d661ce6c38,watch-30ecc384-0bd3-48bd-8f95-07d661ce6c38-0,,0,,movie,Twilight,,,,,,,,,,,,,,,
2019-08-10 06:02:24,,13991889,watch,,,2019-08-10 06:02:24,30f3a523-d7a2-4999-8c54-893b2cf11937,watch-30f3a523-d7a2-4999-8c54-893b2cf11937-0,,0,,movie,The Mummy,,,,,,,,,,,,,,,
2021-07-06 18:52:53,279831,13991889,watch,Parasyte -the maxim-,,2021-07-06 18:52:53,31636513-91e0-4609-83e1-e92faa0b2ff1,watch-31636513-91e0-4609-83e1-e92faa0b2ff1-0,,,,episode,,,,,,1,e04658af-ac15-450b-8bde-faa6e2d97950,5037908,1625597573,22,watched-episode-e04658af-ac15-450b-8bde-faa6e2d97950-31636513-91e0-4609-83e1-e92faa0b2ff1,,,watch-date-1625597573,true,us
2019-08-10 05:55:05,,13991889,watch,,,2019-08-10 05:55:05,31640f32-5d06-4f25-8b64-fdb548349a03,watch-31640f32-5d06-4f25-8b64-fdb548349a03-0,,0,,movie,Night at the Museum: Battle of the Smithsonian,,,,,,,,,,,,,,,
2021-09-03 00:43:16,361034,13991889,watch,How to Sell Drugs Online (Fast),,2021-09-03 00:43:16,31c05f6b-890a-429f-9c15-eff2bcf92ecf,watch-31c05f6b-890a-429f-9c15-eff2bcf92ecf-0,,,,episode,,,,,1740,3,93804bbd-2bff-4632-9fd2-b65dfa911c13,8524795,1630629796,5,watched-episode-93804bbd-2bff-4632-9fd2-b65dfa911c13-31c05f6b-890a-429f-9c15-eff2bcf92ecf,,,watch-date-1630629796,true,us
2021-03-16 02:40:44,339353,13991889,watch,B: The Beginning,,2021-03-16 02:40:44,325fe653-e9b9-4aef-a3c0-2fb91e7e753a,watch-325fe653-e9b9-4aef-a3c0-2fb91e7e753a-0,,,,episode,,,,,,1,ad1dcc9f-bf02-40c6-8524-fda5fc171955,6497908,1615862444,6,watched-episode-ad1dcc9f-bf02-40c6-8524-fda5fc171955-325fe653-e9b9-4aef-a3c0-2fb91e7e753a,,,watch-date-1615862444,true,us
2022-08-15 03:48:26,,13991889,watch,,,2022-08-15 03:48:26,3272c42d-5df6-4b5a-b902-6b5e13660495,watch-3272c42d-5df6-4b5a-b902-6b5e13660495-0,,,,movie,Day Shift,watch-release-date-2022-08-12,2022-08-12 00:00:00,watch-alpha-day-shift,6780,,,,,,,,,watch-date-1660535306,,US
2021-09-29 19:42:53,397597,13991889,watch,iCarly (2021),,2021-09-29 19:42:53,32caf6c5-9417-4d48-a31d-e7f6a9631e1c,watch-32caf6c5-9417-4d48-a31d-e7f6a9631e1c-0,,,,episode,,,,,1440,1,f910269b-1d3a-4e4e-b02d-1e407a3edcbe,8290939,1632944573,5,watched-episode-f910269b-1d3a-4e4e-b02d-1e407a3edcbe-32caf6c5-9417-4d48-a31d-e7f6a9631e1c,,,watch-date-1632944573,true,us
2021-02-13 21:41:33,353232,13991889,watch,Narcos: Mexico,,2021-02-13 21:41:33,32dd00a8-ad81-4040-98d8-e091604035ee,watch-32dd00a8-ad81-4040-98d8-e091604035ee-0,,,,episode,,,,,,2,9a01e954-63e9-428f-9455-7bc85cc852c9,7576344,1613252493,2,watched-episode-9a01e954-63e9-428f-9455-7bc85cc852c9-32dd00a8-ad81-4040-98d8-e091604035ee,,,watch-date-1613252493,true,us
2019-08-10 05:49:31,,13991889,watch,,,2019-08-10 05:49:31,32e7f2a3-0012-4b09-b250-36ac5e3e5595,watch-32e7f2a3-0012-4b09-b250-36ac5e3e5595-0,,0,,movie,A Quiet Place,,,,,,,,,,,,,,,
2021-09-08 03:57:38,343913,13991889,watch,Grand Blue Dreaming,,2021-09-08 03:57:38,33408021-87ba-45e1-816a-8bed87c004c1,watch-33408021-87ba-45e1-816a-8bed87c004c1-0,,,,episode,,,,,1500,1,3f34594c-8d53-40b8-af9e-1a444cb89900,6753051,1631073458,4,watched-episode-3f34594c-8d53-40b8-af9e-1a444cb89900-33408021-87ba-45e1-816a-8bed87c004c1,,,watch-date-1631073458,true,us
2019-08-10 05:46:38,,13991889,watch,,,2019-08-10 05:46:38,3399b307-eb8c-4f55-a47b-2c87c429542e,watch-3399b307-eb8c-4f55-a47b-2c87c429542e-0,,0,,movie,Fantastic Beasts and Where to Find Them,,,,,,,,,,,,,,,
2019-08-10 05:48:38,,13991889,watch,,,2019-08-10 05:48:38,33a5696a-ccd0-4e8d-b8c7-5733f6a182b4,watch-33a5696a-ccd0-4e8d-b8c7-5733f6a182b4-0,,0,,movie,Zootopia,,,,,,,,,,,,,,,
2019-08-10 05:49:05,,13991889,watch,,,2019-08-10 05:49:05,33be00a7-655d-4e9f-9b35-393873a7001b,watch-33be00a7-655d-4e9f-9b35-393873a7001b-0,,0,,movie,WALL·E,,,,,,,,,,,,,,,
2019-08-10 05:57:50,,13991889,watch,,,2019-08-10 05:57:50,33cacb57-5243-4b6d-86fc-5d4f3fb9f5f4,watch-33cacb57-5243-4b6d-86fc-5d4f3fb9f5f4-0,,0,,movie,Johnny English Strikes Again,,,,,,,,,,,,,,,
2019-08-10 05:57:39,,13991889,watch,,,2019-08-10 05:57:39,33cf67a7-6d4e-44c8-8424-0e90c73137d0,watch-33cf67a7-6d4e-44c8-8424-0e90c73137d0-0,,0,,movie,White Chicks,,,,,,,,,,,,,,,
2021-09-17 01:20:31,330374,13991889,watch,Atypical,,2021-09-17 01:20:31,346999d9-9c5f-4ce8-9f31-c367e46e0713,watch-346999d9-9c5f-4ce8-9f31-c367e46e0713-0,,,,episode,,,,,2040,4,1b942384-17aa-4ad6-b3f2-1e0fdece066f,8513234,1631841631,4,watched-episode-1b942384-17aa-4ad6-b3f2-1e0fdece066f-346999d9-9c5f-4ce8-9f31-c367e46e0713,,,watch-date-1631841631,true,us
2019-08-10 06:07:32,,13991889,watch,,,2019-08-10 06:07:32,34a3e2ed-e29b-4221-9d2b-c5b2383061cf,watch-34a3e2ed-e29b-4221-9d2b-c5b2383061cf-0,,0,,movie,Rise of the Planet of the Apes,,,,,,,,,,,,,,,
2020-12-11 05:03:29,78831,13991889,watch,Drawn Together,,2020-12-11 05:03:29,34ac2619-a9be-4609-b8b2-99128b562548,watch-34ac2619-a9be-4609-b8b2-99128b562548-0,,,,episode,,,,,,3,40652d64-ab6f-4708-a334-f9195176d942,310545,1607663009,5,watched-episode-40652d64-ab6f-4708-a334-f9195176d942-34ac2619-a9be-4609-b8b2-99128b562548,,,watch-date-1607663009,true,us
2020-12-20 04:51:50,349643,13991889,watch,Hilda,,2020-12-20 04:51:50,3531fec3-8c66-4f2d-9df3-951a1e6302ab,watch-3531fec3-8c66-4f2d-9df3-951a1e6302ab-0,,,,episode,,,,,,2,c41bc231-1f55-46c2-b458-ef93309eef32,8088656,1608439910,10,watched-episode-c41bc231-1f55-46c2-b458-ef93309eef32-3531fec3-8c66-4f2d-9df3-951a1e6302ab,,,watch-date-1608439910,true,us
2019-08-10 05:43:44,,13991889,watch,,,2019-08-10 05:43:44,3577ca1c-ee06-4e71-b380-5b98697c50cb,watch-3577ca1c-ee06-4e71-b380-5b98697c50cb-0,,0,,movie,Captain America: The Winter Soldier,,,,,,,,,,,,,,,
2019-08-08 05:16:15,,13991889,watch,,,2019-08-08 05:16:15,35d392d8-8616-4be4-a2cd-4122781a4090,watch-35d392d8-8616-4be4-a2cd-4122781a4090-0,,0,,movie,Finding Nemo,,,,,,,,,,,,,,,
2019-09-14 05:00:58,,13991889,watch,,,2019-09-14 05:00:58,35de35a0-30a3-459f-bae0-32a5e26b2f17,watch-35de35a0-30a3-459f-bae0-32a5e26b2f17-0,,0,,movie,Fifty Shades of Black,,0001-01-01 00:00:00,,,,,,,,,,,,,
2021-06-27 07:24:11,376751,13991889,watch,The Daily Life of the Immortal King,,2021-06-27 07:24:11,35e9fa61-f670-4c81-9a61-dd9e3e62895a,watch-35e9fa61-f670-4c81-9a61-dd9e3e62895a-0,,,,episode,,,,,,1,97fa280e-6382-4ddf-ac69-bac712f946d6,7587783,1624778651,13,watched-episode-97fa280e-6382-4ddf-ac69-bac712f946d6-35e9fa61-f670-4c81-9a61-dd9e3e62895a,,,watch-date-1624778651,true,us
2021-10-08 02:37:30,,13991889,watch,,,2021-10-08 02:37:30,35fa9a97-7b22-41b5-8a6b-f9a969585d60,watch-35fa9a97-7b22-41b5-8a6b-f9a969585d60-0,,,,movie,KATE,watch-release-date-2021-09-10,2021-09-10 00:00:00,watch-alpha-kate,6360,,,,,,,,,watch-date-1633660650,,AR
2021-04-14 02:01:31,348002,13991889,watch,The Promised Neverland,,2021-04-14 02:01:31,35fb0ded-92f1-4dd5-8e44-f52c9b23efdd,watch-35fb0ded-92f1-4dd5-8e44-f52c9b23efdd-0,,,,episode,,,,,,2,fba3a83c-e062-4bea-a884-245e69f3931a,8128383,1618365691,9,watched-episode-fba3a83c-e062-4bea-a884-245e69f3931a-35fb0ded-92f1-4dd5-8e44-f52c9b23efdd,,,watch-date-1618365691,true,us
2023-07-30 05:29:22,,13991889,watch,,,2023-07-30 05:29:22,362ba83b-37da-45b8-b597-0816b2b02d3c,watch-362ba83b-37da-45b8-b597-0816b2b02d3c-0,,,,movie,The Beanie Bubble,watch-release-date-2023-07-28,2023-07-28 00:00:00,watch-alpha-the-beanie-bubble,6600,,,,,,,,,watch-date-1690694962,,AR
2021-07-19 16:21:05,275274,13991889,watch,Rick and Morty,,2021-07-19 16:21:05,3638ed64-fde9-484d-ba68-9403f0394ca5,watch-3638ed64-fde9-484d-ba68-9403f0394ca5-0,,,,episode,,,,,,5,c89b7b03-cb1f-4776-b5ea-374263ce2310,8320006,1626711665,5,watched-episode-c89b7b03-cb1f-4776-b5ea-374263ce2310-3638ed64-fde9-484d-ba68-9403f0394ca5,,,watch-date-1626711665,true,us
2021-11-23 06:09:35,,13991889,watch,,,2021-11-23 06:09:35,367e1269-4e8e-4e79-80a0-5246091803cf,watch-367e1269-4e8e-4e79-80a0-5246091803cf-0,,,,movie,Eternals,watch-release-date-2021-11-04,2021-11-04 00:00:00,watch-alpha-eternals,9420,,,,,,,,,watch-date-1637647775,,AR
2025-01-18 03:49:10,,13991889,watch,,,2025-01-18 03:49:10,368ab60c-7c64-4d99-86a0-d82ea1a99546,watch-368ab60c-7c64-4d99-86a0-d82ea1a99546-0,,,,movie,The Substance,watch-release-date-2024-10-18,2024-10-18 00:00:00,watch-alpha-the-substance,8280,,,,,,,,,watch-date-1737172150,,AR
2020-12-20 04:51:47,349643,13991889,watch,Hilda,,2020-12-20 04:51:47,3706aa73-adff-4acd-bc57-9458d26918b0,watch-3706aa73-adff-4acd-bc57-9458d26918b0-0,,,,episode,,,,,,2,c41bc231-1f55-46c2-b458-ef93309eef32,8088654,1608439907,9,watched-episode-c41bc231-1f55-46c2-b458-ef93309eef32-3706aa73-adff-4acd-bc57-9458d26918b0,,,watch-date-1608439907,true,us
2019-08-10 06:05:59,,13991889,watch,,,2019-08-10 06:05:59,370cba4d-72f3-4e8d-bdaf-17c963df1fda,watch-370cba4d-72f3-4e8d-bdaf-17c963df1fda-0,,0,,movie,Eragon,,,,,,,,,,,,,,,
2022-08-28 01:58:19,,13991889,watch,,,2022-08-28 01:58:19,370d5c3d-1a7e-4064-bd7c-4a6201c4f68a,watch-370d5c3d-1a7e-4064-bd7c-4a6201c4f68a-0,,,,movie,Me Time,watch-release-date-2022-08-26,2022-08-26 00:00:00,watch-alpha-me-time,6060,,,,,,,,,watch-date-1661651899,,US
2019-08-08 05:10:18,,13991889,watch,,,2019-08-08 05:10:18,377b5958-f7f1-4436-bfb6-c5ac0d3900c4,watch-377b5958-f7f1-4436-bfb6-c5ac0d3900c4-0,,0,,movie,Wonder Woman,,,,,,,,,,,,,,,
2020-11-22 01:36:41,,13991889,watch,,,2020-11-22 01:36:41,378619be-c336-4907-8ebe-0e8081b33b35,watch-378619be-c336-4907-8ebe-0e8081b33b35-0,,,,movie,The Witch,watch-release-date-2016-02-19,2016-02-19 00:00:00,watch-alpha-the-witch,,,,,,,,,,watch-date-1606009001,,
2019-08-10 05:48:47,,13991889,watch,,,2019-08-10 05:48:47,37a25045-d72e-4c7f-9400-19dcf8eb8b6c,watch-37a25045-d72e-4c7f-9400-19dcf8eb8b6c-0,,0,,movie,Spider-Man 3,,,,,,,,,,,,,,,
2021-02-08 22:17:29,327572,13991889,watch,Kakegurui,,2021-02-08 22:17:29,37c5e922-a222-4be3-a959-1a0c52c53b37,watch-37c5e922-a222-4be3-a959-1a0c52c53b37-0,,,,episode,,,,,,1,7d5f3a6e-734d-4b59-ab86-60f0e293ab5c,6165520,1612822649,9,watched-episode-7d5f3a6e-734d-4b59-ab86-60f0e293ab5c-37c5e922-a222-4be3-a959-1a0c52c53b37,,,watch-date-1612822649,true,us
2019-08-10 05:59:29,,13991889,watch,,,2019-08-10 05:59:29,37fe11dc-0800-469e-a50c-3e5cfe885364,watch-37fe11dc-0800-469e-a50c-3e5cfe885364-0,,0,,movie,Dumbo,,,,,,,,,,,,,,,
2021-02-28 02:54:36,377543,13991889,watch,JUJUTSU KAISEN,,2021-02-28 02:54:36,38549907-e4e3-41ea-bc54-214eb1fb5754,watch-38549907-e4e3-41ea-bc54-214eb1fb5754-0,,,,episode,,,,,,1,629493df-1990-437e-a64f-3adf1f2782c1,7925278,1614480876,8,watched-episode-629493df-1990-437e-a64f-3adf1f2782c1-38549907-e4e3-41ea-bc54-214eb1fb5754,,,watch-date-1614480876,true,us
2024-05-25 04:10:09,,13991889,watch,,,2024-05-25 04:10:09,38588dcf-3073-4d37-ba66-c3dc740621be,watch-38588dcf-3073-4d37-ba66-c3dc740621be-0,,,,movie,The Beekeeper,watch-release-date-2024-01-12,2024-01-12 00:00:00,watch-alpha-the-beekeeper,6300,,,,,,,,,watch-date-1716610209,,US
2019-08-10 05:55:22,,13991889,watch,,,2019-08-10 05:55:22,385e8413-a9b8-4438-930c-a9a0c7794f67,watch-385e8413-a9b8-4438-930c-a9a0c7794f67-0,,0,,movie,The Wolverine,,,,,,,,,,,,,,,
2021-10-04 04:59:14,401911,13991889,watch,The Great Jahy Will Not Be Defeated!,,2021-10-04 04:59:14,386aafef-7c06-476a-ba2d-9a4eb440bee8,watch-386aafef-7c06-476a-ba2d-9a4eb440bee8-0,,,,episode,,,,,1440,1,3cf6fad6-6d0a-4588-a30b-79f3a4f55be6,8593353,1633323554,9,watched-episode-3cf6fad6-6d0a-4588-a30b-79f3a4f55be6-386aafef-7c06-476a-ba2d-9a4eb440bee8,,,watch-date-1633323554,true,us
2019-08-10 06:12:40,,13991889,watch,,,2019-08-10 06:12:40,388c09cf-4e0f-4c2a-9b6f-fb1a998af246,watch-388c09cf-4e0f-4c2a-9b6f-fb1a998af246-0,,0,,movie,Hotel Transylvania 3: Summer Vacation,,,,,,,,,,,,,,,
2019-08-10 05:58:50,,13991889,watch,,,2019-08-10 05:58:50,3894d7ea-04b7-446f-ac04-cd593e1b3951,watch-3894d7ea-04b7-446f-ac04-cd593e1b3951-0,,0,,movie,Fifty Shades of Grey,,,,,,,,,,,,,,,
2021-06-25 03:52:02,332335,13991889,watch,Close Enough,,2021-06-25 03:52:02,3898b16a-759a-4b92-9a8c-6e977545525e,watch-3898b16a-759a-4b92-9a8c-6e977545525e-0,,,,episode,,,,,,2,9e6de326-3ca4-4886-9176-67d47fc1ba19,8235336,1624593122,16,watched-episode-9e6de326-3ca4-4886-9176-67d47fc1ba19-3898b16a-759a-4b92-9a8c-6e977545525e,,,watch-date-1624593122,true,us
2021-07-04 22:16:51,279831,13991889,watch,Parasyte -the maxim-,,2021-07-04 22:16:51,38d236b7-5109-41b3-a66e-33442dfc8d62,watch-38d236b7-5109-41b3-a66e-33442dfc8d62-0,,,,episode,,,,,,1,e04658af-ac15-450b-8bde-faa6e2d97950,5037900,1625437011,14,watched-episode-e04658af-ac15-450b-8bde-faa6e2d97950-38d236b7-5109-41b3-a66e-33442dfc8d62,,,watch-date-1625437011,true,us
2019-08-10 05:51:32,,13991889,watch,,,2019-08-10 05:51:32,39015588-a5e4-4258-a1d7-4ec55664ff42,watch-39015588-a5e4-4258-a1d7-4ec55664ff42-0,,0,,movie,Cars,,,,,,,,,,,,,,,
2026-05-03 01:09:43,,13991889,watch,,,2026-05-03 01:09:43,398a37af-09b6-4abb-8901-6279ece8e66e,watch-398a37af-09b6-4abb-8901-6279ece8e66e-0,,,,movie,The Lord of the Rings: The Fellowship of the Ring,watch-release-date-2001-12-13,2001-12-13 00:00:00,watch-alpha-the-lord-of-the-rings-the-fellowship-of-the-ring,10680,,,,,,,,,watch-date-1777770583,,US
2021-09-06 13:33:48,275274,13991889,watch,Rick and Morty,,2021-09-06 13:33:48,39f0ecca-3674-4963-826a-9c2d679febf8,watch-39f0ecca-3674-4963-826a-9c2d679febf8-0,,,,episode,,,,,1320,5,c89b7b03-cb1f-4776-b5ea-374263ce2310,8320011,1630935228,10,watched-episode-c89b7b03-cb1f-4776-b5ea-374263ce2310-39f0ecca-3674-4963-826a-9c2d679febf8,,,watch-date-1630935228,true,us
2020-12-12 05:32:18,78831,13991889,watch,Drawn Together,,2020-12-12 05:32:18,3a6283a7-0b63-4515-8ebb-08200278f7be,watch-3a6283a7-0b63-4515-8ebb-08200278f7be-0,,,,episode,,,,,,3,40652d64-ab6f-4708-a334-f9195176d942,312130,1607751138,6,watched-episode-40652d64-ab6f-4708-a334-f9195176d942-3a6283a7-0b63-4515-8ebb-08200278f7be,,,watch-date-1607751138,true,us
2021-11-10 04:38:12,399121,13991889,watch,Mieruko-chan,,2021-11-10 04:38:12,3af52112-ce6b-4ee4-bc44-cae6b9d7db66,watch-3af52112-ce6b-4ee4-bc44-cae6b9d7db66-0,,,,episode,,,,,1440,1,e05df8c5-e61f-44fc-86d8-91a65d3dd110,8747085,1636519092,6,watched-episode-e05df8c5-e61f-44fc-86d8-91a65d3dd110-3af52112-ce6b-4ee4-bc44-cae6b9d7db66,,,watch-date-1636519092,true,us
2019-08-10 05:47:44,,13991889,watch,,,2019-08-10 05:47:44,3b0539c3-f544-4d57-a066-f63614f94570,watch-3b0539c3-f544-4d57-a066-f63614f94570-0,,0,,movie,Beauty and the Beast,,,,,,,,,,,,,,,
2019-08-10 06:02:10,,13991889,watch,,,2019-08-10 06:02:10,3b2e6dcb-ddb8-4fd3-9e52-323fbbb90f90,watch-3b2e6dcb-ddb8-4fd3-9e52-323fbbb90f90-0,,0,,movie,Nerve,,,,,,,,,,,,,,,
2024-10-01 15:12:04,,13991889,watch,,,2024-10-01 15:12:04,3b40d461-69b6-4303-b1fe-07f1545894c7,watch-3b40d461-69b6-4303-b1fe-07f1545894c7-0,,,,movie,Uglies,watch-release-date-2024-09-13,2024-09-13 00:00:00,watch-alpha-uglies,6120,,,,,,,,,watch-date-1727795524,,AR
2021-08-11 03:40:45,397597,13991889,watch,iCarly (2021),,2021-08-11 03:40:45,3b63f0d4-42e5-4a4e-a20a-b9c7b9a51e9f,watch-3b63f0d4-42e5-4a4e-a20a-b9c7b9a51e9f-0,,,,episode,,,,,1500,1,f910269b-1d3a-4e4e-b02d-1e407a3edcbe,8248874,1628653245,1,watched-episode-f910269b-1d3a-4e4e-b02d-1e407a3edcbe-3b63f0d4-42e5-4a4e-a20a-b9c7b9a51e9f,,,watch-date-1628653245,true,us
2019-08-10 05:48:30,,13991889,watch,,,2019-08-10 05:48:30,3bc5166e-0b1a-4322-94f8-ee71639654ce,watch-3bc5166e-0b1a-4322-94f8-ee71639654ce-0,,0,,movie,Big Hero 6,,,,,,,,,,,,,,,
2021-04-30 03:55:50,348545,13991889,watch,Demon Slayer: Kimetsu no Yaiba,,2021-04-30 03:55:50,3c1d1a7f-ef48-4e27-bb75-bb0967d63747,watch-3c1d1a7f-ef48-4e27-bb75-bb0967d63747-0,,,,episode,,,,,,1,015f238e-e893-4c3a-973a-674eb2a1df87,7222659,1619754950,25,watched-episode-015f238e-e893-4c3a-973a-674eb2a1df87-3c1d1a7f-ef48-4e27-bb75-bb0967d63747,,,watch-date-1619754950,true,us
2021-10-09 04:05:15,398193,13991889,watch,The World's Finest Assassin Gets Reincarnated in Another World as an Aristocrat,,2021-10-09 04:05:15,3c95447f-9290-47ad-be7d-b667ce3b658b,watch-3c95447f-9290-47ad-be7d-b667ce3b658b-0,,,,episode,,,,,1440,1,2dd409ed-5907-4452-b39b-56e1ed70c376,8270379,1633752315,1,watched-episode-2dd409ed-5907-4452-b39b-56e1ed70c376-3c95447f-9290-47ad-be7d-b667ce3b658b,,,watch-date-1633752315,true,us
2019-11-20 04:54:47,,13991889,watch,,,2019-11-20 04:54:47,3cbb1c4e-5cb1-41ef-8a22-e9b5ee344b8d,watch-3cbb1c4e-5cb1-41ef-8a22-e9b5ee344b8d-0,,0,,movie,Shaun of the Dead,,0001-01-01 00:00:00,,,,,,,,,,,,,
2020-12-18 14:08:02,349643,13991889,watch,Hilda,,2020-12-18 14:08:02,3cea7da4-6335-484a-990a-d83781d6cd2c,watch-3cea7da4-6335-484a-990a-d83781d6cd2c-0,,,,episode,,,,,,2,c41bc231-1f55-46c2-b458-ef93309eef32,8051752,1608300482,4,watched-episode-c41bc231-1f55-46c2-b458-ef93309eef32-3cea7da4-6335-484a-990a-d83781d6cd2c,,,watch-date-1608300482,true,us
2023-05-14 02:27:26,,13991889,watch,,,2023-05-14 02:27:26,3d076228-8b17-43cd-9b7f-31208843f139,watch-3d076228-8b17-43cd-9b7f-31208843f139-0,,,,movie,Air,watch-release-date-2023-05-12,2023-05-12 00:00:00,watch-alpha-air,6720,,,,,,,,,watch-date-1684031246,,AR
2021-08-15 16:39:58,388575,13991889,watch,Redo of Healer,,2021-08-15 16:39:58,3d72e16b-0729-432e-be82-693a57f2e546,watch-3d72e16b-0729-432e-be82-693a57f2e546-0,,,,episode,,,,,1440,1,c9229b30-7ae2-4efe-adac-078d892c76f6,8117864,1629045598,2,watched-episode-c9229b30-7ae2-4efe-adac-078d892c76f6-3d72e16b-0729-432e-be82-693a57f2e546,,,watch-date-1629045598,true,us
2019-08-10 05:47:09,,13991889,watch,,,2019-08-10 05:47:09,3d914e7d-1718-45c3-ad42-689573bc0d38,watch-3d914e7d-1718-45c3-ad42-689573bc0d38-0,,0,,movie,Batman v Superman: Dawn of Justice,,,,,,,,,,,,,,,
2019-08-10 05:50:42,,13991889,watch,,,2019-08-10 05:50:42,3dbedcde-de8f-4fbc-9165-c64c2ddbf82a,watch-3dbedcde-de8f-4fbc-9165-c64c2ddbf82a-0,,0,,movie,The Princess Diaries,,,,,,,,,,,,,,,
2019-08-10 05:57:45,,13991889,watch,,,2019-08-10 05:57:45,3e052059-2f1d-4982-a5c2-56292cae837e,watch-3e052059-2f1d-4982-a5c2-56292cae837e-0,,0,,movie,Scary Movie,,,,,,,,,,,,,,,
2021-02-08 22:13:48,305074,13991889,watch,My Hero Academia,,2021-02-08 22:13:48,3e2c3b15-5f05-4aeb-b67d-c76451068953,watch-3e2c3b15-5f05-4aeb-b67d-c76451068953-0,,,,episode,,,,,,3,b4e8e618-0fbb-46c6-9ccc-bf3ca6f09251,6633249,1612822428,23,watched-episode-b4e8e618-0fbb-46c6-9ccc-bf3ca6f09251-3e2c3b15-5f05-4aeb-b67d-c76451068953,,,watch-date-1612822428,true,us
2020-07-16 05:21:20,,13991889,watch,,,2020-07-16 05:21:20,3e714958-1e05-47e5-8cb6-595ca3ce4dce,watch-3e714958-1e05-47e5-8cb6-595ca3ce4dce-0,,0,,movie,トレーニング・オブ・ザ・デッド,,0001-01-01 00:00:00,,,,,,,,,,,,,
2021-06-25 01:49:28,332335,13991889,watch,Close Enough,,2021-06-25 01:49:28,3e93cd23-eea8-42cc-91e8-9a87627694e2,watch-3e93cd23-eea8-42cc-91e8-9a87627694e2-0,,,,episode,,,,,,2,9e6de326-3ca4-4886-9176-67d47fc1ba19,8235327,1624585768,7,watched-episode-9e6de326-3ca4-4886-9176-67d47fc1ba19-3e93cd23-eea8-42cc-91e8-9a87627694e2,,,watch-date-1624585768,true,us
2019-08-10 05:50:31,,13991889,watch,,,2019-08-10 05:50:31,3e97ce2d-262b-4c1f-8612-6617664e5778,watch-3e97ce2d-262b-4c1f-8612-6617664e5778-0,,0,,movie,Night at the Museum,,,,,,,,,,,,,,,
2019-08-08 05:11:05,,13991889,watch,,,2019-08-08 05:11:05,3e9efaa3-41f7-4380-9ed5-9541537b63aa,watch-3e9efaa3-41f7-4380-9ed5-9541537b63aa-0,,0,,movie,Thor,,,,,,,,,,,,,,,
2021-05-11 00:49:59,305074,13991889,watch,My Hero Academia,,2021-05-11 00:49:59,3ea97d0e-6600-4cbe-9825-48018e4b73fd,watch-3ea97d0e-6600-4cbe-9825-48018e4b73fd-0,,,,episode,,,,,,4,b4e8e618-0fbb-46c6-9ccc-bf3ca6f09251,7553207,1620694199,17,watched-episode-b4e8e618-0fbb-46c6-9ccc-bf3ca6f09251-3ea97d0e-6600-4cbe-9825-48018e4b73fd,,,watch-date-1620694199,true,us
2021-09-11 16:55:41,343913,13991889,watch,Grand Blue Dreaming,,2021-09-11 16:55:41,3ec8ea25-15e9-4efb-812c-3daedc43d046,watch-3ec8ea25-15e9-4efb-812c-3daedc43d046-0,,,,episode,,,,,1500,1,3f34594c-8d53-40b8-af9e-1a444cb89900,6768665,1631379341,12,watched-episode-3f34594c-8d53-40b8-af9e-1a444cb89900-3ec8ea25-15e9-4efb-812c-3daedc43d046,,,watch-date-1631379341,true,us
2021-10-09 23:54:17,267441,13991889,watch,The Devil Is a Part-Timer!,,2021-10-09 23:54:17,3f081f20-ffd7-47d0-af6e-5f79cce69bf8,watch-3f081f20-ffd7-47d0-af6e-5f79cce69bf8-0,,,,episode,,,,,1500,1,f0a1217d-9257-44b4-83ed-b4eb00f631b1,4523082,1633823657,8,watched-episode-f0a1217d-9257-44b4-83ed-b4eb00f631b1-3f081f20-ffd7-47d0-af6e-5f79cce69bf8,,,watch-date-1633823657,true,us
2019-08-10 05:59:53,,13991889,watch,,,2019-08-10 05:59:53,3f0cd3f5-a89a-45a6-9e59-e1806b04068a,watch-3f0cd3f5-a89a-45a6-9e59-e1806b04068a-0,,0,,movie,Alvin and the Chipmunks,,,,,,,,,,,,,,,
2019-08-10 06:02:32,,13991889,watch,,,2019-08-10 06:02:32,3f3601ce-80dc-4569-80b3-16027a061c4b,watch-3f3601ce-80dc-4569-80b3-16027a061c4b-0,,0,,movie,Mission: Impossible – Ghost Protocol,,,,,,,,,,,,,,,
2021-06-12 16:18:41,305074,13991889,watch,My Hero Academia,,2021-06-12 16:18:41,3fb08df2-a324-4e1a-89bc-279c7113bcdf,watch-3fb08df2-a324-4e1a-89bc-279c7113bcdf-0,,,,episode,,,,,,5,b4e8e618-0fbb-46c6-9ccc-bf3ca6f09251,8159515,1623514721,12,watched-episode-b4e8e618-0fbb-46c6-9ccc-bf3ca6f09251-3fb08df2-a324-4e1a-89bc-279c7113bcdf,,,watch-date-1623514721,true,us
2020-12-18 14:08:16,349643,13991889,watch,Hilda,,2020-12-18 14:08:16,3fcae800-787b-459a-b9d1-2874c938a278,watch-3fcae800-787b-459a-b9d1-2874c938a278-0,,,,episode,,,,,,2,c41bc231-1f55-46c2-b458-ef93309eef32,8088649,1608300496,5,watched-episode-c41bc231-1f55-46c2-b458-ef93309eef32-3fcae800-787b-459a-b9d1-2874c938a278,,,watch-date-1608300496,true,us
2023-05-15 16:04:06,,13991889,watch,,,2023-05-15 16:04:06,40b1a8ca-b35c-451f-9dfd-2c4186bae401,watch-40b1a8ca-b35c-451f-9dfd-2c4186bae401-0,,,,movie,Guardians of the Galaxy Vol. 3,watch-release-date-2023-05-04,2023-05-04 00:00:00,watch-alpha-guardians-of-the-galaxy-vol-3,9000,,,,,,,,,watch-date-1684166646,,AR
2022-08-21 02:56:35,,13991889,watch,,,2022-08-21 02:56:35,40b96671-4bc7-490a-afc8-ef6812dd317e,watch-40b96671-4bc7-490a-afc8-ef6812dd317e-0,,,,movie,The Perfect Guy,watch-release-date-2015-09-11,2015-09-11 00:00:00,watch-alpha-the-perfect-guy,6000,,,,,,,,,watch-date-1661050595,,US
2023-05-26 02:39:40,,13991889,watch,,,2023-05-26 02:39:40,40f51d30-e41e-4637-a7d1-b2245acdc09a,watch-40f51d30-e41e-4637-a7d1-b2245acdc09a-0,,,,movie,Home Sweet Hell,watch-release-date-2015-03-13,2015-03-13 00:00:00,watch-alpha-home-sweet-hell,5880,,,,,,,,,watch-date-1685068780,,AR
2021-02-10 13:42:53,284131,13991889,watch,The Seven Deadly Sins,,2021-02-10 13:42:53,4122bc58-5c91-4980-bfe9-4892ee14e93c,watch-4122bc58-5c91-4980-bfe9-4892ee14e93c-0,,,,episode,,,,,,4,6436b274-ca56-4d2f-8c68-2956bc0fcab6,8139311,1612964573,5,watched-episode-6436b274-ca56-4d2f-8c68-2956bc0fcab6-4122bc58-5c91-4980-bfe9-4892ee14e93c,,,watch-date-1612964573,true,us
2021-04-02 00:06:30,339353,13991889,watch,B: The Beginning,,2021-04-02 00:06:30,4126f40c-2047-4e7a-b6fd-554724f69425,watch-4126f40c-2047-4e7a-b6fd-554724f69425-0,,,,episode,,,,,,1,ad1dcc9f-bf02-40c6-8524-fda5fc171955,6497913,1617321990,11,watched-episode-ad1dcc9f-bf02-40c6-8524-fda5fc171955-4126f40c-2047-4e7a-b6fd-554724f69425,,,watch-date-1617321990,true,us
2026-04-19 02:51:52,,13991889,watch,,,2026-04-19 02:51:52,4144a76e-38a3-4554-8249-46178d60713a,watch-4144a76e-38a3-4554-8249-46178d60713a-0,,,,movie,Nobody,watch-release-date-2021-03-26,2021-03-26 00:00:00,watch-alpha-nobody,5460,,,,,,,,,watch-date-1776567112,,US
2021-06-24 05:46:46,376751,13991889,watch,The Daily Life of the Immortal King,,2021-06-24 05:46:46,416e5024-1ca1-4684-ad6f-6933fc85f23f,watch-416e5024-1ca1-4684-ad6f-6933fc85f23f-0,,,,episode,,,,,,1,97fa280e-6382-4ddf-ac69-bac712f946d6,7580591,1624513606,8,watched-episode-97fa280e-6382-4ddf-ac69-bac712f946d6-416e5024-1ca1-4684-ad6f-6933fc85f23f,,,watch-date-1624513606,true,us
2019-08-10 05:58:02,,13991889,watch,,,2019-08-10 05:58:02,4211c259-0daf-4ebf-8848-4e06623de07c,watch-4211c259-0daf-4ebf-8848-4e06623de07c-0,,0,,movie,Enchanted,,,,,,,,,,,,,,,
2020-08-23 03:33:30,,13991889,watch,,,2020-08-23 03:33:30,421f69c1-195e-433f-a64b-6191a3db7524,watch-421f69c1-195e-433f-a64b-6191a3db7524-0,,0,,movie,Time Trap,,0001-01-01 00:00:00,,,,,,,,,,,,,
2019-08-10 06:06:38,,13991889,watch,,,2019-08-10 06:06:38,42212253-cdec-4f77-9f18-1352c05ea10a,watch-42212253-cdec-4f77-9f18-1352c05ea10a-0,,0,,movie,The Sword in the Stone,,,,,,,,,,,,,,,
2021-02-15 02:06:29,362392,13991889,watch,WandaVision,,2021-02-15 02:06:29,423b1e8f-2529-4038-a183-2b41627339c9,watch-423b1e8f-2529-4038-a183-2b41627339c9-0,,,,episode,,,,,,1,e0f26948-10ad-4865-a187-eaf236616cb0,8042515,1613354789,1,watched-episode-e0f26948-10ad-4865-a187-eaf236616cb0-423b1e8f-2529-4038-a183-2b41627339c9,,,watch-date-1613354789,true,us
2019-08-08 05:17:44,,13991889,watch,,,2019-08-08 05:17:44,425ab4f4-873d-4f73-8fb6-eaf1df24cb52,watch-425ab4f4-873d-4f73-8fb6-eaf1df24cb52-0,,0,,movie,Justice League: The Flashpoint Paradox,,,,,,,,,,,,,,,
2021-03-30 04:36:32,377543,13991889,watch,JUJUTSU KAISEN,,2021-03-30 04:36:32,426147e1-26c1-492b-83d1-3826ac11674e,watch-426147e1-26c1-492b-83d1-3826ac11674e-0,,,,episode,,,,,,1,629493df-1990-437e-a64f-3adf1f2782c1,7973210,1617078992,24,watched-episode-629493df-1990-437e-a64f-3adf1f2782c1-426147e1-26c1-492b-83d1-3826ac11674e,,,watch-date-1617078992,true,us
2021-08-16 04:07:19,,13991889,watch,,,2021-08-16 04:07:19,42814c39-07fe-4c44-a315-0ba14342384f,watch-42814c39-07fe-4c44-a315-0ba14342384f-0,,,,movie,F9,watch-release-date-2021-07-14,2021-07-14 00:00:00,watch-alpha-f9,8580,,,,,,,,,watch-date-1629086839,,AR
2021-04-21 20:37:03,348545,13991889,watch,Demon Slayer: Kimetsu no Yaiba,,2021-04-21 20:37:03,42bf7101-5362-4cd0-97c0-cd5a5ed6adc4,watch-42bf7101-5362-4cd0-97c0-cd5a5ed6adc4-0,,,,episode,,,,,,1,015f238e-e893-4c3a-973a-674eb2a1df87,7081365,1619037423,8,watched-episode-015f238e-e893-4c3a-973a-674eb2a1df87-42bf7101-5362-4cd0-97c0-cd5a5ed6adc4,,,watch-date-1619037423,true,us
2021-05-22 03:58:13,305074,13991889,watch,My Hero Academia,,2021-05-22 03:58:13,431b17c4-95d2-4a17-8c6a-6f0bc1a7d4c6,watch-431b17c4-95d2-4a17-8c6a-6f0bc1a7d4c6-0,,,,episode,,,,,,4,b4e8e618-0fbb-46c6-9ccc-bf3ca6f09251,7553214,1621655893,24,watched-episode-b4e8e618-0fbb-46c6-9ccc-bf3ca6f09251-431b17c4-95d2-4a17-8c6a-6f0bc1a7d4c6,,,watch-date-1621655893,true,us
2023-01-28 02:55:19,,13991889,watch,,,2023-01-28 02:55:19,434185ac-07ab-4e90-9a58-84af5e007311,watch-434185ac-07ab-4e90-9a58-84af5e007311-0,,,,movie,Shotgun Wedding,watch-release-date-2023-01-27,2023-01-27 00:00:00,watch-alpha-shotgun-wedding,6000,,,,,,,,,watch-date-1674874519,,AR
2019-08-10 05:56:13,,13991889,watch,,,2019-08-10 05:56:13,43e92f62-f10b-4974-8012-65302885a79b,watch-43e92f62-f10b-4974-8012-65302885a79b-0,,0,,movie,Despicable Me 3,,,,,,,,,,,,,,,
2020-12-15 21:25:44,349643,13991889,watch,Hilda,,2020-12-15 21:25:44,43eed59d-3a1e-44e6-b4a0-f17d31ead12a,watch-43eed59d-3a1e-44e6-b4a0-f17d31ead12a-0,,,,episode,,,,,,2,c41bc231-1f55-46c2-b458-ef93309eef32,8051748,1608067544,2,watched-episode-c41bc231-1f55-46c2-b458-ef93309eef32-43eed59d-3a1e-44e6-b4a0-f17d31ead12a,,,watch-date-1608067544,true,us
2020-10-12 05:17:49,,13991889,watch,,,2020-10-12 05:17:49,443eb839-2bb0-4743-9116-55b37647c102,watch-443eb839-2bb0-4743-9116-55b37647c102-0,,0,,movie,Ahí te encargo,,0001-01-01 00:00:00,,,,,,,,,,,,,
2021-10-16 21:23:34,402412,13991889,watch,Komi Can't Communicate,,2021-10-16 21:23:34,4459d927-afe1-45ff-9a52-4d1357f6f073,watch-4459d927-afe1-45ff-9a52-4d1357f6f073-0,,,,episode,,,,,1440,1,aaeb7879-fd12-499e-a24b-c00d5797f6b4,8740145,1634419414,2,watched-episode-aaeb7879-fd12-499e-a24b-c00d5797f6b4-4459d927-afe1-45ff-9a52-4d1357f6f073,,,watch-date-1634419414,true,us
2026-04-16 00:52:49,,13991889,watch,,,2026-04-16 00:52:49,446322bc-64ee-4e18-9dc4-f28033efc128,watch-446322bc-64ee-4e18-9dc4-f28033efc128-0,,,,movie,Nuremberg,watch-release-date-2025-12-18,2025-12-18 00:00:00,watch-alpha-nuremberg,8940,,,,,,,,,watch-date-1776300769,,US
2021-11-10 14:16:56,383275,13991889,watch,Squid Game,,2021-11-10 14:16:56,448a8707-6d5c-438c-b257-daba711bdaf8,watch-448a8707-6d5c-438c-b257-daba711bdaf8-0,,,,episode,,,,,3300,1,a704a3c7-996b-40d8-bdb8-76fc2a34e1fd,8640477,1636553816,6,watched-episode-a704a3c7-996b-40d8-bdb8-76fc2a34e1fd-448a8707-6d5c-438c-b257-daba711bdaf8,,,watch-date-1636553816,true,us
2021-04-12 17:21:34,348002,13991889,watch,The Promised Neverland,,2021-04-12 17:21:34,44928a55-bc69-4476-81f3-6e0a73cb96a4,watch-44928a55-bc69-4476-81f3-6e0a73cb96a4-0,,,,episode,,,,,,2,fba3a83c-e062-4bea-a884-245e69f3931a,8128381,1618248094,8,watched-episode-fba3a83c-e062-4bea-a884-245e69f3931a-44928a55-bc69-4476-81f3-6e0a73cb96a4,,,watch-date-1618248094,true,us
2019-08-10 05:57:27,,13991889,watch,,,2019-08-10 05:57:27,44f6dc76-5643-4d94-83ae-5368d8f64c32,watch-44f6dc76-5643-4d94-83ae-5368d8f64c32-0,,0,,movie,World War Z,,,,,,,,,,,,,,,
2019-08-10 05:53:35,,13991889,watch,,,2019-08-10 05:53:35,451497a1-3596-4cec-8fe1-ce457ec98946,watch-451497a1-3596-4cec-8fe1-ce457ec98946-0,,0,,movie,To All the Boys I've Loved Before,,,,,,,,,,,,,,,
2023-08-19 03:13:16,,13991889,watch,,,2023-08-19 03:13:16,45bb0395-1f4d-424c-b1dd-5b6d546693ca,watch-45bb0395-1f4d-424c-b1dd-5b6d546693ca-0,,,,movie,Flamin' Hot,watch-release-date-2023-06-09,2023-06-09 00:00:00,watch-alpha-flamin'-hot,5940,,,,,,,,,watch-date-1692414796,,AR
2019-08-10 05:58:23,,13991889,watch,,,2019-08-10 05:58:23,46166a01-b4cf-41ec-8a3b-51e1adbe9c44,watch-46166a01-b4cf-41ec-8a3b-51e1adbe9c44-0,,0,,movie,Terminator: Dark Fate,,,,,,,,,,,,,,,
2019-08-10 06:03:38,,13991889,watch,,,2019-08-10 06:03:38,461ac707-ded8-45b6-b22d-8aaec8a94c7a,watch-461ac707-ded8-45b6-b22d-8aaec8a94c7a-0,,0,,movie,Wizards of Waverly Place: The Movie,,,,,,,,,,,,,,,
2021-02-24 00:04:29,328724,13991889,watch,Young Sheldon,,2021-02-24 00:04:29,46cb3f33-06bb-48f7-8c27-e53a87b57023,watch-46cb3f33-06bb-48f7-8c27-e53a87b57023-0,,,,episode,,,,,,4,7675925d-5d4d-4580-856a-2a9bf2441a46,8149825,1614125069,7,watched-episode-7675925d-5d4d-4580-856a-2a9bf2441a46-46cb3f33-06bb-48f7-8c27-e53a87b57023,,,watch-date-1614125069,true,us
2019-08-10 05:55:13,,13991889,watch,,,2019-08-10 05:55:13,4732ede8-6cbd-4a9e-b62c-1f2e11515c2f,watch-4732ede8-6cbd-4a9e-b62c-1f2e11515c2f-0,,0,,movie,Sherlock Holmes,,,,,,,,,,,,,,,
2019-09-09 02:00:06,,13991889,watch,,,2019-09-09 02:00:06,474257f3-9239-4375-b645-a8bc2aebc6cb,watch-474257f3-9239-4375-b645-a8bc2aebc6cb-0,,0,,movie,,,0001-01-01 00:00:00,,,,,,,,,,,,,
2021-05-05 03:33:32,305074,13991889,watch,My Hero Academia,,2021-05-05 03:33:32,47c5b128-fab2-49ab-a007-7d6c86aed281,watch-47c5b128-fab2-49ab-a007-7d6c86aed281-0,,,,episode,,,,,,4,b4e8e618-0fbb-46c6-9ccc-bf3ca6f09251,7388141,1620185612,4,watched-episode-b4e8e618-0fbb-46c6-9ccc-bf3ca6f09251-47c5b128-fab2-49ab-a007-7d6c86aed281,,,watch-date-1620185612,true,us
2019-08-10 05:44:14,,13991889,watch,,,2019-08-10 05:44:14,480032ef-e2f2-4d4a-804b-edb08e08ff79,watch-480032ef-e2f2-4d4a-804b-edb08e08ff79-0,,0,,movie,Avengers: Age of Ultron,,,,,,,,,,,,,,,
2021-07-08 01:41:42,279831,13991889,watch,Parasyte -the maxim-,,2021-07-08 01:41:42,4803edcf-7526-4585-b0bf-d0f2f43fd623,watch-4803edcf-7526-4585-b0bf-d0f2f43fd623-0,,,,episode,,,,,,1,e04658af-ac15-450b-8bde-faa6e2d97950,5037909,1625708502,23,watched-episode-e04658af-ac15-450b-8bde-faa6e2d97950-4803edcf-7526-4585-b0bf-d0f2f43fd623,,,watch-date-1625708502,true,us
2023-10-22 03:32:52,,13991889,watch,,,2023-10-22 03:32:52,4859d0a1-bb82-4710-9f52-69520bb0f7af,watch-4859d0a1-bb82-4710-9f52-69520bb0f7af-0,,,,movie,Fast X,watch-release-date-2023-05-19,2023-05-19 00:00:00,watch-alpha-fast-x,8460,,,,,,,,,watch-date-1697945572,,AR
2021-05-22 16:50:21,327572,13991889,watch,Kakegurui,,2021-05-22 16:50:21,4869e139-9d93-494e-8ff3-e1cd226c032f,watch-4869e139-9d93-494e-8ff3-e1cd226c032f-0,,,,episode,,,,,,2,7d5f3a6e-734d-4b59-ab86-60f0e293ab5c,6944336,1621702221,8,watched-episode-7d5f3a6e-734d-4b59-ab86-60f0e293ab5c-4869e139-9d93-494e-8ff3-e1cd226c032f,,,watch-date-1621702221,true,us
2021-06-26 16:42:37,279831,13991889,watch,Parasyte -the maxim-,,2021-06-26 16:42:37,48c21824-b651-4d96-9ba9-e0b68de23d14,watch-48c21824-b651-4d96-9ba9-e0b68de23d14-0,,,,episode,,,,,,1,e04658af-ac15-450b-8bde-faa6e2d97950,5031445,1624725757,6,watched-episode-e04658af-ac15-450b-8bde-faa6e2d97950-48c21824-b651-4d96-9ba9-e0b68de23d14,,,watch-date-1624725757,true,us
2020-10-14 18:22:54,,13991889,watch,,,2020-10-14 18:22:54,48cb4a00-f2a6-4965-bb34-fca47a3d8193,watch-48cb4a00-f2a6-4965-bb34-fca47a3d8193-0,,0,,movie,Flatliners,,0001-01-01 00:00:00,,,,,,,,,,,,,
2021-02-08 22:15:35,305074,13991889,watch,My Hero Academia,,2021-02-08 22:15:35,48f265c4-dbb7-460e-a03e-0c24c80120aa,watch-48f265c4-dbb7-460e-a03e-0c24c80120aa-0,,,,episode,,,,,,3,b4e8e618-0fbb-46c6-9ccc-bf3ca6f09251,6633251,1612822535,25,watched-episode-b4e8e618-0fbb-46c6-9ccc-bf3ca6f09251-48f265c4-dbb7-460e-a03e-0c24c80120aa,,,watch-date-1612822535,true,us
2019-08-10 05:58:20,,13991889,watch,,,2019-08-10 05:58:20,49074ff3-b5f8-4f4c-90b3-a210fab6b07e,watch-49074ff3-b5f8-4f4c-90b3-a210fab6b07e-0,,0,,movie,101 Dalmatians,,,,,,,,,,,,,,,
2021-02-08 22:17:59,327572,13991889,watch,Kakegurui,,2021-02-08 22:17:59,4a09da33-5ca6-4ccf-ac5a-20c2cf628bae,watch-4a09da33-5ca6-4ccf-ac5a-20c2cf628bae-0,,,,episode,,,,,,2,7d5f3a6e-734d-4b59-ab86-60f0e293ab5c,6927472,1612822679,1,watched-episode-7d5f3a6e-734d-4b59-ab86-60f0e293ab5c-4a09da33-5ca6-4ccf-ac5a-20c2cf628bae,,,watch-date-1612822679,true,us
2022-09-17 02:30:12,,13991889,watch,,,2022-09-17 02:30:12,4aabf649-673d-4453-a6bb-73ad212e8037,watch-4aabf649-673d-4453-a6bb-73ad212e8037-0,,,,movie,Bullet Train,watch-release-date-2022-08-05,2022-08-05 00:00:00,watch-alpha-bullet-train,7620,,,,,,,,,watch-date-1663381812,,AR
2020-12-12 05:32:22,78831,13991889,watch,Drawn Together,,2020-12-12 05:32:22,4ac666bc-1ae0-4ee2-9a1e-89e99cc043c2,watch-4ac666bc-1ae0-4ee2-9a1e-89e99cc043c2-0,,,,episode,,,,,,3,40652d64-ab6f-4708-a334-f9195176d942,312444,1607751142,7,watched-episode-40652d64-ab6f-4708-a334-f9195176d942-4ac666bc-1ae0-4ee2-9a1e-89e99cc043c2,,,watch-date-1607751142,true,us
2019-08-10 05:44:52,,13991889,watch,,,2019-08-10 05:44:52,4ae4c259-b063-4330-a688-0eb3fc619855,watch-4ae4c259-b063-4330-a688-0eb3fc619855-0,,0,,movie,The Lion King,,,,,,,,,,,,,,,
2021-10-20 01:34:20,399121,13991889,watch,Mieruko-chan,,2021-10-20 01:34:20,4af41524-ba6b-4888-a990-4a547642fdf0,watch-4af41524-ba6b-4888-a990-4a547642fdf0-0,,,,episode,,,,,1440,1,e05df8c5-e61f-44fc-86d8-91a65d3dd110,8747078,1634693660,3,watched-episode-e05df8c5-e61f-44fc-86d8-91a65d3dd110-4af41524-ba6b-4888-a990-4a547642fdf0,,,watch-date-1634693660,true,us
2021-02-10 02:51:24,284131,13991889,watch,The Seven Deadly Sins,,2021-02-10 02:51:24,4b25783f-e869-4124-a1b6-a7766be7ddae,watch-4b25783f-e869-4124-a1b6-a7766be7ddae-0,,,,episode,,,,,,4,6436b274-ca56-4d2f-8c68-2956bc0fcab6,8139307,1612925484,4,watched-episode-6436b274-ca56-4d2f-8c68-2956bc0fcab6-4b25783f-e869-4124-a1b6-a7766be7ddae,,,watch-date-1612925484,true,us
2021-02-24 22:14:56,,13991889,watch,,,2021-02-24 22:14:56,4b720336-e196-4b1b-9f3b-6013e0f0008e,watch-4b720336-e196-4b1b-9f3b-6013e0f0008e-0,,,,movie,Dream 9 Toriko & One Piece & Dragon Ball Z Super Collaboration Special!!,watch-release-date-2013-04-07,2013-04-07 00:00:00,watch-alpha-dream-9-toriko-&-one-piece-&-dragon-ball-z-super-collaboration-special,,,,,,,,,,watch-date-1614204896,,AR
2021-08-21 04:50:30,393810,13991889,watch,Record of Ragnarok,,2021-08-21 04:50:30,4bb11ebf-3fa4-4500-8445-951545a0fb82,watch-4bb11ebf-3fa4-4500-8445-951545a0fb82-0,,,,episode,,,,,1500,1,37358331-3dd5-4503-afb3-d63ddf158cd4,8481733,1629521430,11,watched-episode-37358331-3dd5-4503-afb3-d63ddf158cd4-4bb11ebf-3fa4-4500-8445-951545a0fb82,,,watch-date-1629521430,true,us
2020-12-25 21:42:27,347734,13991889,watch,Super Dragon Ball Heroes,,2020-12-25 21:42:27,4bc5bf39-84bc-402d-936d-49699f6f4409,watch-4bc5bf39-84bc-402d-936d-49699f6f4409-0,,,,episode,,,,,,3,a91c09d6-e687-4094-9290-206ae8c0cd75,8021058,1608932547,9,watched-episode-a91c09d6-e687-4094-9290-206ae8c0cd75-4bc5bf39-84bc-402d-936d-49699f6f4409,,,watch-date-1608932547,true,us
2019-08-08 05:09:45,,13991889,watch,,,2019-08-08 05:09:45,4c1a81fe-0aa6-4f55-9744-07221938275b,watch-4c1a81fe-0aa6-4f55-9744-07221938275b-0,,0,,movie,Aquaman,,,,,,,,,,,,,,,
2021-02-24 00:04:34,328724,13991889,watch,Young Sheldon,,2021-02-24 00:04:34,4c1ab146-1fdf-4fcf-850a-e70ecf542f79,watch-4c1ab146-1fdf-4fcf-850a-e70ecf542f79-0,,,,episode,,,,,,4,7675925d-5d4d-4580-856a-2a9bf2441a46,8167112,1614125074,8,watched-episode-7675925d-5d4d-4580-856a-2a9bf2441a46-4c1ab146-1fdf-4fcf-850a-e70ecf542f79,,,watch-date-1614125074,true,us
2021-02-20 17:02:44,284131,13991889,watch,The Seven Deadly Sins,,2021-02-20 17:02:44,4c2dbc71-95cf-4dd2-973c-05b1418f6f67,watch-4c2dbc71-95cf-4dd2-973c-05b1418f6f67-0,,,,episode,,,,,,4,6436b274-ca56-4d2f-8c68-2956bc0fcab6,8139312,1613840564,6,watched-episode-6436b274-ca56-4d2f-8c68-2956bc0fcab6-4c2dbc71-95cf-4dd2-973c-05b1418f6f67,,,watch-date-1613840564,true,us
2021-05-30 02:59:53,305074,13991889,watch,My Hero Academia,,2021-05-30 02:59:53,4cc0aeee-5549-42a8-ae31-03f03ab6e88f,watch-4cc0aeee-5549-42a8-ae31-03f03ab6e88f-0,,,,episode,,,,,,5,b4e8e618-0fbb-46c6-9ccc-bf3ca6f09251,8159506,1622343593,3,watched-episode-b4e8e618-0fbb-46c6-9ccc-bf3ca6f09251-4cc0aeee-5549-42a8-ae31-03f03ab6e88f,,,watch-date-1622343593,true,us
2019-08-08 05:17:59,,13991889,watch,,,2019-08-08 05:17:59,4cfff357-1a0c-4224-b974-70ea245b4bd1,watch-4cfff357-1a0c-4224-b974-70ea245b4bd1-0,,0,,movie,How to Train Your Dragon: The Hidden World,,,,,,,,,,,,,,,
2021-03-06 02:38:54,362392,13991889,watch,WandaVision,,2021-03-06 02:38:54,4d05c857-d150-4369-8620-290ab31a0eff,watch-4d05c857-d150-4369-8620-290ab31a0eff-0,,,,episode,,,,,,1,e0f26948-10ad-4865-a187-eaf236616cb0,8043112,1614998334,6,watched-episode-e0f26948-10ad-4865-a187-eaf236616cb0-4d05c857-d150-4369-8620-290ab31a0eff,,,watch-date-1614998334,true,us
2021-02-08 22:17:24,327572,13991889,watch,Kakegurui,,2021-02-08 22:17:24,4d260e41-53b2-4f40-8051-d8a4f8fc8522,watch-4d260e41-53b2-4f40-8051-d8a4f8fc8522-0,,,,episode,,,,,,1,7d5f3a6e-734d-4b59-ab86-60f0e293ab5c,6148636,1612822644,4,watched-episode-7d5f3a6e-734d-4b59-ab86-60f0e293ab5c-4d260e41-53b2-4f40-8051-d8a4f8fc8522,,,watch-date-1612822644,true,us
2021-11-04 03:36:17,79481,13991889,watch,Death Note,,2021-11-04 03:36:17,4d48b0d4-9446-4a03-8853-39faeaaf257b,watch-4d48b0d4-9446-4a03-8853-39faeaaf257b-0,,,,episode,,,,,1320,1,d6adbb6e-05b6-45fe-bf0c-34aee5fc663c,316391,1635996977,12,watched-episode-d6adbb6e-05b6-45fe-bf0c-34aee5fc663c-4d48b0d4-9446-4a03-8853-39faeaaf257b,,,watch-date-1635996977,true,us
2021-11-10 14:16:54,383275,13991889,watch,Squid Game,,2021-11-10 14:16:54,4df825f9-6f4d-4d72-a741-1e0e6ab03986,watch-4df825f9-6f4d-4d72-a741-1e0e6ab03986-0,,,,episode,,,,,3300,1,a704a3c7-996b-40d8-bdb8-76fc2a34e1fd,8640476,1636553814,5,watched-episode-a704a3c7-996b-40d8-bdb8-76fc2a34e1fd-4df825f9-6f4d-4d72-a741-1e0e6ab03986,,,watch-date-1636553814,true,us
2021-05-10 05:44:05,305074,13991889,watch,My Hero Academia,,2021-05-10 05:44:05,4dfcd241-cba1-4b3c-a5f2-57545c6a3e84,watch-4dfcd241-cba1-4b3c-a5f2-57545c6a3e84-0,,,,episode,,,,,,4,b4e8e618-0fbb-46c6-9ccc-bf3ca6f09251,7513644,1620625445,15,watched-episode-b4e8e618-0fbb-46c6-9ccc-bf3ca6f09251-4dfcd241-cba1-4b3c-a5f2-57545c6a3e84,,,watch-date-1620625445,true,us
2021-04-06 00:49:13,355774,13991889,watch,Dr. STONE,,2021-04-06 00:49:13,4e7ff193-60e0-4540-871e-b30b10d1b201,watch-4e7ff193-60e0-4540-871e-b30b10d1b201-0,,,,episode,,,,,,2,14f8bad3-d1da-4e83-b1e7-9cd5bb66a51e,8145694,1617670153,10,watched-episode-14f8bad3-d1da-4e83-b1e7-9cd5bb66a51e-4e7ff193-60e0-4540-871e-b30b10d1b201,,,watch-date-1617670153,true,us
2021-04-24 15:22:04,305074,13991889,watch,My Hero Academia,,2021-04-24 15:22:04,4eda65bd-6f92-44fa-9ef5-656e0118f72d,watch-4eda65bd-6f92-44fa-9ef5-656e0118f72d-0,,,,episode,,,,,,4,b4e8e618-0fbb-46c6-9ccc-bf3ca6f09251,7381252,1619277724,3,watched-episode-b4e8e618-0fbb-46c6-9ccc-bf3ca6f09251-4eda65bd-6f92-44fa-9ef5-656e0118f72d,,,watch-date-1619277724,true,us
2019-08-08 05:18:55,,13991889,watch,,,2019-08-08 05:18:55,4f0137c0-0c6b-41a5-a0ad-5309fdf617c1,watch-4f0137c0-0c6b-41a5-a0ad-5309fdf617c1-0,,0,,movie,Shrek 2,,,,,,,,,,,,,,,
2019-08-10 05:53:56,,13991889,watch,,,2019-08-10 05:53:56,4f262f66-0bae-4456-8b35-ffb351520fd9,watch-4f262f66-0bae-4456-8b35-ffb351520fd9-0,,0,,movie,Insurgent,,,,,,,,,,,,,,,
2019-08-10 06:02:21,,13991889,watch,,,2019-08-10 06:02:21,4f9c1296-9b80-4401-b053-c0a026cad394,watch-4f9c1296-9b80-4401-b053-c0a026cad394-0,,0,,movie,Bumblebee,,,,,,,,,,,,,,,
2024-06-29 02:42:18,,13991889,watch,,,2024-06-29 02:42:18,4fd35bdd-64d9-495a-96d8-2833fb5a8a1a,watch-4fd35bdd-64d9-495a-96d8-2833fb5a8a1a-0,,,,movie,Spadek,watch-release-date-2024-06-19,2024-06-19 00:00:00,watch-alpha-inheritance,5640,,,,,,,,,watch-date-1719628938,,US
2021-05-17 04:37:07,357888,13991889,watch,"Love, Death & Robots",,2021-05-17 04:37:07,4ff83876-2c28-47d5-b505-59105336ef97,watch-4ff83876-2c28-47d5-b505-59105336ef97-0,,,,episode,,,,,,2,ad76771e-2a66-4748-93f6-5853f407b216,8376691,1621226227,3,watched-episode-ad76771e-2a66-4748-93f6-5853f407b216-4ff83876-2c28-47d5-b505-59105336ef97,,,watch-date-1621226227,true,us
2019-08-10 06:07:21,,13991889,watch,,,2019-08-10 06:07:21,50321201-f5ab-4896-96c3-a36cc5ba1b47,watch-50321201-f5ab-4896-96c3-a36cc5ba1b47-0,,0,,movie,"Monsters, Inc.",,,,,,,,,,,,,,,
2022-09-24 03:04:59,,13991889,watch,,,2022-09-24 03:04:59,50c97269-c341-4cce-b7ea-8d6a4b0a4005,watch-50c97269-c341-4cce-b7ea-8d6a4b0a4005-0,,,,movie,Honor Society,watch-release-date-2022-07-29,2022-07-29 00:00:00,watch-alpha-honor-society,5820,,,,,,,,,watch-date-1663988699,,AR
2019-08-10 05:53:29,,13991889,watch,,,2019-08-10 05:53:29,50f7c028-086a-4829-aa22-19d258875fda,watch-50f7c028-086a-4829-aa22-19d258875fda-0,,0,,movie,Chicken Run,,,,,,,,,,,,,,,
2019-08-10 05:59:13,,13991889,watch,,,2019-08-10 05:59:13,5112cff4-e912-4e68-97d1-3ba37820a8a3,watch-5112cff4-e912-4e68-97d1-3ba37820a8a3-0,,0,,movie,Alice in Wonderland,,,,,,,,,,,,,,,
2022-07-02 01:57:25,,13991889,watch,,,2022-07-02 01:57:25,5256a369-52fd-456f-9a1a-4242f99ce529,watch-5256a369-52fd-456f-9a1a-4242f99ce529-0,,,,movie,The Man from Toronto,watch-release-date-2022-06-24,2022-06-24 00:00:00,watch-alpha-the-man-from-toronto,6600,,,,,,,,,watch-date-1656727045,,US
2024-05-03 19:13:53,,13991889,watch,,,2024-05-03 19:13:53,5259e72a-10b4-4f7d-b44a-ba7d8aab7fb6,watch-5259e72a-10b4-4f7d-b44a-ba7d8aab7fb6-0,,,,movie,Jobs,watch-release-date-2013-09-20,2013-09-20 00:00:00,watch-alpha-jobs,7680,,,,,,,,,watch-date-1714763633,,US
2019-08-10 06:01:09,,13991889,watch,,,2019-08-10 06:01:09,52ca7c81-5aad-481b-92b8-3320c368299d,watch-52ca7c81-5aad-481b-92b8-3320c368299d-0,,0,,movie,Bee Movie,,,,,,,,,,,,,,,
2019-08-10 06:07:50,,13991889,watch,,,2019-08-10 06:07:50,52dcb80f-0409-4980-b39d-5f82bc4e8893,watch-52dcb80f-0409-4980-b39d-5f82bc4e8893-0,,0,,movie,Elf,,,,,,,,,,,,,,,
2021-02-08 22:17:28,327572,13991889,watch,Kakegurui,,2021-02-08 22:17:28,5321acca-54c9-4638-8894-276ca1f3a2c8,watch-5321acca-54c9-4638-8894-276ca1f3a2c8-0,,,,episode,,,,,,1,7d5f3a6e-734d-4b59-ab86-60f0e293ab5c,6165517,1612822648,8,watched-episode-7d5f3a6e-734d-4b59-ab86-60f0e293ab5c-5321acca-54c9-4638-8894-276ca1f3a2c8,,,watch-date-1612822648,true,us
2021-03-16 02:40:08,,13991889,watch,,,2021-03-16 02:40:08,538179ba-add3-445e-89e7-eea05a75072c,watch-538179ba-add3-445e-89e7-eea05a75072c-0,,,,movie,Perfectos desconocidos,watch-release-date-2017-12-01,2017-12-01 00:00:00,watch-alpha-perfectos-desconocidos-(spain),,,,,,,,,,watch-date-1615862408,,ar
2021-06-20 17:46:25,305074,13991889,watch,My Hero Academia,,2021-06-20 17:46:25,538b17b1-dd18-4b47-a7cb-24f9e92ddece,watch-538b17b1-dd18-4b47-a7cb-24f9e92ddece-0,,,,episode,,,,,,5,b4e8e618-0fbb-46c6-9ccc-bf3ca6f09251,8327241,1624211185,13,watched-episode-b4e8e618-0fbb-46c6-9ccc-bf3ca6f09251-538b17b1-dd18-4b47-a7cb-24f9e92ddece,,,watch-date-1624211185,true,us
2021-11-27 04:18:32,,13991889,watch,,,2021-11-27 04:18:32,53a7de87-a4b4-45be-b204-11760412bbd5,watch-53a7de87-a4b4-45be-b204-11760412bbd5-0,,,,movie,Venom: Let There Be Carnage,watch-release-date-2021-10-20,2021-10-20 00:00:00,watch-alpha-venom-let-there-be-carnage,5820,,,,,,,,,watch-date-1637986712,,AR
2019-08-10 05:55:58,,13991889,watch,,,2019-08-10 05:55:58,53e652f0-5260-4e87-ba0b-51d2e6c7fc51,watch-53e652f0-5260-4e87-ba0b-51d2e6c7fc51-0,,0,,movie,X-Men: The Last Stand,,,,,,,,,,,,,,,
2019-08-10 05:51:11,,13991889,watch,,,2019-08-10 05:51:11,5473ee4e-f9e9-4fd0-bfb4-05f463451ef9,watch-5473ee4e-f9e9-4fd0-bfb4-05f463451ef9-0,,0,,movie,Pirates of the Caribbean: On Stranger Tides,,,,,,,,,,,,,,,
2021-06-27 07:24:08,376751,13991889,watch,The Daily Life of the Immortal King,,2021-06-27 07:24:08,548cca61-9f44-44e5-b977-5c4f1eda2b45,watch-548cca61-9f44-44e5-b977-5c4f1eda2b45-0,,,,episode,,,,,,1,97fa280e-6382-4ddf-ac69-bac712f946d6,7587780,1624778648,12,watched-episode-97fa280e-6382-4ddf-ac69-bac712f946d6-548cca61-9f44-44e5-b977-5c4f1eda2b45,,,watch-date-1624778648,true,us
2021-08-24 21:59:40,361034,13991889,watch,How to Sell Drugs Online (Fast),,2021-08-24 21:59:40,548f8935-cf11-4d0e-823d-aeda8d843bd5,watch-548f8935-cf11-4d0e-823d-aeda8d843bd5-0,,,,episode,,,,,1740,3,93804bbd-2bff-4632-9fd2-b65dfa911c13,8083265,1629842380,1,watched-episode-93804bbd-2bff-4632-9fd2-b65dfa911c13-548f8935-cf11-4d0e-823d-aeda8d843bd5,,,watch-date-1629842380,true,us
2019-08-10 05:56:08,,13991889,watch,,,2019-08-10 05:56:08,5491e4d2-3975-4dd6-a468-82186c243a47,watch-5491e4d2-3975-4dd6-a468-82186c243a47-0,,0,,movie,A Bug's Life,,,,,,,,,,,,,,,
2021-06-25 23:15:34,327572,13991889,watch,Kakegurui,,2021-06-25 23:15:34,54a747c2-760b-4c12-9727-5dd3d86697a7,watch-54a747c2-760b-4c12-9727-5dd3d86697a7-0,,,,episode,,,,,,2,7d5f3a6e-734d-4b59-ab86-60f0e293ab5c,6944337,1624662934,9,watched-episode-7d5f3a6e-734d-4b59-ab86-60f0e293ab5c-54a747c2-760b-4c12-9727-5dd3d86697a7,,,watch-date-1624662934,true,us
2020-09-22 22:47:53,,13991889,watch,,,2020-09-22 22:47:53,54c0e0e8-cc02-4d2d-a7a6-893dcc80c2bc,watch-54c0e0e8-cc02-4d2d-a7a6-893dcc80c2bc-0,,0,,movie,"Maggie Simpson in ""Playdate with Destiny""",,0001-01-01 00:00:00,,,,,,,,,,,,,
2021-02-23 06:57:09,361315,13991889,watch,Batwoman,,2021-02-23 06:57:09,54df3b26-97dd-4343-8604-ff8e09f53018,watch-54df3b26-97dd-4343-8604-ff8e09f53018-0,,,,episode,,,,,,2,a68ce349-bf93-4e63-8d32-e23d45af950f,8032033,1614063429,3,watched-episode-a68ce349-bf93-4e63-8d32-e23d45af950f-54df3b26-97dd-4343-8604-ff8e09f53018,,,watch-date-1614063429,true,us
2021-05-24 00:29:48,,13991889,watch,,,2021-05-24 00:29:48,55170f7a-c89f-422a-a1d6-6f0e658bbac8,watch-55170f7a-c89f-422a-a1d6-6f0e658bbac8-0,,,,movie,僕のヒーローアカデミア THE MOVIE ヒーローズ:ライジング,watch-release-date-2020-12-24,2020-12-24 00:00:00,watch-alpha-my-hero-academia-heroes-rising,6240,,,,,,,,,watch-date-1621816188,,AR
2019-08-10 05:55:42,,13991889,watch,,,2019-08-10 05:55:42,55294da6-56da-4d4f-bf85-7a33a4a3124f,watch-55294da6-56da-4d4f-bf85-7a33a4a3124f-0,,0,,movie,Ice Age: Collision Course,,,,,,,,,,,,,,,
2019-10-11 15:08:59,,13991889,watch,,,2019-10-11 15:08:59,552a9d30-cbf8-4a84-93b8-e7f10622fb2e,watch-552a9d30-cbf8-4a84-93b8-e7f10622fb2e-0,,0,,movie,El Camino: A Breaking Bad Movie,,0001-01-01 00:00:00,,,,,,,,,,,,,
2022-03-29 04:51:41,,13991889,watch,,,2022-03-29 04:51:41,5549a61a-b33b-4002-b584-bca8c93e6d0a,watch-5549a61a-b33b-4002-b584-bca8c93e6d0a-0,,,,movie,Escape Room,watch-release-date-2019-01-03,2019-01-03 00:00:00,watch-alpha-escape-room,6000,,,,,,,,,watch-date-1648529501,,US
2021-02-13 21:42:06,353232,13991889,watch,Narcos: Mexico,,2021-02-13 21:42:06,5565aaa5-7bfc-4b1a-8163-27c0ccb2ecfd,watch-5565aaa5-7bfc-4b1a-8163-27c0ccb2ecfd-0,,,,episode,,,,,,2,9a01e954-63e9-428f-9455-7bc85cc852c9,7576348,1613252526,5,watched-episode-9a01e954-63e9-428f-9455-7bc85cc852c9-5565aaa5-7bfc-4b1a-8163-27c0ccb2ecfd,,,watch-date-1613252526,true,us
2021-03-03 03:21:06,377543,13991889,watch,JUJUTSU KAISEN,,2021-03-03 03:21:06,5581b863-95d3-47f0-881b-b69b13ab796c,watch-5581b863-95d3-47f0-881b-b69b13ab796c-0,,,,episode,,,,,,1,629493df-1990-437e-a64f-3adf1f2782c1,7973190,1614741666,16,watched-episode-629493df-1990-437e-a64f-3adf1f2782c1-5581b863-95d3-47f0-881b-b69b13ab796c,,,watch-date-1614741666,true,us
2020-12-11 03:23:06,78831,13991889,watch,Drawn Together,,2020-12-11 03:23:06,559434aa-56a4-4432-9e6f-88439c75f478,watch-559434aa-56a4-4432-9e6f-88439c75f478-0,,,,episode,,,,,,3,40652d64-ab6f-4708-a334-f9195176d942,308064,1607656986,3,watched-episode-40652d64-ab6f-4708-a334-f9195176d942-559434aa-56a4-4432-9e6f-88439c75f478,,,watch-date-1607656986,true,us
2023-10-15 04:25:22,,13991889,watch,,,2023-10-15 04:25:22,55e0f002-e606-4b74-8caf-ae70138a6bb0,watch-55e0f002-e606-4b74-8caf-ae70138a6bb0-0,,,,movie,Gran Turismo,watch-release-date-2023-08-11,2023-08-11 00:00:00,watch-alpha-gran-turismo,8100,,,,,,,,,watch-date-1697343922,,AR
2026-01-18 08:40:55,,13991889,watch,,,2026-01-18 08:40:55,55efe63e-5e95-4b14-b8c6-c6e31c8bb561,watch-55efe63e-5e95-4b14-b8c6-c6e31c8bb561-0,,,,movie,28 Years Later: The Bone Temple,watch-release-date-2026-01-16,2026-01-16 00:00:00,watch-alpha-28-years-later-the-bone-temple,6900,,,,,,,,,watch-date-1768725655,,US
2021-05-19 04:48:01,357888,13991889,watch,"Love, Death & Robots",,2021-05-19 04:48:01,5629edcb-3344-44ec-b946-0bc7aae43b84,watch-5629edcb-3344-44ec-b946-0bc7aae43b84-0,,,,episode,,,,,,2,ad76771e-2a66-4748-93f6-5853f407b216,8376694,1621399681,7,watched-episode-ad76771e-2a66-4748-93f6-5853f407b216-5629edcb-3344-44ec-b946-0bc7aae43b84,,,watch-date-1621399681,true,us
2019-08-10 05:51:44,,13991889,watch,,,2019-08-10 05:51:44,564438d3-e416-474c-bca1-36054a409e04,watch-564438d3-e416-474c-bca1-36054a409e04-0,,0,,movie,Maze Runner: The Scorch Trials,,,,,,,,,,,,,,,
2021-03-28 00:50:07,327572,13991889,watch,Kakegurui,,2021-03-28 00:50:07,564bd285-f431-48eb-a1aa-d78444173923,watch-564bd285-f431-48eb-a1aa-d78444173923-0,,,,episode,,,,,,2,7d5f3a6e-734d-4b59-ab86-60f0e293ab5c,6944332,1616892607,4,watched-episode-7d5f3a6e-734d-4b59-ab86-60f0e293ab5c-564bd285-f431-48eb-a1aa-d78444173923,,,watch-date-1616892607,true,us
2021-09-11 22:29:44,267441,13991889,watch,The Devil Is a Part-Timer!,,2021-09-11 22:29:44,568b24f5-a4f9-4339-a8cd-452656c30721,watch-568b24f5-a4f9-4339-a8cd-452656c30721-0,,,,episode,,,,,1500,1,f0a1217d-9257-44b4-83ed-b4eb00f631b1,4523081,1631399384,7,watched-episode-f0a1217d-9257-44b4-83ed-b4eb00f631b1-568b24f5-a4f9-4339-a8cd-452656c30721,,,watch-date-1631399384,true,us
2025-01-19 04:57:51,,13991889,watch,,,2025-01-19 04:57:51,56a7695e-8b9e-4cf5-858f-7d8c73a5c673,watch-56a7695e-8b9e-4cf5-858f-7d8c73a5c673-0,,,,movie,Unfrosted: The Pop-Tart Story,watch-release-date-2024-05-03,2024-05-03 00:00:00,watch-alpha-unfrosted-the-pop-tart-story,4860,,,,,,,,,watch-date-1737262671,,AR
2021-05-10 06:03:48,305074,13991889,watch,My Hero Academia,,2021-05-10 06:03:48,56aae50a-208d-43cd-b564-b619ec8bb541,watch-56aae50a-208d-43cd-b564-b619ec8bb541-0,,,,episode,,,,,,4,b4e8e618-0fbb-46c6-9ccc-bf3ca6f09251,7553206,1620626628,16,watched-episode-b4e8e618-0fbb-46c6-9ccc-bf3ca6f09251-56aae50a-208d-43cd-b564-b619ec8bb541,,,watch-date-1620626628,true,us
2019-08-10 05:56:54,,13991889,watch,,,2019-08-10 05:56:54,56efdd38-ff67-4bac-9f6f-bd48a837c7ac,watch-56efdd38-ff67-4bac-9f6f-bd48a837c7ac-0,,0,,movie,Sleeping Beauty,,,,,,,,,,,,,,,
2021-02-13 21:41:54,353232,13991889,watch,Narcos: Mexico,,2021-02-13 21:41:54,572d9357-3d17-439a-8769-8736e65d08db,watch-572d9357-3d17-439a-8769-8736e65d08db-0,,,,episode,,,,,,2,9a01e954-63e9-428f-9455-7bc85cc852c9,7576345,1613252514,3,watched-episode-9a01e954-63e9-428f-9455-7bc85cc852c9-572d9357-3d17-439a-8769-8736e65d08db,,,watch-date-1613252514,true,us
2019-08-10 06:05:06,,13991889,watch,,,2019-08-10 06:05:06,573b055b-79de-4eef-b94c-4d2ebcbb06f1,watch-573b055b-79de-4eef-b94c-4d2ebcbb06f1-0,,0,,movie,To the Bone,,,,,,,,,,,,,,,
2019-08-08 05:11:13,,13991889,watch,,,2019-08-08 05:11:13,578c78b0-6510-46ec-b741-3f685d4f53d8,watch-578c78b0-6510-46ec-b741-3f685d4f53d8-0,,0,,movie,Jumanji: Welcome to the Jungle,,,,,,,,,,,,,,,
2021-07-17 15:38:01,305074,13991889,watch,My Hero Academia,,2021-07-17 15:38:01,57b0855d-fdaa-4681-9612-60f8d085a9f1,watch-57b0855d-fdaa-4681-9612-60f8d085a9f1-0,,,,episode,,,,,,5,b4e8e618-0fbb-46c6-9ccc-bf3ca6f09251,8329804,1626536281,16,watched-episode-b4e8e618-0fbb-46c6-9ccc-bf3ca6f09251-57b0855d-fdaa-4681-9612-60f8d085a9f1,,,watch-date-1626536281,true,us
2023-02-17 02:23:50,,13991889,watch,,,2023-02-17 02:23:50,5824927a-da2e-4057-bb42-94cd2fb5f240,watch-5824927a-da2e-4057-bb42-94cd2fb5f240-0,,,,movie,The Menu,watch-release-date-2022-12-02,2022-12-02 00:00:00,watch-alpha-the-menu,6480,,,,,,,,,watch-date-1676600630,,AR
2021-04-18 06:23:37,348545,13991889,watch,Demon Slayer: Kimetsu no Yaiba,,2021-04-18 06:23:37,5870aee5-afde-4fdc-88d3-3d85118deced,watch-5870aee5-afde-4fdc-88d3-3d85118deced-0,,,,episode,,,,,,1,015f238e-e893-4c3a-973a-674eb2a1df87,7081361,1618727017,6,watched-episode-015f238e-e893-4c3a-973a-674eb2a1df87-5870aee5-afde-4fdc-88d3-3d85118deced,,,watch-date-1618727017,true,us
2024-11-21 03:45:50,,13991889,watch,,,2024-11-21 03:45:50,58e24522-bc2d-43a5-bc4c-142388b82e95,watch-58e24522-bc2d-43a5-bc4c-142388b82e95-0,,,,movie,Venom: The Last Dance,watch-release-date-2024-10-24,2024-10-24 00:00:00,watch-alpha-venom-the-last-dance,6600,,,,,,,,,watch-date-1732160750,,AR
2021-03-09 03:32:33,339353,13991889,watch,B: The Beginning,,2021-03-09 03:32:33,58f8a090-4b97-42e1-9c99-d57e190cb7b8,watch-58f8a090-4b97-42e1-9c99-d57e190cb7b8-0,,,,episode,,,,,,1,ad1dcc9f-bf02-40c6-8524-fda5fc171955,6497903,1615260753,2,watched-episode-ad1dcc9f-bf02-40c6-8524-fda5fc171955-58f8a090-4b97-42e1-9c99-d57e190cb7b8,,,watch-date-1615260753,true,us
2023-08-14 22:28:27,,13991889,watch,,,2023-08-14 22:28:27,59232668-55b9-4a20-ad88-e6e009600e08,watch-59232668-55b9-4a20-ad88-e6e009600e08-0,,,,movie,Dog,watch-release-date-2022-02-17,2022-02-17 00:00:00,watch-alpha-dog,6180,,,,,,,,,watch-date-1692052107,,AR
2021-02-08 22:12:56,355774,13991889,watch,Dr. STONE,,2021-02-08 22:12:56,596263c8-85a2-4c82-8de0-ff81643a0779,watch-596263c8-85a2-4c82-8de0-ff81643a0779-0,,,,episode,,,,,,2,14f8bad3-d1da-4e83-b1e7-9cd5bb66a51e,8118082,1612822376,3,watched-episode-14f8bad3-d1da-4e83-b1e7-9cd5bb66a51e-596263c8-85a2-4c82-8de0-ff81643a0779,,,watch-date-1612822376,true,us
2019-08-08 05:16:57,,13991889,watch,,,2019-08-08 05:16:57,5979c5aa-5944-445d-8cc3-c869e93cc1b5,watch-5979c5aa-5944-445d-8cc3-c869e93cc1b5-0,,0,,movie,Maleficent: Mistress of Evil,,,,,,,,,,,,,,,
2026-01-27 17:40:43,,13991889,watch,,,2026-01-27 17:40:43,5a432bdc-e493-410b-bee8-af93095c6fcf,watch-5a432bdc-e493-410b-bee8-af93095c6fcf-0,,,,movie,Harry Potter and the Chamber of Secrets,watch-release-date-2002-11-10,2002-11-10 00:00:00,watch-alpha-harry-potter-and-the-chamber-of-secrets,9660,,,,,,,,,watch-date-1769535643,,US
2021-11-07 02:58:55,401911,13991889,watch,The Great Jahy Will Not Be Defeated!,,2021-11-07 02:58:55,5a4f0740-264f-4614-a86a-54e658194940,watch-5a4f0740-264f-4614-a86a-54e658194940-0,,,,episode,,,,,1440,1,3cf6fad6-6d0a-4588-a30b-79f3a4f55be6,8593357,1636253935,13,watched-episode-3cf6fad6-6d0a-4588-a30b-79f3a4f55be6-5a4f0740-264f-4614-a86a-54e658194940,,,watch-date-1636253935,true,us
2021-09-25 14:54:26,383275,13991889,watch,Squid Game,,2021-09-25 14:54:26,5a9ba338-500b-41ec-a974-c6ea590902d4,watch-5a9ba338-500b-41ec-a974-c6ea590902d4-0,,,,episode,,,,,3300,1,a704a3c7-996b-40d8-bdb8-76fc2a34e1fd,8332593,1632581666,1,watched-episode-a704a3c7-996b-40d8-bdb8-76fc2a34e1fd-5a9ba338-500b-41ec-a974-c6ea590902d4,,,watch-date-1632581666,true,us
2021-05-19 04:47:52,357888,13991889,watch,"Love, Death & Robots",,2021-05-19 04:47:52,5ab145f2-2425-4202-bb08-920fd333c1d9,watch-5ab145f2-2425-4202-bb08-920fd333c1d9-0,,,,episode,,,,,,2,ad76771e-2a66-4748-93f6-5853f407b216,8376692,1621399672,4,watched-episode-ad76771e-2a66-4748-93f6-5853f407b216-5ab145f2-2425-4202-bb08-920fd333c1d9,,,watch-date-1621399672,true,us
2025-07-13 22:18:52,,13991889,watch,,,2025-07-13 22:18:52,5abbdd63-fff4-45ff-9634-d2fc74c6d4dd,watch-5abbdd63-fff4-45ff-9634-d2fc74c6d4dd-0,,,,movie,Jurassic World: Rebirth,watch-release-date-2025-07-02,2025-07-02 00:00:00,watch-alpha-jurassic-world-rebirth,7980,,,,,,,,,watch-date-1752445132,,US
2020-08-16 14:31:40,,13991889,watch,,,2020-08-16 14:31:40,5bf3985c-cdd2-4502-906e-e4f64bbefd06,watch-5bf3985c-cdd2-4502-906e-e4f64bbefd06-0,,0,,movie,Project Power,,0001-01-01 00:00:00,,,,,,,,,,,,,
2019-08-10 06:00:41,,13991889,watch,,,2019-08-10 06:00:41,5c1c3158-7a71-42fc-8a3a-d89ee8d03547,watch-5c1c3158-7a71-42fc-8a3a-d89ee8d03547-0,,0,,movie,Zombieland,,,,,,,,,,,,,,,
2021-04-30 03:55:47,348545,13991889,watch,Demon Slayer: Kimetsu no Yaiba,,2021-04-30 03:55:47,5c2b8850-92a6-43d6-9196-6dc8cfcfd323,watch-5c2b8850-92a6-43d6-9196-6dc8cfcfd323-0,,,,episode,,,,,,1,015f238e-e893-4c3a-973a-674eb2a1df87,7222656,1619754947,24,watched-episode-015f238e-e893-4c3a-973a-674eb2a1df87-5c2b8850-92a6-43d6-9196-6dc8cfcfd323,,,watch-date-1619754947,true,us
2021-02-25 04:49:09,,13991889,watch,,,2021-02-25 04:49:09,5cb69519-955e-4f54-8e5d-671a39b98d33,watch-5cb69519-955e-4f54-8e5d-671a39b98d33-0,,,,movie,僕のヒーローアカデミア 生き残れ! 決死のサバイバル訓練 前編,watch-release-date-2020-08-15,2020-08-15 00:00:00,watch-alpha-my-hero-academia-make-it-do-or-die-survival-training-(part-1),,,,,,,,,,watch-date-1614228549,,AR
2020-06-21 02:50:38,,13991889,watch,,,2020-06-21 02:50:38,5d422da9-8be5-452d-b013-7f26df6ad0b0,watch-5d422da9-8be5-452d-b013-7f26df6ad0b0-0,,0,,movie,OtherLife,,0001-01-01 00:00:00,,,,,,,,,,,,,
2021-07-30 00:43:42,,13991889,watch,,,2021-07-30 00:43:42,5e774575-5e33-4780-8577-6e9ac7286c81,watch-5e774575-5e33-4780-8577-6e9ac7286c81-0,,,,movie,Fear Street: 1978,watch-release-date-2021-07-09,2021-07-09 00:00:00,watch-alpha-fear-street-1978,6540,,,,,,,,,watch-date-1627605822,,AR
2019-08-10 05:50:58,,13991889,watch,,,2019-08-10 05:50:58,5e836eeb-9254-4a3b-addd-71bc366669e4,watch-5e836eeb-9254-4a3b-addd-71bc366669e4-0,,0,,movie,Pirates of the Caribbean: At World's End,,,,,,,,,,,,,,,
2020-02-14 02:23:57,,13991889,watch,,,2020-02-14 02:23:57,5eab7483-1e11-480e-8593-84a3926180c5,watch-5eab7483-1e11-480e-8593-84a3926180c5-0,,0,,movie,To All the Boys: P.S. I Still Love You,,0001-01-01 00:00:00,,,,,,,,,,,,,
2020-12-18 14:08:53,251085,13991889,watch,The Legend of Korra,,2020-12-18 14:08:53,5eedf013-7fec-4de5-af0e-51b9a6026b0d,watch-5eedf013-7fec-4de5-af0e-51b9a6026b0d-0,,,,episode,,,,,,1,16ff2b5f-a919-4223-85ca-81822f00f699,4310447,1608300533,1,watched-episode-16ff2b5f-a919-4223-85ca-81822f00f699-5eedf013-7fec-4de5-af0e-51b9a6026b0d,,,watch-date-1608300533,true,us
2023-12-02 03:34:52,,13991889,watch,,,2023-12-02 03:34:52,6039b24b-786f-4682-a4f9-4cb1f685b466,watch-6039b24b-786f-4682-a4f9-4cb1f685b466-0,,,,movie,The Hunger Games,watch-release-date-2012-04-20,2012-04-20 00:00:00,watch-alpha-the-hunger-games,8520,,,,,,,,,watch-date-1701488092,,AR
2026-04-19 05:01:47,,13991889,watch,,,2026-04-19 05:01:47,60491d0c-3558-4257-b1c0-5d38ca46dc78,watch-60491d0c-3558-4257-b1c0-5d38ca46dc78-0,,,,movie,Nobody 2,watch-release-date-2025-08-14,2025-08-14 00:00:00,watch-alpha-nobody-2,5400,,,,,,,,,watch-date-1776574907,,US
2021-08-02 20:42:14,275274,13991889,watch,Rick and Morty,,2021-08-02 20:42:14,607ad708-07ed-4789-903e-ce8a45c8f7f9,watch-607ad708-07ed-4789-903e-ce8a45c8f7f9-0,,,,episode,,,,,1320,5,c89b7b03-cb1f-4776-b5ea-374263ce2310,8320008,1627936934,7,watched-episode-c89b7b03-cb1f-4776-b5ea-374263ce2310-607ad708-07ed-4789-903e-ce8a45c8f7f9,,,watch-date-1627936934,true,us
2019-08-10 05:53:02,,13991889,watch,,,2019-08-10 05:53:02,608aed57-d635-459e-b194-c35e5ebeba73,watch-608aed57-d635-459e-b194-c35e5ebeba73-0,,0,,movie,X-Men: First Class,,,,,,,,,,,,,,,
2021-08-05 03:34:55,381016,13991889,watch,Biohackers,,2021-08-05 03:34:55,61101973-2578-4a5f-9e70-fdb13bea0982,watch-61101973-2578-4a5f-9e70-fdb13bea0982-0,,,,episode,,,,,2700,2,9b95280b-8b39-45f9-85bb-f8614c5b653d,8525757,1628134495,5,watched-episode-9b95280b-8b39-45f9-85bb-f8614c5b653d-61101973-2578-4a5f-9e70-fdb13bea0982,,,watch-date-1628134495,true,us
2019-08-10 05:56:22,,13991889,watch,,,2019-08-10 05:56:22,61a18174-11ff-453c-ae53-5beefa08be03,watch-61a18174-11ff-453c-ae53-5beefa08be03-0,,0,,movie,Man of Steel,,,,,,,,,,,,,,,
2021-03-28 16:33:59,377543,13991889,watch,JUJUTSU KAISEN,,2021-03-28 16:33:59,627a3924-6e7a-40a1-b6bd-65a7d1ee4d33,watch-627a3924-6e7a-40a1-b6bd-65a7d1ee4d33-0,,,,episode,,,,,,1,629493df-1990-437e-a64f-3adf1f2782c1,7973200,1616949239,20,watched-episode-629493df-1990-437e-a64f-3adf1f2782c1-627a3924-6e7a-40a1-b6bd-65a7d1ee4d33,,,watch-date-1616949239,true,us
2021-02-20 17:02:41,348002,13991889,watch,The Promised Neverland,,2021-02-20 17:02:41,62c28aed-4c88-40ef-8d2e-b5e2c4811414,watch-62c28aed-4c88-40ef-8d2e-b5e2c4811414-0,,,,episode,,,,,,2,fba3a83c-e062-4bea-a884-245e69f3931a,8128378,1613840561,6,watched-episode-fba3a83c-e062-4bea-a884-245e69f3931a-62c28aed-4c88-40ef-8d2e-b5e2c4811414,,,watch-date-1613840561,true,us
2024-02-29 14:41:47,,13991889,watch,,,2024-02-29 14:41:47,634906a0-7ab0-4848-9ff5-cce9d03b0d84,watch-634906a0-7ab0-4848-9ff5-cce9d03b0d84-0,,,,movie,鬼滅の刃 柱稽古編,watch-release-date-2024-02-22,2024-02-22 00:00:00,watch-alpha-demon-slayer-kimetsu-no-yaiba---to-the-hashira-training,6180,,,,,,,,,watch-date-1709217707,,AR
2021-05-19 04:49:30,399966,13991889,watch,Sex!fy,,2021-05-19 04:49:30,636511ef-e302-4fd8-ab61-ac6833506fc9,watch-636511ef-e302-4fd8-ab61-ac6833506fc9-0,,,,episode,,,,,,1,f2ad4f4c-447f-4d65-84ca-00881c9f1375,8307201,1621399770,1,watched-episode-f2ad4f4c-447f-4d65-84ca-00881c9f1375-636511ef-e302-4fd8-ab61-ac6833506fc9,,,watch-date-1621399770,true,us
2019-08-10 05:46:34,,13991889,watch,,,2019-08-10 05:46:34,63bcc9d5-b150-456e-96e6-6ea9ab042bcc,watch-63bcc9d5-b150-456e-96e6-6ea9ab042bcc-0,,0,,movie,Spider-Man 2,,,,,,,,,,,,,,,
2021-08-17 05:24:51,393810,13991889,watch,Record of Ragnarok,,2021-08-17 05:24:51,63c7d970-b8f0-45bd-b60c-7e4fd318b822,watch-63c7d970-b8f0-45bd-b60c-7e4fd318b822-0,,,,episode,,,,,1500,1,37358331-3dd5-4503-afb3-d63ddf158cd4,8481730,1629177891,8,watched-episode-37358331-3dd5-4503-afb3-d63ddf158cd4-63c7d970-b8f0-45bd-b60c-7e4fd318b822,,,watch-date-1629177891,true,us
2026-04-15 12:04:09,,13991889,watch,,,2026-04-15 12:04:09,63e60b10-630b-4b01-b95a-93ff0bd89bfe,watch-63e60b10-630b-4b01-b95a-93ff0bd89bfe-0,,,,movie,Project Hail Mary,watch-release-date-2026-03-20,2026-03-20 00:00:00,watch-alpha-project-hail-mary,9420,,,,,,,,,watch-date-1776254649,,US
2023-08-15 00:53:37,,13991889,watch,,,2023-08-15 00:53:37,64107725-a8e3-40e2-8dde-6f71bd2d8498,watch-64107725-a8e3-40e2-8dde-6f71bd2d8498-0,,,,movie,Black Adam,watch-release-date-2022-10-20,2022-10-20 00:00:00,watch-alpha-black-adam,7500,,,,,,,,,watch-date-1692060817,,AR
2021-02-28 16:46:00,377543,13991889,watch,JUJUTSU KAISEN,,2021-02-28 16:46:00,641da58e-c3ef-4dab-b716-51c83edc4b23,watch-641da58e-c3ef-4dab-b716-51c83edc4b23-0,,,,episode,,,,,,1,629493df-1990-437e-a64f-3adf1f2782c1,7925282,1614530760,12,watched-episode-629493df-1990-437e-a64f-3adf1f2782c1-641da58e-c3ef-4dab-b716-51c83edc4b23,,,watch-date-1614530760,true,us
2021-04-17 18:53:27,348545,13991889,watch,Demon Slayer: Kimetsu no Yaiba,,2021-04-17 18:53:27,646087f7-bb41-476c-89fe-c14fd0bc7e77,watch-646087f7-bb41-476c-89fe-c14fd0bc7e77-0,,,,episode,,,,,,1,015f238e-e893-4c3a-973a-674eb2a1df87,7081358,1618685607,4,watched-episode-015f238e-e893-4c3a-973a-674eb2a1df87-646087f7-bb41-476c-89fe-c14fd0bc7e77,,,watch-date-1618685607,true,us
2021-10-23 00:07:50,267441,13991889,watch,The Devil Is a Part-Timer!,,2021-10-23 00:07:50,647639b7-6a4c-435a-b9a2-42dbb9c662d8,watch-647639b7-6a4c-435a-b9a2-42dbb9c662d8-0,,,,episode,,,,,1500,1,f0a1217d-9257-44b4-83ed-b4eb00f631b1,4523085,1634947670,11,watched-episode-f0a1217d-9257-44b4-83ed-b4eb00f631b1-647639b7-6a4c-435a-b9a2-42dbb9c662d8,,,watch-date-1634947670,true,us
2019-08-10 05:50:21,,13991889,watch,,,2019-08-10 05:50:21,656d1272-bbee-461e-8df7-1e85cbe13481,watch-656d1272-bbee-461e-8df7-1e85cbe13481-0,,0,,movie,Brave,,,,,,,,,,,,,,,
2021-10-24 02:41:45,79481,13991889,watch,Death Note,,2021-10-24 02:41:45,658d8452-e728-46ea-8b73-2088f87f9512,watch-658d8452-e728-46ea-8b73-2088f87f9512-0,,,,episode,,,,,1320,1,d6adbb6e-05b6-45fe-bf0c-34aee5fc663c,311260,1635043305,4,watched-episode-d6adbb6e-05b6-45fe-bf0c-34aee5fc663c-658d8452-e728-46ea-8b73-2088f87f9512,,,watch-date-1635043305,true,us
2019-08-10 05:52:42,,13991889,watch,,,2019-08-10 05:52:42,65d32b7d-1b6d-4ea1-8bb8-8e317a268ed1,watch-65d32b7d-1b6d-4ea1-8bb8-8e317a268ed1-0,,0,,movie,The Chronicles of Narnia: Prince Caspian,,,,,,,,,,,,,,,
2021-11-11 16:32:44,402412,13991889,watch,Komi Can't Communicate,,2021-11-11 16:32:44,666031c9-0e5e-4844-98d6-bd0f48cec1ad,watch-666031c9-0e5e-4844-98d6-bd0f48cec1ad-0,,,,episode,,,,,1440,1,aaeb7879-fd12-499e-a24b-c00d5797f6b4,8740147,1636648364,4,watched-episode-aaeb7879-fd12-499e-a24b-c00d5797f6b4-666031c9-0e5e-4844-98d6-bd0f48cec1ad,,,watch-date-1636648364,true,us
2021-10-29 02:37:40,79481,13991889,watch,Death Note,,2021-10-29 02:37:40,671bb972-7cc7-47a0-817a-a47316b27040,watch-671bb972-7cc7-47a0-817a-a47316b27040-0,,,,episode,,,,,1320,1,d6adbb6e-05b6-45fe-bf0c-34aee5fc663c,314051,1635475060,7,watched-episode-d6adbb6e-05b6-45fe-bf0c-34aee5fc663c-671bb972-7cc7-47a0-817a-a47316b27040,,,watch-date-1635475060,true,us
2021-07-04 22:17:01,279831,13991889,watch,Parasyte -the maxim-,,2021-07-04 22:17:01,67eb74c6-8697-4a4b-8c33-feb333dbf1d7,watch-67eb74c6-8697-4a4b-8c33-feb333dbf1d7-0,,,,episode,,,,,,1,e04658af-ac15-450b-8bde-faa6e2d97950,5037901,1625437021,15,watched-episode-e04658af-ac15-450b-8bde-faa6e2d97950-67eb74c6-8697-4a4b-8c33-feb333dbf1d7,,,watch-date-1625437021,true,us
2021-03-04 20:37:34,279121,13991889,watch,The Flash (2014),,2021-03-04 20:37:34,68398964-70aa-4ddf-aba9-14227326652c,watch-68398964-70aa-4ddf-aba9-14227326652c-0,,,,episode,,,,,,7,b0742927-b90e-4b53-8c58-63d8707a677d,8020119,1614890254,1,watched-episode-b0742927-b90e-4b53-8c58-63d8707a677d-68398964-70aa-4ddf-aba9-14227326652c,,,watch-date-1614890254,true,us
2024-01-14 17:33:22,,13991889,watch,,,2024-01-14 17:33:22,684994d3-986a-4674-9432-903e51f56d2d,watch-684994d3-986a-4674-9432-903e51f56d2d-0,,,,movie,Lift,watch-release-date-2024-01-12,2024-01-12 00:00:00,watch-alpha-lift,,,,,,,,,,watch-date-1705253602,,AR
2021-02-08 22:17:45,327572,13991889,watch,Kakegurui,,2021-02-08 22:17:45,688540e7-419e-45d0-8921-d10e674783f7,watch-688540e7-419e-45d0-8921-d10e674783f7-0,,,,episode,,,,,,1,7d5f3a6e-734d-4b59-ab86-60f0e293ab5c,6165525,1612822665,11,watched-episode-7d5f3a6e-734d-4b59-ab86-60f0e293ab5c-688540e7-419e-45d0-8921-d10e674783f7,,,watch-date-1612822665,true,us
2020-06-20 04:56:10,,13991889,watch,,,2020-06-20 04:56:10,6891cc77-b1c5-46b7-9caf-20c2e9b22e34,watch-6891cc77-b1c5-46b7-9caf-20c2e9b22e34-0,,0,,movie,Godzilla: King of the Monsters,,0001-01-01 00:00:00,,,,,,,,,,,,,
2021-08-10 04:30:27,401911,13991889,watch,The Great Jahy Will Not Be Defeated!,,2021-08-10 04:30:27,689febb1-78d2-4935-b039-ca88edc2b403,watch-689febb1-78d2-4935-b039-ca88edc2b403-0,,,,episode,,,,,1440,1,3cf6fad6-6d0a-4588-a30b-79f3a4f55be6,8558745,1628569827,2,watched-episode-3cf6fad6-6d0a-4588-a30b-79f3a4f55be6-689febb1-78d2-4935-b039-ca88edc2b403,,,watch-date-1628569827,true,us
2021-02-08 22:18:49,328690,13991889,watch,The Alienist,,2021-02-08 22:18:49,693b7250-0cf5-4ad2-9f7f-9ad8f4587c30,watch-693b7250-0cf5-4ad2-9f7f-9ad8f4587c30-0,,,,episode,,,,,,2,3264a58a-3b8e-4b12-a67b-75ff00ef5c76,7801007,1612822729,5,watched-episode-3264a58a-3b8e-4b12-a67b-75ff00ef5c76-693b7250-0cf5-4ad2-9f7f-9ad8f4587c30,,,watch-date-1612822729,true,us
2021-10-01 04:56:38,284131,13991889,watch,The Seven Deadly Sins,,2021-10-01 04:56:38,69550237-09ef-42a5-980c-f7142b1bd7f6,watch-69550237-09ef-42a5-980c-f7142b1bd7f6-0,,,,episode,,,,,1440,4,6436b274-ca56-4d2f-8c68-2956bc0fcab6,8139318,1633064198,10,watched-episode-6436b274-ca56-4d2f-8c68-2956bc0fcab6-69550237-09ef-42a5-980c-f7142b1bd7f6,,,watch-date-1633064198,true,us
2019-08-10 06:04:00,,13991889,watch,,,2019-08-10 06:04:00,69a92a59-a05f-4979-9c1f-982c41a78fb7,watch-69a92a59-a05f-4979-9c1f-982c41a78fb7-0,,0,,movie,The Theory of Everything,,,,,,,,,,,,,,,
2021-02-10 13:42:56,348002,13991889,watch,The Promised Neverland,,2021-02-10 13:42:56,69b6fcf0-0a3c-431e-902c-26845defd4d1,watch-69b6fcf0-0a3c-431e-902c-26845defd4d1-0,,,,episode,,,,,,2,fba3a83c-e062-4bea-a884-245e69f3931a,8118078,1612964576,4,watched-episode-fba3a83c-e062-4bea-a884-245e69f3931a-69b6fcf0-0a3c-431e-902c-26845defd4d1,,,watch-date-1612964576,true,us
2020-04-11 05:02:53,,13991889,watch,,,2020-04-11 05:02:53,69d81cdc-d04a-4eaa-8cd8-fdaae4954260,watch-69d81cdc-d04a-4eaa-8cd8-fdaae4954260-0,,0,,movie,Shazam!,,0001-01-01 00:00:00,,,,,,,,,,,,,
2021-05-08 15:53:57,305074,13991889,watch,My Hero Academia,,2021-05-08 15:53:57,69e01b56-78e9-4a3e-b12e-fb319be5bc3e,watch-69e01b56-78e9-4a3e-b12e-fb319be5bc3e-0,,,,episode,,,,,,4,b4e8e618-0fbb-46c6-9ccc-bf3ca6f09251,7459806,1620489237,9,watched-episode-b4e8e618-0fbb-46c6-9ccc-bf3ca6f09251-69e01b56-78e9-4a3e-b12e-fb319be5bc3e,,,watch-date-1620489237,true,us
2020-06-10 03:52:05,,13991889,watch,,,2020-06-10 03:52:05,6aa8f382-1543-407e-b130-33a9f523c2e5,watch-6aa8f382-1543-407e-b130-33a9f523c2e5-0,,0,,movie,Tokyo Ghoul: Pinto,,0001-01-01 00:00:00,,,,,,,,,,,,,
2021-05-08 15:54:06,305074,13991889,watch,My Hero Academia,,2021-05-08 15:54:06,6b1fe217-9e13-431d-a253-547201f6d4c6,watch-6b1fe217-9e13-431d-a253-547201f6d4c6-0,,,,episode,,,,,,4,b4e8e618-0fbb-46c6-9ccc-bf3ca6f09251,7461711,1620489246,10,watched-episode-b4e8e618-0fbb-46c6-9ccc-bf3ca6f09251-6b1fe217-9e13-431d-a253-547201f6d4c6,,,watch-date-1620489246,true,us
2019-08-10 05:54:26,,13991889,watch,,,2019-08-10 05:54:26,6b3169a0-5b1c-4af0-9532-865e255e44c4,watch-6b3169a0-5b1c-4af0-9532-865e255e44c4-0,,0,,movie,21 Jump Street,,,,,,,,,,,,,,,
2019-08-10 05:58:03,,13991889,watch,,,2019-08-10 05:58:03,6bdebaeb-4c2c-44d4-9029-91f62eb5d2c2,watch-6bdebaeb-4c2c-44d4-9029-91f62eb5d2c2-0,,0,,movie,The Karate Kid,,,,,,,,,,,,,,,
2020-10-10 18:17:38,,13991889,watch,,,2020-10-10 18:17:38,6bebef21-95de-48d8-9a37-8f220b5a107a,watch-6bebef21-95de-48d8-9a37-8f220b5a107a-0,,0,,movie,Deadpool: No Good Deed,,0001-01-01 00:00:00,,,,,,,,,,,,,
2020-12-22 05:04:46,349643,13991889,watch,Hilda,,2020-12-22 05:04:46,6c705cb8-d701-451f-a396-5891f01dc4da,watch-6c705cb8-d701-451f-a396-5891f01dc4da-0,,,,episode,,,,,,2,c41bc231-1f55-46c2-b458-ef93309eef32,8088662,1608613486,13,watched-episode-c41bc231-1f55-46c2-b458-ef93309eef32-6c705cb8-d701-451f-a396-5891f01dc4da,,,watch-date-1608613486,true,us
2021-05-20 20:57:21,305074,13991889,watch,My Hero Academia,,2021-05-20 20:57:21,6cb1393f-268b-4f5b-8c0e-9cb1f54a2692,watch-6cb1393f-268b-4f5b-8c0e-9cb1f54a2692-0,,,,episode,,,,,,4,b4e8e618-0fbb-46c6-9ccc-bf3ca6f09251,7553213,1621544241,23,watched-episode-b4e8e618-0fbb-46c6-9ccc-bf3ca6f09251-6cb1393f-268b-4f5b-8c0e-9cb1f54a2692,,,watch-date-1621544241,true,us
2019-08-08 05:12:01,,13991889,watch,,,2019-08-08 05:12:01,6ced083f-f219-4788-946b-8df98ab7ac69,watch-6ced083f-f219-4788-946b-8df98ab7ac69-0,,0,,movie,The Terminator,,,,,,,,,,,,,,,
2021-07-06 05:53:36,279831,13991889,watch,Parasyte -the maxim-,,2021-07-06 05:53:36,6d33e6ed-769d-4227-aea7-d3e507078ad5,watch-6d33e6ed-769d-4227-aea7-d3e507078ad5-0,,,,episode,,,,,,1,e04658af-ac15-450b-8bde-faa6e2d97950,5037906,1625550816,20,watched-episode-e04658af-ac15-450b-8bde-faa6e2d97950-6d33e6ed-769d-4227-aea7-d3e507078ad5,,,watch-date-1625550816,true,us
2023-10-04 17:34:13,,13991889,watch,,,2023-10-04 17:34:13,6d84b8fa-3b63-4e82-adc4-c080d5a29100,watch-6d84b8fa-3b63-4e82-adc4-c080d5a29100-0,,,,movie,Meg 2: The Trench,watch-release-date-2023-08-03,2023-08-03 00:00:00,watch-alpha-meg-2-the-trench,6960,,,,,,,,,watch-date-1696440853,,AR
2021-03-23 01:11:08,348922,13991889,watch,Paradise PD,,2021-03-23 01:11:08,6df8280b-6631-41e8-afef-6e2fa78f0d01,watch-6df8280b-6631-41e8-afef-6e2fa78f0d01-0,,,,episode,,,,,,3,1b5da6b3-cd03-4986-a754-c3a097d61ac8,8199276,1616461868,1,watched-episode-1b5da6b3-cd03-4986-a754-c3a097d61ac8-6df8280b-6631-41e8-afef-6e2fa78f0d01,,,watch-date-1616461868,true,us
2019-08-10 06:02:55,,13991889,watch,,,2019-08-10 06:02:55,6dfd72b6-2a39-4f34-bf1d-75326a084eee,watch-6dfd72b6-2a39-4f34-bf1d-75326a084eee-0,,0,,movie,Sierra Burgess Is a Loser,,,,,,,,,,,,,,,
2020-10-10 18:17:49,,13991889,watch,,,2020-10-10 18:17:49,6dfe6921-2595-43ed-adf8-e2a179ea8097,watch-6dfe6921-2595-43ed-adf8-e2a179ea8097-0,,0,,movie,,,0001-01-01 00:00:00,,,,,,,,,,,,,
2021-03-05 02:29:53,353232,13991889,watch,Narcos: Mexico,,2021-03-05 02:29:53,6e68a2af-1974-4e30-b758-a9f8190b74e3,watch-6e68a2af-1974-4e30-b758-a9f8190b74e3-0,,,,episode,,,,,,2,9a01e954-63e9-428f-9455-7bc85cc852c9,7576367,1614911393,10,watched-episode-9a01e954-63e9-428f-9455-7bc85cc852c9-6e68a2af-1974-4e30-b758-a9f8190b74e3,,,watch-date-1614911393,true,us
2019-08-10 05:49:41,,13991889,watch,,,2019-08-10 05:49:41,6ec57699-2b16-4a41-90ee-f7b4c0601654,watch-6ec57699-2b16-4a41-90ee-f7b4c0601654-0,,0,,movie,The Amazing Spider-Man,,,,,,,,,,,,,,,
2021-02-26 02:48:54,,13991889,watch,,,2021-02-26 02:48:54,6edd950b-bdd3-49a6-89ca-b4b50ff2272c,watch-6edd950b-bdd3-49a6-89ca-b4b50ff2272c-0,,,,movie,I Care a Lot,watch-release-date-2021-02-19,2021-02-19 00:00:00,watch-alpha-i-care-a-lot,,,,,,,,,,watch-date-1614307734,,AR
2025-12-20 14:44:40,,13991889,watch,,,2025-12-20 14:44:40,6f1375c0-a30a-49f6-abd0-7c082a3728e2,watch-6f1375c0-a30a-49f6-abd0-7c082a3728e2-0,,,,movie,Avatar: Fire and Ash,watch-release-date-2025-12-19,2025-12-19 00:00:00,watch-alpha-avatar-fire-and-ash,11520,,,,,,,,,watch-date-1766241880,,US
2021-08-14 22:55:54,267441,13991889,watch,The Devil Is a Part-Timer!,,2021-08-14 22:55:54,6f2ccf52-40ce-4feb-a39c-b975a0a9f4e9,watch-6f2ccf52-40ce-4feb-a39c-b975a0a9f4e9-0,,,,episode,,,,,1500,1,f0a1217d-9257-44b4-83ed-b4eb00f631b1,4516068,1628981754,1,watched-episode-f0a1217d-9257-44b4-83ed-b4eb00f631b1-6f2ccf52-40ce-4feb-a39c-b975a0a9f4e9,,,watch-date-1628981754,true,us
2022-09-23 23:58:25,,13991889,watch,,,2022-09-23 23:58:25,6f52a460-83d4-4e9c-9018-09b302911694,watch-6f52a460-83d4-4e9c-9018-09b302911694-0,,,,movie,Orphan: First Kill,watch-release-date-2022-07-27,2022-07-27 00:00:00,watch-alpha-orphan-first-kill,5940,,,,,,,,,watch-date-1663977505,,AR
2020-04-20 01:18:59,,13991889,watch,,,2020-04-20 01:18:59,6f86edbb-c40d-457a-9da5-cc99fb49cf43,watch-6f86edbb-c40d-457a-9da5-cc99fb49cf43-0,,0,,movie,El hoyo,,0001-01-01 00:00:00,,,,,,,,,,,,,
2022-08-05 21:10:30,,13991889,watch,,,2022-08-05 21:10:30,6fa38540-cd95-4e0e-987b-955f29e83aef,watch-6fa38540-cd95-4e0e-987b-955f29e83aef-0,,,,movie,ヒーローリーグベースボール - 笑え！地獄のように,watch-release-date-2022-06-16,2022-06-16 00:00:00,watch-alpha-my-hero-academia-ova---laugh-like-hell,1440,,,,,,,,,watch-date-1659733830,,US
2019-08-10 05:54:05,,13991889,watch,,,2019-08-10 05:54:05,6fccd8ba-c7b8-4976-9a28-12901af4cf36,watch-6fccd8ba-c7b8-4976-9a28-12901af4cf36-0,,0,,movie,Madagascar 3: Europe's Most Wanted,,,,,,,,,,,,,,,
2019-08-08 05:12:13,,13991889,watch,,,2019-08-08 05:12:13,701ea1ba-34df-4fa1-b4b1-29fc283c2d0c,watch-701ea1ba-34df-4fa1-b4b1-29fc283c2d0c-0,,0,,movie,Guardians of the Galaxy Vol. 2,,,,,,,,,,,,,,,
2021-06-10 23:02:24,305074,13991889,watch,My Hero Academia,,2021-06-10 23:02:24,705f6e96-f267-4e1e-a2c2-5537b50924fc,watch-705f6e96-f267-4e1e-a2c2-5537b50924fc-0,,,,episode,,,,,,5,b4e8e618-0fbb-46c6-9ccc-bf3ca6f09251,8159510,1623366144,7,watched-episode-b4e8e618-0fbb-46c6-9ccc-bf3ca6f09251-705f6e96-f267-4e1e-a2c2-5537b50924fc,,,watch-date-1623366144,true,us
2021-08-14 14:23:09,305074,13991889,watch,My Hero Academia,,2021-08-14 14:23:09,70818ded-f402-49b6-8d60-9b709f0dce27,watch-70818ded-f402-49b6-8d60-9b709f0dce27-0,,,,episode,,,,,1500,5,b4e8e618-0fbb-46c6-9ccc-bf3ca6f09251,8329807,1628950989,19,watched-episode-b4e8e618-0fbb-46c6-9ccc-bf3ca6f09251-70818ded-f402-49b6-8d60-9b709f0dce27,,,watch-date-1628950989,true,us
2021-04-10 18:25:22,339353,13991889,watch,B: The Beginning,,2021-04-10 18:25:22,7088b16f-96a7-4b07-b4af-ad95b6021be6,watch-7088b16f-96a7-4b07-b4af-ad95b6021be6-0,,,,episode,,,,,,2,ad1dcc9f-bf02-40c6-8524-fda5fc171955,8217118,1618079122,3,watched-episode-ad1dcc9f-bf02-40c6-8524-fda5fc171955-7088b16f-96a7-4b07-b4af-ad95b6021be6,,,watch-date-1618079122,true,us
2019-08-10 05:53:15,,13991889,watch,,,2019-08-10 05:53:15,70896469-17b7-4ec0-bbb5-2c4c03dd561b,watch-70896469-17b7-4ec0-bbb5-2c4c03dd561b-0,,0,,movie,Suicide Squad,,,,,,,,,,,,,,,
2019-08-10 05:49:37,,13991889,watch,,,2019-08-10 05:49:37,70ffc6be-cfde-4ec9-a0ac-9f48302af7de,watch-70ffc6be-cfde-4ec9-a0ac-9f48302af7de-0,,0,,movie,Alice in Wonderland,,,,,,,,,,,,,,,
2021-06-12 23:14:15,332335,13991889,watch,Close Enough,,2021-06-12 23:14:15,710aab79-9dc7-4fae-8c8a-7e1e465dde38,watch-710aab79-9dc7-4fae-8c8a-7e1e465dde38-0,,,,episode,,,,,,2,9e6de326-3ca4-4886-9176-67d47fc1ba19,8235317,1623539655,2,watched-episode-9e6de326-3ca4-4886-9176-67d47fc1ba19-710aab79-9dc7-4fae-8c8a-7e1e465dde38,,,watch-date-1623539655,true,us
2021-08-21 18:35:04,305074,13991889,watch,My Hero Academia,,2021-08-21 18:35:04,7122cdb0-7017-45f9-bd5f-f4c564ee8d01,watch-7122cdb0-7017-45f9-bd5f-f4c564ee8d01-0,,,,episode,,,,,1500,5,b4e8e618-0fbb-46c6-9ccc-bf3ca6f09251,8329808,1629570904,20,watched-episode-b4e8e618-0fbb-46c6-9ccc-bf3ca6f09251-7122cdb0-7017-45f9-bd5f-f4c564ee8d01,,,watch-date-1629570904,true,us
2021-05-20 20:57:12,305074,13991889,watch,My Hero Academia,,2021-05-20 20:57:12,71465fee-0c3b-4613-99a1-4dc1141b9b1f,watch-71465fee-0c3b-4613-99a1-4dc1141b9b1f-0,,,,episode,,,,,,4,b4e8e618-0fbb-46c6-9ccc-bf3ca6f09251,7553212,1621544232,22,watched-episode-b4e8e618-0fbb-46c6-9ccc-bf3ca6f09251-71465fee-0c3b-4613-99a1-4dc1141b9b1f,,,watch-date-1621544232,true,us
2019-08-10 05:47:16,,13991889,watch,,,2019-08-10 05:47:16,717a64a7-8040-4c6b-88e2-3552e890fb54,watch-717a64a7-8040-4c6b-88e2-3552e890fb54-0,,0,,movie,Guardians of the Galaxy,,,,,,,,,,,,,,,
2023-02-26 03:52:54,,13991889,watch,,,2023-02-26 03:52:54,7255641f-5a95-4667-a523-c2002eb07b01,watch-7255641f-5a95-4667-a523-c2002eb07b01-0,,,,movie,The Snowman,watch-release-date-2017-11-29,2017-11-29 00:00:00,watch-alpha-the-snowman,7140,,,,,,,,,watch-date-1677383574,,AR
2023-11-19 02:00:39,,13991889,watch,,,2023-11-19 02:00:39,7303fdcf-0614-48df-bd63-a405920ead89,watch-7303fdcf-0614-48df-bd63-a405920ead89-0,,,,movie,Blue Beetle,watch-release-date-2023-08-16,2023-08-16 00:00:00,watch-alpha-blue-beetle,7620,,,,,,,,,watch-date-1700359239,,AR
2021-06-28 03:05:14,279831,13991889,watch,Parasyte -the maxim-,,2021-06-28 03:05:14,7361d635-e214-462e-8c00-4b37f0dad69e,watch-7361d635-e214-462e-8c00-4b37f0dad69e-0,,,,episode,,,,,,1,e04658af-ac15-450b-8bde-faa6e2d97950,5037894,1624849514,8,watched-episode-e04658af-ac15-450b-8bde-faa6e2d97950-7361d635-e214-462e-8c00-4b37f0dad69e,,,watch-date-1624849514,true,us
2021-02-08 22:14:19,305074,13991889,watch,My Hero Academia,,2021-02-08 22:14:19,736aa989-4758-4505-aa0d-106308ac003b,watch-736aa989-4758-4505-aa0d-106308ac003b-0,,,,episode,,,,,,3,b4e8e618-0fbb-46c6-9ccc-bf3ca6f09251,6633250,1612822459,24,watched-episode-b4e8e618-0fbb-46c6-9ccc-bf3ca6f09251-736aa989-4758-4505-aa0d-106308ac003b,,,watch-date-1612822459,true,us
2021-09-21 03:43:12,401911,13991889,watch,The Great Jahy Will Not Be Defeated!,,2021-09-21 03:43:12,738db861-2673-483f-9f96-c815a2ad4b23,watch-738db861-2673-483f-9f96-c815a2ad4b23-0,,,,episode,,,,,1440,1,3cf6fad6-6d0a-4588-a30b-79f3a4f55be6,8593351,1632195792,7,watched-episode-3cf6fad6-6d0a-4588-a30b-79f3a4f55be6-738db861-2673-483f-9f96-c815a2ad4b23,,,watch-date-1632195792,true,us
2019-08-10 05:48:55,,13991889,watch,,,2019-08-10 05:48:55,73b2ad11-a9e0-4685-8a07-f149b9e2609c,watch-73b2ad11-a9e0-4685-8a07-f149b9e2609c-0,,0,,movie,The Simpsons Movie,,,,,,,,,,,,,,,
2021-08-25 02:59:29,361034,13991889,watch,How to Sell Drugs Online (Fast),,2021-08-25 02:59:29,7421a1f8-cde1-4b7e-8afc-5cdea2a1f367,watch-7421a1f8-cde1-4b7e-8afc-5cdea2a1f367-0,,,,episode,,,,,1740,3,93804bbd-2bff-4632-9fd2-b65dfa911c13,8524792,1629860369,2,watched-episode-93804bbd-2bff-4632-9fd2-b65dfa911c13-7421a1f8-cde1-4b7e-8afc-5cdea2a1f367,,,watch-date-1629860369,true,us
2021-08-28 17:52:32,361034,13991889,watch,How to Sell Drugs Online (Fast),,2021-08-28 17:52:32,746fdb8c-7e6a-40ba-90ce-dfbd0b233630,watch-746fdb8c-7e6a-40ba-90ce-dfbd0b233630-0,,,,episode,,,,,1740,3,93804bbd-2bff-4632-9fd2-b65dfa911c13,8524793,1630173152,3,watched-episode-93804bbd-2bff-4632-9fd2-b65dfa911c13-746fdb8c-7e6a-40ba-90ce-dfbd0b233630,,,watch-date-1630173152,true,us
2021-08-15 03:58:44,343913,13991889,watch,Grand Blue Dreaming,,2021-08-15 03:58:44,74ef7d79-f346-4ff4-be20-1542694ed8f4,watch-74ef7d79-f346-4ff4-be20-1542694ed8f4-0,,,,episode,,,,,1500,1,3f34594c-8d53-40b8-af9e-1a444cb89900,6753050,1628999924,3,watched-episode-3f34594c-8d53-40b8-af9e-1a444cb89900-74ef7d79-f346-4ff4-be20-1542694ed8f4,,,watch-date-1628999924,true,us
2019-08-10 05:56:03,,13991889,watch,,,2019-08-10 05:56:03,74f75ba9-560c-417e-8be2-a375a051cb4c,watch-74f75ba9-560c-417e-8be2-a375a051cb4c-0,,0,,movie,X-Men Origins: Wolverine,,,,,,,,,,,,,,,
2019-08-10 05:51:53,,13991889,watch,,,2019-08-10 05:51:53,7509b172-6138-4aec-bdd8-b3e081cc310a,watch-7509b172-6138-4aec-bdd8-b3e081cc310a-0,,0,,movie,X-Men,,,,,,,,,,,,,,,
2020-12-26 05:56:49,78831,13991889,watch,Drawn Together,,2020-12-26 05:56:49,7544ca2c-177c-4488-b7e6-d747729a8aba,watch-7544ca2c-177c-4488-b7e6-d747729a8aba-0,,,,episode,,,,,,3,40652d64-ab6f-4708-a334-f9195176d942,315989,1608962209,14,watched-episode-40652d64-ab6f-4708-a334-f9195176d942-7544ca2c-177c-4488-b7e6-d747729a8aba,,,watch-date-1608962209,true,us
2019-08-10 05:46:51,,13991889,watch,,,2019-08-10 05:46:51,75a7a892-832e-4505-a1d2-6d936577f3f9,watch-75a7a892-832e-4505-a1d2-6d936577f3f9-0,,0,,movie,The Perks of Being a Wallflower,,,,,,,,,,,,,,,
2019-08-10 06:05:03,,13991889,watch,,,2019-08-10 06:05:03,75e0cdd2-b83e-4a9e-91f6-56157cfb72d3,watch-75e0cdd2-b83e-4a9e-91f6-56157cfb72d3-0,,0,,movie,Rio 2,,,,,,,,,,,,,,,
2026-06-08 04:00:37,,13991889,watch,,,2026-06-08 04:00:37,75f84f81-4ab5-48fc-bee4-6a9763329e50,watch-75f84f81-4ab5-48fc-bee4-6a9763329e50-0,,,,movie,Scary Movie 6,watch-release-date-2026-06-05,2026-06-05 00:00:00,watch-alpha-scary-movie-6,5700,,,,,,,,,watch-date-1780891237,,US
2021-02-25 04:49:17,,13991889,watch,,,2021-02-25 04:49:17,762135ab-c047-4026-8333-9580bf435807,watch-762135ab-c047-4026-8333-9580bf435807-0,,,,movie,僕のヒーローアカデミア 生き残れ! 決死のサバイバル訓練 後編,watch-release-date-2020-08-15,2020-08-15 00:00:00,watch-alpha-my-hero-academia-make-it-do-or-die-survival-training-(part-2),,,,,,,,,,watch-date-1614228557,,AR
2021-10-04 04:58:44,284131,13991889,watch,The Seven Deadly Sins,,2021-10-04 04:58:44,77ab11da-6bb7-406f-b1f5-b7f03ca5e88d,watch-77ab11da-6bb7-406f-b1f5-b7f03ca5e88d-0,,,,episode,,,,,1440,4,6436b274-ca56-4d2f-8c68-2956bc0fcab6,8139338,1633323524,12,watched-episode-6436b274-ca56-4d2f-8c68-2956bc0fcab6-77ab11da-6bb7-406f-b1f5-b7f03ca5e88d,,,watch-date-1633323524,true,us
2025-11-30 14:27:22,,13991889,watch,,,2025-11-30 14:27:22,78079d78-9387-4cbe-9adf-8ded6b6decc4,watch-78079d78-9387-4cbe-9adf-8ded6b6decc4-0,,,,movie,Zootopia 2,watch-release-date-2025-11-26,2025-11-26 00:00:00,watch-alpha-zootopia-2,,,,,,,,,,watch-date-1764512842,,US
2021-06-25 03:51:43,332335,13991889,watch,Close Enough,,2021-06-25 03:51:43,7809cf74-d9fc-4696-a855-f64d6ed1fecd,watch-7809cf74-d9fc-4696-a855-f64d6ed1fecd-0,,,,episode,,,,,,2,9e6de326-3ca4-4886-9176-67d47fc1ba19,8235334,1624593103,14,watched-episode-9e6de326-3ca4-4886-9176-67d47fc1ba19-7809cf74-d9fc-4696-a855-f64d6ed1fecd,,,watch-date-1624593103,true,us
2019-08-10 05:46:03,,13991889,watch,,,2019-08-10 05:46:03,780fa612-3916-40e9-a1c3-6b2e75197395,watch-780fa612-3916-40e9-a1c3-6b2e75197395-0,,0,,movie,Up,,,,,,,,,,,,,,,
2019-08-10 05:58:39,,13991889,watch,,,2019-08-10 05:58:39,783fbea2-0828-420e-9dc7-a915c08d0e38,watch-783fbea2-0828-420e-9dc7-a915c08d0e38-0,,0,,movie,The Jungle Book,,,,,,,,,,,,,,,
2019-11-24 04:32:51,,13991889,watch,,,2019-11-24 04:32:51,78a0d677-5e7e-423d-a0ab-b669754885f1,watch-78a0d677-5e7e-423d-a0ab-b669754885f1-0,,0,,movie,Joker,,0001-01-01 00:00:00,,,,,,,,,,,,,
2019-08-10 05:50:05,,13991889,watch,,,2019-08-10 05:50:05,78bdccb1-7291-4d79-a4b3-d4e4e198348a,watch-78bdccb1-7291-4d79-a4b3-d4e4e198348a-0,,0,,movie,Ice Age: The Meltdown,,,,,,,,,,,,,,,
2019-08-10 06:06:52,,13991889,watch,,,2019-08-10 06:06:52,796b2ef5-2e06-43e8-a517-d8814f616f71,watch-796b2ef5-2e06-43e8-a517-d8814f616f71-0,,0,,movie,Casper,,,,,,,,,,,,,,,
2019-08-10 06:06:57,,13991889,watch,,,2019-08-10 06:06:57,797850f1-71cd-438d-bde2-345337afd417,watch-797850f1-71cd-438d-bde2-345337afd417-0,,0,,movie,Jumanji: The Next Level,,,,,,,,,,,,,,,
2021-03-11 19:11:54,355774,13991889,watch,Dr. STONE,,2021-03-11 19:11:54,79788ff0-7d86-49a5-8465-b176067f6fc0,watch-79788ff0-7d86-49a5-8465-b176067f6fc0-0,,,,episode,,,,,,2,14f8bad3-d1da-4e83-b1e7-9cd5bb66a51e,8145693,1615489914,9,watched-episode-14f8bad3-d1da-4e83-b1e7-9cd5bb66a51e-79788ff0-7d86-49a5-8465-b176067f6fc0,,,watch-date-1615489914,true,us
2020-12-24 01:58:58,78831,13991889,watch,Drawn Together,,2020-12-24 01:58:58,7a79e57e-9a0e-4141-bb3c-85567da24047,watch-7a79e57e-9a0e-4141-bb3c-85567da24047-0,,,,episode,,,,,,3,40652d64-ab6f-4708-a334-f9195176d942,314263,1608775138,8,watched-episode-40652d64-ab6f-4708-a334-f9195176d942-7a79e57e-9a0e-4141-bb3c-85567da24047,,,watch-date-1608775138,true,us
2021-04-12 17:21:24,348002,13991889,watch,The Promised Neverland,,2021-04-12 17:21:24,7a83cefb-7782-4402-af22-a59e18371b31,watch-7a83cefb-7782-4402-af22-a59e18371b31-0,,,,episode,,,,,,2,fba3a83c-e062-4bea-a884-245e69f3931a,8128379,1618248084,7,watched-episode-fba3a83c-e062-4bea-a884-245e69f3931a-7a83cefb-7782-4402-af22-a59e18371b31,,,watch-date-1618248084,true,us
2019-08-10 05:59:04,,13991889,watch,,,2019-08-10 05:59:04,7acb2963-aec2-46d3-a00a-0a32ce895c67,watch-7acb2963-aec2-46d3-a00a-0a32ce895c67-0,,0,,movie,Scooby-Doo,,,,,,,,,,,,,,,
2020-01-17 03:11:46,,13991889,watch,,,2020-01-17 03:11:46,7acba47c-3a69-403a-8058-cf51b20fbeb7,watch-7acba47c-3a69-403a-8058-cf51b20fbeb7-0,,0,,movie,The Edge of Seventeen,,0001-01-01 00:00:00,,,,,,,,,,,,,
2020-02-12 05:24:18,,13991889,watch,,,2020-02-12 05:24:18,7b0435f7-2ee4-49dd-b9d2-4793e7c2ac67,watch-7b0435f7-2ee4-49dd-b9d2-4793e7c2ac67-0,,0,,movie,Dolittle,,0001-01-01 00:00:00,,,,,,,,,,,,,
2022-03-14 03:44:28,,13991889,watch,,,2022-03-14 03:44:28,7b224c12-ebc5-431c-8ed8-72d234d9d0ad,watch-7b224c12-ebc5-431c-8ed8-72d234d9d0ad-0,,,,movie,The Adam Project,watch-release-date-2022-03-11,2022-03-11 00:00:00,watch-alpha-the-adam-project,6360,,,,,,,,,watch-date-1647229468,,US
2021-09-04 02:59:58,399966,13991889,watch,Sex!fy,,2021-09-04 02:59:58,7b39eb3f-34a3-4562-b974-4e2fb2d4a949,watch-7b39eb3f-34a3-4562-b974-4e2fb2d4a949-0,,,,episode,,,,,3060,1,f2ad4f4c-447f-4d65-84ca-00881c9f1375,8322949,1630724398,6,watched-episode-f2ad4f4c-447f-4d65-84ca-00881c9f1375-7b39eb3f-34a3-4562-b974-4e2fb2d4a949,,,watch-date-1630724398,true,us
2021-05-11 23:20:45,305074,13991889,watch,My Hero Academia,,2021-05-11 23:20:45,7bb0c13d-ac47-4806-b30c-c4514486b700,watch-7bb0c13d-ac47-4806-b30c-c4514486b700-0,,,,episode,,,,,,4,b4e8e618-0fbb-46c6-9ccc-bf3ca6f09251,7553208,1620775245,18,watched-episode-b4e8e618-0fbb-46c6-9ccc-bf3ca6f09251-7bb0c13d-ac47-4806-b30c-c4514486b700,,,watch-date-1620775245,true,us
2024-03-10 01:45:24,,13991889,watch,,,2024-03-10 01:45:24,7bbdbf78-cff4-4626-ae2a-8d112aece584,watch-7bbdbf78-cff4-4626-ae2a-8d112aece584-0,,,,movie,City of Lies,watch-release-date-2021-03-19,2021-03-19 00:00:00,watch-alpha-city-of-lies,6720,,,,,,,,,watch-date-1710035124,,AR
2021-12-12 03:31:43,,13991889,watch,,,2021-12-12 03:31:43,7cb13f6a-f47e-487e-8901-d8c1d161a429,watch-7cb13f6a-f47e-487e-8901-d8c1d161a429-0,,,,movie,Father Christmas is Back,watch-release-date-2021-11-07,2021-11-07 00:00:00,watch-alpha-father-christmas-is-back,6300,,,,,,,,,watch-date-1639279903,,AR
2021-06-25 02:26:44,332335,13991889,watch,Close Enough,,2021-06-25 02:26:44,7d4ee509-b0b5-4cf3-9c5a-1fa573852f92,watch-7d4ee509-b0b5-4cf3-9c5a-1fa573852f92-0,,,,episode,,,,,,2,9e6de326-3ca4-4886-9176-67d47fc1ba19,8235330,1624588004,10,watched-episode-9e6de326-3ca4-4886-9176-67d47fc1ba19-7d4ee509-b0b5-4cf3-9c5a-1fa573852f92,,,watch-date-1624588004,true,us
2024-01-08 00:30:38,,13991889,watch,,,2024-01-08 00:30:38,7d657ec9-5920-4162-86d2-f3496450489f,watch-7d657ec9-5920-4162-86d2-f3496450489f-0,,,,movie,雄英ヒーローズ・バトル,watch-release-date-2023-10-20,2023-10-20 00:00:00,watch-alpha-ua-heroes-battle,1440,,,,,,,,,watch-date-1704673838,,AR
2019-08-10 06:03:50,,13991889,watch,,,2019-08-10 06:03:50,7d831ca2-6dee-4435-a232-bad8ae5c3f76,watch-7d831ca2-6dee-4435-a232-bad8ae5c3f76-0,,0,,movie,Tinker Bell,,,,,,,,,,,,,,,
2020-12-18 14:09:16,251085,13991889,watch,The Legend of Korra,,2020-12-18 14:09:16,7d83cf0d-6ec3-4590-a845-5385db3990f6,watch-7d83cf0d-6ec3-4590-a845-5385db3990f6-0,,,,episode,,,,,,1,16ff2b5f-a919-4223-85ca-81822f00f699,4311547,1608300556,4,watched-episode-16ff2b5f-a919-4223-85ca-81822f00f699-7d83cf0d-6ec3-4590-a845-5385db3990f6,,,watch-date-1608300556,true,us
2026-06-20 18:02:20,,13991889,watch,,,2026-06-20 18:02:20,7da02bbd-0631-43af-ad79-271395d2ed16,watch-7da02bbd-0631-43af-ad79-271395d2ed16-0,,,,movie,Culpa tuya,watch-release-date-2024-12-27,2024-12-27 00:00:00,watch-alpha-your-fault,7200,,,,,,,,,watch-date-1781978540,,US
2021-03-12 21:30:00,377543,13991889,watch,JUJUTSU KAISEN,,2021-03-12 21:30:00,7dad27d7-c0d6-45f0-a912-94e6321e09c6,watch-7dad27d7-c0d6-45f0-a912-94e6321e09c6-0,,,,episode,,,,,,1,629493df-1990-437e-a64f-3adf1f2782c1,7973192,1615584600,17,watched-episode-629493df-1990-437e-a64f-3adf1f2782c1-7dad27d7-c0d6-45f0-a912-94e6321e09c6,,,watch-date-1615584600,true,us
2019-08-10 05:59:45,,13991889,watch,,,2019-08-10 05:59:45,7e43368d-eb1c-4e03-8ecf-86c598245419,watch-7e43368d-eb1c-4e03-8ecf-86c598245419-0,,0,,movie,The Imitation Game,,,,,,,,,,,,,,,
2021-10-29 02:37:49,79481,13991889,watch,Death Note,,2021-10-29 02:37:49,7e56e321-37e3-4c2c-841d-e8ad034a721e,watch-7e56e321-37e3-4c2c-841d-e8ad034a721e-0,,,,episode,,,,,1320,1,d6adbb6e-05b6-45fe-bf0c-34aee5fc663c,314052,1635475069,8,watched-episode-d6adbb6e-05b6-45fe-bf0c-34aee5fc663c-7e56e321-37e3-4c2c-841d-e8ad034a721e,,,watch-date-1635475069,true,us
2019-08-10 05:52:30,,13991889,watch,,,2019-08-10 05:52:30,7e86e6bd-3243-47e8-b259-eea4f6a0af30,watch-7e86e6bd-3243-47e8-b259-eea4f6a0af30-0,,0,,movie,"I, Robot",,,,,,,,,,,,,,,
2019-08-10 06:00:53,,13991889,watch,,,2019-08-10 06:00:53,7ea4c1d3-1125-409c-9d5a-edcf8ebaa359,watch-7ea4c1d3-1125-409c-9d5a-edcf8ebaa359-0,,0,,movie,Bruce Almighty,,,,,,,,,,,,,,,
2019-08-10 05:51:03,,13991889,watch,,,2019-08-10 05:51:03,7fb75a7c-5a36-4599-a1c4-be418f1b3ada,watch-7fb75a7c-5a36-4599-a1c4-be418f1b3ada-0,,0,,movie,Venom,,,,,,,,,,,,,,,
2021-09-03 00:43:14,361034,13991889,watch,How to Sell Drugs Online (Fast),,2021-09-03 00:43:14,8001b121-8a64-4e33-9256-f387b7d5f11d,watch-8001b121-8a64-4e33-9256-f387b7d5f11d-0,,,,episode,,,,,1740,3,93804bbd-2bff-4632-9fd2-b65dfa911c13,8524794,1630629794,4,watched-episode-93804bbd-2bff-4632-9fd2-b65dfa911c13-8001b121-8a64-4e33-9256-f387b7d5f11d,,,watch-date-1630629794,true,us
2020-06-20 04:54:54,,13991889,watch,,,2020-06-20 04:54:54,800fece5-25fd-4f76-868a-6967366a5cb0,watch-800fece5-25fd-4f76-868a-6967366a5cb0-0,,0,,movie,The Last Airbender,,0001-01-01 00:00:00,,,,,,,,,,,,,
2019-08-10 06:07:22,,13991889,watch,,,2019-08-10 06:07:22,8013692a-24ec-4ee6-94df-1aebaee17710,watch-8013692a-24ec-4ee6-94df-1aebaee17710-0,,0,,movie,Ted 2,,,,,,,,,,,,,,,
2023-09-14 01:47:31,,13991889,watch,,,2023-09-14 01:47:31,802de268-7ca1-4a17-b86b-69db59fe1266,watch-802de268-7ca1-4a17-b86b-69db59fe1266-0,,,,movie,You Are So Not Invited to My Bat Mitzvah,watch-release-date-2023-08-25,2023-08-25 00:00:00,watch-alpha-you-are-so-not-invited-to-my-bat-mitzvah,6060,,,,,,,,,watch-date-1694656051,,AR
2023-02-27 02:21:44,,13991889,watch,,,2023-02-27 02:21:44,806dfa10-ad40-4e60-a878-ba49a8326f03,watch-806dfa10-ad40-4e60-a878-ba49a8326f03-0,,,,movie,Everything Everywhere All at Once,watch-release-date-2022-03-25,2022-03-25 00:00:00,watch-alpha-everything-everywhere-all-at-once,8400,,,,,,,,,watch-date-1677464504,,AR
2021-07-30 00:43:21,,13991889,watch,,,2021-07-30 00:43:21,80b741e4-5e30-4426-b4fc-e5625cbb3fba,watch-80b741e4-5e30-4426-b4fc-e5625cbb3fba-0,,,,movie,Fear Street: 1994,watch-release-date-2021-07-02,2021-07-02 00:00:00,watch-alpha-fear-street-1994,6300,,,,,,,,,watch-date-1627605801,,AR
2021-09-21 04:10:37,364007,13991889,watch,Primal,,2021-09-21 04:10:37,818a18ab-3de8-4703-807d-07331c83f9fc,watch-818a18ab-3de8-4703-807d-07331c83f9fc-0,,,,episode,,,,,1320,1,7063ddb0-ea89-4bc2-ba9e-1abd6cdc48bb,7338073,1632197437,1,watched-episode-7063ddb0-ea89-4bc2-ba9e-1abd6cdc48bb-818a18ab-3de8-4703-807d-07331c83f9fc,,,watch-date-1632197437,true,us
2022-06-04 01:59:57,,13991889,watch,,,2022-06-04 01:59:57,8194fc45-0c2e-4f6e-a471-f8c5b3d1a8af,watch-8194fc45-0c2e-4f6e-a471-f8c5b3d1a8af-0,,,,movie,Morbius,watch-release-date-2022-04-01,2022-04-01 00:00:00,watch-alpha-morbius,6300,,,,,,,,,watch-date-1654307997,,US
2021-04-09 03:42:40,339353,13991889,watch,B: The Beginning,,2021-04-09 03:42:40,82018db4-3915-45ba-812b-516c6820040e,watch-82018db4-3915-45ba-812b-516c6820040e-0,,,,episode,,,,,,2,ad1dcc9f-bf02-40c6-8524-fda5fc171955,8217117,1617939760,2,watched-episode-ad1dcc9f-bf02-40c6-8524-fda5fc171955-82018db4-3915-45ba-812b-516c6820040e,,,watch-date-1617939760,true,us
2021-10-09 17:41:15,329822,13991889,watch,Classroom of the Elite,,2021-10-09 17:41:15,8237c63b-8f3a-427b-8ebd-02c181fd71ab,watch-8237c63b-8f3a-427b-8ebd-02c181fd71ab-0,,,,episode,,,,,1500,1,77533fe4-ba38-4e6f-a064-8446a27d57cc,6125438,1633801275,1,watched-episode-77533fe4-ba38-4e6f-a064-8446a27d57cc-8237c63b-8f3a-427b-8ebd-02c181fd71ab,,,watch-date-1633801275,true,us
2021-03-13 19:16:23,339353,13991889,watch,B: The Beginning,,2021-03-13 19:16:23,82a25238-c648-43b7-8e55-87c886facbcb,watch-82a25238-c648-43b7-8e55-87c886facbcb-0,,,,episode,,,,,,1,ad1dcc9f-bf02-40c6-8524-fda5fc171955,6497906,1615662983,5,watched-episode-ad1dcc9f-bf02-40c6-8524-fda5fc171955-82a25238-c648-43b7-8e55-87c886facbcb,,,watch-date-1615662983,true,us
2021-10-09 04:05:50,405661,13991889,watch,Takt op.Destiny,,2021-10-09 04:05:50,82c7e868-8ae7-499d-b011-7cb3d7aa516f,watch-82c7e868-8ae7-499d-b011-7cb3d7aa516f-0,,,,episode,,,,,1440,1,d12f97ef-f046-4905-94c7-8149f6b7d557,8512272,1633752350,1,watched-episode-d12f97ef-f046-4905-94c7-8149f6b7d557-82c7e868-8ae7-499d-b011-7cb3d7aa516f,,,watch-date-1633752350,true,us
2019-08-10 06:03:32,,13991889,watch,,,2019-08-10 06:03:32,82f50a08-0078-42ba-8249-fb4cbc7cc27b,watch-82f50a08-0078-42ba-8249-fb4cbc7cc27b-0,,0,,movie,The Croods,,,,,,,,,,,,,,,
2021-04-27 05:12:07,348002,13991889,watch,The Promised Neverland,,2021-04-27 05:12:07,82f61950-e027-40e7-b178-73bc5fc9e1e8,watch-82f61950-e027-40e7-b178-73bc5fc9e1e8-0,,,,episode,,,,,,2,fba3a83c-e062-4bea-a884-245e69f3931a,8128385,1619500327,11,watched-episode-fba3a83c-e062-4bea-a884-245e69f3931a-82f61950-e027-40e7-b178-73bc5fc9e1e8,,,watch-date-1619500327,true,us
2021-06-14 19:57:19,376751,13991889,watch,The Daily Life of the Immortal King,,2021-06-14 19:57:19,8311e85b-ede1-441d-a542-29f9fd032fbc,watch-8311e85b-ede1-441d-a542-29f9fd032fbc-0,,,,episode,,,,,,1,97fa280e-6382-4ddf-ac69-bac712f946d6,7580587,1623700639,4,watched-episode-97fa280e-6382-4ddf-ac69-bac712f946d6-8311e85b-ede1-441d-a542-29f9fd032fbc,,,watch-date-1623700639,true,us
2019-08-10 06:06:21,,13991889,watch,,,2019-08-10 06:06:21,83191621-aca2-4e80-b20b-c95af2f9e0bd,watch-83191621-aca2-4e80-b20b-c95af2f9e0bd-0,,0,,movie,Ghost Rider,,,,,,,,,,,,,,,
2019-08-10 05:46:32,,13991889,watch,,,2019-08-10 05:46:32,831f05ea-de4a-44a8-8f28-83b208a05da1,watch-831f05ea-de4a-44a8-8f28-83b208a05da1-0,,0,,movie,Jumanji,,,,,,,,,,,,,,,
2021-04-24 19:44:36,348545,13991889,watch,Demon Slayer: Kimetsu no Yaiba,,2021-04-24 19:44:36,83522f1a-ec01-455d-bc15-d8c4f40f9017,watch-83522f1a-ec01-455d-bc15-d8c4f40f9017-0,,,,episode,,,,,,1,015f238e-e893-4c3a-973a-674eb2a1df87,7222645,1619293476,19,watched-episode-015f238e-e893-4c3a-973a-674eb2a1df87-83522f1a-ec01-455d-bc15-d8c4f40f9017,,,watch-date-1619293476,true,us
2020-12-24 18:10:34,78831,13991889,watch,Drawn Together,,2020-12-24 18:10:34,83a62160-4fc0-4f46-9261-7c863fc3173d,watch-83a62160-4fc0-4f46-9261-7c863fc3173d-0,,,,episode,,,,,,3,40652d64-ab6f-4708-a334-f9195176d942,315984,1608833434,9,watched-episode-40652d64-ab6f-4708-a334-f9195176d942-83a62160-4fc0-4f46-9261-7c863fc3173d,,,watch-date-1608833434,true,us
2023-04-23 02:40:33,,13991889,watch,,,2023-04-23 02:40:33,83efdedf-6e68-4546-a738-372cf0495ddb,watch-83efdedf-6e68-4546-a738-372cf0495ddb-0,,,,movie,Wrath of Man,watch-release-date-2021-05-20,2021-05-20 00:00:00,watch-alpha-wrath-of-man,7080,,,,,,,,,watch-date-1682217633,,AR
2020-06-10 03:51:59,,13991889,watch,,,2020-06-10 03:51:59,842d3de9-f35d-454b-a346-c78d5f2e1413,watch-842d3de9-f35d-454b-a346-c78d5f2e1413-0,,0,,movie,Tokyo Ghoul: Jack,,0001-01-01 00:00:00,,,,,,,,,,,,,
2024-06-29 02:43:16,,13991889,watch,,,2024-06-29 02:43:16,84394394-cf08-4ceb-bd46-8e051ca3873e,watch-84394394-cf08-4ceb-bd46-8e051ca3873e-0,,,,movie,A Family Affair,watch-release-date-2024-06-28,2024-06-28 00:00:00,watch-alpha-a-family-affair,6660,,,,,,,,,watch-date-1719628996,,US
2020-12-17 05:47:50,368452,13991889,watch,Inside Bill's Brain: Decoding Bill Gates,,2020-12-17 05:47:50,849cfe43-b194-48da-b8c4-f69f4ffc6c40,watch-849cfe43-b194-48da-b8c4-f69f4ffc6c40-0,,,,episode,,,,,,1,fc413b42-259c-4444-96c7-ccc578308830,7328941,1608184070,2,watched-episode-fc413b42-259c-4444-96c7-ccc578308830-849cfe43-b194-48da-b8c4-f69f4ffc6c40,,,watch-date-1608184070,true,us
2021-09-04 03:00:00,399966,13991889,watch,Sex!fy,,2021-09-04 03:00:00,84e4f1a9-1872-40c4-9aef-ae8c60e707a9,watch-84e4f1a9-1872-40c4-9aef-ae8c60e707a9-0,,,,episode,,,,,3060,1,f2ad4f4c-447f-4d65-84ca-00881c9f1375,8322951,1630724400,7,watched-episode-f2ad4f4c-447f-4d65-84ca-00881c9f1375-84e4f1a9-1872-40c4-9aef-ae8c60e707a9,,,watch-date-1630724400,true,us
2019-08-10 05:49:17,,13991889,watch,,,2019-08-10 05:49:17,8524d86e-11af-42b5-9637-1fa18664e218,watch-8524d86e-11af-42b5-9637-1fa18664e218-0,,0,,movie,Maleficent,,,,,,,,,,,,,,,
2019-08-10 05:50:13,,13991889,watch,,,2019-08-10 05:50:13,85447af1-ac34-476c-b5f6-411bb9d7c110,watch-85447af1-ac34-476c-b5f6-411bb9d7c110-0,,0,,movie,Hotel Transylvania,,,,,,,,,,,,,,,
2021-02-08 22:17:51,327572,13991889,watch,Kakegurui,,2021-02-08 22:17:51,85bdb784-476b-41dd-9891-19b25305fa3f,watch-85bdb784-476b-41dd-9891-19b25305fa3f-0,,,,episode,,,,,,1,7d5f3a6e-734d-4b59-ab86-60f0e293ab5c,6165527,1612822671,12,watched-episode-7d5f3a6e-734d-4b59-ab86-60f0e293ab5c-85bdb784-476b-41dd-9891-19b25305fa3f,,,watch-date-1612822671,true,us
2025-12-14 22:16:47,,13991889,watch,,,2025-12-14 22:16:47,86130b93-8d67-420c-bd24-b2fb4c4f4bb2,watch-86130b93-8d67-420c-bd24-b2fb4c4f4bb2-0,,,,movie,Sonic the Hedgehog 3,watch-release-date-2024-12-20,2024-12-20 00:00:00,watch-alpha-sonic-the-hedgehog-3,6660,,,,,,,,,watch-date-1765750607,,US
2021-09-17 01:20:15,330374,13991889,watch,Atypical,,2021-09-17 01:20:15,86135b50-5095-4fb4-ba9e-9b92a44d778c,watch-86135b50-5095-4fb4-ba9e-9b92a44d778c-0,,,,episode,,,,,2040,4,1b942384-17aa-4ad6-b3f2-1e0fdece066f,8513232,1631841615,2,watched-episode-1b942384-17aa-4ad6-b3f2-1e0fdece066f-86135b50-5095-4fb4-ba9e-9b92a44d778c,,,watch-date-1631841615,true,us
2020-03-31 16:10:08,,13991889,watch,,,2020-03-31 16:10:08,86376076-f75c-47af-aacd-cc7f0681b718,watch-86376076-f75c-47af-aacd-cc7f0681b718-0,,0,,movie,Ben 10: Alien Swarm,,0001-01-01 00:00:00,,,,,,,,,,,,,
2021-05-13 05:25:21,347734,13991889,watch,Super Dragon Ball Heroes,,2021-05-13 05:25:21,86a7b12d-cb25-4ac9-a188-f5219001adce,watch-86a7b12d-cb25-4ac9-a188-f5219001adce-0,,,,episode,,,,,,4,a91c09d6-e687-4094-9290-206ae8c0cd75,8363234,1620883521,3,watched-episode-a91c09d6-e687-4094-9290-206ae8c0cd75-86a7b12d-cb25-4ac9-a188-f5219001adce,,,watch-date-1620883521,true,us
2020-07-24 18:22:15,,13991889,watch,,,2020-07-24 18:22:15,86dca86b-b9b9-460f-91cd-48d8513fd064,watch-86dca86b-b9b9-460f-91cd-48d8513fd064-0,,0,,movie,The Kissing Booth 2,,0001-01-01 00:00:00,,,,,,,,,,,,,
2021-07-31 16:21:49,305074,13991889,watch,My Hero Academia,,2021-07-31 16:21:49,87749d30-59de-481b-b204-d5cf58de55d5,watch-87749d30-59de-481b-b204-d5cf58de55d5-0,,,,episode,,,,,1500,5,b4e8e618-0fbb-46c6-9ccc-bf3ca6f09251,8329806,1627748509,18,watched-episode-b4e8e618-0fbb-46c6-9ccc-bf3ca6f09251-87749d30-59de-481b-b204-d5cf58de55d5,,,watch-date-1627748509,true,us
2021-02-09 04:39:52,,13991889,watch,,,2021-02-09 04:39:52,87a5124e-3eca-43fe-8667-7bcab6ada01e,watch-87a5124e-3eca-43fe-8667-7bcab6ada01e-0,,,,movie,Wonder Woman 1984,watch-release-date-2021-02-11,2021-02-11 00:00:00,watch-alpha-wonder-woman-1984,,,,,,,,,,watch-date-1612845592,,AR
2021-06-26 16:18:07,279831,13991889,watch,Parasyte -the maxim-,,2021-06-26 16:18:07,88ad1b0b-a3ce-4c23-bbff-b86ff44ed756,watch-88ad1b0b-a3ce-4c23-bbff-b86ff44ed756-0,,,,episode,,,,,,1,e04658af-ac15-450b-8bde-faa6e2d97950,5031444,1624724287,5,watched-episode-e04658af-ac15-450b-8bde-faa6e2d97950-88ad1b0b-a3ce-4c23-bbff-b86ff44ed756,,,watch-date-1624724287,true,us
2019-08-10 06:07:01,,13991889,watch,,,2019-08-10 06:07:01,88b5eeea-84da-41a2-ae5a-3cec6ec49696,watch-88b5eeea-84da-41a2-ae5a-3cec6ec49696-0,,0,,movie,Life of Pi,,,,,,,,,,,,,,,
2020-12-17 05:47:47,349643,13991889,watch,Hilda,,2020-12-17 05:47:47,88e5c08f-c29a-47f4-b1f1-f011fa1a266a,watch-88e5c08f-c29a-47f4-b1f1-f011fa1a266a-0,,,,episode,,,,,,2,c41bc231-1f55-46c2-b458-ef93309eef32,8051749,1608184067,3,watched-episode-c41bc231-1f55-46c2-b458-ef93309eef32-88e5c08f-c29a-47f4-b1f1-f011fa1a266a,,,watch-date-1608184067,true,us
2019-08-10 05:50:53,,13991889,watch,,,2019-08-10 05:50:53,892577e5-13de-45db-ad3b-be59bcb6df9b,watch-892577e5-13de-45db-ad3b-be59bcb6df9b-0,,0,,movie,I Am Legend,,,,,,,,,,,,,,,
2020-06-20 04:55:32,,13991889,watch,,,2020-06-20 04:55:32,893c636e-f7d2-4646-875f-872940c37cdb,watch-893c636e-f7d2-4646-875f-872940c37cdb-0,,0,,movie,The Lion King II: Simba's Pride,,0001-01-01 00:00:00,,,,,,,,,,,,,
2019-08-10 05:49:47,,13991889,watch,,,2019-08-10 05:49:47,895851b6-d9e1-49c6-b90d-7197d651a169,watch-895851b6-d9e1-49c6-b90d-7197d651a169-0,,0,,movie,Logan,,,,,,,,,,,,,,,
2021-07-10 15:45:27,381016,13991889,watch,Biohackers,,2021-07-10 15:45:27,896eb512-05e4-47f3-a01c-85787ab5b23d,watch-896eb512-05e4-47f3-a01c-85787ab5b23d-0,,,,episode,,,,,,2,9b95280b-8b39-45f9-85bb-f8614c5b653d,8463430,1625931927,1,watched-episode-9b95280b-8b39-45f9-85bb-f8614c5b653d-896eb512-05e4-47f3-a01c-85787ab5b23d,,,watch-date-1625931927,true,us
2019-08-10 05:48:37,,13991889,watch,,,2019-08-10 05:48:37,8a142746-1fad-4c07-91c1-4cf970940c33,watch-8a142746-1fad-4c07-91c1-4cf970940c33-0,,0,,movie,Bird Box,,,,,,,,,,,,,,,
2020-09-03 18:54:09,,13991889,watch,,,2020-09-03 18:54:09,8a34831a-3e1e-4423-b3d8-099756ad4cb1,watch-8a34831a-3e1e-4423-b3d8-099756ad4cb1-0,,0,,movie,悟空外伝！勇気の証しは四星球,,0001-01-01 00:00:00,,,,,,,,,,,,,
2021-08-18 14:24:32,393810,13991889,watch,Record of Ragnarok,,2021-08-18 14:24:32,8a4bb979-5752-44e5-80e5-b63e56338bec,watch-8a4bb979-5752-44e5-80e5-b63e56338bec-0,,,,episode,,,,,1500,1,37358331-3dd5-4503-afb3-d63ddf158cd4,8481732,1629296672,10,watched-episode-37358331-3dd5-4503-afb3-d63ddf158cd4-8a4bb979-5752-44e5-80e5-b63e56338bec,,,watch-date-1629296672,true,us
2019-08-10 05:57:11,,13991889,watch,,,2019-08-10 05:57:11,8a52bdb3-2b9d-4c9c-b91b-82de7113d8c8,watch-8a52bdb3-2b9d-4c9c-b91b-82de7113d8c8-0,,0,,movie,Percy Jackson & the Olympians: The Lightning Thief,,,,,,,,,,,,,,,
2020-10-10 18:17:24,,13991889,watch,,,2020-10-10 18:17:24,8a55f87a-b715-4e70-b828-b22be24d4a95,watch-8a55f87a-b715-4e70-b828-b22be24d4a95-0,,0,,movie,Once Upon a Deadpool,,0001-01-01 00:00:00,,,,,,,,,,,,,
2021-05-07 03:46:12,305074,13991889,watch,My Hero Academia,,2021-05-07 03:46:12,8a9bdb6c-3370-4e35-818d-fc2fc7467651,watch-8a9bdb6c-3370-4e35-818d-fc2fc7467651-0,,,,episode,,,,,,4,b4e8e618-0fbb-46c6-9ccc-bf3ca6f09251,7453195,1620359172,8,watched-episode-b4e8e618-0fbb-46c6-9ccc-bf3ca6f09251-8a9bdb6c-3370-4e35-818d-fc2fc7467651,,,watch-date-1620359172,true,us
2020-12-17 05:47:52,368452,13991889,watch,Inside Bill's Brain: Decoding Bill Gates,,2020-12-17 05:47:52,8aeccb14-2ed7-4e91-b585-6ae1fdf07604,watch-8aeccb14-2ed7-4e91-b585-6ae1fdf07604-0,,,,episode,,,,,,1,fc413b42-259c-4444-96c7-ccc578308830,7328942,1608184072,3,watched-episode-fc413b42-259c-4444-96c7-ccc578308830-8aeccb14-2ed7-4e91-b585-6ae1fdf07604,,,watch-date-1608184072,true,us
2019-08-10 05:49:05,,13991889,watch,,,2019-08-10 05:49:05,8b180a17-b645-4e14-ab25-e50e7a68a7a1,watch-8b180a17-b645-4e14-ab25-e50e7a68a7a1-0,,0,,movie,Tarzan,,,,,,,,,,,,,,,
2019-08-10 06:06:40,,13991889,watch,,,2019-08-10 06:06:40,8b24570f-e6b1-4271-9f74-f6ea0bedb1eb,watch-8b24570f-e6b1-4271-9f74-f6ea0bedb1eb-0,,0,,movie,Justice League,,,,,,,,,,,,,,,
2020-07-16 21:31:53,,13991889,watch,,,2020-07-16 21:31:53,8b817b98-e287-4994-9caf-88a44592c6b8,watch-8b817b98-e287-4994-9caf-88a44592c6b8-0,,0,,movie,僕のヒーローアカデミア THE MOVIE ～2人の英雄～,,0001-01-01 00:00:00,,,,,,,,,,,,,
2019-08-10 05:50:25,,13991889,watch,,,2019-08-10 05:50:25,8b9f98b4-5ad6-4aed-b2d5-82f478dcd822,watch-8b9f98b4-5ad6-4aed-b2d5-82f478dcd822-0,,0,,movie,Pirates of the Caribbean: Dead Man's Chest,,,,,,,,,,,,,,,
2019-08-10 05:59:43,,13991889,watch,,,2019-08-10 05:59:43,8bcd83b4-2692-4fd6-83dc-0135b507fba7,watch-8bcd83b4-2692-4fd6-83dc-0135b507fba7-0,,0,,movie,The Kissing Booth,,,,,,,,,,,,,,,
2021-06-26 15:00:46,305074,13991889,watch,My Hero Academia,,2021-06-26 15:00:46,8c097e15-850e-4a45-ab0e-23d2137743c8,watch-8c097e15-850e-4a45-ab0e-23d2137743c8-0,,,,episode,,,,,,5,b4e8e618-0fbb-46c6-9ccc-bf3ca6f09251,8329802,1624719646,14,watched-episode-b4e8e618-0fbb-46c6-9ccc-bf3ca6f09251-8c097e15-850e-4a45-ab0e-23d2137743c8,,,watch-date-1624719646,true,us
2021-10-16 04:43:47,398193,13991889,watch,The World's Finest Assassin Gets Reincarnated in Another World as an Aristocrat,,2021-10-16 04:43:47,8c4dc4ff-fe0a-4aa7-a397-88c26aef5efe,watch-8c4dc4ff-fe0a-4aa7-a397-88c26aef5efe-0,,,,episode,,,,,1440,1,2dd409ed-5907-4452-b39b-56e1ed70c376,8740112,1634359427,2,watched-episode-2dd409ed-5907-4452-b39b-56e1ed70c376-8c4dc4ff-fe0a-4aa7-a397-88c26aef5efe,,,watch-date-1634359427,true,us
2021-11-01 06:22:02,348545,13991889,watch,Demon Slayer: Kimetsu no Yaiba,,2021-11-01 06:22:02,8d0ec8be-f54b-4c51-adc2-3340878f2ab0,watch-8d0ec8be-f54b-4c51-adc2-3340878f2ab0-0,,,,episode,,,,,1440,2,015f238e-e893-4c3a-973a-674eb2a1df87,8747423,1635747722,2,watched-episode-015f238e-e893-4c3a-973a-674eb2a1df87-8d0ec8be-f54b-4c51-adc2-3340878f2ab0,,,watch-date-1635747722,true,us
2019-08-10 05:55:04,,13991889,watch,,,2019-08-10 05:55:04,8d85df5b-0ffb-450a-a32e-7eab9665366a,watch-8d85df5b-0ffb-450a-a32e-7eab9665366a-0,,0,,movie,Hancock,,,,,,,,,,,,,,,
2021-04-24 19:44:40,348545,13991889,watch,Demon Slayer: Kimetsu no Yaiba,,2021-04-24 19:44:40,8e051a80-3668-476f-a34b-4439ce189206,watch-8e051a80-3668-476f-a34b-4439ce189206-0,,,,episode,,,,,,1,015f238e-e893-4c3a-973a-674eb2a1df87,7222646,1619293480,20,watched-episode-015f238e-e893-4c3a-973a-674eb2a1df87-8e051a80-3668-476f-a34b-4439ce189206,,,watch-date-1619293480,true,us
2019-08-10 05:47:27,,13991889,watch,,,2019-08-10 05:47:27,8e76c65a-9440-4e12-9ffa-84a4c2fb958c,watch-8e76c65a-9440-4e12-9ffa-84a4c2fb958c-0,,0,,movie,The Mask,,,,,,,,,,,,,,,
2019-08-10 06:02:42,,13991889,watch,,,2019-08-10 06:02:42,8e93fce5-38fd-478a-9329-b7f922fcc4af,watch-8e93fce5-38fd-478a-9329-b7f922fcc4af-0,,0,,movie,Lara Croft: Tomb Raider,,,,,,,,,,,,,,,
2021-09-11 14:05:28,305074,13991889,watch,My Hero Academia,,2021-09-11 14:05:28,8ecdeaf5-495a-4af4-aff6-66c6d31cc2d2,watch-8ecdeaf5-495a-4af4-aff6-66c6d31cc2d2-0,,,,episode,,,,,1500,5,b4e8e618-0fbb-46c6-9ccc-bf3ca6f09251,8329811,1631369128,23,watched-episode-b4e8e618-0fbb-46c6-9ccc-bf3ca6f09251-8ecdeaf5-495a-4af4-aff6-66c6d31cc2d2,,,watch-date-1631369128,true,us
2022-12-20 03:50:27,,13991889,watch,,,2022-12-20 03:50:27,8ed79c61-2216-477a-a52e-871d7895ca2b,watch-8ed79c61-2216-477a-a52e-871d7895ca2b-0,,,,movie,Avatar: The Way of Water,watch-release-date-2022-12-09,2022-12-09 00:00:00,watch-alpha-avatar-the-way-of-water,11520,,,,,,,,,watch-date-1671508227,,AR
2021-02-21 22:32:27,267440,13991889,watch,Attack on Titan,,2021-02-21 22:32:27,8f145769-084b-46a9-8474-69ec61780fbb,watch-8f145769-084b-46a9-8474-69ec61780fbb-0,,,,episode,,,,,,0,3adddd30-319a-4e47-bb54-fa22d92aa5e1,4546796,1613946747,1,watched-episode-3adddd30-319a-4e47-bb54-fa22d92aa5e1-8f145769-084b-46a9-8474-69ec61780fbb,,,watch-date-1613946747,true,us
2021-04-17 19:57:36,348545,13991889,watch,Demon Slayer: Kimetsu no Yaiba,,2021-04-17 19:57:36,8f355da8-c834-45f3-8d21-2b5b8102552d,watch-8f355da8-c834-45f3-8d21-2b5b8102552d-0,,,,episode,,,,,,1,015f238e-e893-4c3a-973a-674eb2a1df87,7081360,1618689456,5,watched-episode-015f238e-e893-4c3a-973a-674eb2a1df87-8f355da8-c834-45f3-8d21-2b5b8102552d,,,watch-date-1618689456,true,us
2021-08-10 20:23:11,393810,13991889,watch,Record of Ragnarok,,2021-08-10 20:23:11,902ff3e6-df5a-4931-af65-bd0951a8404b,watch-902ff3e6-df5a-4931-af65-bd0951a8404b-0,,,,episode,,,,,1500,1,37358331-3dd5-4503-afb3-d63ddf158cd4,8481727,1628626991,5,watched-episode-37358331-3dd5-4503-afb3-d63ddf158cd4-902ff3e6-df5a-4931-af65-bd0951a8404b,,,watch-date-1628626991,true,us
2019-08-10 05:45:09,,13991889,watch,,,2019-08-10 05:45:09,903a576e-a716-4abc-b69b-3a1003d9d5af,watch-903a576e-a716-4abc-b69b-3a1003d9d5af-0,,0,,movie,The Devil Wears Prada,,,,,,,,,,,,,,,
2019-08-10 06:05:15,,13991889,watch,,,2019-08-10 06:05:15,907c43d4-92e7-4351-8662-d679bbfa1dba,watch-907c43d4-92e7-4351-8662-d679bbfa1dba-0,,0,,movie,The King's Man,,,,,,,,,,,,,,,
2022-02-22 23:54:30,,13991889,watch,,,2022-02-22 23:54:30,90939db3-4946-4d56-ac42-21660616df35,watch-90939db3-4946-4d56-ac42-21660616df35-0,,,,movie,劇場版 七つの大罪 光に呪われし者たち,watch-release-date-2021-10-01,2021-10-01 00:00:00,watch-alpha-the-seven-deadly-sins-cursed-by-light,4740,,,,,,,,,watch-date-1645574070,,US
2019-08-10 05:47:35,,13991889,watch,,,2019-08-10 05:47:35,9095e0da-6662-4820-a3a1-4e1fe52638f4,watch-9095e0da-6662-4820-a3a1-4e1fe52638f4-0,,0,,movie,Thor: The Dark World,,,,,,,,,,,,,,,
2021-01-02 00:50:54,81797,13991889,watch,One Piece,,2021-01-02 00:50:54,90f20c80-4867-4abf-93a7-af8e3db602f8,watch-90f20c80-4867-4abf-93a7-af8e3db602f8-0,,,,episode,,,,,,1,9851e41d-c538-44a9-a656-46de8a59471e,361896,1609548654,8,watched-episode-9851e41d-c538-44a9-a656-46de8a59471e-90f20c80-4867-4abf-93a7-af8e3db602f8,,,watch-date-1609548654,true,us
2026-05-18 01:28:08,,13991889,watch,,,2026-05-18 01:28:08,9101d670-0e18-4b3b-846a-e1134fe557cb,watch-9101d670-0e18-4b3b-846a-e1134fe557cb-0,,,,movie,Mortal Kombat II,watch-release-date-2026-05-08,2026-05-08 00:00:00,watch-alpha-mortal-kombat-ii,6960,,,,,,,,,watch-date-1779067688,,US
2024-03-03 23:24:24,,13991889,watch,,,2024-03-03 23:24:24,91b6f09c-ef66-4f73-8fb9-07ef87fc608b,watch-91b6f09c-ef66-4f73-8fb9-07ef87fc608b-0,,,,movie,Spaceman,watch-release-date-2024-03-01,2024-03-01 00:00:00,watch-alpha-spaceman,,,,,,,,,,watch-date-1709508264,,AR
2021-01-02 04:09:06,,13991889,watch,,,2021-01-02 04:09:06,91e579c9-7b9f-49a2-b63b-1e165f79d50b,watch-91e579c9-7b9f-49a2-b63b-1e165f79d50b-0,,,,movie,Soul,watch-release-date-2020-12-25,2020-12-25 00:00:00,watch-alpha-soul,,,,,,,,,,watch-date-1609560546,,AR
2020-07-26 18:06:09,,13991889,watch,,,2020-07-26 18:06:09,933b0f93-48f4-420c-97c5-b7d02a7bb284,watch-933b0f93-48f4-420c-97c5-b7d02a7bb284-0,,0,,movie,Annihilation,,0001-01-01 00:00:00,,,,,,,,,,,,,
2019-08-10 05:44:13,,13991889,watch,,,2019-08-10 05:44:13,935896b6-e802-4781-97f5-bd7bb66b4162,watch-935896b6-e802-4781-97f5-bd7bb66b4162-0,,0,,movie,Deadpool 2,,,,,,,,,,,,,,,
2019-08-10 06:01:04,,13991889,watch,,,2019-08-10 06:01:04,93787a9c-2a57-4db9-a8ea-1a4b4dc45624,watch-93787a9c-2a57-4db9-a8ea-1a4b4dc45624-0,,0,,movie,Stuart Little,,,,,,,,,,,,,,,
2021-07-06 18:17:27,279831,13991889,watch,Parasyte -the maxim-,,2021-07-06 18:17:27,9407a340-705e-4af3-b145-6d3b96325c3f,watch-9407a340-705e-4af3-b145-6d3b96325c3f-0,,,,episode,,,,,,1,e04658af-ac15-450b-8bde-faa6e2d97950,5037907,1625595447,21,watched-episode-e04658af-ac15-450b-8bde-faa6e2d97950-9407a340-705e-4af3-b145-6d3b96325c3f,,,watch-date-1625595447,true,us
2021-06-24 05:07:06,376751,13991889,watch,The Daily Life of the Immortal King,,2021-06-24 05:07:06,94254a96-e083-4fb7-9404-76ddeb2e7ffa,watch-94254a96-e083-4fb7-9404-76ddeb2e7ffa-0,,,,episode,,,,,,1,97fa280e-6382-4ddf-ac69-bac712f946d6,7580590,1624511226,7,watched-episode-97fa280e-6382-4ddf-ac69-bac712f946d6-94254a96-e083-4fb7-9404-76ddeb2e7ffa,,,watch-date-1624511226,true,us
2021-06-22 06:39:24,275274,13991889,watch,Rick and Morty,,2021-06-22 06:39:24,9460a393-df77-46fc-a6fd-20c3a22e28e3,watch-9460a393-df77-46fc-a6fd-20c3a22e28e3-0,,,,episode,,,,,,5,c89b7b03-cb1f-4776-b5ea-374263ce2310,8318242,1624343964,1,watched-episode-c89b7b03-cb1f-4776-b5ea-374263ce2310-9460a393-df77-46fc-a6fd-20c3a22e28e3,,,watch-date-1624343964,true,us
2021-09-11 16:55:38,343913,13991889,watch,Grand Blue Dreaming,,2021-09-11 16:55:38,946e776d-062e-41a3-8493-0f1386b96f2c,watch-946e776d-062e-41a3-8493-0f1386b96f2c-0,,,,episode,,,,,1500,1,3f34594c-8d53-40b8-af9e-1a444cb89900,6768664,1631379338,11,watched-episode-3f34594c-8d53-40b8-af9e-1a444cb89900-946e776d-062e-41a3-8493-0f1386b96f2c,,,watch-date-1631379338,true,us
2020-09-18 19:30:09,,13991889,watch,,,2020-09-18 19:30:09,94cac0c2-5785-49ce-a253-770447bce8a8,watch-94cac0c2-5785-49ce-a253-770447bce8a8-0,,0,,movie,,,0001-01-01 00:00:00,,,,,,,,,,,,,
2023-08-28 23:03:07,,13991889,watch,,,2023-08-28 23:03:07,94d3fa95-f83d-42ad-ba65-06bfa022feb0,watch-94d3fa95-f83d-42ad-ba65-06bfa022feb0-0,,,,movie,Insidious: The Red Door,watch-release-date-2023-07-20,2023-07-20 00:00:00,watch-alpha-insidious-the-red-door,6420,,,,,,,,,watch-date-1693263787,,AR
2025-05-27 00:07:58,,13991889,watch,,,2025-05-27 00:07:58,951b225b-6740-40f9-b15d-4b970466b283,watch-951b225b-6740-40f9-b15d-4b970466b283-0,,,,movie,Lilo & Stitch,watch-release-date-2025-05-23,2025-05-23 00:00:00,watch-alpha-lilo-&-stitch,6480,,,,,,,,,watch-date-1748304478,,US
2020-12-11 03:23:10,78831,13991889,watch,Drawn Together,,2020-12-11 03:23:10,95abe933-02bb-487c-be0a-e4cd32740805,watch-95abe933-02bb-487c-be0a-e4cd32740805-0,,,,episode,,,,,,3,40652d64-ab6f-4708-a334-f9195176d942,310544,1607656990,4,watched-episode-40652d64-ab6f-4708-a334-f9195176d942-95abe933-02bb-487c-be0a-e4cd32740805,,,watch-date-1607656990,true,us
2021-02-28 04:06:42,377543,13991889,watch,JUJUTSU KAISEN,,2021-02-28 04:06:42,95cf6e0c-6f40-4e06-af62-89da01393bff,watch-95cf6e0c-6f40-4e06-af62-89da01393bff-0,,,,episode,,,,,,1,629493df-1990-437e-a64f-3adf1f2782c1,7925280,1614485202,10,watched-episode-629493df-1990-437e-a64f-3adf1f2782c1-95cf6e0c-6f40-4e06-af62-89da01393bff,,,watch-date-1614485202,true,us
2021-05-05 21:50:40,305074,13991889,watch,My Hero Academia,,2021-05-05 21:50:40,95d6f3ea-a994-4dde-9aca-4f825a37a8e9,watch-95d6f3ea-a994-4dde-9aca-4f825a37a8e9-0,,,,episode,,,,,,4,b4e8e618-0fbb-46c6-9ccc-bf3ca6f09251,7467228,1620251440,6,watched-episode-b4e8e618-0fbb-46c6-9ccc-bf3ca6f09251-95d6f3ea-a994-4dde-9aca-4f825a37a8e9,,,watch-date-1620251440,true,us
2022-04-14 02:10:27,,13991889,watch,,,2022-04-14 02:10:27,9639167d-e53e-4a6e-9ec2-61628bc65858,watch-9639167d-e53e-4a6e-9ec2-61628bc65858-0,,,,movie,Turning Red,watch-release-date-2022-03-11,2022-03-11 00:00:00,watch-alpha-turning-red,6000,,,,,,,,,watch-date-1649902227,,US
2021-10-02 14:17:16,284131,13991889,watch,The Seven Deadly Sins,,2021-10-02 14:17:16,9691e35c-8fcb-4f38-a5a8-bf467dc80a53,watch-9691e35c-8fcb-4f38-a5a8-bf467dc80a53-0,,,,episode,,,,,1440,4,6436b274-ca56-4d2f-8c68-2956bc0fcab6,8139319,1633184236,11,watched-episode-6436b274-ca56-4d2f-8c68-2956bc0fcab6-9691e35c-8fcb-4f38-a5a8-bf467dc80a53,,,watch-date-1633184236,true,us
2021-10-16 04:43:52,348545,13991889,watch,Demon Slayer: Kimetsu no Yaiba,,2021-10-16 04:43:52,96a21826-3af6-4c97-94fc-16370cb87a04,watch-96a21826-3af6-4c97-94fc-16370cb87a04-0,,,,episode,,,,,1440,2,015f238e-e893-4c3a-973a-674eb2a1df87,8747422,1634359432,1,watched-episode-015f238e-e893-4c3a-973a-674eb2a1df87-96a21826-3af6-4c97-94fc-16370cb87a04,,,watch-date-1634359432,true,us
2021-02-10 13:43:30,348002,13991889,watch,The Promised Neverland,,2021-02-10 13:43:30,96c339b2-db29-4ceb-a3b4-5e16bb74f8ad,watch-96c339b2-db29-4ceb-a3b4-5e16bb74f8ad-0,,,,episode,,,,,,2,fba3a83c-e062-4bea-a884-245e69f3931a,8128377,1612964610,5,watched-episode-fba3a83c-e062-4bea-a884-245e69f3931a-96c339b2-db29-4ceb-a3b4-5e16bb74f8ad,,,watch-date-1612964610,true,us
2020-12-12 06:12:34,377543,13991889,watch,JUJUTSU KAISEN,,2020-12-12 06:12:34,96c67859-f362-487e-8569-276553f418a8,watch-96c67859-f362-487e-8569-276553f418a8-0,,,,episode,,,,,,1,629493df-1990-437e-a64f-3adf1f2782c1,7925272,1607753554,2,watched-episode-629493df-1990-437e-a64f-3adf1f2782c1-96c67859-f362-487e-8569-276553f418a8,,,watch-date-1607753554,true,us
2020-02-17 16:08:59,,13991889,watch,,,2020-02-17 16:08:59,96e53d6d-0f77-452b-ad3b-cd321143a34d,watch-96e53d6d-0f77-452b-ad3b-cd321143a34d-0,,0,,movie,기생충,,0001-01-01 00:00:00,,,,,,,,,,,,,
2020-07-02 18:34:50,,13991889,watch,,,2020-07-02 18:34:50,970a2201-6a0c-4b1e-9e35-6aa2fa25a748,watch-970a2201-6a0c-4b1e-9e35-6aa2fa25a748-0,,0,,movie,Zombieland: Double Tap,,0001-01-01 00:00:00,,,,,,,,,,,,,
2019-08-10 05:48:00,,13991889,watch,,,2019-08-10 05:48:00,9722666f-dbc4-41cd-a917-2bd26e3ef21c,watch-9722666f-dbc4-41cd-a917-2bd26e3ef21c-0,,0,,movie,Ice Age,,,,,,,,,,,,,,,
2021-12-08 03:52:58,,13991889,watch,,,2021-12-08 03:52:58,974fcd5c-26fd-4068-bbbd-437317265f58,watch-974fcd5c-26fd-4068-bbbd-437317265f58-0,,,,movie,Pourris gâtés,watch-release-date-2021-09-15,2021-09-15 00:00:00,watch-alpha-spoiled-brats,5700,,,,,,,,,watch-date-1638935578,,AR
2019-08-10 05:52:45,,13991889,watch,,,2019-08-10 05:52:45,9787e50b-2f06-4b57-bd7a-ac308d701efa,watch-9787e50b-2f06-4b57-bd7a-ac308d701efa-0,,0,,movie,Snow White and the Seven Dwarfs,,,,,,,,,,,,,,,
2019-08-10 05:56:11,,13991889,watch,,,2019-08-10 05:56:11,9799ee60-4e2f-439c-a9b6-832d03c99dd6,watch-9799ee60-4e2f-439c-a9b6-832d03c99dd6-0,,0,,movie,Beauty and the Beast,,,,,,,,,,,,,,,
2023-12-27 23:25:51,,13991889,watch,,,2023-12-27 23:25:51,97c0c948-4abc-46cb-98b5-ede8ea3a78e7,watch-97c0c948-4abc-46cb-98b5-ede8ea3a78e7-0,,,,movie,Fair Play,watch-release-date-2023-10-06,2023-10-06 00:00:00,watch-alpha-fair-play,6780,,,,,,,,,watch-date-1703719551,,US
2023-08-14 00:27:59,,13991889,watch,,,2023-08-14 00:27:59,986ce017-4a8b-413d-95ae-ab7bff682969,watch-986ce017-4a8b-413d-95ae-ab7bff682969-0,,,,movie,The Pope's Exorcist,watch-release-date-2023-05-11,2023-05-11 00:00:00,watch-alpha-the-pope's-exorcist,6180,,,,,,,,,watch-date-1691972879,,AR
2021-03-09 03:32:35,339353,13991889,watch,B: The Beginning,,2021-03-09 03:32:35,98c2a4b3-e5d3-4599-9068-4b961974e209,watch-98c2a4b3-e5d3-4599-9068-4b961974e209-0,,,,episode,,,,,,1,ad1dcc9f-bf02-40c6-8524-fda5fc171955,6497904,1615260755,3,watched-episode-ad1dcc9f-bf02-40c6-8524-fda5fc171955-98c2a4b3-e5d3-4599-9068-4b961974e209,,,watch-date-1615260755,true,us
2019-08-08 05:11:21,,13991889,watch,,,2019-08-08 05:11:21,98cc1928-fa5e-4c00-a0e7-762d1f73a1fc,watch-98cc1928-fa5e-4c00-a0e7-762d1f73a1fc-0,,0,,movie,,,,,,,,,,,,,,,,
2019-08-10 05:55:18,,13991889,watch,,,2019-08-10 05:55:18,98d1ffda-5bd1-4db4-835f-2bcc9e1612f4,watch-98d1ffda-5bd1-4db4-835f-2bcc9e1612f4-0,,0,,movie,Alice Through the Looking Glass,,,,,,,,,,,,,,,
2019-08-10 05:55:34,,13991889,watch,,,2019-08-10 05:55:34,98d4f9bb-79e7-4147-b366-d3a62053b38a,watch-98d4f9bb-79e7-4147-b366-d3a62053b38a-0,,0,,movie,Fantastic Four: Rise of the Silver Surfer,,,,,,,,,,,,,,,
2024-05-16 03:40:59,,13991889,watch,,,2024-05-16 03:40:59,991c2451-84de-4da0-9510-05a29811b125,watch-991c2451-84de-4da0-9510-05a29811b125-0,,,,movie,The Idea of You,watch-release-date-2024-05-02,2024-05-02 00:00:00,watch-alpha-the-idea-of-you,5640,,,,,,,,,watch-date-1715830859,,US
2021-07-22 04:41:15,328724,13991889,watch,Young Sheldon,,2021-07-22 04:41:15,99b995aa-b7c7-40e3-a86a-c8012140a933,watch-99b995aa-b7c7-40e3-a86a-c8012140a933-0,,,,episode,,,,,1200,4,7675925d-5d4d-4580-856a-2a9bf2441a46,8185520,1626928875,9,watched-episode-7675925d-5d4d-4580-856a-2a9bf2441a46-99b995aa-b7c7-40e3-a86a-c8012140a933,,,watch-date-1626928875,true,us
2019-09-09 02:00:12,,13991889,watch,,,2019-09-09 02:00:12,99d8c03e-6d00-4b6f-8a2b-a2374c70a0dc,watch-99d8c03e-6d00-4b6f-8a2b-a2374c70a0dc-0,,0,,movie,It: Chapter Two,,0001-01-01 00:00:00,,,,,,,,,,,,,
2021-06-27 06:39:39,376751,13991889,watch,The Daily Life of the Immortal King,,2021-06-27 06:39:39,99ef19bf-6f90-418f-b58c-953e859f142a,watch-99ef19bf-6f90-418f-b58c-953e859f142a-0,,,,episode,,,,,,1,97fa280e-6382-4ddf-ac69-bac712f946d6,7587778,1624775979,11,watched-episode-97fa280e-6382-4ddf-ac69-bac712f946d6-99ef19bf-6f90-418f-b58c-953e859f142a,,,watch-date-1624775979,true,us
2023-07-24 02:29:14,,13991889,watch,,,2023-07-24 02:29:14,9a07c179-dfff-4c7d-b48c-b885484751ab,watch-9a07c179-dfff-4c7d-b48c-b885484751ab-0,,,,movie,Bird Box: Barcelona,watch-release-date-2023-07-14,2023-07-14 00:00:00,watch-alpha-bird-box-barcelona,6660,,,,,,,,,watch-date-1690165754,,AR
2021-10-29 03:25:01,399902,13991889,watch,Platinum End,,2021-10-29 03:25:01,9a453ae0-b334-44e2-bbd2-edd97a1b5961,watch-9a453ae0-b334-44e2-bbd2-edd97a1b5961-0,,,,episode,,,,,1500,1,96e5bfa7-459d-41b3-b286-ca4e3e8971d6,8768271,1635477901,2,watched-episode-96e5bfa7-459d-41b3-b286-ca4e3e8971d6-9a453ae0-b334-44e2-bbd2-edd97a1b5961,,,watch-date-1635477901,true,us
2021-09-23 07:06:18,330374,13991889,watch,Atypical,,2021-09-23 07:06:18,9a713eb2-ab5c-469a-a199-1dbf18e406b9,watch-9a713eb2-ab5c-469a-a199-1dbf18e406b9-0,,,,episode,,,,,2040,4,1b942384-17aa-4ad6-b3f2-1e0fdece066f,8513237,1632380778,7,watched-episode-1b942384-17aa-4ad6-b3f2-1e0fdece066f-9a713eb2-ab5c-469a-a199-1dbf18e406b9,,,watch-date-1632380778,true,us
2021-02-08 22:13:24,305074,13991889,watch,My Hero Academia,,2021-02-08 22:13:24,9a7e0d0e-32a1-4636-b046-c60b39801a81,watch-9a7e0d0e-32a1-4636-b046-c60b39801a81-0,,,,episode,,,,,,3,b4e8e618-0fbb-46c6-9ccc-bf3ca6f09251,6633247,1612822404,21,watched-episode-b4e8e618-0fbb-46c6-9ccc-bf3ca6f09251-9a7e0d0e-32a1-4636-b046-c60b39801a81,,,watch-date-1612822404,true,us
2025-02-02 03:36:29,,13991889,watch,,,2025-02-02 03:36:29,9a801305-611e-4193-be03-e25893793ee7,watch-9a801305-611e-4193-be03-e25893793ee7-0,,,,movie,Snack Shack,watch-release-date-2024-03-15,2024-03-15 00:00:00,watch-alpha-snack-shack,6720,,,,,,,,,watch-date-1738467389,,AR
2019-08-10 05:51:32,,13991889,watch,,,2019-08-10 05:51:32,9aaf123c-d6b8-48ff-b5f7-b70bb3c5a4d7,watch-9aaf123c-d6b8-48ff-b5f7-b70bb3c5a4d7-0,,0,,movie,Pinocchio,,,,,,,,,,,,,,,
2023-09-07 01:11:11,,13991889,watch,,,2023-09-07 01:11:11,9adb5ec5-a5c7-4cc8-8b10-b69f8944bfbf,watch-9adb5ec5-a5c7-4cc8-8b10-b69f8944bfbf-0,,,,movie,Oppenheimer,watch-release-date-2023-07-19,2023-07-19 00:00:00,watch-alpha-oppenheimer,10800,,,,,,,,,watch-date-1694049071,,AR
2021-10-24 21:22:27,356317,13991889,watch,Sex Education,,2021-10-24 21:22:27,9aed750b-8bf2-4728-8880-38d914c89d34,watch-9aed750b-8bf2-4728-8880-38d914c89d34-0,,,,episode,,,,,3240,3,2ca857f5-aa12-4c60-8f01-3615da41dc09,8507469,1635110547,8,watched-episode-2ca857f5-aa12-4c60-8f01-3615da41dc09-9aed750b-8bf2-4728-8880-38d914c89d34,,,watch-date-1635110547,true,us
2020-12-19 00:17:28,349643,13991889,watch,Hilda,,2020-12-19 00:17:28,9b3bc582-d3a8-46a8-a104-41088509612f,watch-9b3bc582-d3a8-46a8-a104-41088509612f-0,,,,episode,,,,,,2,c41bc231-1f55-46c2-b458-ef93309eef32,8088652,1608337048,8,watched-episode-c41bc231-1f55-46c2-b458-ef93309eef32-9b3bc582-d3a8-46a8-a104-41088509612f,,,watch-date-1608337048,true,us
2020-12-26 05:56:46,78831,13991889,watch,Drawn Together,,2020-12-26 05:56:46,9c8c693c-d48e-455a-bd6a-fbc2bd582911,watch-9c8c693c-d48e-455a-bd6a-fbc2bd582911-0,,,,episode,,,,,,3,40652d64-ab6f-4708-a334-f9195176d942,315988,1608962206,13,watched-episode-40652d64-ab6f-4708-a334-f9195176d942-9c8c693c-d48e-455a-bd6a-fbc2bd582911,,,watch-date-1608962206,true,us
2021-04-02 00:06:32,339353,13991889,watch,B: The Beginning,,2021-04-02 00:06:32,9d25f19d-ab2e-4160-8883-5d0018b043b9,watch-9d25f19d-ab2e-4160-8883-5d0018b043b9-0,,,,episode,,,,,,1,ad1dcc9f-bf02-40c6-8524-fda5fc171955,6497914,1617321992,12,watched-episode-ad1dcc9f-bf02-40c6-8524-fda5fc171955-9d25f19d-ab2e-4160-8883-5d0018b043b9,,,watch-date-1617321992,true,us
2021-03-28 00:50:29,327572,13991889,watch,Kakegurui,,2021-03-28 00:50:29,9d3aaca6-58f1-46a2-8698-e7ea2a63d5ec,watch-9d3aaca6-58f1-46a2-8698-e7ea2a63d5ec-0,,,,episode,,,,,,2,7d5f3a6e-734d-4b59-ab86-60f0e293ab5c,6944333,1616892629,5,watched-episode-7d5f3a6e-734d-4b59-ab86-60f0e293ab5c-9d3aaca6-58f1-46a2-8698-e7ea2a63d5ec,,,watch-date-1616892629,true,us
2025-08-03 18:36:08,,13991889,watch,,,2025-08-03 18:36:08,9d6cd3ef-452c-4f98-b7fe-29eaa2d64e47,watch-9d6cd3ef-452c-4f98-b7fe-29eaa2d64e47-0,,,,movie,,watch-release-date-2025-02-14,2025-02-14 00:00:00,watch-alpha-captain-america-brave-new-world,7080,,,,,,,,,watch-date-1754246168,,US
2020-07-31 05:49:41,,13991889,watch,,,2020-07-31 05:49:41,9ded12df-1920-4338-80d8-fda905574f96,watch-9ded12df-1920-4338-80d8-fda905574f96-0,,0,,movie,"Yo, Adolescente",,0001-01-01 00:00:00,,,,,,,,,,,,,
2019-08-08 05:10:54,,13991889,watch,,,2019-08-08 05:10:54,9e5e9ef7-8976-4b8c-8cda-8d4aad85b20a,watch-9e5e9ef7-8976-4b8c-8cda-8d4aad85b20a-0,,0,,movie,Mulan,,,,,,,,,,,,,,,
2020-06-20 04:53:49,,13991889,watch,,,2020-06-20 04:53:49,9ec9c87a-b3c3-4783-9f53-22503fc814f2,watch-9ec9c87a-b3c3-4783-9f53-22503fc814f2-0,,0,,movie,Fast & Furious Presents: Hobbs & Shaw,,0001-01-01 00:00:00,,,,,,,,,,,,,
2021-06-08 19:11:10,305074,13991889,watch,My Hero Academia,,2021-06-08 19:11:10,9f0c0a14-6023-4fae-b334-20a82fcb7d71,watch-9f0c0a14-6023-4fae-b334-20a82fcb7d71-0,,,,episode,,,,,,5,b4e8e618-0fbb-46c6-9ccc-bf3ca6f09251,8159508,1623179470,5,watched-episode-b4e8e618-0fbb-46c6-9ccc-bf3ca6f09251-9f0c0a14-6023-4fae-b334-20a82fcb7d71,,,watch-date-1623179470,true,us
2019-08-10 05:51:46,,13991889,watch,,,2019-08-10 05:51:46,9faef59c-80ec-4a57-866e-99ad2038a3ce,watch-9faef59c-80ec-4a57-866e-99ad2038a3ce-0,,0,,movie,Men in Black,,,,,,,,,,,,,,,
2021-08-14 23:42:53,388575,13991889,watch,Redo of Healer,,2021-08-14 23:42:53,9ff7c264-8711-4c9b-9f8d-e10d8272366d,watch-9ff7c264-8711-4c9b-9f8d-e10d8272366d-0,,,,episode,,,,,1440,1,c9229b30-7ae2-4efe-adac-078d892c76f6,8094057,1628984573,1,watched-episode-c9229b30-7ae2-4efe-adac-078d892c76f6-9ff7c264-8711-4c9b-9f8d-e10d8272366d,,,watch-date-1628984573,true,us
2021-02-09 04:38:44,328690,13991889,watch,The Alienist,,2021-02-09 04:38:44,a14e08e4-b124-45fc-af9e-de47acadc2ef,watch-a14e08e4-b124-45fc-af9e-de47acadc2ef-0,,,,episode,,,,,,2,3264a58a-3b8e-4b12-a67b-75ff00ef5c76,7801008,1612845524,6,watched-episode-3264a58a-3b8e-4b12-a67b-75ff00ef5c76-a14e08e4-b124-45fc-af9e-de47acadc2ef,,,watch-date-1612845524,true,us
2021-03-28 02:37:54,279831,13991889,watch,Parasyte -the maxim-,,2021-03-28 02:37:54,a231c67f-6bc8-4df1-b812-f6bfec3e20b8,watch-a231c67f-6bc8-4df1-b812-f6bfec3e20b8-0,,,,episode,,,,,,1,e04658af-ac15-450b-8bde-faa6e2d97950,4834155,1616899074,1,watched-episode-e04658af-ac15-450b-8bde-faa6e2d97950-a231c67f-6bc8-4df1-b812-f6bfec3e20b8,,,watch-date-1616899074,true,us
2020-12-22 05:04:40,349643,13991889,watch,Hilda,,2020-12-22 05:04:40,a2964653-f1d9-469a-b6e3-8bbff10fa845,watch-a2964653-f1d9-469a-b6e3-8bbff10fa845-0,,,,episode,,,,,,2,c41bc231-1f55-46c2-b458-ef93309eef32,8088658,1608613480,11,watched-episode-c41bc231-1f55-46c2-b458-ef93309eef32-a2964653-f1d9-469a-b6e3-8bbff10fa845,,,watch-date-1608613480,true,us
2021-02-08 22:17:23,327572,13991889,watch,Kakegurui,,2021-02-08 22:17:23,a2a0ee31-0481-4600-8e69-c99ba2c69dd2,watch-a2a0ee31-0481-4600-8e69-c99ba2c69dd2-0,,,,episode,,,,,,1,7d5f3a6e-734d-4b59-ab86-60f0e293ab5c,6148635,1612822643,3,watched-episode-7d5f3a6e-734d-4b59-ab86-60f0e293ab5c-a2a0ee31-0481-4600-8e69-c99ba2c69dd2,,,watch-date-1612822643,true,us
2021-10-27 04:54:52,347734,13991889,watch,Super Dragon Ball Heroes,,2021-10-27 04:54:52,a2db48bf-7448-4001-9cd3-2bfbc1e71e01,watch-a2db48bf-7448-4001-9cd3-2bfbc1e71e01-0,,,,episode,,,,,600,4,a91c09d6-e687-4094-9290-206ae8c0cd75,8686927,1635310492,7,watched-episode-a91c09d6-e687-4094-9290-206ae8c0cd75-a2db48bf-7448-4001-9cd3-2bfbc1e71e01,,,watch-date-1635310492,true,us
2019-08-10 06:02:56,,13991889,watch,,,2019-08-10 06:02:56,a2f4f40e-e26c-4dbd-9bc3-1061df15f7f7,watch-a2f4f40e-e26c-4dbd-9bc3-1061df15f7f7-0,,0,,movie,Sausage Party,,,,,,,,,,,,,,,
2021-08-21 04:50:34,393810,13991889,watch,Record of Ragnarok,,2021-08-21 04:50:34,a331dce3-d31e-42fd-86c7-93352a98d53d,watch-a331dce3-d31e-42fd-86c7-93352a98d53d-0,,,,episode,,,,,1500,1,37358331-3dd5-4503-afb3-d63ddf158cd4,8481734,1629521434,12,watched-episode-37358331-3dd5-4503-afb3-d63ddf158cd4-a331dce3-d31e-42fd-86c7-93352a98d53d,,,watch-date-1629521434,true,us
2021-06-28 03:05:17,279831,13991889,watch,Parasyte -the maxim-,,2021-06-28 03:05:17,a3688583-b935-441e-8ed0-a329e22ea93b,watch-a3688583-b935-441e-8ed0-a329e22ea93b-0,,,,episode,,,,,,1,e04658af-ac15-450b-8bde-faa6e2d97950,5037895,1624849517,9,watched-episode-e04658af-ac15-450b-8bde-faa6e2d97950-a3688583-b935-441e-8ed0-a329e22ea93b,,,watch-date-1624849517,true,us
2019-08-08 05:09:46,,13991889,watch,,,2019-08-08 05:09:46,a3f59c5f-15ff-4990-804a-3a3d98c8d609,watch-a3f59c5f-15ff-4990-804a-3a3d98c8d609-0,,0,,movie,Black Panther,,,,,,,,,,,,,,,
2019-08-10 06:01:54,,13991889,watch,,,2019-08-10 06:01:54,a4013684-6ff8-4fbe-9630-db7aa36ac3a6,watch-a4013684-6ff8-4fbe-9630-db7aa36ac3a6-0,,0,,movie,The Boss Baby,,,,,,,,,,,,,,,
2021-09-27 02:16:26,383275,13991889,watch,Squid Game,,2021-09-27 02:16:26,a4244117-76fe-4b41-8923-76698f964632,watch-a4244117-76fe-4b41-8923-76698f964632-0,,,,episode,,,,,3300,1,a704a3c7-996b-40d8-bdb8-76fc2a34e1fd,8640475,1632708986,4,watched-episode-a704a3c7-996b-40d8-bdb8-76fc2a34e1fd-a4244117-76fe-4b41-8923-76698f964632,,,watch-date-1632708986,true,us
2026-05-10 04:22:41,,13991889,watch,,,2026-05-10 04:22:41,a4b14e7e-ceac-4a46-bac2-da5d0da275a6,watch-a4b14e7e-ceac-4a46-bac2-da5d0da275a6-0,,,,movie,The Devil Wears Prada 2,watch-release-date-2026-05-01,2026-05-01 00:00:00,watch-alpha-the-devil-wears-prada-2,7200,,,,,,,,,watch-date-1778386961,,US
2023-03-09 20:23:14,,13991889,watch,,,2023-03-09 20:23:14,a4cf678e-483b-4016-9d5f-1b6c73b6ab66,watch-a4cf678e-483b-4016-9d5f-1b6c73b6ab66-0,,,,movie,「鬼滅の刃」上弦集結、そして刀鍛冶の里へ,watch-release-date-2023-03-02,2023-03-02 00:00:00,watch-alpha-demon-slayer-kimetsu-no-yaiba--to-the-swordsmith-village-,6600,,,,,,,,,watch-date-1678393394,,AR
2019-08-10 05:56:56,,13991889,watch,,,2019-08-10 05:56:56,a51f2623-1ecb-4ce6-bb46-494e0a8a59d8,watch-a51f2623-1ecb-4ce6-bb46-494e0a8a59d8-0,,0,,movie,Arrival,,,,,,,,,,,,,,,
2021-06-12 00:04:23,305074,13991889,watch,My Hero Academia,,2021-06-12 00:04:23,a5423a74-6dcc-46eb-bd5f-c83b5c20e187,watch-a5423a74-6dcc-46eb-bd5f-c83b5c20e187-0,,,,episode,,,,,,5,b4e8e618-0fbb-46c6-9ccc-bf3ca6f09251,8159511,1623456263,8,watched-episode-b4e8e618-0fbb-46c6-9ccc-bf3ca6f09251-a5423a74-6dcc-46eb-bd5f-c83b5c20e187,,,watch-date-1623456263,true,us
2019-08-10 05:46:25,,13991889,watch,,,2019-08-10 05:46:25,a5cb13d6-384d-46c8-9bde-1f7006f5cb1b,watch-a5cb13d6-384d-46c8-9bde-1f7006f5cb1b-0,,0,,movie,Legally Blonde,,,,,,,,,,,,,,,
2021-03-26 02:08:10,339353,13991889,watch,B: The Beginning,,2021-03-26 02:08:10,a68a0939-2f15-42ba-a629-2652fc1c39cd,watch-a68a0939-2f15-42ba-a629-2652fc1c39cd-0,,,,episode,,,,,,1,ad1dcc9f-bf02-40c6-8524-fda5fc171955,6497912,1616724490,10,watched-episode-ad1dcc9f-bf02-40c6-8524-fda5fc171955-a68a0939-2f15-42ba-a629-2652fc1c39cd,,,watch-date-1616724490,true,us
2020-12-25 07:44:24,78831,13991889,watch,Drawn Together,,2020-12-25 07:44:24,a6935178-20ed-4a7b-b9a2-e25f2c7a9f60,watch-a6935178-20ed-4a7b-b9a2-e25f2c7a9f60-0,,,,episode,,,,,,3,40652d64-ab6f-4708-a334-f9195176d942,315986,1608882264,11,watched-episode-40652d64-ab6f-4708-a334-f9195176d942-a6935178-20ed-4a7b-b9a2-e25f2c7a9f60,,,watch-date-1608882264,true,us
2023-02-01 01:02:43,,13991889,watch,,,2023-02-01 01:02:43,a69f1e1e-3b68-40f7-baa8-6e5ac78bcd93,watch-a69f1e1e-3b68-40f7-baa8-6e5ac78bcd93-0,,,,movie,Last Seen Alive,watch-release-date-2022-05-12,2022-05-12 00:00:00,watch-alpha-last-seen-alive,7200,,,,,,,,,watch-date-1675213363,,AR
2019-08-10 06:04:12,,13991889,watch,,,2019-08-10 06:04:12,a6a68855-1532-408f-b269-0a37db294f89,watch-a6a68855-1532-408f-b269-0a37db294f89-0,,0,,movie,Kick-Ass,,,,,,,,,,,,,,,
2021-10-29 03:25:09,399902,13991889,watch,Platinum End,,2021-10-29 03:25:09,a7404a80-da3c-4a1d-9ef1-674f6ccdcd2b,watch-a7404a80-da3c-4a1d-9ef1-674f6ccdcd2b-0,,,,episode,,,,,1500,1,96e5bfa7-459d-41b3-b286-ca4e3e8971d6,8771940,1635477909,3,watched-episode-96e5bfa7-459d-41b3-b286-ca4e3e8971d6-a7404a80-da3c-4a1d-9ef1-674f6ccdcd2b,,,watch-date-1635477909,true,us
2019-08-14 23:36:59,,13991889,watch,,,2019-08-14 23:36:59,a75842e0-5a21-4fd4-bdf8-e5495f7ca975,watch-a75842e0-5a21-4fd4-bdf8-e5495f7ca975-0,,0,,movie,Unbreakable,,,,,,,,,,,,,,,
2020-12-18 14:09:10,251085,13991889,watch,The Legend of Korra,,2020-12-18 14:09:10,a7589092-ddaa-48f4-94eb-2db35a3620cb,watch-a7589092-ddaa-48f4-94eb-2db35a3620cb-0,,,,episode,,,,,,1,16ff2b5f-a919-4223-85ca-81822f00f699,4310448,1608300550,2,watched-episode-16ff2b5f-a919-4223-85ca-81822f00f699-a7589092-ddaa-48f4-94eb-2db35a3620cb,,,watch-date-1608300550,true,us
2020-12-29 16:42:54,81797,13991889,watch,One Piece,,2020-12-29 16:42:54,a75f34a5-5151-4319-a1ec-3d41749078e1,watch-a75f34a5-5151-4319-a1ec-3d41749078e1-0,,,,episode,,,,,,1,9851e41d-c538-44a9-a656-46de8a59471e,361895,1609260174,7,watched-episode-9851e41d-c538-44a9-a656-46de8a59471e-a75f34a5-5151-4319-a1ec-3d41749078e1,,,watch-date-1609260174,true,us
2020-06-20 04:57:18,,13991889,watch,,,2020-06-20 04:57:18,a82a3a46-b8a1-4944-87b7-5fb959413e4f,watch-a82a3a46-b8a1-4944-87b7-5fb959413e4f-0,,0,,movie,Godzilla,,0001-01-01 00:00:00,,,,,,,,,,,,,
2020-07-16 05:21:56,,13991889,watch,,,2020-07-16 05:21:56,a84c24c8-3a5b-46bd-b201-b6248d552e3a,watch-a84c24c8-3a5b-46bd-b201-b6248d552e3a-0,,0,,movie,僕のヒーローアカデミア - オールマイト：ライジング,,0001-01-01 00:00:00,,,,,,,,,,,,,
2021-06-24 05:07:03,376751,13991889,watch,The Daily Life of the Immortal King,,2021-06-24 05:07:03,a8761ae3-8f4a-4e4c-adf8-851b3bd194e2,watch-a8761ae3-8f4a-4e4c-adf8-851b3bd194e2-0,,,,episode,,,,,,1,97fa280e-6382-4ddf-ac69-bac712f946d6,7580589,1624511223,6,watched-episode-97fa280e-6382-4ddf-ac69-bac712f946d6-a8761ae3-8f4a-4e4c-adf8-851b3bd194e2,,,watch-date-1624511223,true,us
2023-07-08 02:47:12,,13991889,watch,,,2023-07-08 02:47:12,a8f0cfb9-6eb9-4c57-ace1-dea2d8d4ff9d,watch-a8f0cfb9-6eb9-4c57-ace1-dea2d8d4ff9d-0,,,,movie,Late Night,watch-release-date-2019-06-07,2019-06-07 00:00:00,watch-alpha-late-night,6120,,,,,,,,,watch-date-1688784432,,AR
2019-08-10 05:46:04,,13991889,watch,,,2019-08-10 05:46:04,a8f9787d-4883-4974-a02b-6ac8337a7c5b,watch-a8f9787d-4883-4974-a02b-6ac8337a7c5b-0,,0,,movie,Madagascar,,,,,,,,,,,,,,,
2022-08-31 21:44:54,,13991889,watch,,,2022-08-31 21:44:54,a960556b-6eb8-4782-a294-68377d49557d,watch-a960556b-6eb8-4782-a294-68377d49557d-0,,,,movie,ドラゴンボール超 スーパーヒーロー,watch-release-date-2022-08-19,2022-08-19 00:00:00,watch-alpha-dragon-ball-super-super-hero,7200,,,,,,,,,watch-date-1661982294,,AR
2021-02-08 22:17:21,327572,13991889,watch,Kakegurui,,2021-02-08 22:17:21,a98a6703-63d8-48e2-a93d-0a7b953131dc,watch-a98a6703-63d8-48e2-a93d-0a7b953131dc-0,,,,episode,,,,,,1,7d5f3a6e-734d-4b59-ab86-60f0e293ab5c,6148634,1612822641,2,watched-episode-7d5f3a6e-734d-4b59-ab86-60f0e293ab5c-a98a6703-63d8-48e2-a93d-0a7b953131dc,,,watch-date-1612822641,true,us
2023-09-17 04:13:41,,13991889,watch,,,2023-09-17 04:13:41,a9c5e5f9-4b9d-4263-a494-df1e0307adaa,watch-a9c5e5f9-4b9d-4263-a494-df1e0307adaa-0,,,,movie,On the Line,watch-release-date-2022-11-17,2022-11-17 00:00:00,watch-alpha-on-the-line,6240,,,,,,,,,watch-date-1694924021,,AR
2021-04-18 18:53:10,339353,13991889,watch,B: The Beginning,,2021-04-18 18:53:10,aa0a4ef3-2e79-4e54-a547-752e796bc330,watch-aa0a4ef3-2e79-4e54-a547-752e796bc330-0,,,,episode,,,,,,2,ad1dcc9f-bf02-40c6-8524-fda5fc171955,8217121,1618771990,5,watched-episode-ad1dcc9f-bf02-40c6-8524-fda5fc171955-aa0a4ef3-2e79-4e54-a547-752e796bc330,,,watch-date-1618771990,true,us
2019-08-24 20:08:01,,13991889,watch,,,2019-08-24 20:08:01,aa65faf2-6ac7-40c9-af46-86e17aa8b7f8,watch-aa65faf2-6ac7-40c9-af46-86e17aa8b7f8-0,,0,,movie,First Born,,0001-01-01 00:00:00,,,,,,,,,,,,,
2020-06-20 04:56:16,,13991889,watch,,,2020-06-20 04:56:16,aa72ab5f-74ee-4eba-8aba-217e2c22ff9b,watch-aa72ab5f-74ee-4eba-8aba-217e2c22ff9b-0,,0,,movie,Coraline,,0001-01-01 00:00:00,,,,,,,,,,,,,
2019-08-10 05:49:14,,13991889,watch,,,2019-08-10 05:49:14,aaafe3da-d446-4677-afb2-09c81f31f505,watch-aaafe3da-d446-4677-afb2-09c81f31f505-0,,0,,movie,Back to the Future Part II,,,,,,,,,,,,,,,
2019-08-08 05:12:15,,13991889,watch,,,2019-08-08 05:12:15,aab0967f-10b5-402c-9dca-9bbdd11527cd,watch-aab0967f-10b5-402c-9dca-9bbdd11527cd-0,,0,,movie,Who Framed Roger Rabbit,,,,,,,,,,,,,,,
2021-08-05 01:06:39,381016,13991889,watch,Biohackers,,2021-08-05 01:06:39,aaf46b4c-bfe5-4ea2-ab06-7178e8a552ae,watch-aaf46b4c-bfe5-4ea2-ab06-7178e8a552ae-0,,,,episode,,,,,2700,2,9b95280b-8b39-45f9-85bb-f8614c5b653d,8525756,1628125599,4,watched-episode-9b95280b-8b39-45f9-85bb-f8614c5b653d-aaf46b4c-bfe5-4ea2-ab06-7178e8a552ae,,,watch-date-1628125599,true,us
2019-08-10 05:46:56,,13991889,watch,,,2019-08-10 05:46:56,ab756788-fd39-454f-bcaa-16811781dab0,watch-ab756788-fd39-454f-bcaa-16811781dab0-0,,0,,movie,Now You See Me,,,,,,,,,,,,,,,
2021-05-30 02:59:50,305074,13991889,watch,My Hero Academia,,2021-05-30 02:59:50,ab80c4df-3ca0-43d5-82a9-18bac122b0e0,watch-ab80c4df-3ca0-43d5-82a9-18bac122b0e0-0,,,,episode,,,,,,5,b4e8e618-0fbb-46c6-9ccc-bf3ca6f09251,8159505,1622343590,2,watched-episode-b4e8e618-0fbb-46c6-9ccc-bf3ca6f09251-ab80c4df-3ca0-43d5-82a9-18bac122b0e0,,,watch-date-1622343590,true,us
2021-05-19 04:47:58,357888,13991889,watch,"Love, Death & Robots",,2021-05-19 04:47:58,ab96de9b-5fb3-4793-8581-4cca8fac8f46,watch-ab96de9b-5fb3-4793-8581-4cca8fac8f46-0,,,,episode,,,,,,2,ad76771e-2a66-4748-93f6-5853f407b216,8376689,1621399678,6,watched-episode-ad76771e-2a66-4748-93f6-5853f407b216-ab96de9b-5fb3-4793-8581-4cca8fac8f46,,,watch-date-1621399678,true,us
2026-06-22 18:19:38,,13991889,watch,,,2026-06-22 18:19:38,abaa0e4d-b31e-49e9-8e33-8d878c2f6dd7,watch-abaa0e4d-b31e-49e9-8e33-8d878c2f6dd7-0,,,,movie,Toy Story 5,watch-release-date-2026-06-19,2026-06-19 00:00:00,watch-alpha-toy-story-5,,,,,,,,,,watch-date-1782152378,,US
2024-08-26 02:39:23,,13991889,watch,,,2024-08-26 02:39:23,abce8275-53cf-4572-88e5-a931d47c8246,watch-abce8275-53cf-4572-88e5-a931d47c8246-0,,,,movie,The Proposal,watch-release-date-2009-07-02,2009-07-02 00:00:00,watch-alpha-the-proposal,6480,,,,,,,,,watch-date-1724639963,,AR
2021-05-25 18:38:03,362392,13991889,watch,WandaVision,,2021-05-25 18:38:03,abe880ff-0902-4a06-abb4-87d3a290fa34,watch-abe880ff-0902-4a06-abb4-87d3a290fa34-0,,,,episode,,,,,,1,e0f26948-10ad-4865-a187-eaf236616cb0,8120638,1621967883,9,watched-episode-e0f26948-10ad-4865-a187-eaf236616cb0-abe880ff-0902-4a06-abb4-87d3a290fa34,,,watch-date-1621967883,true,us
2019-08-10 05:51:24,,13991889,watch,,,2019-08-10 05:51:24,abf88efb-3cc4-4663-8dd3-1ffb8a7deb56,watch-abf88efb-3cc4-4663-8dd3-1ffb8a7deb56-0,,0,,movie,Peter Pan,,,,,,,,,,,,,,,
2020-10-29 04:11:59,,13991889,watch,,,2020-10-29 04:11:59,ac1fea86-9db2-4936-aa14-71a62661fb9a,watch-ac1fea86-9db2-4936-aa14-71a62661fb9a-0,,0,,movie,Death Note,,0001-01-01 00:00:00,,,,,,,,,,,,,
2024-04-29 01:51:15,,13991889,watch,,,2024-04-29 01:51:15,ac4cd096-79df-42ab-8593-087d2e4fa3f3,watch-ac4cd096-79df-42ab-8593-087d2e4fa3f3-0,,,,movie,BlackBerry,watch-release-date-2023-05-12,2023-05-12 00:00:00,watch-alpha-blackberry,7320,,,,,,,,,watch-date-1714355475,,US
2021-10-23 00:07:45,405661,13991889,watch,Takt op.Destiny,,2021-10-23 00:07:45,aca7ebdb-8d52-4176-bef6-88a2d4db4d34,watch-aca7ebdb-8d52-4176-bef6-88a2d4db4d34-0,,,,episode,,,,,1440,1,d12f97ef-f046-4905-94c7-8149f6b7d557,8756416,1634947665,2,watched-episode-d12f97ef-f046-4905-94c7-8149f6b7d557-aca7ebdb-8d52-4176-bef6-88a2d4db4d34,,,watch-date-1634947665,true,us
2021-05-27 06:20:05,399966,13991889,watch,Sex!fy,,2021-05-27 06:20:05,acb53b1a-5655-4e22-b1e8-941a37ea0154,watch-acb53b1a-5655-4e22-b1e8-941a37ea0154-0,,,,episode,,,,,,1,f2ad4f4c-447f-4d65-84ca-00881c9f1375,8322940,1622096405,2,watched-episode-f2ad4f4c-447f-4d65-84ca-00881c9f1375-acb53b1a-5655-4e22-b1e8-941a37ea0154,,,watch-date-1622096405,true,us
2019-08-10 05:50:59,,13991889,watch,,,2019-08-10 05:50:59,acecdd25-b3cb-42ad-aadd-9765a17d2d75,watch-acecdd25-b3cb-42ad-aadd-9765a17d2d75-0,,0,,movie,Cinderella,,,,,,,,,,,,,,,
2019-11-16 19:47:35,,13991889,watch,,,2019-11-16 19:47:35,ad66bc35-4213-4ff3-8b9a-4a135b844560,watch-ad66bc35-4213-4ff3-8b9a-4a135b844560-0,,0,,movie,The Inventor: Out for Blood in Silicon Valley,,0001-01-01 00:00:00,,,,,,,,,,,,,
2021-08-15 03:58:25,343913,13991889,watch,Grand Blue Dreaming,,2021-08-15 03:58:25,ad892546-c772-4ec7-9d60-a55efc06b48b,watch-ad892546-c772-4ec7-9d60-a55efc06b48b-0,,,,episode,,,,,1500,1,3f34594c-8d53-40b8-af9e-1a444cb89900,6684232,1628999905,1,watched-episode-3f34594c-8d53-40b8-af9e-1a444cb89900-ad892546-c772-4ec7-9d60-a55efc06b48b,,,watch-date-1628999905,true,us
2021-06-25 23:15:38,327572,13991889,watch,Kakegurui,,2021-06-25 23:15:38,ada08a8a-47d4-49e7-866c-f8b530dbb67f,watch-ada08a8a-47d4-49e7-866c-f8b530dbb67f-0,,,,episode,,,,,,2,7d5f3a6e-734d-4b59-ab86-60f0e293ab5c,6944338,1624662938,10,watched-episode-7d5f3a6e-734d-4b59-ab86-60f0e293ab5c-ada08a8a-47d4-49e7-866c-f8b530dbb67f,,,watch-date-1624662938,true,us
2019-08-10 06:02:17,,13991889,watch,,,2019-08-10 06:02:17,ae1a5efe-1806-4d57-a0ea-dbeb199e4ec9,watch-ae1a5efe-1806-4d57-a0ea-dbeb199e4ec9-0,,0,,movie,Scary Movie 2,,,,,,,,,,,,,,,
2021-03-27 23:07:54,327572,13991889,watch,Kakegurui,,2021-03-27 23:07:54,ae70717f-fe8e-4e48-8be1-5ad35c66324a,watch-ae70717f-fe8e-4e48-8be1-5ad35c66324a-0,,,,episode,,,,,,2,7d5f3a6e-734d-4b59-ab86-60f0e293ab5c,6944330,1616886474,3,watched-episode-7d5f3a6e-734d-4b59-ab86-60f0e293ab5c-ae70717f-fe8e-4e48-8be1-5ad35c66324a,,,watch-date-1616886474,true,us
2021-05-13 05:28:25,305074,13991889,watch,My Hero Academia,,2021-05-13 05:28:25,aea4ce55-2420-4d2d-b648-e3484c1210a8,watch-aea4ce55-2420-4d2d-b648-e3484c1210a8-0,,,,episode,,,,,,4,b4e8e618-0fbb-46c6-9ccc-bf3ca6f09251,7553211,1620883705,21,watched-episode-b4e8e618-0fbb-46c6-9ccc-bf3ca6f09251-aea4ce55-2420-4d2d-b648-e3484c1210a8,,,watch-date-1620883705,true,us
2020-05-16 05:01:06,,13991889,watch,,,2020-05-16 05:01:06,aefb2fc2-75b2-4c73-8eaa-5729b794b025,watch-aefb2fc2-75b2-4c73-8eaa-5729b794b025-0,,0,,movie,Birds of Prey (and the Fantabulous Emancipation of One Harley Quinn),,0001-01-01 00:00:00,,,,,,,,,,,,,
2021-10-27 05:03:46,267441,13991889,watch,The Devil Is a Part-Timer!,,2021-10-27 05:03:46,af130d66-e699-4a0f-873e-a0791db494f2,watch-af130d66-e699-4a0f-873e-a0791db494f2-0,,,,episode,,,,,1500,1,f0a1217d-9257-44b4-83ed-b4eb00f631b1,4523086,1635311026,12,watched-episode-f0a1217d-9257-44b4-83ed-b4eb00f631b1-af130d66-e699-4a0f-873e-a0791db494f2,,,watch-date-1635311026,true,us
2021-03-11 19:11:43,355774,13991889,watch,Dr. STONE,,2021-03-11 19:11:43,af15cc70-e9fa-46ca-9ecb-b936bbe3db2d,watch-af15cc70-e9fa-46ca-9ecb-b936bbe3db2d-0,,,,episode,,,,,,2,14f8bad3-d1da-4e83-b1e7-9cd5bb66a51e,8145692,1615489903,8,watched-episode-14f8bad3-d1da-4e83-b1e7-9cd5bb66a51e-af15cc70-e9fa-46ca-9ecb-b936bbe3db2d,,,watch-date-1615489903,true,us
2019-08-10 06:05:21,,13991889,watch,,,2019-08-10 06:05:21,af6e2e89-752c-48ff-8e93-5c64ff65437b,watch-af6e2e89-752c-48ff-8e93-5c64ff65437b-0,,0,,movie,The Christmas Chronicles,,,,,,,,,,,,,,,
2021-09-27 02:15:37,383275,13991889,watch,Squid Game,,2021-09-27 02:15:37,af8fb399-e75d-4bd3-b980-0c586f7b090c,watch-af8fb399-e75d-4bd3-b980-0c586f7b090c-0,,,,episode,,,,,3300,1,a704a3c7-996b-40d8-bdb8-76fc2a34e1fd,8640473,1632708937,2,watched-episode-a704a3c7-996b-40d8-bdb8-76fc2a34e1fd-af8fb399-e75d-4bd3-b980-0c586f7b090c,,,watch-date-1632708937,true,us
2019-08-10 05:51:39,,13991889,watch,,,2019-08-10 05:51:39,afbad037-eaf1-44ef-8be6-02c084602478,watch-afbad037-eaf1-44ef-8be6-02c084602478-0,,0,,movie,The Conjuring,,,,,,,,,,,,,,,
2021-09-04 03:00:03,399966,13991889,watch,Sex!fy,,2021-09-04 03:00:03,affa27be-761c-497b-92d8-eb9774ab0890,watch-affa27be-761c-497b-92d8-eb9774ab0890-0,,,,episode,,,,,3060,1,f2ad4f4c-447f-4d65-84ca-00881c9f1375,8322953,1630724403,8,watched-episode-f2ad4f4c-447f-4d65-84ca-00881c9f1375-affa27be-761c-497b-92d8-eb9774ab0890,,,watch-date-1630724403,true,us
2021-04-15 22:01:49,347734,13991889,watch,Super Dragon Ball Heroes,,2021-04-15 22:01:49,b016b66f-2412-441c-953d-8a8c6ef69df0,watch-b016b66f-2412-441c-953d-8a8c6ef69df0-0,,,,episode,,,,,,4,a91c09d6-e687-4094-9290-206ae8c0cd75,8289331,1618524108,2,watched-episode-a91c09d6-e687-4094-9290-206ae8c0cd75-b016b66f-2412-441c-953d-8a8c6ef69df0,,,watch-date-1618524109,true,us
2021-09-28 17:33:04,397597,13991889,watch,iCarly (2021),,2021-09-28 17:33:04,b0edf3b2-595d-4688-8ca9-b75187496073,watch-b0edf3b2-595d-4688-8ca9-b75187496073-0,,,,episode,,,,,1440,1,f910269b-1d3a-4e4e-b02d-1e407a3edcbe,8290938,1632850384,4,watched-episode-f910269b-1d3a-4e4e-b02d-1e407a3edcbe-b0edf3b2-595d-4688-8ca9-b75187496073,,,watch-date-1632850384,true,us
2021-09-27 06:07:23,401911,13991889,watch,The Great Jahy Will Not Be Defeated!,,2021-09-27 06:07:23,b1036e33-2c55-47f8-9c16-6be6cf150226,watch-b1036e33-2c55-47f8-9c16-6be6cf150226-0,,,,episode,,,,,1440,1,3cf6fad6-6d0a-4588-a30b-79f3a4f55be6,8593352,1632722843,8,watched-episode-3cf6fad6-6d0a-4588-a30b-79f3a4f55be6-b1036e33-2c55-47f8-9c16-6be6cf150226,,,watch-date-1632722843,true,us
2021-06-14 19:57:03,376751,13991889,watch,The Daily Life of the Immortal King,,2021-06-14 19:57:03,b12030e9-9f21-4915-b57c-365686aab217,watch-b12030e9-9f21-4915-b57c-365686aab217-0,,,,episode,,,,,,1,97fa280e-6382-4ddf-ac69-bac712f946d6,7580585,1623700623,2,watched-episode-97fa280e-6382-4ddf-ac69-bac712f946d6-b12030e9-9f21-4915-b57c-365686aab217,,,watch-date-1623700623,true,us
2019-08-10 06:07:13,,13991889,watch,,,2019-08-10 06:07:13,b1c98d70-3644-472e-b2b4-06712cebbc4e,watch-b1c98d70-3644-472e-b2b4-06712cebbc4e-0,,0,,movie,The Cloverfield Paradox,,,,,,,,,,,,,,,
2019-08-10 05:55:23,,13991889,watch,,,2019-08-10 05:55:23,b1df3260-1c28-4185-ab83-1a0f5aeca011,watch-b1df3260-1c28-4185-ab83-1a0f5aeca011-0,,0,,movie,Cloudy with a Chance of Meatballs,,,,,,,,,,,,,,,
2020-12-15 21:25:41,349643,13991889,watch,Hilda,,2020-12-15 21:25:41,b2efa295-5e68-4597-824b-e4dff86f3d07,watch-b2efa295-5e68-4597-824b-e4dff86f3d07-0,,,,episode,,,,,,2,c41bc231-1f55-46c2-b458-ef93309eef32,8050728,1608067541,1,watched-episode-c41bc231-1f55-46c2-b458-ef93309eef32-b2efa295-5e68-4597-824b-e4dff86f3d07,,,watch-date-1608067541,true,us
2019-08-10 06:07:44,,13991889,watch,,,2019-08-10 06:07:44,b32c8392-93c0-4306-90c1-0c36f554fdc0,watch-b32c8392-93c0-4306-90c1-0c36f554fdc0-0,,0,,movie,Transformers: Dark of the Moon,,,,,,,,,,,,,,,
2019-08-10 05:52:24,,13991889,watch,,,2019-08-10 05:52:24,b3f57d1d-2a69-440e-8259-c869e072ed0f,watch-b3f57d1d-2a69-440e-8259-c869e072ed0f-0,,0,,movie,X-Men: Days of Future Past,,,,,,,,,,,,,,,
2019-08-10 05:56:18,,13991889,watch,,,2019-08-10 05:56:18,b483f82e-14c7-4f97-86b7-cd957ee89f87,watch-b483f82e-14c7-4f97-86b7-cd957ee89f87-0,,0,,movie,Cars 2,,,,,,,,,,,,,,,
2021-09-05 01:15:32,,13991889,watch,,,2021-09-05 01:15:32,b4d469e5-a1e4-4a62-9958-0e65ff9ca098,watch-b4d469e5-a1e4-4a62-9958-0e65ff9ca098-0,,,,movie,Shiny_Flakes: The Teenage Drug Lord,watch-release-date-2021-08-03,2021-08-03 00:00:00,watch-alpha-shiny_flakes-the-teenage-drug-lord,5820,,,,,,,,,watch-date-1630804532,,AR
2021-04-24 18:09:35,348545,13991889,watch,Demon Slayer: Kimetsu no Yaiba,,2021-04-24 18:09:35,b56002f9-1189-4292-bb82-2c91f6de391c,watch-b56002f9-1189-4292-bb82-2c91f6de391c-0,,,,episode,,,,,,1,015f238e-e893-4c3a-973a-674eb2a1df87,7222640,1619287775,17,watched-episode-015f238e-e893-4c3a-973a-674eb2a1df87-b56002f9-1189-4292-bb82-2c91f6de391c,,,watch-date-1619287775,true,us
2025-09-21 04:14:31,,13991889,watch,,,2025-09-21 04:14:31,b5db790a-07ab-4dd5-ba5a-0fcf9874c061,watch-b5db790a-07ab-4dd5-ba5a-0fcf9874c061-0,,,,movie,The Amateur,watch-release-date-2025-04-11,2025-04-11 00:00:00,watch-alpha-the-amateur,7380,,,,,,,,,watch-date-1758428071,,US
2020-04-18 03:01:12,,13991889,watch,,,2020-04-18 03:01:12,b658f434-18d7-49d3-bbe6-12c4ae69062a,watch-b658f434-18d7-49d3-bbe6-12c4ae69062a-0,,0,,movie,,,0001-01-01 00:00:00,,,,,,,,,,,,,
2019-08-08 05:10:51,,13991889,watch,,,2019-08-08 05:10:51,b6e6e8d7-15f5-419e-8f5d-8c9d33c8320f,watch-b6e6e8d7-15f5-419e-8f5d-8c9d33c8320f-0,,0,,movie,The Dark Knight,,,,,,,,,,,,,,,
2026-06-20 18:03:09,,13991889,watch,,,2026-06-20 18:03:09,b70165c4-15b2-4a3c-850d-392386a2503e,watch-b70165c4-15b2-4a3c-850d-392386a2503e-0,,,,movie,Culpa nuestra,watch-release-date-2025-10-16,2025-10-16 00:00:00,watch-alpha-our-fault,6720,,,,,,,,,watch-date-1781978589,,US
2019-08-10 05:49:21,,13991889,watch,,,2019-08-10 05:49:21,b73936fb-4e59-4e5c-8a2c-abf301376ed8,watch-b73936fb-4e59-4e5c-8a2c-abf301376ed8-0,,0,,movie,How to Train Your Dragon 2,,,,,,,,,,,,,,,
2021-08-15 16:40:15,267441,13991889,watch,The Devil Is a Part-Timer!,,2021-08-15 16:40:15,b7626855-f965-4ae5-a232-57400c2af03c,watch-b7626855-f965-4ae5-a232-57400c2af03c-0,,,,episode,,,,,1500,1,f0a1217d-9257-44b4-83ed-b4eb00f631b1,4523077,1629045615,3,watched-episode-f0a1217d-9257-44b4-83ed-b4eb00f631b1-b7626855-f965-4ae5-a232-57400c2af03c,,,watch-date-1629045615,true,us
2019-08-10 05:46:27,,13991889,watch,,,2019-08-10 05:46:27,b76dd8fe-8dfd-4a6a-b296-402dc39f077a,watch-b76dd8fe-8dfd-4a6a-b296-402dc39f077a-0,,0,,movie,Captain America: Civil War,,,,,,,,,,,,,,,
2019-08-10 05:57:29,,13991889,watch,,,2019-08-10 05:57:29,b78de30e-5452-4dff-b770-565304d995c0,watch-b78de30e-5452-4dff-b770-565304d995c0-0,,0,,movie,The Lost World: Jurassic Park,,,,,,,,,,,,,,,
2021-05-16 20:44:18,357888,13991889,watch,"Love, Death & Robots",,2021-05-16 20:44:18,b7af40a2-8d57-4ed6-97ba-2665227aa26e,watch-b7af40a2-8d57-4ed6-97ba-2665227aa26e-0,,,,episode,,,,,,2,ad76771e-2a66-4748-93f6-5853f407b216,7230984,1621197858,1,watched-episode-ad76771e-2a66-4748-93f6-5853f407b216-b7af40a2-8d57-4ed6-97ba-2665227aa26e,,,watch-date-1621197858,true,us
2019-08-10 05:50:50,,13991889,watch,,,2019-08-10 05:50:50,b7b9dc4a-8278-47a7-9201-8588b6877bdc,watch-b7b9dc4a-8278-47a7-9201-8588b6877bdc-0,,0,,movie,Jurassic World,,,,,,,,,,,,,,,
2019-08-10 05:55:51,,13991889,watch,,,2019-08-10 05:55:51,b7c2098d-e182-4ffb-942c-8a81b1c2bf0b,watch-b7c2098d-e182-4ffb-942c-8a81b1c2bf0b-0,,0,,movie,The Fast and the Furious: Tokyo Drift,,,,,,,,,,,,,,,
2024-07-27 03:06:35,,13991889,watch,,,2024-07-27 03:06:35,b7c658cc-d561-4129-9b68-ddddc50547c7,watch-b7c658cc-d561-4129-9b68-ddddc50547c7-0,,,,movie,Deadpool & Wolverine,watch-release-date-2024-07-25,2024-07-25 00:00:00,watch-alpha-deadpool-&-wolverine,,,,,,,,,,watch-date-1722049595,,US
2021-09-20 00:00:55,356317,13991889,watch,Sex Education,,2021-09-20 00:00:55,b7d21372-9ff4-4a30-854d-43463c6be412,watch-b7d21372-9ff4-4a30-854d-43463c6be412-0,,,,episode,,,,,3240,3,2ca857f5-aa12-4c60-8f01-3615da41dc09,8507458,1632096055,2,watched-episode-2ca857f5-aa12-4c60-8f01-3615da41dc09-b7d21372-9ff4-4a30-854d-43463c6be412,,,watch-date-1632096055,true,us
2019-08-10 06:05:52,,13991889,watch,,,2019-08-10 06:05:52,b7fa700c-f101-48fd-b890-9e3ebf0ecf00,watch-b7fa700c-f101-48fd-b890-9e3ebf0ecf00-0,,0,,movie,Transformers: Revenge of the Fallen,,,,,,,,,,,,,,,
2019-08-10 05:56:40,,13991889,watch,,,2019-08-10 05:56:40,b83c3ced-7395-40dd-87fc-b2390bb0f779,watch-b83c3ced-7395-40dd-87fc-b2390bb0f779-0,,0,,movie,Johnny English Reborn,,,,,,,,,,,,,,,
2019-08-10 06:01:19,,13991889,watch,,,2019-08-10 06:01:19,b8f1f0c6-a24a-4c54-9056-486061b0d972,watch-b8f1f0c6-a24a-4c54-9056-486061b0d972-0,,0,,movie,Marley & Me,,,,,,,,,,,,,,,
2019-08-10 05:54:30,,13991889,watch,,,2019-08-10 05:54:30,b8f4e857-7b12-4a5e-9a87-994393fa4d70,watch-b8f4e857-7b12-4a5e-9a87-994393fa4d70-0,,0,,movie,Hotel Transylvania 2,,,,,,,,,,,,,,,
2025-09-07 18:56:13,,13991889,watch,,,2025-09-07 18:56:13,b94842ee-d986-4014-8e44-6032c24d9b35,watch-b94842ee-d986-4014-8e44-6032c24d9b35-0,,,,movie,Thunderbolts*: *The New Avengers,watch-release-date-2025-05-01,2025-05-01 00:00:00,watch-alpha-thunderbolts*,7620,,,,,,,,,watch-date-1757271373,,US
2020-10-11 19:14:32,,13991889,watch,,,2020-10-11 19:14:32,b9734307-c575-4c85-bd3d-19457fade50d,watch-b9734307-c575-4c85-bd3d-19457fade50d-0,,0,,movie,American Murder: The Family Next Door,,0001-01-01 00:00:00,,,,,,,,,,,,,
2026-06-20 18:02:55,,13991889,watch,,,2026-06-20 18:02:55,b9faec46-305e-418b-b6e1-ffc7b538733b,watch-b9faec46-305e-418b-b6e1-ffc7b538733b-0,,,,movie,Your Fault: London,watch-release-date-2026-06-17,2026-06-17 00:00:00,watch-alpha-your-fault-london,,,,,,,,,,watch-date-1781978575,,US
2021-10-10 01:15:08,267441,13991889,watch,The Devil Is a Part-Timer!,,2021-10-10 01:15:08,ba3fdbe5-a8e1-46c6-be32-e693dfaa69f4,watch-ba3fdbe5-a8e1-46c6-be32-e693dfaa69f4-0,,,,episode,,,,,1500,1,f0a1217d-9257-44b4-83ed-b4eb00f631b1,4523084,1633828508,10,watched-episode-f0a1217d-9257-44b4-83ed-b4eb00f631b1-ba3fdbe5-a8e1-46c6-be32-e693dfaa69f4,,,watch-date-1633828508,true,us
2020-12-18 14:09:31,251085,13991889,watch,The Legend of Korra,,2020-12-18 14:09:31,ba6e8597-229c-44e5-949e-20555f3baee8,watch-ba6e8597-229c-44e5-949e-20555f3baee8-0,,,,episode,,,,,,1,16ff2b5f-a919-4223-85ca-81822f00f699,4315552,1608300571,6,watched-episode-16ff2b5f-a919-4223-85ca-81822f00f699-ba6e8597-229c-44e5-949e-20555f3baee8,,,watch-date-1608300571,true,us
2021-11-11 16:32:41,402412,13991889,watch,Komi Can't Communicate,,2021-11-11 16:32:41,ba8312ad-d90c-46e4-a5f5-09b8f73f731f,watch-ba8312ad-d90c-46e4-a5f5-09b8f73f731f-0,,,,episode,,,,,1440,1,aaeb7879-fd12-499e-a24b-c00d5797f6b4,8740146,1636648361,3,watched-episode-aaeb7879-fd12-499e-a24b-c00d5797f6b4-ba8312ad-d90c-46e4-a5f5-09b8f73f731f,,,watch-date-1636648361,true,us
2021-02-10 02:31:54,284131,13991889,watch,The Seven Deadly Sins,,2021-02-10 02:31:54,babacee8-9f96-4f39-8566-54d4e46aecd4,watch-babacee8-9f96-4f39-8566-54d4e46aecd4-0,,,,episode,,,,,,4,6436b274-ca56-4d2f-8c68-2956bc0fcab6,8137454,1612924314,3,watched-episode-6436b274-ca56-4d2f-8c68-2956bc0fcab6-babacee8-9f96-4f39-8566-54d4e46aecd4,,,watch-date-1612924314,true,us
2019-08-10 06:01:22,,13991889,watch,,,2019-08-10 06:01:22,bb428e73-3014-4d78-a449-75878051e3fb,watch-bb428e73-3014-4d78-a449-75878051e3fb-0,,0,,movie,Sherlock Holmes: A Game of Shadows,,,,,,,,,,,,,,,
2019-08-10 05:56:28,,13991889,watch,,,2019-08-10 05:56:28,bb4d8f9c-3c10-4798-92b2-48d242630470,watch-bb4d8f9c-3c10-4798-92b2-48d242630470-0,,0,,movie,2 Fast 2 Furious,,,,,,,,,,,,,,,
2024-06-25 03:36:05,,13991889,watch,,,2024-06-25 03:36:05,bb52ce42-a7e5-482c-8127-8a53283965ac,watch-bb52ce42-a7e5-482c-8127-8a53283965ac-0,,,,movie,Inside Out 2,watch-release-date-2024-06-14,2024-06-14 00:00:00,watch-alpha-inside-out-2,6000,,,,,,,,,watch-date-1719286565,,US
2021-11-04 02:03:54,399121,13991889,watch,Mieruko-chan,,2021-11-04 02:03:54,bb814390-5a5d-407c-a411-47161f21fe81,watch-bb814390-5a5d-407c-a411-47161f21fe81-0,,,,episode,,,,,1440,1,e05df8c5-e61f-44fc-86d8-91a65d3dd110,8747083,1635991434,5,watched-episode-e05df8c5-e61f-44fc-86d8-91a65d3dd110-bb814390-5a5d-407c-a411-47161f21fe81,,,watch-date-1635991434,true,us
2021-06-26 15:36:58,279831,13991889,watch,Parasyte -the maxim-,,2021-06-26 15:36:58,bb92de19-c5f6-45f9-a985-935ba91f294c,watch-bb92de19-c5f6-45f9-a985-935ba91f294c-0,,,,episode,,,,,,1,e04658af-ac15-450b-8bde-faa6e2d97950,5018532,1624721818,3,watched-episode-e04658af-ac15-450b-8bde-faa6e2d97950-bb92de19-c5f6-45f9-a985-935ba91f294c,,,watch-date-1624721818,true,us
2019-08-10 06:04:52,,13991889,watch,,,2019-08-10 06:04:52,bbab1b9f-ec09-4a02-bfcb-82631c25aa98,watch-bbab1b9f-ec09-4a02-bfcb-82631c25aa98-0,,0,,movie,Shark Tale,,,,,,,,,,,,,,,
2019-08-10 05:52:59,,13991889,watch,,,2019-08-10 05:52:59,bc180014-4bd3-40a1-bd0f-01fb8fa79dc0,watch-bc180014-4bd3-40a1-bd0f-01fb8fa79dc0-0,,0,,movie,Transformers,,,,,,,,,,,,,,,
2020-12-28 15:49:12,328690,13991889,watch,The Alienist,,2020-12-28 15:49:12,bc47d917-ceb5-4674-ae85-1b4eefef8ae2,watch-bc47d917-ceb5-4674-ae85-1b4eefef8ae2-0,,,,episode,,,,,,2,3264a58a-3b8e-4b12-a67b-75ff00ef5c76,7801004,1609170552,3,watched-episode-3264a58a-3b8e-4b12-a67b-75ff00ef5c76-bc47d917-ceb5-4674-ae85-1b4eefef8ae2,,,watch-date-1609170552,true,us
2019-08-10 05:44:15,,13991889,watch,,,2019-08-10 05:44:15,bc5eb84f-6e5d-45b0-97c1-96bf401dd59f,watch-bc5eb84f-6e5d-45b0-97c1-96bf401dd59f-0,,0,,movie,Avatar,,,,,,,,,,,,,,,
2021-06-26 17:06:09,279831,13991889,watch,Parasyte -the maxim-,,2021-06-26 17:06:09,bc6dee53-5c06-4ccb-af8f-50a2145ac8a8,watch-bc6dee53-5c06-4ccb-af8f-50a2145ac8a8-0,,,,episode,,,,,,1,e04658af-ac15-450b-8bde-faa6e2d97950,5031446,1624727169,7,watched-episode-e04658af-ac15-450b-8bde-faa6e2d97950-bc6dee53-5c06-4ccb-af8f-50a2145ac8a8,,,watch-date-1624727169,true,us
2019-08-10 05:56:06,,13991889,watch,,,2019-08-10 05:56:06,bca9c67a-e91c-4df2-a624-1430bedea455,watch-bca9c67a-e91c-4df2-a624-1430bedea455-0,,0,,movie,Ted,,,,,,,,,,,,,,,
2021-09-20 03:47:32,401911,13991889,watch,The Great Jahy Will Not Be Defeated!,,2021-09-20 03:47:32,bd085e49-637d-4c5b-91b2-083a39b8aaf9,watch-bd085e49-637d-4c5b-91b2-083a39b8aaf9-0,,,,episode,,,,,1440,1,3cf6fad6-6d0a-4588-a30b-79f3a4f55be6,8593350,1632109652,6,watched-episode-3cf6fad6-6d0a-4588-a30b-79f3a4f55be6-bd085e49-637d-4c5b-91b2-083a39b8aaf9,,,watch-date-1632109652,true,us
2019-08-10 05:52:53,,13991889,watch,,,2019-08-10 05:52:53,bd2e6693-3d05-44eb-b8a8-68ff96b636cd,watch-bd2e6693-3d05-44eb-b8a8-68ff96b636cd-0,,0,,movie,Batman Begins,,,,,,,,,,,,,,,
2023-07-21 03:04:53,,13991889,watch,,,2023-07-21 03:04:53,bdb1ca3e-5529-4045-b8fd-f9671e3402f5,watch-bdb1ca3e-5529-4045-b8fd-f9671e3402f5-0,,,,movie,Vampires Suck,watch-release-date-2010-08-18,2010-08-18 00:00:00,watch-alpha-vampires-suck,4920,,,,,,,,,watch-date-1689908693,,AR
2021-06-28 16:25:51,275274,13991889,watch,Rick and Morty,,2021-06-28 16:25:51,bdb9f4b1-15a8-49d8-9e9a-1d32650bd1f4,watch-bdb9f4b1-15a8-49d8-9e9a-1d32650bd1f4-0,,,,episode,,,,,,5,c89b7b03-cb1f-4776-b5ea-374263ce2310,8319997,1624897551,2,watched-episode-c89b7b03-cb1f-4776-b5ea-374263ce2310-bdb9f4b1-15a8-49d8-9e9a-1d32650bd1f4,,,watch-date-1624897551,true,us
2022-05-21 01:39:04,,13991889,watch,,,2022-05-21 01:39:04,bde54601-30ed-4b18-9ca6-072a7e42ca86,watch-bde54601-30ed-4b18-9ca6-072a7e42ca86-0,,,,movie,La familia perfecta,watch-release-date-2022-05-11,2022-05-11 00:00:00,watch-alpha-the-perfect-family,6600,,,,,,,,,watch-date-1653097144,,US
2021-03-03 02:33:48,353232,13991889,watch,Narcos: Mexico,,2021-03-03 02:33:48,be2f07a4-7758-4811-8d9f-7c579ab220bc,watch-be2f07a4-7758-4811-8d9f-7c579ab220bc-0,,,,episode,,,,,,2,9a01e954-63e9-428f-9455-7bc85cc852c9,7576365,1614738828,8,watched-episode-9a01e954-63e9-428f-9455-7bc85cc852c9-be2f07a4-7758-4811-8d9f-7c579ab220bc,,,watch-date-1614738828,true,us
2019-08-10 05:48:46,,13991889,watch,,,2019-08-10 05:48:46,be4921f9-aab7-433a-8c48-c6fc701d7a56,watch-be4921f9-aab7-433a-8c48-c6fc701d7a56-0,,0,,movie,22 Jump Street,,,,,,,,,,,,,,,
2021-03-11 18:53:21,355774,13991889,watch,Dr. STONE,,2021-03-11 18:53:21,be4c9bc4-d133-4f7d-b610-319f82303897,watch-be4c9bc4-d133-4f7d-b610-319f82303897-0,,,,episode,,,,,,2,14f8bad3-d1da-4e83-b1e7-9cd5bb66a51e,8145691,1615488801,7,watched-episode-14f8bad3-d1da-4e83-b1e7-9cd5bb66a51e-be4c9bc4-d133-4f7d-b610-319f82303897,,,watch-date-1615488801,true,us
2023-12-02 03:34:44,,13991889,watch,,,2023-12-02 03:34:44,be9788f3-e713-4c67-a528-6bb578bd011e,watch-be9788f3-e713-4c67-a528-6bb578bd011e-0,,,,movie,The Hunger Games: Mockingjay - Part 2,watch-release-date-2015-11-27,2015-11-27 00:00:00,watch-alpha-the-hunger-games-mockingjay---part-2,8220,,,,,,,,,watch-date-1701488084,,AR
2021-06-12 01:08:22,,13991889,watch,,,2021-06-12 01:08:22,becb0254-b478-4570-b4c2-e465b901a9f0,watch-becb0254-b478-4570-b4c2-e465b901a9f0-0,,,,movie,The Conjuring: The Devil Made Me Do It,watch-release-date-2021-05-26,2021-05-26 00:00:00,watch-alpha-the-conjuring-the-devil-made-me-do-it-,6660,,,,,,,,,watch-date-1623460102,,AR
2021-06-08 19:13:38,,13991889,watch,,,2021-06-08 19:13:38,bee94e91-f6e0-4981-a541-8d2c7c4883db,watch-bee94e91-f6e0-4981-a541-8d2c7c4883db-0,,,,movie,El orfanato,watch-release-date-2007-05-20,2007-05-20 00:00:00,watch-alpha-the-orphanage,6300,,,,,,,,,watch-date-1623179618,,AR
2024-02-18 01:48:15,,13991889,watch,,,2024-02-18 01:48:15,bf03441b-9c3a-44fa-87e6-82409cf21b08,watch-bf03441b-9c3a-44fa-87e6-82409cf21b08-0,,,,movie,Transformers: The Last Knight,watch-release-date-2017-06-22,2017-06-22 00:00:00,watch-alpha-transformers-the-last-knight,9300,,,,,,,,,watch-date-1708220895,,AR
2019-08-10 05:57:10,,13991889,watch,,,2019-08-10 05:57:10,bf5d3c2f-b028-4127-98d4-7a756510d5ab,watch-bf5d3c2f-b028-4127-98d4-7a756510d5ab-0,,0,,movie,Mama,,,,,,,,,,,,,,,
2019-08-08 05:11:48,,13991889,watch,,,2019-08-08 05:11:48,bf63e3d9-ee2d-4b7d-8a33-bde06f364456,watch-bf63e3d9-ee2d-4b7d-8a33-bde06f364456-0,,0,,movie,Avengers: Infinity War,,,,,,,,,,,,,,,
2019-08-10 05:51:57,,13991889,watch,,,2019-08-10 05:51:57,bfea00cd-5826-4b23-8f34-bf564a612988,watch-bfea00cd-5826-4b23-8f34-bf564a612988-0,,0,,movie,8 Mile,,,,,,,,,,,,,,,
2021-03-11 01:04:20,279121,13991889,watch,The Flash (2014),,2021-03-11 01:04:20,bff6eab5-5c41-448c-8e91-ef60d63b3601,watch-bff6eab5-5c41-448c-8e91-ef60d63b3601-0,,,,episode,,,,,,7,b0742927-b90e-4b53-8c58-63d8707a677d,8032056,1615424660,2,watched-episode-b0742927-b90e-4b53-8c58-63d8707a677d-bff6eab5-5c41-448c-8e91-ef60d63b3601,,,watch-date-1615424660,true,us
2021-03-06 02:38:50,362392,13991889,watch,WandaVision,,2021-03-06 02:38:50,c01b6e4d-8efc-456f-be63-5f89e3c893ad,watch-c01b6e4d-8efc-456f-be63-5f89e3c893ad-0,,,,episode,,,,,,1,e0f26948-10ad-4865-a187-eaf236616cb0,8043111,1614998330,5,watched-episode-e0f26948-10ad-4865-a187-eaf236616cb0-c01b6e4d-8efc-456f-be63-5f89e3c893ad,,,watch-date-1614998330,true,us
2021-10-29 02:37:32,79481,13991889,watch,Death Note,,2021-10-29 02:37:32,c1149011-2591-46b4-bf4f-b12fc052669a,watch-c1149011-2591-46b4-bf4f-b12fc052669a-0,,,,episode,,,,,1320,1,d6adbb6e-05b6-45fe-bf0c-34aee5fc663c,311262,1635475052,6,watched-episode-d6adbb6e-05b6-45fe-bf0c-34aee5fc663c-c1149011-2591-46b4-bf4f-b12fc052669a,,,watch-date-1635475052,true,us
2019-09-07 06:02:01,,13991889,watch,,,2019-09-07 06:02:01,c12fdfb6-83e5-4763-89e6-72755c77a763,watch-c12fdfb6-83e5-4763-89e6-72755c77a763-0,,0,,movie,Steven Universe: The Movie,,0001-01-01 00:00:00,,,,,,,,,,,,,
2020-03-31 16:10:31,,13991889,watch,,,2020-03-31 16:10:31,c1533c3f-f301-4ad7-bf01-278237276aee,watch-c1533c3f-f301-4ad7-bf01-278237276aee-0,,0,,movie,Ben 10: Race Against Time,,0001-01-01 00:00:00,,,,,,,,,,,,,
2021-08-07 06:14:26,393810,13991889,watch,Record of Ragnarok,,2021-08-07 06:14:26,c182759d-0123-45dc-a1d6-5bb2d16a3a4b,watch-c182759d-0123-45dc-a1d6-5bb2d16a3a4b-0,,,,episode,,,,,1500,1,37358331-3dd5-4503-afb3-d63ddf158cd4,8481725,1628316866,3,watched-episode-37358331-3dd5-4503-afb3-d63ddf158cd4-c182759d-0123-45dc-a1d6-5bb2d16a3a4b,,,watch-date-1628316866,true,us
2020-09-16 03:51:23,,13991889,watch,,,2020-09-16 03:51:23,c186652e-666a-47c4-9c72-f6fc2e845bca,watch-c186652e-666a-47c4-9c72-f6fc2e845bca-0,,0,,movie,The Social Dilemma,,0001-01-01 00:00:00,,,,,,,,,,,,,
2021-02-20 17:02:45,355774,13991889,watch,Dr. STONE,,2021-02-20 17:02:45,c22cbf67-5366-4aed-8531-5463702b7f93,watch-c22cbf67-5366-4aed-8531-5463702b7f93-0,,,,episode,,,,,,2,14f8bad3-d1da-4e83-b1e7-9cd5bb66a51e,8145690,1613840565,6,watched-episode-14f8bad3-d1da-4e83-b1e7-9cd5bb66a51e-c22cbf67-5366-4aed-8531-5463702b7f93,,,watch-date-1613840565,true,us
2019-08-10 05:58:06,,13991889,watch,,,2019-08-10 05:58:06,c2d0dc27-179f-4ed2-91fa-41001583756c,watch-c2d0dc27-179f-4ed2-91fa-41001583756c-0,,0,,movie,Night at the Museum: Secret of the Tomb,,,,,,,,,,,,,,,
2023-12-02 03:34:36,,13991889,watch,,,2023-12-02 03:34:36,c2ea512b-eb59-4301-812c-f6f292fc6c68,watch-c2ea512b-eb59-4301-812c-f6f292fc6c68-0,,,,movie,The Hunger Games: The Ballad of Songbirds & Snakes,watch-release-date-2023-11-15,2023-11-15 00:00:00,watch-alpha-the-hunger-games-the-ballad-of-songbirds-&-snakes,9420,,,,,,,,,watch-date-1701488076,,AR
2021-10-24 06:17:12,365098,13991889,watch,Inside Job,,2021-10-24 06:17:12,c2fbaa24-7cce-4786-9f20-f51212cc0468,watch-c2fbaa24-7cce-4786-9f20-f51212cc0468-0,,,,episode,,,,,1680,1,a42ed3b9-d60b-4d83-86f2-ca92d1d44767,8616998,1635056232,1,watched-episode-a42ed3b9-d60b-4d83-86f2-ca92d1d44767-c2fbaa24-7cce-4786-9f20-f51212cc0468,,,watch-date-1635056232,true,us
2021-08-15 22:29:02,267441,13991889,watch,The Devil Is a Part-Timer!,,2021-08-15 22:29:02,c3263838-c48f-4f9e-aa1a-966a4e29d508,watch-c3263838-c48f-4f9e-aa1a-966a4e29d508-0,,,,episode,,,,,1500,1,f0a1217d-9257-44b4-83ed-b4eb00f631b1,4523079,1629066542,5,watched-episode-f0a1217d-9257-44b4-83ed-b4eb00f631b1-c3263838-c48f-4f9e-aa1a-966a4e29d508,,,watch-date-1629066542,true,us
2021-09-17 00:07:05,330374,13991889,watch,Atypical,,2021-09-17 00:07:05,c334a7ba-8da6-436f-9d67-c58459b093dc,watch-c334a7ba-8da6-436f-9d67-c58459b093dc-0,,,,episode,,,,,2040,4,1b942384-17aa-4ad6-b3f2-1e0fdece066f,8466289,1631837225,1,watched-episode-1b942384-17aa-4ad6-b3f2-1e0fdece066f-c334a7ba-8da6-436f-9d67-c58459b093dc,,,watch-date-1631837225,true,us
2019-08-10 05:47:00,,13991889,watch,,,2019-08-10 05:47:00,c388061b-6d59-4e12-a512-dc175dc6716e,watch-c388061b-6d59-4e12-a512-dc175dc6716e-0,,0,,movie,Inside Out,,,,,,,,,,,,,,,
2019-08-10 05:51:05,,13991889,watch,,,2019-08-10 05:51:05,c3baf110-81ab-428c-8a20-de8f620542d2,watch-c3baf110-81ab-428c-8a20-de8f620542d2-0,,0,,movie,Just Go with It,,,,,,,,,,,,,,,
2020-10-16 04:44:55,,13991889,watch,,,2020-10-16 04:44:55,c3f82066-247d-4635-ba05-0c51473ef710,watch-c3f82066-247d-4635-ba05-0c51473ef710-0,,0,,movie,Sala samobójców. Hejter,,0001-01-01 00:00:00,,,,,,,,,,,,,
2021-02-28 04:36:41,377543,13991889,watch,JUJUTSU KAISEN,,2021-02-28 04:36:41,c43d2740-842b-4f5a-939d-a5fd24c2e5ed,watch-c43d2740-842b-4f5a-939d-a5fd24c2e5ed-0,,,,episode,,,,,,1,629493df-1990-437e-a64f-3adf1f2782c1,7925281,1614487001,11,watched-episode-629493df-1990-437e-a64f-3adf1f2782c1-c43d2740-842b-4f5a-939d-a5fd24c2e5ed,,,watch-date-1614487001,true,us
2021-06-30 17:10:38,399966,13991889,watch,Sex!fy,,2021-06-30 17:10:38,c44a687b-3f4b-427d-987d-815445fecb79,watch-c44a687b-3f4b-427d-987d-815445fecb79-0,,,,episode,,,,,,1,f2ad4f4c-447f-4d65-84ca-00881c9f1375,8322943,1625073038,3,watched-episode-f2ad4f4c-447f-4d65-84ca-00881c9f1375-c44a687b-3f4b-427d-987d-815445fecb79,,,watch-date-1625073038,true,us
2021-04-24 00:08:06,348545,13991889,watch,Demon Slayer: Kimetsu no Yaiba,,2021-04-24 00:08:06,c44d3842-e322-4719-bee7-0a720e1cebd0,watch-c44d3842-e322-4719-bee7-0a720e1cebd0-0,,,,episode,,,,,,1,015f238e-e893-4c3a-973a-674eb2a1df87,7081374,1619222886,12,watched-episode-015f238e-e893-4c3a-973a-674eb2a1df87-c44d3842-e322-4719-bee7-0a720e1cebd0,,,watch-date-1619222886,true,us
2019-09-14 05:01:21,,13991889,watch,,,2019-09-14 05:01:21,c481d027-0a95-4264-aa2d-b31953e6c236,watch-c481d027-0a95-4264-aa2d-b31953e6c236-0,,0,,movie,Fifty Shades Darker,,0001-01-01 00:00:00,,,,,,,,,,,,,
2021-09-27 02:15:49,383275,13991889,watch,Squid Game,,2021-09-27 02:15:49,c4bcb209-767b-4492-9daa-3e3f6f25da54,watch-c4bcb209-767b-4492-9daa-3e3f6f25da54-0,,,,episode,,,,,3300,1,a704a3c7-996b-40d8-bdb8-76fc2a34e1fd,8640474,1632708949,3,watched-episode-a704a3c7-996b-40d8-bdb8-76fc2a34e1fd-c4bcb209-767b-4492-9daa-3e3f6f25da54,,,watch-date-1632708949,true,us
2021-08-15 22:29:50,354198,13991889,watch,Kaguya-sama: Love Is War,,2021-08-15 22:29:50,c4ea48ca-9106-4b5d-96ae-31be728abded,watch-c4ea48ca-9106-4b5d-96ae-31be728abded-0,,,,episode,,,,,1440,1,f50cb36e-2a19-4bd3-a04b-4e4ac5e7011f,6864635,1629066590,1,watched-episode-f50cb36e-2a19-4bd3-a04b-4e4ac5e7011f-c4ea48ca-9106-4b5d-96ae-31be728abded,,,watch-date-1629066590,true,us
2021-06-08 19:12:27,,13991889,watch,,,2021-06-08 19:12:27,c4f2193b-f5d5-4dc5-aa47-71c10e414a21,watch-c4f2193b-f5d5-4dc5-aa47-71c10e414a21-0,,,,movie,What Lies Below,watch-release-date-2020-12-04,2020-12-04 00:00:00,watch-alpha-what-lies-below,5220,,,,,,,,,watch-date-1623179547,,AR
2020-12-25 07:44:27,78831,13991889,watch,Drawn Together,,2020-12-25 07:44:27,c50194bc-e2ba-41cf-9e74-6af973b1af85,watch-c50194bc-e2ba-41cf-9e74-6af973b1af85-0,,,,episode,,,,,,3,40652d64-ab6f-4708-a334-f9195176d942,315987,1608882267,12,watched-episode-40652d64-ab6f-4708-a334-f9195176d942-c50194bc-e2ba-41cf-9e74-6af973b1af85,,,watch-date-1608882267,true,us
2021-06-12 15:49:44,305074,13991889,watch,My Hero Academia,,2021-06-12 15:49:44,c503b44e-dce7-4410-aec8-358c0348b0c6,watch-c503b44e-dce7-4410-aec8-358c0348b0c6-0,,,,episode,,,,,,5,b4e8e618-0fbb-46c6-9ccc-bf3ca6f09251,8159513,1623512984,10,watched-episode-b4e8e618-0fbb-46c6-9ccc-bf3ca6f09251-c503b44e-dce7-4410-aec8-358c0348b0c6,,,watch-date-1623512984,true,us
2021-09-11 00:48:19,343913,13991889,watch,Grand Blue Dreaming,,2021-09-11 00:48:19,c54d740e-84c9-4c76-a143-21c0c7d5a2a3,watch-c54d740e-84c9-4c76-a143-21c0c7d5a2a3-0,,,,episode,,,,,1500,1,3f34594c-8d53-40b8-af9e-1a444cb89900,6760462,1631321299,5,watched-episode-3f34594c-8d53-40b8-af9e-1a444cb89900-c54d740e-84c9-4c76-a143-21c0c7d5a2a3,,,watch-date-1631321299,true,us
2021-04-28 22:06:21,348545,13991889,watch,Demon Slayer: Kimetsu no Yaiba,,2021-04-28 22:06:21,c591bb8f-fe71-4690-9f53-868a01db18b2,watch-c591bb8f-fe71-4690-9f53-868a01db18b2-0,,,,episode,,,,,,1,015f238e-e893-4c3a-973a-674eb2a1df87,7222655,1619647581,23,watched-episode-015f238e-e893-4c3a-973a-674eb2a1df87-c591bb8f-fe71-4690-9f53-868a01db18b2,,,watch-date-1619647581,true,us
2019-08-10 06:07:22,,13991889,watch,,,2019-08-10 06:07:22,c5eab940-b238-41cf-bb92-a900cefb40f5,watch-c5eab940-b238-41cf-bb92-a900cefb40f5-0,,0,,movie,Spy Kids,,,,,,,,,,,,,,,
2021-07-27 05:31:36,275274,13991889,watch,Rick and Morty,,2021-07-27 05:31:36,c71fdf0e-3443-49f6-ad09-68db4ee6f2be,watch-c71fdf0e-3443-49f6-ad09-68db4ee6f2be-0,,,,episode,,,,,1320,5,c89b7b03-cb1f-4776-b5ea-374263ce2310,8320007,1627363896,6,watched-episode-c89b7b03-cb1f-4776-b5ea-374263ce2310-c71fdf0e-3443-49f6-ad09-68db4ee6f2be,,,watch-date-1627363896,true,us
2021-06-25 02:26:40,332335,13991889,watch,Close Enough,,2021-06-25 02:26:40,c75ddabd-5428-4fcc-a9fa-b462e26719e7,watch-c75ddabd-5428-4fcc-a9fa-b462e26719e7-0,,,,episode,,,,,,2,9e6de326-3ca4-4886-9176-67d47fc1ba19,8235329,1624588000,9,watched-episode-9e6de326-3ca4-4886-9176-67d47fc1ba19-c75ddabd-5428-4fcc-a9fa-b462e26719e7,,,watch-date-1624588000,true,us
2021-06-29 03:25:16,376751,13991889,watch,The Daily Life of the Immortal King,,2021-06-29 03:25:16,c7888c81-0be7-45d4-91ec-097e4b9ae49a,watch-c7888c81-0be7-45d4-91ec-097e4b9ae49a-0,,,,episode,,,,,,1,97fa280e-6382-4ddf-ac69-bac712f946d6,7587785,1624937116,15,watched-episode-97fa280e-6382-4ddf-ac69-bac712f946d6-c7888c81-0be7-45d4-91ec-097e4b9ae49a,,,watch-date-1624937116,true,us
2019-08-08 05:17:38,,13991889,watch,,,2019-08-08 05:17:38,c829ea36-7220-4afc-acfc-5308da04d1a0,watch-c829ea36-7220-4afc-acfc-5308da04d1a0-0,,0,,movie,Swiped,,,,,,,,,,,,,,,
2021-08-15 22:30:03,354198,13991889,watch,Kaguya-sama: Love Is War,,2021-08-15 22:30:03,c8bd8836-c4d9-4b9f-aa48-273a77fb5fbd,watch-c8bd8836-c4d9-4b9f-aa48-273a77fb5fbd-0,,,,episode,,,,,1440,1,f50cb36e-2a19-4bd3-a04b-4e4ac5e7011f,6937077,1629066603,2,watched-episode-f50cb36e-2a19-4bd3-a04b-4e4ac5e7011f-c8bd8836-c4d9-4b9f-aa48-273a77fb5fbd,,,watch-date-1629066603,true,us
2019-08-10 05:54:11,,13991889,watch,,,2019-08-10 05:54:11,c8d407e2-a9db-4a88-b2ea-5e776dcd5f78,watch-c8d407e2-a9db-4a88-b2ea-5e776dcd5f78-0,,0,,movie,The Little Mermaid,,,,,,,,,,,,,,,
2021-05-30 01:19:30,,13991889,watch,,,2021-05-30 01:19:30,c9084c2b-bea2-4bbb-8e29-bdf22245d23b,watch-c9084c2b-bea2-4bbb-8e29-bdf22245d23b-0,,,,movie,Cruella,watch-release-date-2021-05-27,2021-05-27 00:00:00,watch-alpha-cruella,,,,,,,,,,watch-date-1622337570,,AR
2023-07-06 02:07:51,,13991889,watch,,,2023-07-06 02:07:51,c914d8fe-81cb-4f09-bd7d-85d11cb1194f,watch-c914d8fe-81cb-4f09-bd7d-85d11cb1194f-0,,,,movie,Elemental,watch-release-date-2023-06-15,2023-06-15 00:00:00,watch-alpha-elemental,6180,,,,,,,,,watch-date-1688609271,,AR
2021-07-05 16:20:20,279831,13991889,watch,Parasyte -the maxim-,,2021-07-05 16:20:20,ca68397c-8cad-43ba-aeb8-7e2a6817b6fb,watch-ca68397c-8cad-43ba-aeb8-7e2a6817b6fb-0,,,,episode,,,,,,1,e04658af-ac15-450b-8bde-faa6e2d97950,5037904,1625502020,18,watched-episode-e04658af-ac15-450b-8bde-faa6e2d97950-ca68397c-8cad-43ba-aeb8-7e2a6817b6fb,,,watch-date-1625502020,true,us
2023-05-26 03:45:56,,13991889,watch,,,2023-05-26 03:45:56,cad1eb2f-89b7-4e05-8006-f1ec5e9fcdbf,watch-cad1eb2f-89b7-4e05-8006-f1ec5e9fcdbf-0,,,,movie,La Extorsión,watch-release-date-2023-04-06,2023-04-06 00:00:00,watch-alpha-the-extortion,6300,,,,,,,,,watch-date-1685072756,,AR
2021-04-24 00:43:25,348545,13991889,watch,Demon Slayer: Kimetsu no Yaiba,,2021-04-24 00:43:25,cae09205-ed8f-4e28-89e9-51ccfe02b549,watch-cae09205-ed8f-4e28-89e9-51ccfe02b549-0,,,,episode,,,,,,1,015f238e-e893-4c3a-973a-674eb2a1df87,7222637,1619225005,15,watched-episode-015f238e-e893-4c3a-973a-674eb2a1df87-cae09205-ed8f-4e28-89e9-51ccfe02b549,,,watch-date-1619225005,true,us
2021-09-20 02:57:20,347734,13991889,watch,Super Dragon Ball Heroes,,2021-09-20 02:57:20,cb073a84-be28-4ff7-9d96-17710248866e,watch-cb073a84-be28-4ff7-9d96-17710248866e-0,,,,episode,,,,,600,4,a91c09d6-e687-4094-9290-206ae8c0cd75,8549799,1632106640,6,watched-episode-a91c09d6-e687-4094-9290-206ae8c0cd75-cb073a84-be28-4ff7-9d96-17710248866e,,,watch-date-1632106640,true,us
2019-08-10 05:50:35,,13991889,watch,,,2019-08-10 05:50:35,cb30b49e-cc43-41ac-8bf2-7a56e7d870f6,watch-cb30b49e-cc43-41ac-8bf2-7a56e7d870f6-0,,0,,movie,Ice Age: Continental Drift,,,,,,,,,,,,,,,
2021-05-05 03:33:46,305074,13991889,watch,My Hero Academia,,2021-05-05 03:33:46,cb5e0ff3-6caf-4038-a1f6-2179744b0f39,watch-cb5e0ff3-6caf-4038-a1f6-2179744b0f39-0,,,,episode,,,,,,4,b4e8e618-0fbb-46c6-9ccc-bf3ca6f09251,7441444,1620185626,5,watched-episode-b4e8e618-0fbb-46c6-9ccc-bf3ca6f09251-cb5e0ff3-6caf-4038-a1f6-2179744b0f39,,,watch-date-1620185626,true,us
2021-05-25 18:38:00,362392,13991889,watch,WandaVision,,2021-05-25 18:38:00,cba0837e-6b59-41d9-9635-81d23869238a,watch-cba0837e-6b59-41d9-9635-81d23869238a-0,,,,episode,,,,,,1,e0f26948-10ad-4865-a187-eaf236616cb0,8105218,1621967880,8,watched-episode-e0f26948-10ad-4865-a187-eaf236616cb0-cba0837e-6b59-41d9-9635-81d23869238a,,,watch-date-1621967880,true,us
2021-04-22 03:15:56,348545,13991889,watch,Demon Slayer: Kimetsu no Yaiba,,2021-04-22 03:15:56,cbc90b20-8c26-4670-8a9e-8ccd424d4dba,watch-cbc90b20-8c26-4670-8a9e-8ccd424d4dba-0,,,,episode,,,,,,1,015f238e-e893-4c3a-973a-674eb2a1df87,7081367,1619061356,9,watched-episode-015f238e-e893-4c3a-973a-674eb2a1df87-cbc90b20-8c26-4670-8a9e-8ccd424d4dba,,,watch-date-1619061356,true,us
2019-08-10 05:57:14,,13991889,watch,,,2019-08-10 05:57:14,cc2ad04f-c7ec-4d9c-bc91-27df1218acce,watch-cc2ad04f-c7ec-4d9c-bc91-27df1218acce-0,,0,,movie,The Pianist,,,,,,,,,,,,,,,
2021-03-03 02:33:44,377543,13991889,watch,JUJUTSU KAISEN,,2021-03-03 02:33:44,cc8c2d8f-c105-46d9-9627-6b65810f932f,watch-cc8c2d8f-c105-46d9-9627-6b65810f932f-0,,,,episode,,,,,,1,629493df-1990-437e-a64f-3adf1f2782c1,7973187,1614738824,15,watched-episode-629493df-1990-437e-a64f-3adf1f2782c1-cc8c2d8f-c105-46d9-9627-6b65810f932f,,,watch-date-1614738824,true,us
2019-08-10 05:47:36,,13991889,watch,,,2019-08-10 05:47:36,ccb08e41-8205-47dc-87fa-899b860dc28c,watch-ccb08e41-8205-47dc-87fa-899b860dc28c-0,,0,,movie,Shrek the Third,,,,,,,,,,,,,,,
2021-02-15 02:38:26,362392,13991889,watch,WandaVision,,2021-02-15 02:38:26,cce3d4f8-c740-4b11-8962-91671348c8b4,watch-cce3d4f8-c740-4b11-8962-91671348c8b4-0,,,,episode,,,,,,1,e0f26948-10ad-4865-a187-eaf236616cb0,8043109,1613356706,3,watched-episode-e0f26948-10ad-4865-a187-eaf236616cb0-cce3d4f8-c740-4b11-8962-91671348c8b4,,,watch-date-1613356706,true,us
2021-04-03 05:49:23,339353,13991889,watch,B: The Beginning,,2021-04-03 05:49:23,cce93c2c-1809-4479-ae9d-a4b4dd74ee1d,watch-cce93c2c-1809-4479-ae9d-a4b4dd74ee1d-0,,,,episode,,,,,,2,ad1dcc9f-bf02-40c6-8524-fda5fc171955,8217116,1617428963,1,watched-episode-ad1dcc9f-bf02-40c6-8524-fda5fc171955-cce93c2c-1809-4479-ae9d-a4b4dd74ee1d,,,watch-date-1617428963,true,us
2022-08-05 21:10:15,,13991889,watch,,,2022-08-05 21:10:15,cd186544-f4c0-4c8b-a121-a100333f211d,watch-cd186544-f4c0-4c8b-a121-a100333f211d-0,,,,movie,僕のヒーローアカデミア THE MOVIE　ワールド ヒーローズ ミッション　≪旅立ち≫,watch-release-date-2022-02-16,2022-02-16 00:00:00,watch-alpha-my-hero-academia-world-heroes'-mission---take-off,360,,,,,,,,,watch-date-1659733815,,US
2021-11-28 01:07:27,,13991889,watch,,,2021-11-28 01:07:27,cd4489c7-5da3-4fd7-b8a1-47ee17bf7fc7,watch-cd4489c7-5da3-4fd7-b8a1-47ee17bf7fc7-0,,,,movie,Shang-Chi and the Legend of the Ten Rings,watch-release-date-2021-09-02,2021-09-02 00:00:00,watch-alpha-shang-chi-and-the-legend-of-the-ten-rings,7920,,,,,,,,,watch-date-1638061647,,AR
2021-09-30 15:10:25,284131,13991889,watch,The Seven Deadly Sins,,2021-09-30 15:10:25,cd85cd49-cf87-4231-8c86-89169112206a,watch-cd85cd49-cf87-4231-8c86-89169112206a-0,,,,episode,,,,,1440,4,6436b274-ca56-4d2f-8c68-2956bc0fcab6,8139314,1633014625,8,watched-episode-6436b274-ca56-4d2f-8c68-2956bc0fcab6-cd85cd49-cf87-4231-8c86-89169112206a,,,watch-date-1633014625,true,us
2019-08-08 05:13:53,,13991889,watch,,,2019-08-08 05:13:53,cd873bfc-ab18-461e-844c-f6c24a0ffb16,watch-cd873bfc-ab18-461e-844c-f6c24a0ffb16-0,,0,,movie,Dark Phoenix,,,,,,,,,,,,,,,
2023-01-07 02:33:48,,13991889,watch,,,2023-01-07 02:33:48,ce245077-0b88-478c-9793-e20730be9b8c,watch-ce245077-0b88-478c-9793-e20730be9b8c-0,,,,movie,Glass Onion: A Knives Out Mystery,watch-release-date-2022-12-23,2022-12-23 00:00:00,watch-alpha-glass-onion-a-knives-out-mystery,8340,,,,,,,,,watch-date-1673058828,,AR
2021-04-30 03:55:53,348545,13991889,watch,Demon Slayer: Kimetsu no Yaiba,,2021-04-30 03:55:53,ce2ae814-aa33-44f7-b272-12f21e4b84a2,watch-ce2ae814-aa33-44f7-b272-12f21e4b84a2-0,,,,episode,,,,,,1,015f238e-e893-4c3a-973a-674eb2a1df87,7222660,1619754953,26,watched-episode-015f238e-e893-4c3a-973a-674eb2a1df87-ce2ae814-aa33-44f7-b272-12f21e4b84a2,,,watch-date-1619754953,true,us
2021-03-28 16:33:55,377543,13991889,watch,JUJUTSU KAISEN,,2021-03-28 16:33:55,ce61b5d5-cbd5-4a58-9f5c-135c56d2e267,watch-ce61b5d5-cbd5-4a58-9f5c-135c56d2e267-0,,,,episode,,,,,,1,629493df-1990-437e-a64f-3adf1f2782c1,7973197,1616949235,19,watched-episode-629493df-1990-437e-a64f-3adf1f2782c1-ce61b5d5-cbd5-4a58-9f5c-135c56d2e267,,,watch-date-1616949235,true,us
2021-10-10 00:43:34,267441,13991889,watch,The Devil Is a Part-Timer!,,2021-10-10 00:43:34,ce7b112e-7371-4545-971b-a937b0cf7784,watch-ce7b112e-7371-4545-971b-a937b0cf7784-0,,,,episode,,,,,1500,1,f0a1217d-9257-44b4-83ed-b4eb00f631b1,4523083,1633826614,9,watched-episode-f0a1217d-9257-44b4-83ed-b4eb00f631b1-ce7b112e-7371-4545-971b-a937b0cf7784,,,watch-date-1633826614,true,us
2020-12-26 05:57:28,,13991889,watch,,,2020-12-26 05:57:28,ce89a408-5597-4084-8ece-b8f71bb88838,watch-ce89a408-5597-4084-8ece-b8f71bb88838-0,,,,movie,The Drawn Together Movie: The Movie!,watch-release-date-2010-04-20,2010-04-20 00:00:00,watch-alpha-the-drawn-together-movie-the-movie,,,,,,,,,,watch-date-1608962248,,AR
2020-09-29 17:07:24,,13991889,watch,,,2020-09-29 17:07:24,cf2b9c19-59d2-47bf-9b98-91eadbe62e56,watch-cf2b9c19-59d2-47bf-9b98-91eadbe62e56-0,,0,,movie,Enola Holmes,,0001-01-01 00:00:00,,,,,,,,,,,,,
2019-08-10 06:00:07,,13991889,watch,,,2019-08-10 06:00:07,cf82bdac-f096-45f2-9362-ae51e6e533d2,watch-cf82bdac-f096-45f2-9362-ae51e6e533d2-0,,0,,movie,The Nightmare Before Christmas,,,,,,,,,,,,,,,
2021-08-29 05:09:35,401911,13991889,watch,The Great Jahy Will Not Be Defeated!,,2021-08-29 05:09:35,d01f7809-7bd8-47f9-8690-df3f8979dd54,watch-d01f7809-7bd8-47f9-8690-df3f8979dd54-0,,,,episode,,,,,1440,1,3cf6fad6-6d0a-4588-a30b-79f3a4f55be6,8588197,1630213775,4,watched-episode-3cf6fad6-6d0a-4588-a30b-79f3a4f55be6-d01f7809-7bd8-47f9-8690-df3f8979dd54,,,watch-date-1630213775,true,us
2021-06-26 02:47:24,376751,13991889,watch,The Daily Life of the Immortal King,,2021-06-26 02:47:24,d0a4c227-5116-4bd6-9524-af72f0380994,watch-d0a4c227-5116-4bd6-9524-af72f0380994-0,,,,episode,,,,,,1,97fa280e-6382-4ddf-ac69-bac712f946d6,7587775,1624675644,9,watched-episode-97fa280e-6382-4ddf-ac69-bac712f946d6-d0a4c227-5116-4bd6-9524-af72f0380994,,,watch-date-1624675644,true,us
2021-04-28 21:09:52,348545,13991889,watch,Demon Slayer: Kimetsu no Yaiba,,2021-04-28 21:09:52,d0b3e30c-cde0-47fc-8adf-3d8b2bae25b3,watch-d0b3e30c-cde0-47fc-8adf-3d8b2bae25b3-0,,,,episode,,,,,,1,015f238e-e893-4c3a-973a-674eb2a1df87,7222649,1619644192,21,watched-episode-015f238e-e893-4c3a-973a-674eb2a1df87-d0b3e30c-cde0-47fc-8adf-3d8b2bae25b3,,,watch-date-1619644192,true,us
2021-08-05 03:34:58,381016,13991889,watch,Biohackers,,2021-08-05 03:34:58,d0cfbf2f-2549-45da-b2be-3f9372e79969,watch-d0cfbf2f-2549-45da-b2be-3f9372e79969-0,,,,episode,,,,,2700,2,9b95280b-8b39-45f9-85bb-f8614c5b653d,8525758,1628134498,6,watched-episode-9b95280b-8b39-45f9-85bb-f8614c5b653d-d0cfbf2f-2549-45da-b2be-3f9372e79969,,,watch-date-1628134498,true,us
2021-10-20 02:51:34,79481,13991889,watch,Death Note,,2021-10-20 02:51:34,d0d240fb-ec2e-465a-a572-76b291b60218,watch-d0d240fb-ec2e-465a-a572-76b291b60218-0,,,,episode,,,,,1320,1,d6adbb6e-05b6-45fe-bf0c-34aee5fc663c,311257,1634698294,1,watched-episode-d6adbb6e-05b6-45fe-bf0c-34aee5fc663c-d0d240fb-ec2e-465a-a572-76b291b60218,,,watch-date-1634698294,true,us
2021-07-02 23:05:17,279831,13991889,watch,Parasyte -the maxim-,,2021-07-02 23:05:17,d1700a4c-4f2e-4122-b4c3-d3cf0b5b45f7,watch-d1700a4c-4f2e-4122-b4c3-d3cf0b5b45f7-0,,,,episode,,,,,,1,e04658af-ac15-450b-8bde-faa6e2d97950,5037899,1625267117,13,watched-episode-e04658af-ac15-450b-8bde-faa6e2d97950-d1700a4c-4f2e-4122-b4c3-d3cf0b5b45f7,,,watch-date-1625267117,true,us
2019-08-10 05:53:01,,13991889,watch,,,2019-08-10 05:53:01,d1bcb2ec-7a87-4686-9af1-44f4510fe80f,watch-d1bcb2ec-7a87-4686-9af1-44f4510fe80f-0,,0,,movie,The Dark Knight Rises,,,,,,,,,,,,,,,
2019-08-10 06:03:02,,13991889,watch,,,2019-08-10 06:03:02,d230afda-20d5-411b-9785-d0c9435dc9b2,watch-d230afda-20d5-411b-9785-d0c9435dc9b2-0,,0,,movie,Mission: Impossible,,,,,,,,,,,,,,,
2019-08-10 06:01:56,,13991889,watch,,,2019-08-10 06:01:56,d2b5e2e0-9ff0-4c1a-91f2-f08d7d8e415e,watch-d2b5e2e0-9ff0-4c1a-91f2-f08d7d8e415e-0,,0,,movie,Lady and the Tramp,,,,,,,,,,,,,,,
2021-04-24 00:08:16,348545,13991889,watch,Demon Slayer: Kimetsu no Yaiba,,2021-04-24 00:08:16,d35c7817-245b-43f1-ba5a-b7b9ea61e7e1,watch-d35c7817-245b-43f1-ba5a-b7b9ea61e7e1-0,,,,episode,,,,,,1,015f238e-e893-4c3a-973a-674eb2a1df87,7222634,1619222896,13,watched-episode-015f238e-e893-4c3a-973a-674eb2a1df87-d35c7817-245b-43f1-ba5a-b7b9ea61e7e1,,,watch-date-1619222896,true,us
2019-08-10 05:49:44,,13991889,watch,,,2019-08-10 05:49:44,d3903d99-42fc-4f59-a1de-f230aa0d7a4b,watch-d3903d99-42fc-4f59-a1de-f230aa0d7a4b-0,,0,,movie,Back to the Future Part III,,,,,,,,,,,,,,,
2021-07-05 16:35:03,279831,13991889,watch,Parasyte -the maxim-,,2021-07-05 16:35:03,d3f26466-33e8-4a6b-8526-b33a5aefec95,watch-d3f26466-33e8-4a6b-8526-b33a5aefec95-0,,,,episode,,,,,,1,e04658af-ac15-450b-8bde-faa6e2d97950,5037905,1625502903,19,watched-episode-e04658af-ac15-450b-8bde-faa6e2d97950-d3f26466-33e8-4a6b-8526-b33a5aefec95,,,watch-date-1625502903,true,us
2019-08-08 05:09:44,,13991889,watch,,,2019-08-08 05:09:44,d3ff6d88-18ba-4c55-9d6e-e00b4d3f956e,watch-d3ff6d88-18ba-4c55-9d6e-e00b4d3f956e-0,,0,,movie,Spider-Man: Homecoming,,,,,,,,,,,,,,,
2019-08-08 05:11:20,,13991889,watch,,,2019-08-08 05:11:20,d42b395b-4bba-4046-a682-d1c6a69fe663,watch-d42b395b-4bba-4046-a682-d1c6a69fe663-0,,0,,movie,Captain America: The First Avenger,,,,,,,,,,,,,,,
2023-08-03 00:28:12,,13991889,watch,,,2023-08-03 00:28:12,d43c1cfa-f61d-4a2f-9248-c21cad6c9c4a,watch-d43c1cfa-f61d-4a2f-9248-c21cad6c9c4a-0,,,,movie,The Guardians of the Galaxy Holiday Special,watch-release-date-2022-11-25,2022-11-25 00:00:00,watch-alpha-the-guardians-of-the-galaxy-holiday-special,2700,,,,,,,,,watch-date-1691022492,,AR
2019-08-10 05:47:11,,13991889,watch,,,2019-08-10 05:47:11,d4b925c4-9e31-4998-9041-abb79fcf0ef4,watch-d4b925c4-9e31-4998-9041-abb79fcf0ef4-0,,0,,movie,Divergent,,,,,,,,,,,,,,,
2025-10-09 01:37:15,,13991889,watch,,,2025-10-09 01:37:15,d50129a9-d630-4ec3-8162-48b1150689eb,watch-d50129a9-d630-4ec3-8162-48b1150689eb-0,,,,movie,劇場版「鬼滅の刃」無限城編 第一章 猗窩座再来,watch-release-date-2025-09-12,2025-09-12 00:00:00,watch-alpha-demon-slayer-kimetsu-no-yaiba---infinity-castle,9300,,,,,,,,,watch-date-1759973835,,US
2021-03-16 03:27:41,339353,13991889,watch,B: The Beginning,,2021-03-16 03:27:41,d5333063-d719-471c-a98d-1526c0eb66e6,watch-d5333063-d719-471c-a98d-1526c0eb66e6-0,,,,episode,,,,,,1,ad1dcc9f-bf02-40c6-8524-fda5fc171955,6497909,1615865261,7,watched-episode-ad1dcc9f-bf02-40c6-8524-fda5fc171955-d5333063-d719-471c-a98d-1526c0eb66e6,,,watch-date-1615865261,true,us
2025-07-26 03:39:53,,13991889,watch,,,2025-07-26 03:39:53,d5d472c0-8bf0-483b-b2ab-6378aa6c96fa,watch-d5d472c0-8bf0-483b-b2ab-6378aa6c96fa-0,,,,movie,Superman,watch-release-date-2025-07-11,2025-07-11 00:00:00,watch-alpha-superman,7740,,,,,,,,,watch-date-1753501193,,US
2021-06-12 16:18:38,305074,13991889,watch,My Hero Academia,,2021-06-12 16:18:38,d5f59923-6892-4260-a0e2-673333a8f140,watch-d5f59923-6892-4260-a0e2-673333a8f140-0,,,,episode,,,,,,5,b4e8e618-0fbb-46c6-9ccc-bf3ca6f09251,8159514,1623514718,11,watched-episode-b4e8e618-0fbb-46c6-9ccc-bf3ca6f09251-d5f59923-6892-4260-a0e2-673333a8f140,,,watch-date-1623514718,true,us
2021-06-29 19:10:15,279831,13991889,watch,Parasyte -the maxim-,,2021-06-29 19:10:15,d63a46b7-70a8-45db-badf-2891ac237ae7,watch-d63a46b7-70a8-45db-badf-2891ac237ae7-0,,,,episode,,,,,,1,e04658af-ac15-450b-8bde-faa6e2d97950,5037897,1624993815,11,watched-episode-e04658af-ac15-450b-8bde-faa6e2d97950-d63a46b7-70a8-45db-badf-2891ac237ae7,,,watch-date-1624993815,true,us
2021-06-08 19:11:04,305074,13991889,watch,My Hero Academia,,2021-06-08 19:11:04,d687392b-72ff-4f84-9ebe-769784c01e3f,watch-d687392b-72ff-4f84-9ebe-769784c01e3f-0,,,,episode,,,,,,5,b4e8e618-0fbb-46c6-9ccc-bf3ca6f09251,8159507,1623179464,4,watched-episode-b4e8e618-0fbb-46c6-9ccc-bf3ca6f09251-d687392b-72ff-4f84-9ebe-769784c01e3f,,,watch-date-1623179464,true,us
2021-06-29 03:25:05,376751,13991889,watch,The Daily Life of the Immortal King,,2021-06-29 03:25:05,d6b4e2db-a1f7-4324-a458-7330416c4ad0,watch-d6b4e2db-a1f7-4324-a458-7330416c4ad0-0,,,,episode,,,,,,1,97fa280e-6382-4ddf-ac69-bac712f946d6,7587784,1624937105,14,watched-episode-97fa280e-6382-4ddf-ac69-bac712f946d6-d6b4e2db-a1f7-4324-a458-7330416c4ad0,,,watch-date-1624937105,true,us
2021-04-07 03:46:30,348545,13991889,watch,Demon Slayer: Kimetsu no Yaiba,,2021-04-07 03:46:30,d72b33ab-72c1-4e89-bc68-548f978c3aa2,watch-d72b33ab-72c1-4e89-bc68-548f978c3aa2-0,,,,episode,,,,,,1,015f238e-e893-4c3a-973a-674eb2a1df87,7122169,1617767190,1,watched-episode-015f238e-e893-4c3a-973a-674eb2a1df87-d72b33ab-72c1-4e89-bc68-548f978c3aa2,,,watch-date-1617767190,true,us
2021-05-25 16:47:12,362392,13991889,watch,WandaVision,,2021-05-25 16:47:12,d7cd592d-1634-4e2d-9ee2-a3bc3ec04114,watch-d7cd592d-1634-4e2d-9ee2-a3bc3ec04114-0,,,,episode,,,,,,1,e0f26948-10ad-4865-a187-eaf236616cb0,8105217,1621961232,7,watched-episode-e0f26948-10ad-4865-a187-eaf236616cb0-d7cd592d-1634-4e2d-9ee2-a3bc3ec04114,,,watch-date-1621961232,true,us
2019-08-10 05:50:23,,13991889,watch,,,2019-08-10 05:50:23,d7fe4629-9672-47d2-bb92-5cc0a232bc91,watch-d7fe4629-9672-47d2-bb92-5cc0a232bc91-0,,0,,movie,Wreck-It Ralph,,,,,,,,,,,,,,,
2021-06-12 15:02:49,305074,13991889,watch,My Hero Academia,,2021-06-12 15:02:49,d867ea23-3527-4cb9-826d-f4e5670fde76,watch-d867ea23-3527-4cb9-826d-f4e5670fde76-0,,,,episode,,,,,,5,b4e8e618-0fbb-46c6-9ccc-bf3ca6f09251,8159512,1623510169,9,watched-episode-b4e8e618-0fbb-46c6-9ccc-bf3ca6f09251-d867ea23-3527-4cb9-826d-f4e5670fde76,,,watch-date-1623510169,true,us
2021-03-27 23:07:50,327572,13991889,watch,Kakegurui,,2021-03-27 23:07:50,d92784b6-6ec3-41c6-9a92-3fa1d5f4a1a4,watch-d92784b6-6ec3-41c6-9a92-3fa1d5f4a1a4-0,,,,episode,,,,,,2,7d5f3a6e-734d-4b59-ab86-60f0e293ab5c,6944329,1616886470,2,watched-episode-7d5f3a6e-734d-4b59-ab86-60f0e293ab5c-d92784b6-6ec3-41c6-9a92-3fa1d5f4a1a4,,,watch-date-1616886470,true,us
2021-10-07 05:30:24,399121,13991889,watch,Mieruko-chan,,2021-10-07 05:30:24,d9349430-8280-40d2-afcb-81cec3ff3821,watch-d9349430-8280-40d2-afcb-81cec3ff3821-0,,,,episode,,,,,1440,1,e05df8c5-e61f-44fc-86d8-91a65d3dd110,8396316,1633584624,1,watched-episode-e05df8c5-e61f-44fc-86d8-91a65d3dd110-d9349430-8280-40d2-afcb-81cec3ff3821,,,watch-date-1633584624,true,us
2021-02-17 20:50:10,353232,13991889,watch,Narcos: Mexico,,2021-02-17 20:50:10,d94c88c3-34f5-4348-ab86-466bd77c7bc0,watch-d94c88c3-34f5-4348-ab86-466bd77c7bc0-0,,,,episode,,,,,,2,9a01e954-63e9-428f-9455-7bc85cc852c9,7576351,1613595010,6,watched-episode-9a01e954-63e9-428f-9455-7bc85cc852c9-d94c88c3-34f5-4348-ab86-466bd77c7bc0,,,watch-date-1613595010,true,us
2021-09-25 14:53:34,305074,13991889,watch,My Hero Academia,,2021-09-25 14:53:34,d96a5f3d-0d78-473d-bf95-4fb892b64716,watch-d96a5f3d-0d78-473d-bf95-4fb892b64716-0,,,,episode,,,,,1500,5,b4e8e618-0fbb-46c6-9ccc-bf3ca6f09251,8329813,1632581614,25,watched-episode-b4e8e618-0fbb-46c6-9ccc-bf3ca6f09251-d96a5f3d-0d78-473d-bf95-4fb892b64716,,,watch-date-1632581614,true,us
2023-03-18 04:45:22,,13991889,watch,,,2023-03-18 04:45:22,d9a4f296-56e9-4286-b038-b8e81cc01a8e,watch-d9a4f296-56e9-4286-b038-b8e81cc01a8e-0,,,,movie,Queenpins,watch-release-date-2021-09-10,2021-09-10 00:00:00,watch-alpha-queenpins,6600,,,,,,,,,watch-date-1679114722,,AR
2019-08-10 05:44:37,,13991889,watch,,,2019-08-10 05:44:37,d9aff53e-d802-4661-9c5a-ddb1c2a5cb97,watch-d9aff53e-d802-4661-9c5a-ddb1c2a5cb97-0,,0,,movie,Tangled,,,,,,,,,,,,,,,
2019-08-10 05:53:09,,13991889,watch,,,2019-08-10 05:53:09,da24691e-1338-415d-80a1-6009955e8182,watch-da24691e-1338-415d-80a1-6009955e8182-0,,0,,movie,The Princess and the Frog,,,,,,,,,,,,,,,
2021-02-08 22:17:26,327572,13991889,watch,Kakegurui,,2021-02-08 22:17:26,da46a3ed-2702-4ef9-b9e5-91ae78965993,watch-da46a3ed-2702-4ef9-b9e5-91ae78965993-0,,,,episode,,,,,,1,7d5f3a6e-734d-4b59-ab86-60f0e293ab5c,6165511,1612822646,6,watched-episode-7d5f3a6e-734d-4b59-ab86-60f0e293ab5c-da46a3ed-2702-4ef9-b9e5-91ae78965993,,,watch-date-1612822646,true,us
2020-04-06 06:18:43,,13991889,watch,,,2020-04-06 06:18:43,da84e764-70ed-4583-b5a5-ddfd9c756ed2,watch-da84e764-70ed-4583-b5a5-ddfd9c756ed2-0,,0,,movie,Altered Carbon: Resleeved,,0001-01-01 00:00:00,,,,,,,,,,,,,
2021-05-09 05:43:56,305074,13991889,watch,My Hero Academia,,2021-05-09 05:43:56,dacf1eaa-89c6-4d35-8f95-307a62ee61ad,watch-dacf1eaa-89c6-4d35-8f95-307a62ee61ad-0,,,,episode,,,,,,4,b4e8e618-0fbb-46c6-9ccc-bf3ca6f09251,7461713,1620539036,12,watched-episode-b4e8e618-0fbb-46c6-9ccc-bf3ca6f09251-dacf1eaa-89c6-4d35-8f95-307a62ee61ad,,,watch-date-1620539036,true,us
2021-09-23 06:21:17,330374,13991889,watch,Atypical,,2021-09-23 06:21:17,daf0c04a-e2a5-486f-ae85-6519f77b54a7,watch-daf0c04a-e2a5-486f-ae85-6519f77b54a7-0,,,,episode,,,,,2040,4,1b942384-17aa-4ad6-b3f2-1e0fdece066f,8513236,1632378077,6,watched-episode-1b942384-17aa-4ad6-b3f2-1e0fdece066f-daf0c04a-e2a5-486f-ae85-6519f77b54a7,,,watch-date-1632378077,true,us
2021-09-04 04:24:17,397597,13991889,watch,iCarly (2021),,2021-09-04 04:24:17,db130a98-2421-4542-8c18-423e637305d6,watch-db130a98-2421-4542-8c18-423e637305d6-0,,,,episode,,,,,1500,1,f910269b-1d3a-4e4e-b02d-1e407a3edcbe,8290937,1630729457,3,watched-episode-f910269b-1d3a-4e4e-b02d-1e407a3edcbe-db130a98-2421-4542-8c18-423e637305d6,,,watch-date-1630729457,true,us
2021-08-16 04:06:58,,13991889,watch,,,2021-08-16 04:06:58,db430e6d-193b-45bc-aeac-7087b736331b,watch-db430e6d-193b-45bc-aeac-7087b736331b-0,,,,movie,The Fate of the Furious,watch-release-date-2017-04-09,2017-04-09 00:00:00,watch-alpha-the-fate-of-the-furious,8160,,,,,,,,,watch-date-1629086818,,AR
2021-07-24 00:15:02,393810,13991889,watch,Record of Ragnarok,,2021-07-24 00:15:02,dbf800df-d266-491d-b3eb-7627c3b6aef0,watch-dbf800df-d266-491d-b3eb-7627c3b6aef0-0,,,,episode,,,,,1500,1,37358331-3dd5-4503-afb3-d63ddf158cd4,8115009,1627085702,1,watched-episode-37358331-3dd5-4503-afb3-d63ddf158cd4-dbf800df-d266-491d-b3eb-7627c3b6aef0,,,watch-date-1627085702,true,us
2019-08-10 06:02:17,,13991889,watch,,,2019-08-10 06:02:17,dc9af31d-2200-410a-85af-05396cc7c6bc,watch-dc9af31d-2200-410a-85af-05396cc7c6bc-0,,0,,movie,Nanny McPhee,,,,,,,,,,,,,,,
2021-05-17 04:37:00,357888,13991889,watch,"Love, Death & Robots",,2021-05-17 04:37:00,dd4388ff-fef1-4815-9db5-887f8d02953e,watch-dd4388ff-fef1-4815-9db5-887f8d02953e-0,,,,episode,,,,,,2,ad76771e-2a66-4748-93f6-5853f407b216,8376690,1621226220,2,watched-episode-ad76771e-2a66-4748-93f6-5853f407b216-dd4388ff-fef1-4815-9db5-887f8d02953e,,,watch-date-1621226220,true,us
2021-07-24 17:43:35,305074,13991889,watch,My Hero Academia,,2021-07-24 17:43:35,dd50871c-f1e4-454c-810e-9531a1aa5020,watch-dd50871c-f1e4-454c-810e-9531a1aa5020-0,,,,episode,,,,,1500,5,b4e8e618-0fbb-46c6-9ccc-bf3ca6f09251,8329805,1627148615,17,watched-episode-b4e8e618-0fbb-46c6-9ccc-bf3ca6f09251-dd50871c-f1e4-454c-810e-9531a1aa5020,,,watch-date-1627148615,true,us
2019-08-10 05:45:58,,13991889,watch,,,2019-08-10 05:45:58,ddd9c178-0906-4b95-8448-e43c4e890cea,watch-ddd9c178-0906-4b95-8448-e43c4e890cea-0,,0,,movie,Maze Runner: The Death Cure,,,,,,,,,,,,,,,
2019-08-10 05:47:47,,13991889,watch,,,2019-08-10 05:47:47,ddff5475-56cd-444b-98e3-f4652038b273,watch-ddff5475-56cd-444b-98e3-f4652038b273-0,,0,,movie,Back to the Future,,,,,,,,,,,,,,,
2021-06-26 02:47:29,376751,13991889,watch,The Daily Life of the Immortal King,,2021-06-26 02:47:29,de0d49f0-dc8a-48a9-b243-d26e7ef5c541,watch-de0d49f0-dc8a-48a9-b243-d26e7ef5c541-0,,,,episode,,,,,,1,97fa280e-6382-4ddf-ac69-bac712f946d6,7587776,1624675649,10,watched-episode-97fa280e-6382-4ddf-ac69-bac712f946d6-de0d49f0-dc8a-48a9-b243-d26e7ef5c541,,,watch-date-1624675649,true,us
2020-04-20 06:02:50,,13991889,watch,,,2020-04-20 06:02:50,de1668bc-c004-423c-82c9-23e83344f702,watch-de1668bc-c004-423c-82c9-23e83344f702-0,,0,,movie,劇場版 七つの大罪 天空の囚われ人,,0001-01-01 00:00:00,,,,,,,,,,,,,
2019-08-10 05:48:23,,13991889,watch,,,2019-08-10 05:48:23,de398a3d-5f4d-4121-85a8-047242dd846e,watch-de398a3d-5f4d-4121-85a8-047242dd846e-0,,0,,movie,Spider-Man,,,,,,,,,,,,,,,
2021-10-12 16:47:19,356317,13991889,watch,Sex Education,,2021-10-12 16:47:19,de86291e-9681-4d3c-aaa4-08f556754377,watch-de86291e-9681-4d3c-aaa4-08f556754377-0,,,,episode,,,,,3240,3,2ca857f5-aa12-4c60-8f01-3615da41dc09,8507467,1634057239,7,watched-episode-2ca857f5-aa12-4c60-8f01-3615da41dc09-de86291e-9681-4d3c-aaa4-08f556754377,,,watch-date-1634057239,true,us
2019-08-10 05:44:58,,13991889,watch,,,2019-08-10 05:44:58,de9f4f37-5794-434e-88db-f4ac6508ff01,watch-de9f4f37-5794-434e-88db-f4ac6508ff01-0,,0,,movie,The Incredibles,,,,,,,,,,,,,,,
2021-05-22 16:50:09,327572,13991889,watch,Kakegurui,,2021-05-22 16:50:09,deecd458-0522-4b16-b6ff-29f1fbd25bd1,watch-deecd458-0522-4b16-b6ff-29f1fbd25bd1-0,,,,episode,,,,,,2,7d5f3a6e-734d-4b59-ab86-60f0e293ab5c,6944335,1621702209,7,watched-episode-7d5f3a6e-734d-4b59-ab86-60f0e293ab5c-deecd458-0522-4b16-b6ff-29f1fbd25bd1,,,watch-date-1621702209,true,us
2022-08-05 21:10:36,,13991889,watch,,,2022-08-05 21:10:36,defd9829-98a7-4c41-85a1-b047c26fa02a,watch-defd9829-98a7-4c41-85a1-b047c26fa02a-0,,,,movie,僕のヒーローアカデミア - ヒーローリーグベースボール,watch-release-date-2022-06-16,2022-06-16 00:00:00,watch-alpha-my-hero-academia-ova---hlb,1440,,,,,,,,,watch-date-1659733836,,US
2021-05-09 06:06:58,305074,13991889,watch,My Hero Academia,,2021-05-09 06:06:58,df3f5eec-bbe4-43a0-99d9-54ffc3382abb,watch-df3f5eec-bbe4-43a0-99d9-54ffc3382abb-0,,,,episode,,,,,,4,b4e8e618-0fbb-46c6-9ccc-bf3ca6f09251,7510624,1620540418,13,watched-episode-b4e8e618-0fbb-46c6-9ccc-bf3ca6f09251-df3f5eec-bbe4-43a0-99d9-54ffc3382abb,,,watch-date-1620540418,true,us
2021-11-04 02:41:13,79481,13991889,watch,Death Note,,2021-11-04 02:41:13,df413bae-363b-4820-a212-ce4d61915ebe,watch-df413bae-363b-4820-a212-ce4d61915ebe-0,,,,episode,,,,,1320,1,d6adbb6e-05b6-45fe-bf0c-34aee5fc663c,316390,1635993673,11,watched-episode-d6adbb6e-05b6-45fe-bf0c-34aee5fc663c-df413bae-363b-4820-a212-ce4d61915ebe,,,watch-date-1635993673,true,us
2019-08-10 06:03:09,,13991889,watch,,,2019-08-10 06:03:09,df4785fc-4b3a-4dd6-a55c-2dff79502fa1,watch-df4785fc-4b3a-4dd6-a55c-2dff79502fa1-0,,0,,movie,The Conjuring 2,,,,,,,,,,,,,,,
2021-09-20 18:18:07,305074,13991889,watch,My Hero Academia,,2021-09-20 18:18:07,df91af00-e2d0-4162-8566-b89d9c94c7b9,watch-df91af00-e2d0-4162-8566-b89d9c94c7b9-0,,,,episode,,,,,1500,5,b4e8e618-0fbb-46c6-9ccc-bf3ca6f09251,8329812,1632161886,24,watched-episode-b4e8e618-0fbb-46c6-9ccc-bf3ca6f09251-df91af00-e2d0-4162-8566-b89d9c94c7b9,,,watch-date-1632161887,true,us
2019-08-08 05:11:01,,13991889,watch,,,2019-08-08 05:11:01,df9d8522-d060-4277-b7c2-addceadf8fe3,watch-df9d8522-d060-4277-b7c2-addceadf8fe3-0,,0,,movie,Iron Man 2,,,,,,,,,,,,,,,
2021-06-14 19:57:06,376751,13991889,watch,The Daily Life of the Immortal King,,2021-06-14 19:57:06,dff6c518-1edc-4fa2-883d-837983197081,watch-dff6c518-1edc-4fa2-883d-837983197081-0,,,,episode,,,,,,1,97fa280e-6382-4ddf-ac69-bac712f946d6,7580586,1623700626,3,watched-episode-97fa280e-6382-4ddf-ac69-bac712f946d6-dff6c518-1edc-4fa2-883d-837983197081,,,watch-date-1623700626,true,us
2020-07-07 02:37:25,,13991889,watch,,,2020-07-07 02:37:25,e0028742-6506-42bf-843a-e9c5f06ca145,watch-e0028742-6506-42bf-843a-e9c5f06ca145-0,,0,,movie,僕のヒーローアカデミア救え!救助訓練!,,0001-01-01 00:00:00,,,,,,,,,,,,,
2019-08-08 05:16:08,,13991889,watch,,,2019-08-08 05:16:08,e0067488-637e-44fe-8192-1969e9773dd3,watch-e0067488-637e-44fe-8192-1969e9773dd3-0,,0,,movie,Shrek,,,,,,,,,,,,,,,
2021-02-15 02:06:39,362392,13991889,watch,WandaVision,,2021-02-15 02:06:39,e0206c1d-2334-491e-a69d-63d24723cd12,watch-e0206c1d-2334-491e-a69d-63d24723cd12-0,,,,episode,,,,,,1,e0f26948-10ad-4865-a187-eaf236616cb0,8043108,1613354799,2,watched-episode-e0f26948-10ad-4865-a187-eaf236616cb0-e0206c1d-2334-491e-a69d-63d24723cd12,,,watch-date-1613354799,true,us
2019-08-08 05:17:30,,13991889,watch,,,2019-08-08 05:17:30,e02e9914-9009-4f59-b66e-6834f5fe6afc,watch-e02e9914-9009-4f59-b66e-6834f5fe6afc-0,,0,,movie,Ant-Man and the Wasp,,,,,,,,,,,,,,,
2023-03-09 20:19:48,,13991889,watch,,,2023-03-09 20:19:48,e11c4377-0e7a-4eea-8fff-b01d1af37669,watch-e11c4377-0e7a-4eea-8fff-b01d1af37669-0,,,,movie,Scream,watch-release-date-2022-01-13,2022-01-13 00:00:00,watch-alpha-scream,8100,,,,,,,,,watch-date-1678393188,,AR
2021-06-25 03:51:38,332335,13991889,watch,Close Enough,,2021-06-25 03:51:38,e16e7f3d-85d4-42c4-8a8d-807c4f0f8828,watch-e16e7f3d-85d4-42c4-8a8d-807c4f0f8828-0,,,,episode,,,,,,2,9e6de326-3ca4-4886-9176-67d47fc1ba19,8235333,1624593098,13,watched-episode-9e6de326-3ca4-4886-9176-67d47fc1ba19-e16e7f3d-85d4-42c4-8a8d-807c4f0f8828,,,watch-date-1624593098,true,us
2019-08-10 05:58:39,,13991889,watch,,,2019-08-10 05:58:39,e170a5e7-40d9-4bd5-ad18-6c2848dc8b9a,watch-e170a5e7-40d9-4bd5-ad18-6c2848dc8b9a-0,,0,,movie,Tomb Raider,,,,,,,,,,,,,,,
2019-08-10 05:59:09,,13991889,watch,,,2019-08-10 05:59:09,e18c14b9-a619-48c8-88db-906d567f2537,watch-e18c14b9-a619-48c8-88db-906d567f2537-0,,0,,movie,101 Dalmatians,,,,,,,,,,,,,,,
2023-02-05 20:48:03,,13991889,watch,,,2023-02-05 20:48:03,e1ae9a89-1954-4c61-a108-20b52b0a97ae,watch-e1ae9a89-1954-4c61-a108-20b52b0a97ae-0,,,,movie,M3GAN,watch-release-date-2023-01-04,2023-01-04 00:00:00,watch-alpha-m3gan,6120,,,,,,,,,watch-date-1675630083,,AR
2021-08-10 21:05:55,393810,13991889,watch,Record of Ragnarok,,2021-08-10 21:05:55,e1e23304-51ab-421e-9a66-5302411b32d7,watch-e1e23304-51ab-421e-9a66-5302411b32d7-0,,,,episode,,,,,1500,1,37358331-3dd5-4503-afb3-d63ddf158cd4,8481728,1628629555,6,watched-episode-37358331-3dd5-4503-afb3-d63ddf158cd4-e1e23304-51ab-421e-9a66-5302411b32d7,,,watch-date-1628629555,true,us
2021-09-11 00:48:23,343913,13991889,watch,Grand Blue Dreaming,,2021-09-11 00:48:23,e23d1233-1951-44d5-bb65-12fb932431f6,watch-e23d1233-1951-44d5-bb65-12fb932431f6-0,,,,episode,,,,,1500,1,3f34594c-8d53-40b8-af9e-1a444cb89900,6768660,1631321303,7,watched-episode-3f34594c-8d53-40b8-af9e-1a444cb89900-e23d1233-1951-44d5-bb65-12fb932431f6,,,watch-date-1631321303,true,us
2021-03-30 04:36:20,377543,13991889,watch,JUJUTSU KAISEN,,2021-03-30 04:36:20,e27a03f6-718c-4c5b-bfa4-42bab59720b3,watch-e27a03f6-718c-4c5b-bfa4-42bab59720b3-0,,,,episode,,,,,,1,629493df-1990-437e-a64f-3adf1f2782c1,7973207,1617078980,23,watched-episode-629493df-1990-437e-a64f-3adf1f2782c1-e27a03f6-718c-4c5b-bfa4-42bab59720b3,,,watch-date-1617078980,true,us
2020-10-25 04:06:10,,13991889,watch,,,2020-10-25 04:06:10,e2c79312-ca01-40fc-bd7a-002fb5bbf34b,watch-e2c79312-ca01-40fc-bd7a-002fb5bbf34b-0,,0,,movie,Kadaver,,0001-01-01 00:00:00,,,,,,,,,,,,,
2019-08-10 05:47:52,,13991889,watch,,,2019-08-10 05:47:52,e33e6e56-b272-489a-822b-b12df66fa6d6,watch-e33e6e56-b272-489a-822b-b12df66fa6d6-0,,0,,movie,Paper Towns,,,,,,,,,,,,,,,
2020-10-17 04:28:45,,13991889,watch,,,2020-10-17 04:28:45,e3ae9a97-fdf0-44cf-b941-5b7a441fb23b,watch-e3ae9a97-fdf0-44cf-b941-5b7a441fb23b-0,,0,,movie,Death at a Funeral,,0001-01-01 00:00:00,,,,,,,,,,,,,
2019-08-10 06:04:56,,13991889,watch,,,2019-08-10 06:04:56,e40030e7-e4d9-4e6b-a501-c1b324de03cb,watch-e40030e7-e4d9-4e6b-a501-c1b324de03cb-0,,0,,movie,Corpse Bride,,,,,,,,,,,,,,,
2019-08-10 06:03:30,,13991889,watch,,,2019-08-10 06:03:30,e4610302-2218-4155-9c6c-5c7f19f221a6,watch-e4610302-2218-4155-9c6c-5c7f19f221a6-0,,0,,movie,The Hunchback of Notre Dame,,,,,,,,,,,,,,,
2021-04-24 14:56:50,305074,13991889,watch,My Hero Academia,,2021-04-24 14:56:50,e486b4c4-57c7-496b-9d1b-dbad7120a177,watch-e486b4c4-57c7-496b-9d1b-dbad7120a177-0,,,,episode,,,,,,4,b4e8e618-0fbb-46c6-9ccc-bf3ca6f09251,7233329,1619276210,1,watched-episode-b4e8e618-0fbb-46c6-9ccc-bf3ca6f09251-e486b4c4-57c7-496b-9d1b-dbad7120a177,,,watch-date-1619276210,true,us
2021-08-28 17:52:42,305074,13991889,watch,My Hero Academia,,2021-08-28 17:52:42,e4c1fa76-af3c-4631-824a-465a7c829d8a,watch-e4c1fa76-af3c-4631-824a-465a7c829d8a-0,,,,episode,,,,,1500,5,b4e8e618-0fbb-46c6-9ccc-bf3ca6f09251,8329809,1630173162,21,watched-episode-b4e8e618-0fbb-46c6-9ccc-bf3ca6f09251-e4c1fa76-af3c-4631-824a-465a7c829d8a,,,watch-date-1630173162,true,us
2021-10-12 16:46:45,399121,13991889,watch,Mieruko-chan,,2021-10-12 16:46:45,e4da5a6d-2955-4188-b745-68b6a729f717,watch-e4da5a6d-2955-4188-b745-68b6a729f717-0,,,,episode,,,,,1440,1,e05df8c5-e61f-44fc-86d8-91a65d3dd110,8747076,1634057205,2,watched-episode-e05df8c5-e61f-44fc-86d8-91a65d3dd110-e4da5a6d-2955-4188-b745-68b6a729f717,,,watch-date-1634057205,true,us
2020-11-16 01:05:12,,13991889,watch,,,2020-11-16 01:05:12,e4fb11d3-1df0-4d37-a0b7-e890086709bf,watch-e4fb11d3-1df0-4d37-a0b7-e890086709bf-0,,,,movie,Paranormal Activity: The Marked Ones,watch-release-date-2014-01-01,2014-01-01 00:00:00,watch-alpha-paranormal-activity-the-marked-ones,,,,,,,,,,watch-date-1605488712,,
2021-10-09 23:52:42,402412,13991889,watch,Komi Can't Communicate,,2021-10-09 23:52:42,e53a7c67-94ee-4ab7-865b-325991c5a77b,watch-e53a7c67-94ee-4ab7-865b-325991c5a77b-0,,,,episode,,,,,1440,1,aaeb7879-fd12-499e-a24b-c00d5797f6b4,8415207,1633823562,1,watched-episode-aaeb7879-fd12-499e-a24b-c00d5797f6b4-e53a7c67-94ee-4ab7-865b-325991c5a77b,,,watch-date-1633823562,true,us
2023-01-22 03:58:29,,13991889,watch,,,2023-01-22 03:58:29,e598e977-8fe6-4e0d-8def-da1537e82549,watch-e598e977-8fe6-4e0d-8def-da1537e82549-0,,,,movie,Puss in Boots,watch-release-date-2011-12-09,2011-12-09 00:00:00,watch-alpha-puss-in-boots,5400,,,,,,,,,watch-date-1674359909,,AR
2019-08-10 05:52:43,,13991889,watch,,,2019-08-10 05:52:43,e602ecbf-bd13-48f7-9759-712bfb7eef71,watch-e602ecbf-bd13-48f7-9759-712bfb7eef71-0,,0,,movie,The Dictator,,,,,,,,,,,,,,,
2021-09-24 14:55:51,330374,13991889,watch,Atypical,,2021-09-24 14:55:51,e606de08-8785-48cc-b67b-1d651be3016b,watch-e606de08-8785-48cc-b67b-1d651be3016b-0,,,,episode,,,,,1800,4,1b942384-17aa-4ad6-b3f2-1e0fdece066f,8513239,1632495351,9,watched-episode-1b942384-17aa-4ad6-b3f2-1e0fdece066f-e606de08-8785-48cc-b67b-1d651be3016b,,,watch-date-1632495351,true,us
2019-08-10 05:58:28,,13991889,watch,,,2019-08-10 05:58:28,e61d6466-d456-43e8-bc3f-bcdfcc54269e,watch-e61d6466-d456-43e8-bc3f-bcdfcc54269e-0,,0,,movie,Percy Jackson: Sea of Monsters,,,,,,,,,,,,,,,
2021-10-21 02:13:55,79481,13991889,watch,Death Note,,2021-10-21 02:13:55,e6422def-8f8e-43f1-83c2-c2870bff4b7d,watch-e6422def-8f8e-43f1-83c2-c2870bff4b7d-0,,,,episode,,,,,1320,1,d6adbb6e-05b6-45fe-bf0c-34aee5fc663c,311259,1634782435,3,watched-episode-d6adbb6e-05b6-45fe-bf0c-34aee5fc663c-e6422def-8f8e-43f1-83c2-c2870bff4b7d,,,watch-date-1634782435,true,us
2019-08-10 06:06:53,,13991889,watch,,,2019-08-10 06:06:53,e65b0725-8e79-445c-abeb-31f3824c2da5,watch-e65b0725-8e79-445c-abeb-31f3824c2da5-0,,0,,movie,Alvin and the Chipmunks: The Squeakquel,,,,,,,,,,,,,,,
2021-09-04 19:25:45,305074,13991889,watch,My Hero Academia,,2021-09-04 19:25:45,e6761122-c516-4b93-ba6b-3f674b22ca80,watch-e6761122-c516-4b93-ba6b-3f674b22ca80-0,,,,episode,,,,,1500,5,b4e8e618-0fbb-46c6-9ccc-bf3ca6f09251,8329810,1630783545,22,watched-episode-b4e8e618-0fbb-46c6-9ccc-bf3ca6f09251-e6761122-c516-4b93-ba6b-3f674b22ca80,,,watch-date-1630783545,true,us
2021-10-30 01:46:33,79481,13991889,watch,Death Note,,2021-10-30 01:46:33,e6830a0b-84c0-4d60-b509-69326e915419,watch-e6830a0b-84c0-4d60-b509-69326e915419-0,,,,episode,,,,,1320,1,d6adbb6e-05b6-45fe-bf0c-34aee5fc663c,314053,1635558393,9,watched-episode-d6adbb6e-05b6-45fe-bf0c-34aee5fc663c-e6830a0b-84c0-4d60-b509-69326e915419,,,watch-date-1635558393,true,us
2021-06-14 19:57:21,376751,13991889,watch,The Daily Life of the Immortal King,,2021-06-14 19:57:21,e68e2084-09bd-45eb-bef9-c40f98e12b72,watch-e68e2084-09bd-45eb-bef9-c40f98e12b72-0,,,,episode,,,,,,1,97fa280e-6382-4ddf-ac69-bac712f946d6,7580588,1623700641,5,watched-episode-97fa280e-6382-4ddf-ac69-bac712f946d6-e68e2084-09bd-45eb-bef9-c40f98e12b72,,,watch-date-1623700641,true,us
2021-11-01 06:21:08,399902,13991889,watch,Platinum End,,2021-11-01 06:21:08,e74bac9e-e400-4eca-8e22-a204cd1916ec,watch-e74bac9e-e400-4eca-8e22-a204cd1916ec-0,,,,episode,,,,,1500,1,96e5bfa7-459d-41b3-b286-ca4e3e8971d6,8771942,1635747668,4,watched-episode-96e5bfa7-459d-41b3-b286-ca4e3e8971d6-e74bac9e-e400-4eca-8e22-a204cd1916ec,,,watch-date-1635747668,true,us
2019-08-10 05:48:23,,13991889,watch,,,2019-08-10 05:48:23,e7792e9d-e603-4297-9f7e-150cdfa84bb8,watch-e7792e9d-e603-4297-9f7e-150cdfa84bb8-0,,0,,movie,Cinderella,,,,,,,,,,,,,,,
2021-04-27 05:12:02,348002,13991889,watch,The Promised Neverland,,2021-04-27 05:12:02,e794d6cb-0c94-4089-abc9-9213fa112141,watch-e794d6cb-0c94-4089-abc9-9213fa112141-0,,,,episode,,,,,,2,fba3a83c-e062-4bea-a884-245e69f3931a,8128384,1619500322,10,watched-episode-fba3a83c-e062-4bea-a884-245e69f3931a-e794d6cb-0c94-4089-abc9-9213fa112141,,,watch-date-1619500322,true,us
2021-03-28 15:50:05,377543,13991889,watch,JUJUTSU KAISEN,,2021-03-28 15:50:05,e7b3ca3f-3d17-4b53-9e14-2b57dd08ad0b,watch-e7b3ca3f-3d17-4b53-9e14-2b57dd08ad0b-0,,,,episode,,,,,,1,629493df-1990-437e-a64f-3adf1f2782c1,7973194,1616946605,18,watched-episode-629493df-1990-437e-a64f-3adf1f2782c1-e7b3ca3f-3d17-4b53-9e14-2b57dd08ad0b,,,watch-date-1616946605,true,us
2026-05-30 03:06:16,,13991889,watch,,,2026-05-30 03:06:16,e7e2b37f-e746-4fbd-bde7-e7d1da6da104,watch-e7e2b37f-e746-4fbd-bde7-e7d1da6da104-0,,,,movie,GOAT,watch-release-date-2026-02-13,2026-02-13 00:00:00,watch-alpha-goat,6120,,,,,,,,,watch-date-1780110376,,US
2020-12-25 07:44:13,78831,13991889,watch,Drawn Together,,2020-12-25 07:44:13,e8083eca-515e-446b-a2b8-90e77e5945c2,watch-e8083eca-515e-446b-a2b8-90e77e5945c2-0,,,,episode,,,,,,3,40652d64-ab6f-4708-a334-f9195176d942,315985,1608882253,10,watched-episode-40652d64-ab6f-4708-a334-f9195176d942-e8083eca-515e-446b-a2b8-90e77e5945c2,,,watch-date-1608882253,true,us
2019-08-10 05:46:58,,13991889,watch,,,2019-08-10 05:46:58,e86ad74f-3e3d-45cf-8c55-c5a5f8938748,watch-e86ad74f-3e3d-45cf-8c55-c5a5f8938748-0,,0,,movie,Incredibles 2,,,,,,,,,,,,,,,
2021-09-04 02:59:54,399966,13991889,watch,Sex!fy,,2021-09-04 02:59:54,e8edc5a9-f583-475e-bdea-d1e13e6c8fe3,watch-e8edc5a9-f583-475e-bdea-d1e13e6c8fe3-0,,,,episode,,,,,3060,1,f2ad4f4c-447f-4d65-84ca-00881c9f1375,8322947,1630724394,5,watched-episode-f2ad4f4c-447f-4d65-84ca-00881c9f1375-e8edc5a9-f583-475e-bdea-d1e13e6c8fe3,,,watch-date-1630724394,true,us
2019-08-10 06:07:31,,13991889,watch,,,2019-08-10 06:07:31,e9125678-68eb-4f9b-a16f-67ad7372e4da,watch-e9125678-68eb-4f9b-a16f-67ad7372e4da-0,,0,,movie,Freaky Friday,,,,,,,,,,,,,,,
2023-12-31 03:27:15,,13991889,watch,,,2023-12-31 03:27:15,e94820f5-4304-46d2-9470-3488ea9d4ad2,watch-e94820f5-4304-46d2-9470-3488ea9d4ad2-0,,,,movie,Burnt,watch-release-date-2015-11-04,2015-11-04 00:00:00,watch-alpha-burnt,7800,,,,,,,,,watch-date-1703993235,,US
2021-08-11 04:55:20,393810,13991889,watch,Record of Ragnarok,,2021-08-11 04:55:20,e94f4fe3-4c24-4593-8246-2a08f2ef6208,watch-e94f4fe3-4c24-4593-8246-2a08f2ef6208-0,,,,episode,,,,,1500,1,37358331-3dd5-4503-afb3-d63ddf158cd4,8481729,1628657720,7,watched-episode-37358331-3dd5-4503-afb3-d63ddf158cd4-e94f4fe3-4c24-4593-8246-2a08f2ef6208,,,watch-date-1628657720,true,us
2021-06-08 19:11:17,305074,13991889,watch,My Hero Academia,,2021-06-08 19:11:17,e96b365e-c632-4e25-b409-11aea3fa2d33,watch-e96b365e-c632-4e25-b409-11aea3fa2d33-0,,,,episode,,,,,,5,b4e8e618-0fbb-46c6-9ccc-bf3ca6f09251,8159509,1623179477,6,watched-episode-b4e8e618-0fbb-46c6-9ccc-bf3ca6f09251-e96b365e-c632-4e25-b409-11aea3fa2d33,,,watch-date-1623179477,true,us
2021-11-01 06:22:20,401911,13991889,watch,The Great Jahy Will Not Be Defeated!,,2021-11-01 06:22:20,e976a495-bab7-4305-aea8-034973b69f21,watch-e976a495-bab7-4305-aea8-034973b69f21-0,,,,episode,,,,,1440,1,3cf6fad6-6d0a-4588-a30b-79f3a4f55be6,8593356,1635747740,12,watched-episode-3cf6fad6-6d0a-4588-a30b-79f3a4f55be6-e976a495-bab7-4305-aea8-034973b69f21,,,watch-date-1635747740,true,us
2021-06-25 01:49:33,332335,13991889,watch,Close Enough,,2021-06-25 01:49:33,e99958e1-9f0a-4b75-befb-a7c578fd12db,watch-e99958e1-9f0a-4b75-befb-a7c578fd12db-0,,,,episode,,,,,,2,9e6de326-3ca4-4886-9176-67d47fc1ba19,8235328,1624585773,8,watched-episode-9e6de326-3ca4-4886-9176-67d47fc1ba19-e99958e1-9f0a-4b75-befb-a7c578fd12db,,,watch-date-1624585773,true,us
2021-09-24 14:55:53,330374,13991889,watch,Atypical,,2021-09-24 14:55:53,e9c349a0-aa9a-4b8d-88e4-83e6749f9801,watch-e9c349a0-aa9a-4b8d-88e4-83e6749f9801-0,,,,episode,,,,,1800,4,1b942384-17aa-4ad6-b3f2-1e0fdece066f,8513240,1632495353,10,watched-episode-1b942384-17aa-4ad6-b3f2-1e0fdece066f-e9c349a0-aa9a-4b8d-88e4-83e6749f9801,,,watch-date-1632495353,true,us
2019-08-10 05:47:39,,13991889,watch,,,2019-08-10 05:47:39,e9c52bae-c6e7-44ff-8041-0710df97fec3,watch-e9c52bae-c6e7-44ff-8041-0710df97fec3-0,,0,,movie,Ant-Man,,,,,,,,,,,,,,,
2021-06-12 23:08:39,332335,13991889,watch,Close Enough,,2021-06-12 23:08:39,e9d5383e-c77b-4551-acf3-59808c2041cf,watch-e9d5383e-c77b-4551-acf3-59808c2041cf-0,,,,episode,,,,,,2,9e6de326-3ca4-4886-9176-67d47fc1ba19,8197102,1623539319,1,watched-episode-9e6de326-3ca4-4886-9176-67d47fc1ba19-e9d5383e-c77b-4551-acf3-59808c2041cf,,,watch-date-1623539319,true,us
2019-08-10 05:47:26,,13991889,watch,,,2019-08-10 05:47:26,ea25eff1-d708-4db4-a5d9-3f75985b887c,watch-ea25eff1-d708-4db4-a5d9-3f75985b887c-0,,0,,movie,Toy Story 3,,,,,,,,,,,,,,,
2019-08-08 05:09:43,,13991889,watch,,,2019-08-08 05:09:43,ea2c6fa3-053f-4cc3-b34c-9bcf519b695f,watch-ea2c6fa3-053f-4cc3-b34c-9bcf519b695f-0,,0,,movie,Spider-Man: Far From Home,,,,,,,,,,,,,,,
2026-03-22 04:28:46,,13991889,watch,,,2026-03-22 04:28:46,ea3a24e0-bad5-45d0-bc36-0c7d864b3455,watch-ea3a24e0-bad5-45d0-bc36-0c7d864b3455-0,,,,movie,Peaky Blinders: The Immortal Man,watch-release-date-2026-03-20,2026-03-20 00:00:00,watch-alpha-peaky-blinders-the-immortal-man,6900,,,,,,,,,watch-date-1774153726,,US
2020-12-28 15:49:30,328724,13991889,watch,Young Sheldon,,2020-12-28 15:49:30,ea4050bb-9c93-41fd-adf1-9beffae785df,watch-ea4050bb-9c93-41fd-adf1-9beffae785df-0,,,,episode,,,,,,4,7675925d-5d4d-4580-856a-2a9bf2441a46,8055791,1609170570,5,watched-episode-7675925d-5d4d-4580-856a-2a9bf2441a46-ea4050bb-9c93-41fd-adf1-9beffae785df,,,watch-date-1609170570,true,us
2021-07-05 06:30:22,275274,13991889,watch,Rick and Morty,,2021-07-05 06:30:22,ea631112-df43-4cdc-a089-1788b2a83561,watch-ea631112-df43-4cdc-a089-1788b2a83561-0,,,,episode,,,,,,5,c89b7b03-cb1f-4776-b5ea-374263ce2310,8320005,1625466622,3,watched-episode-c89b7b03-cb1f-4776-b5ea-374263ce2310-ea631112-df43-4cdc-a089-1788b2a83561,,,watch-date-1625466622,true,us
2021-09-04 04:24:13,397597,13991889,watch,iCarly (2021),,2021-09-04 04:24:13,eb33efd4-3011-44cf-87f0-ad7c9479689c,watch-eb33efd4-3011-44cf-87f0-ad7c9479689c-0,,,,episode,,,,,1500,1,f910269b-1d3a-4e4e-b02d-1e407a3edcbe,8290936,1630729453,2,watched-episode-f910269b-1d3a-4e4e-b02d-1e407a3edcbe-eb33efd4-3011-44cf-87f0-ad7c9479689c,,,watch-date-1630729453,true,us
2022-10-19 02:31:58,,13991889,watch,,,2022-10-19 02:31:58,eb3510b9-e587-41ae-8918-f91d89c1d471,watch-eb3510b9-e587-41ae-8918-f91d89c1d471-0,,,,movie,The Northman,watch-release-date-2022-04-22,2022-04-22 00:00:00,watch-alpha-the-northman,8220,,,,,,,,,watch-date-1666146718,,AR
2019-08-08 05:10:58,,13991889,watch,,,2019-08-08 05:10:58,eb6617d4-88ef-4b25-8c6e-67aa338fb2b5,watch-eb6617d4-88ef-4b25-8c6e-67aa338fb2b5-0,,0,,movie,Ready Player One,,,,,,,,,,,,,,,
2021-10-12 16:47:05,356317,13991889,watch,Sex Education,,2021-10-12 16:47:05,ebb478a1-ef78-4e6a-b8c4-2cb120aa42b0,watch-ebb478a1-ef78-4e6a-b8c4-2cb120aa42b0-0,,,,episode,,,,,3240,3,2ca857f5-aa12-4c60-8f01-3615da41dc09,8507462,1634057225,4,watched-episode-2ca857f5-aa12-4c60-8f01-3615da41dc09-ebb478a1-ef78-4e6a-b8c4-2cb120aa42b0,,,watch-date-1634057225,true,us
2022-09-23 23:58:37,,13991889,watch,,,2022-09-23 23:58:37,ebd5a22b-da18-4c63-bc2b-4a45c3180995,watch-ebd5a22b-da18-4c63-bc2b-4a45c3180995-0,,,,movie,劇場版 呪術廻戦 0,watch-release-date-2022-05-19,2022-05-19 00:00:00,watch-alpha-jujutsu-kaisen-0,6300,,,,,,,,,watch-date-1663977517,,AR
2021-09-11 01:46:49,343913,13991889,watch,Grand Blue Dreaming,,2021-09-11 01:46:49,ec1d3f2b-3a81-484b-86e8-f4bfbaf3ab37,watch-ec1d3f2b-3a81-484b-86e8-f4bfbaf3ab37-0,,,,episode,,,,,1500,1,3f34594c-8d53-40b8-af9e-1a444cb89900,6768661,1631324809,8,watched-episode-3f34594c-8d53-40b8-af9e-1a444cb89900-ec1d3f2b-3a81-484b-86e8-f4bfbaf3ab37,,,watch-date-1631324809,true,us
2020-02-02 06:37:01,,13991889,watch,,,2020-02-02 06:37:01,ec7e56de-b756-4691-908c-e5f994ec6a8b,watch-ec7e56de-b756-4691-908c-e5f994ec6a8b-0,,0,,movie,Ford v Ferrari,,0001-01-01 00:00:00,,,,,,,,,,,,,
2024-02-28 03:01:19,,13991889,watch,,,2024-02-28 03:01:19,ecb0109c-f53c-4d94-95fe-910ef8dda64a,watch-ecb0109c-f53c-4d94-95fe-910ef8dda64a-0,,,,movie,Ant-Man and the Wasp: Quantumania,watch-release-date-2023-02-15,2023-02-15 00:00:00,watch-alpha-ant-man-and-the-wasp-quantumania,7440,,,,,,,,,watch-date-1709089279,,AR
2020-02-23 06:00:38,,13991889,watch,,,2020-02-23 06:00:38,eddfb088-fcb9-4b7a-b385-f89891c70bb0,watch-eddfb088-fcb9-4b7a-b385-f89891c70bb0-0,,0,,movie,El Robo del Siglo,,0001-01-01 00:00:00,,,,,,,,,,,,,
2021-05-22 16:50:06,327572,13991889,watch,Kakegurui,,2021-05-22 16:50:06,ede2d7c6-6b90-414e-b946-adb2d3f6ef8e,watch-ede2d7c6-6b90-414e-b946-adb2d3f6ef8e-0,,,,episode,,,,,,2,7d5f3a6e-734d-4b59-ab86-60f0e293ab5c,6944334,1621702206,6,watched-episode-7d5f3a6e-734d-4b59-ab86-60f0e293ab5c-ede2d7c6-6b90-414e-b946-adb2d3f6ef8e,,,watch-date-1621702206,true,us
2025-11-16 04:29:16,,13991889,watch,,,2025-11-16 04:29:16,ee1011f1-27c1-469c-92dc-caf884f20601,watch-ee1011f1-27c1-469c-92dc-caf884f20601-0,,,,movie,The Fantastic Four: First Steps,watch-release-date-2025-07-25,2025-07-25 00:00:00,watch-alpha-the-fantastic-four-first-steps,6960,,,,,,,,,watch-date-1763267356,,US
2022-05-01 02:38:34,,13991889,watch,,,2022-05-01 02:38:34,ee14219e-0681-4ff5-a156-5e70fc914ad2,watch-ee14219e-0681-4ff5-a156-5e70fc914ad2-0,,,,movie,47 Meters Down: Uncaged,watch-release-date-2019-08-16,2019-08-16 00:00:00,watch-alpha-47-meters-down-uncaged,5280,,,,,,,,,watch-date-1651372714,,US
2023-08-28 23:04:21,,13991889,watch,,,2023-08-28 23:04:21,ee3dabd1-afd3-4941-8d8b-6cf4ec1d2ef2,watch-ee3dabd1-afd3-4941-8d8b-6cf4ec1d2ef2-0,,,,movie,The Lie,watch-release-date-2018-09-13,2018-09-13 00:00:00,watch-alpha-the-lie,5820,,,,,,,,,watch-date-1693263861,,AR
2019-08-10 05:57:39,,13991889,watch,,,2019-08-10 05:57:39,ee46e16b-a8e7-48ec-adf3-a74e87583eff,watch-ee46e16b-a8e7-48ec-adf3-a74e87583eff-0,,0,,movie,Bambi,,,,,,,,,,,,,,,
2021-07-02 23:05:12,279831,13991889,watch,Parasyte -the maxim-,,2021-07-02 23:05:12,ee61a822-97d7-4034-b896-be69e73f4c09,watch-ee61a822-97d7-4034-b896-be69e73f4c09-0,,,,episode,,,,,,1,e04658af-ac15-450b-8bde-faa6e2d97950,5037898,1625267112,12,watched-episode-e04658af-ac15-450b-8bde-faa6e2d97950-ee61a822-97d7-4034-b896-be69e73f4c09,,,watch-date-1625267112,true,us
2019-08-10 05:46:08,,13991889,watch,,,2019-08-10 05:46:08,eeca34eb-a4c3-4e35-be6e-6c31f875ce56,watch-eeca34eb-a4c3-4e35-be6e-6c31f875ce56-0,,0,,movie,Home Alone,,,,,,,,,,,,,,,
2021-03-30 04:11:00,377543,13991889,watch,JUJUTSU KAISEN,,2021-03-30 04:11:00,eee74573-79f3-45f0-9df8-a30581e17449,watch-eee74573-79f3-45f0-9df8-a30581e17449-0,,,,episode,,,,,,1,629493df-1990-437e-a64f-3adf1f2782c1,7973204,1617077460,22,watched-episode-629493df-1990-437e-a64f-3adf1f2782c1-eee74573-79f3-45f0-9df8-a30581e17449,,,watch-date-1617077460,true,us
2022-07-10 18:48:19,,13991889,watch,,,2022-07-10 18:48:19,ef661837-7d45-4ace-80d7-9bb4b0d2f46a,watch-ef661837-7d45-4ace-80d7-9bb4b0d2f46a-0,,,,movie,Minions: The Rise of Gru,watch-release-date-2022-07-01,2022-07-01 00:00:00,watch-alpha-minions-the-rise-of-gru,5100,,,,,,,,,watch-date-1657478899,,US
2019-08-10 06:03:14,,13991889,watch,,,2019-08-10 06:03:14,efa4d4c8-1e88-4ceb-8974-1c1fda90dfac,watch-efa4d4c8-1e88-4ceb-8974-1c1fda90dfac-0,,0,,movie,King Kong,,,,,,,,,,,,,,,
2021-11-07 02:58:41,399902,13991889,watch,Platinum End,,2021-11-07 02:58:41,efc38846-29b7-48fb-90a8-c582838de73f,watch-efc38846-29b7-48fb-90a8-c582838de73f-0,,,,episode,,,,,1500,1,96e5bfa7-459d-41b3-b286-ca4e3e8971d6,8771944,1636253921,5,watched-episode-96e5bfa7-459d-41b3-b286-ca4e3e8971d6-efc38846-29b7-48fb-90a8-c582838de73f,,,watch-date-1636253921,true,us
2022-01-27 01:36:12,,13991889,watch,,,2022-01-27 01:36:12,f052a7ad-a3ac-4e81-b14b-ed4ed6ba6fbc,watch-f052a7ad-a3ac-4e81-b14b-ed4ed6ba6fbc-0,,,,movie,The Butterfly Effect,watch-release-date-2004-01-22,2004-01-22 00:00:00,watch-alpha-the-butterfly-effect,6780,,,,,,,,,watch-date-1643247372,,US
2021-06-21 02:43:03,,13991889,watch,,,2021-06-21 02:43:03,f084d17f-34c2-4e5e-a8db-e7c995c438d0,watch-f084d17f-34c2-4e5e-a8db-e7c995c438d0-0,,,,movie,Спутник,watch-release-date-2021-02-24,2021-02-24 00:00:00,watch-alpha-sputnik,6780,,,,,,,,,watch-date-1624243383,,AR
2021-08-15 16:40:19,267441,13991889,watch,The Devil Is a Part-Timer!,,2021-08-15 16:40:19,f0e1251d-2242-4c3b-b851-7d877c050114,watch-f0e1251d-2242-4c3b-b851-7d877c050114-0,,,,episode,,,,,1500,1,f0a1217d-9257-44b4-83ed-b4eb00f631b1,4523078,1629045618,4,watched-episode-f0a1217d-9257-44b4-83ed-b4eb00f631b1-f0e1251d-2242-4c3b-b851-7d877c050114,,,watch-date-1629045619,true,us
2020-12-18 14:08:20,349643,13991889,watch,Hilda,,2020-12-18 14:08:20,f0edad0b-0b1d-40d4-b541-224bd4ffab13,watch-f0edad0b-0b1d-40d4-b541-224bd4ffab13-0,,,,episode,,,,,,2,c41bc231-1f55-46c2-b458-ef93309eef32,8088650,1608300500,6,watched-episode-c41bc231-1f55-46c2-b458-ef93309eef32-f0edad0b-0b1d-40d4-b541-224bd4ffab13,,,watch-date-1608300500,true,us
2019-08-10 05:51:08,,13991889,watch,,,2019-08-10 05:51:08,f10ef4a2-73e0-49e9-9df7-9332a2985a79,watch-f10ef4a2-73e0-49e9-9df7-9332a2985a79-0,,0,,movie,Black Mirror: Bandersnatch,,,,,,,,,,,,,,,
2021-04-24 01:13:06,346931,13991889,watch,Cells at Work!,,2021-04-24 01:13:06,f16da4c2-c2f6-47dc-9530-e44dfe0faa05,watch-f16da4c2-c2f6-47dc-9530-e44dfe0faa05-0,,,,episode,,,,,,1,aedf4a1f-8889-440b-9499-1d8950943383,6671281,1619226786,1,watched-episode-aedf4a1f-8889-440b-9499-1d8950943383-f16da4c2-c2f6-47dc-9530-e44dfe0faa05,,,watch-date-1619226786,true,us
2021-05-13 05:28:21,305074,13991889,watch,My Hero Academia,,2021-05-13 05:28:21,f1a25a5e-f565-43b3-ba36-8c0904b562f3,watch-f1a25a5e-f565-43b3-ba36-8c0904b562f3-0,,,,episode,,,,,,4,b4e8e618-0fbb-46c6-9ccc-bf3ca6f09251,7553210,1620883701,20,watched-episode-b4e8e618-0fbb-46c6-9ccc-bf3ca6f09251-f1a25a5e-f565-43b3-ba36-8c0904b562f3,,,watch-date-1620883701,true,us
2021-08-02 04:52:38,401911,13991889,watch,The Great Jahy Will Not Be Defeated!,,2021-08-02 04:52:38,f1abfff5-a1ca-4fca-b69f-eea6df678c4d,watch-f1abfff5-a1ca-4fca-b69f-eea6df678c4d-0,,,,episode,,,,,1440,1,3cf6fad6-6d0a-4588-a30b-79f3a4f55be6,8395683,1627879958,1,watched-episode-3cf6fad6-6d0a-4588-a30b-79f3a4f55be6-f1abfff5-a1ca-4fca-b69f-eea6df678c4d,,,watch-date-1627879958,true,us
2021-10-17 21:35:49,401911,13991889,watch,The Great Jahy Will Not Be Defeated!,,2021-10-17 21:35:49,f2b224dd-8382-4924-920b-11e8c54f95ff,watch-f2b224dd-8382-4924-920b-11e8c54f95ff-0,,,,episode,,,,,1440,1,3cf6fad6-6d0a-4588-a30b-79f3a4f55be6,8593355,1634506549,11,watched-episode-3cf6fad6-6d0a-4588-a30b-79f3a4f55be6-f2b224dd-8382-4924-920b-11e8c54f95ff,,,watch-date-1634506549,true,us
2021-08-07 06:14:23,393810,13991889,watch,Record of Ragnarok,,2021-08-07 06:14:23,f36002b8-fb33-4ff7-b6e6-14b84d31ba33,watch-f36002b8-fb33-4ff7-b6e6-14b84d31ba33-0,,,,episode,,,,,1500,1,37358331-3dd5-4503-afb3-d63ddf158cd4,8481724,1628316863,2,watched-episode-37358331-3dd5-4503-afb3-d63ddf158cd4-f36002b8-fb33-4ff7-b6e6-14b84d31ba33,,,watch-date-1628316863,true,us
2020-04-26 03:21:33,,13991889,watch,,,2020-04-26 03:21:33,f36bb557-f400-40d9-8f5a-c53d8a5e54c4,watch-f36bb557-f400-40d9-8f5a-c53d8a5e54c4-0,,0,,movie,Gretel & Hansel,,0001-01-01 00:00:00,,,,,,,,,,,,,
2021-03-18 16:36:23,279121,13991889,watch,The Flash (2014),,2021-03-18 16:36:23,f36d2b15-53f6-4633-9859-d890c4f3f95d,watch-f36d2b15-53f6-4633-9859-d890c4f3f95d-0,,,,episode,,,,,,7,b0742927-b90e-4b53-8c58-63d8707a677d,8069522,1616085383,3,watched-episode-b0742927-b90e-4b53-8c58-63d8707a677d-f36d2b15-53f6-4633-9859-d890c4f3f95d,,,watch-date-1616085383,true,us
2021-05-30 02:59:32,305074,13991889,watch,My Hero Academia,,2021-05-30 02:59:32,f3eac3e6-32bf-4298-b9a9-11059a9132e5,watch-f3eac3e6-32bf-4298-b9a9-11059a9132e5-0,,,,episode,,,,,,5,b4e8e618-0fbb-46c6-9ccc-bf3ca6f09251,8094037,1622343572,1,watched-episode-b4e8e618-0fbb-46c6-9ccc-bf3ca6f09251-f3eac3e6-32bf-4298-b9a9-11059a9132e5,,,watch-date-1622343572,true,us
2021-06-20 17:46:44,347734,13991889,watch,Super Dragon Ball Heroes,,2021-06-20 17:46:44,f41168f8-8929-4993-9ef8-8a37917cd2e3,watch-f41168f8-8929-4993-9ef8-8a37917cd2e3-0,,,,episode,,,,,,4,a91c09d6-e687-4094-9290-206ae8c0cd75,8419195,1624211204,4,watched-episode-a91c09d6-e687-4094-9290-206ae8c0cd75-f41168f8-8929-4993-9ef8-8a37917cd2e3,,,watch-date-1624211204,true,us
2019-08-10 05:49:55,,13991889,watch,,,2019-08-10 05:49:55,f4553752-87ac-41ce-b929-9d1bb0741af7,watch-f4553752-87ac-41ce-b929-9d1bb0741af7-0,,0,,movie,Minions,,,,,,,,,,,,,,,
2019-08-10 05:58:17,,13991889,watch,,,2019-08-10 05:58:17,f45c70ab-45ef-4938-8ec1-883a5e8b6fda,watch-f45c70ab-45ef-4938-8ec1-883a5e8b6fda-0,,0,,movie,Lucy,,,,,,,,,,,,,,,
2021-09-06 13:33:46,275274,13991889,watch,Rick and Morty,,2021-09-06 13:33:46,f46b324b-94c7-47e1-9d10-542a09e35e96,watch-f46b324b-94c7-47e1-9d10-542a09e35e96-0,,,,episode,,,,,1320,5,c89b7b03-cb1f-4776-b5ea-374263ce2310,8320010,1630935226,9,watched-episode-c89b7b03-cb1f-4776-b5ea-374263ce2310-f46b324b-94c7-47e1-9d10-542a09e35e96,,,watch-date-1630935226,true,us
2020-02-12 19:39:46,,13991889,watch,,,2020-02-12 19:39:46,f47ca818-7f13-43ed-a4ca-0dcdab7372cd,watch-f47ca818-7f13-43ed-a4ca-0dcdab7372cd-0,,0,,movie,Dora and the Lost City of Gold,,0001-01-01 00:00:00,,,,,,,,,,,,,
2022-07-10 18:01:12,,13991889,watch,,,2022-07-10 18:01:12,f4a7a928-12f7-4488-aac5-55ad59a8de1b,watch-f4a7a928-12f7-4488-aac5-55ad59a8de1b-0,,,,movie,Deliver Us from Evil,watch-release-date-2014-07-02,2014-07-02 00:00:00,watch-alpha-deliver-us-from-evil,7080,,,,,,,,,watch-date-1657476072,,US
2019-08-10 05:54:50,,13991889,watch,,,2019-08-10 05:54:50,f4de6517-da04-4977-a80d-778ec335c088,watch-f4de6517-da04-4977-a80d-778ec335c088-0,,0,,movie,X2,,,,,,,,,,,,,,,
2019-08-10 05:57:09,,13991889,watch,,,2019-08-10 05:57:09,f4ffba41-7a6e-429d-ac88-d6639c96a5d4,watch-f4ffba41-7a6e-429d-ac88-d6639c96a5d4-0,,0,,movie,17 Again,,,,,,,,,,,,,,,
2021-09-17 21:52:31,284131,13991889,watch,The Seven Deadly Sins,,2021-09-17 21:52:31,f55f519a-63d6-44ca-b4d8-2df56e0cc1f0,watch-f55f519a-63d6-44ca-b4d8-2df56e0cc1f0-0,,,,episode,,,,,1440,4,6436b274-ca56-4d2f-8c68-2956bc0fcab6,8139313,1631915551,7,watched-episode-6436b274-ca56-4d2f-8c68-2956bc0fcab6-f55f519a-63d6-44ca-b4d8-2df56e0cc1f0,,,watch-date-1631915551,true,us
2022-07-23 02:40:10,,13991889,watch,,,2022-07-23 02:40:10,f5da9638-06c6-4cf1-9d9d-3faf5dd0950f,watch-f5da9638-06c6-4cf1-9d9d-3faf5dd0950f-0,,,,movie,The Gray Man,watch-release-date-2022-07-15,2022-07-15 00:00:00,watch-alpha-the-gray-man,7320,,,,,,,,,watch-date-1658544010,,US
2021-02-28 04:06:40,377543,13991889,watch,JUJUTSU KAISEN,,2021-02-28 04:06:40,f5f74630-3482-4ae8-86f1-1d2c9dd1e13f,watch-f5f74630-3482-4ae8-86f1-1d2c9dd1e13f-0,,,,episode,,,,,,1,629493df-1990-437e-a64f-3adf1f2782c1,7925279,1614485200,9,watched-episode-629493df-1990-437e-a64f-3adf1f2782c1-f5f74630-3482-4ae8-86f1-1d2c9dd1e13f,,,watch-date-1614485200,true,us
2019-08-10 05:56:17,,13991889,watch,,,2019-08-10 05:56:17,f677b664-1330-4a79-ab36-2f11a3d88d9f,watch-f677b664-1330-4a79-ab36-2f11a3d88d9f-0,,0,,movie,Jurassic World: Fallen Kingdom,,,,,,,,,,,,,,,
2019-08-10 05:54:41,,13991889,watch,,,2019-08-10 05:54:41,f6987486-5380-4f63-b80c-cd7a35b616eb,watch-f6987486-5380-4f63-b80c-cd7a35b616eb-0,,0,,movie,Toy Story,,,,,,,,,,,,,,,
2019-08-10 05:53:49,,13991889,watch,,,2019-08-10 05:53:49,f7361386-0283-449e-bb93-f28b7c4e8bd0,watch-f7361386-0283-449e-bb93-f28b7c4e8bd0-0,,0,,movie,Jurassic Park,,,,,,,,,,,,,,,
2024-01-14 17:06:21,,13991889,watch,,,2024-01-14 17:06:21,f7910fed-2e12-46a8-941c-4cdd5dc3241f,watch-f7910fed-2e12-46a8-941c-4cdd5dc3241f-0,,,,movie,La sociedad de la nieve,watch-release-date-2024-01-03,2024-01-03 00:00:00,watch-alpha-society-of-the-snow,8640,,,,,,,,,watch-date-1705251981,,AR
2020-12-18 14:09:13,251085,13991889,watch,The Legend of Korra,,2020-12-18 14:09:13,f7aed614-9785-4509-8e97-9981feb39f02,watch-f7aed614-9785-4509-8e97-9981feb39f02-0,,,,episode,,,,,,1,16ff2b5f-a919-4223-85ca-81822f00f699,4310452,1608300553,3,watched-episode-16ff2b5f-a919-4223-85ca-81822f00f699-f7aed614-9785-4509-8e97-9981feb39f02,,,watch-date-1608300553,true,us
2021-02-08 22:13:46,305074,13991889,watch,My Hero Academia,,2021-02-08 22:13:46,f7f2c8cf-0b8e-4334-b15e-d6aa4f340a45,watch-f7f2c8cf-0b8e-4334-b15e-d6aa4f340a45-0,,,,episode,,,,,,3,b4e8e618-0fbb-46c6-9ccc-bf3ca6f09251,6633248,1612822426,22,watched-episode-b4e8e618-0fbb-46c6-9ccc-bf3ca6f09251-f7f2c8cf-0b8e-4334-b15e-d6aa4f340a45,,,watch-date-1612822426,true,us
2019-08-10 05:43:34,,13991889,watch,,,2019-08-10 05:43:34,f812aad9-24b9-42cf-8f31-2e5bd2f7a0f9,watch-f812aad9-24b9-42cf-8f31-2e5bd2f7a0f9-0,,0,,movie,Thor: Ragnarok,,,,,,,,,,,,,,,
2021-02-13 21:42:03,353232,13991889,watch,Narcos: Mexico,,2021-02-13 21:42:03,f832d027-a76c-4ac8-a237-2b39bd715ce9,watch-f832d027-a76c-4ac8-a237-2b39bd715ce9-0,,,,episode,,,,,,2,9a01e954-63e9-428f-9455-7bc85cc852c9,7576347,1613252523,4,watched-episode-9a01e954-63e9-428f-9455-7bc85cc852c9-f832d027-a76c-4ac8-a237-2b39bd715ce9,,,watch-date-1613252523,true,us
2024-02-27 22:29:16,,13991889,watch,,,2024-02-27 22:29:16,f865f8bd-661f-4b22-b342-5a81474f1dd9,watch-f865f8bd-661f-4b22-b342-5a81474f1dd9-0,,,,movie,The Marvels,watch-release-date-2023-11-08,2023-11-08 00:00:00,watch-alpha-the-marvels,6300,,,,,,,,,watch-date-1709072956,,AR
2019-08-10 05:57:22,,13991889,watch,,,2019-08-10 05:57:22,f8a3d562-3b38-4159-8db4-fa3402bb291c,watch-f8a3d562-3b38-4159-8db4-fa3402bb291c-0,,0,,movie,The School of Rock,,,,,,,,,,,,,,,
2023-12-02 03:34:50,,13991889,watch,,,2023-12-02 03:34:50,f8bdc653-9ab8-4fa5-a02c-5623f5166485,watch-f8bdc653-9ab8-4fa5-a02c-5623f5166485-0,,,,movie,The Hunger Games: Catching Fire,watch-release-date-2013-11-15,2013-11-15 00:00:00,watch-alpha-the-hunger-games-catching-fire,8760,,,,,,,,,watch-date-1701488090,,AR
2024-05-03 22:49:26,,13991889,watch,,,2024-05-03 22:49:26,f8f0f59e-31c1-44d7-8ed0-99aaebe6c519,watch-f8f0f59e-31c1-44d7-8ed0-99aaebe6c519-0,,,,movie,He's Just Not That Into You,watch-release-date-2009-02-06,2009-02-06 00:00:00,watch-alpha-he's-just-not-that-into-you,7740,,,,,,,,,watch-date-1714776566,,US
2023-07-02 03:16:39,,13991889,watch,,,2023-07-02 03:16:39,f9656943-8d07-4f47-8a77-0d59869f1d6e,watch-f9656943-8d07-4f47-8a77-0d59869f1d6e-0,,,,movie,Freaky,watch-release-date-2020-12-10,2020-12-10 00:00:00,watch-alpha-freaky,6120,,,,,,,,,watch-date-1688267799,,AR
2021-09-30 15:10:27,284131,13991889,watch,The Seven Deadly Sins,,2021-09-30 15:10:27,f980b7b8-8d0d-48d5-b9db-5558f7751ca3,watch-f980b7b8-8d0d-48d5-b9db-5558f7751ca3-0,,,,episode,,,,,1440,4,6436b274-ca56-4d2f-8c68-2956bc0fcab6,8139316,1633014627,9,watched-episode-6436b274-ca56-4d2f-8c68-2956bc0fcab6-f980b7b8-8d0d-48d5-b9db-5558f7751ca3,,,watch-date-1633014627,true,us
2019-08-10 05:56:02,,13991889,watch,,,2019-08-10 05:56:02,f9ff9e3d-4274-4c51-ac75-2c0343866827,watch-f9ff9e3d-4274-4c51-ac75-2c0343866827-0,,0,,movie,The Aristocats,,,,,,,,,,,,,,,
2024-02-26 00:33:29,,13991889,watch,,,2024-02-26 00:33:29,fa51a369-170d-4e73-a18b-207d57b101cc,watch-fa51a369-170d-4e73-a18b-207d57b101cc-0,,,,movie,Avgrunden,watch-release-date-2023-09-15,2023-09-15 00:00:00,watch-alpha-the-abyss,6180,,,,,,,,,watch-date-1708907609,,AR
2019-08-10 05:58:11,,13991889,watch,,,2019-08-10 05:58:11,fa5b623e-54d5-4547-92b9-a358b4444006,watch-fa5b623e-54d5-4547-92b9-a358b4444006-0,,0,,movie,Fast & Furious 6,,,,,,,,,,,,,,,
2020-01-01 20:49:37,,13991889,watch,,,2020-01-01 20:49:37,fa68436e-1fa6-4851-98fb-f6f25937451c,watch-fa68436e-1fa6-4851-98fb-f6f25937451c-0,,0,,movie,Tau,,0001-01-01 00:00:00,,,,,,,,,,,,,
2023-06-20 05:49:36,,13991889,watch,,,2023-06-20 05:49:36,fadbb018-b0e3-45be-aca4-59a817539996,watch-fadbb018-b0e3-45be-aca4-59a817539996-0,,,,movie,The Flash,watch-release-date-2023-06-15,2023-06-15 00:00:00,watch-alpha-the-flash,8640,,,,,,,,,watch-date-1687240176,,AR
2019-08-10 05:45:11,,13991889,watch,,,2019-08-10 05:45:11,fb158f35-6e8e-4693-bddc-2d35a26a889c,watch-fb158f35-6e8e-4693-bddc-2d35a26a889c-0,,0,,movie,It,,,,,,,,,,,,,,,
2021-07-13 02:56:18,,13991889,watch,,,2021-07-13 02:56:18,fb7709c5-f9c9-4838-8970-3c4b517989cb,watch-fb7709c5-f9c9-4838-8970-3c4b517989cb-0,,,,movie,A Quiet Place Part II,watch-release-date-2021-06-16,2021-06-16 00:00:00,watch-alpha-a-quiet-place-part-ii,5820,,,,,,,,,watch-date-1626144978,,AR
2021-05-19 04:47:55,357888,13991889,watch,"Love, Death & Robots",,2021-05-19 04:47:55,fba2d830-eeac-49c7-b373-692a96be30b9,watch-fba2d830-eeac-49c7-b373-692a96be30b9-0,,,,episode,,,,,,2,ad76771e-2a66-4748-93f6-5853f407b216,8376688,1621399675,5,watched-episode-ad76771e-2a66-4748-93f6-5853f407b216-fba2d830-eeac-49c7-b373-692a96be30b9,,,watch-date-1621399675,true,us
2019-08-10 05:58:44,,13991889,watch,,,2019-08-10 05:58:44,fc322fe8-6328-48aa-ba22-23629660a9e9,watch-fc322fe8-6328-48aa-ba22-23629660a9e9-0,,0,,movie,The Other Guys,,,,,,,,,,,,,,,
2021-02-09 21:41:31,328690,13991889,watch,The Alienist,,2021-02-09 21:41:31,fcc461fe-c036-46da-b098-41e7035d8f34,watch-fcc461fe-c036-46da-b098-41e7035d8f34-0,,,,episode,,,,,,2,3264a58a-3b8e-4b12-a67b-75ff00ef5c76,7801010,1612906891,7,watched-episode-3264a58a-3b8e-4b12-a67b-75ff00ef5c76-fcc461fe-c036-46da-b098-41e7035d8f34,,,watch-date-1612906891,true,us
2021-06-25 02:43:00,332335,13991889,watch,Close Enough,,2021-06-25 02:43:00,fd0172b9-a5a2-4304-81ee-f89046001920,watch-fd0172b9-a5a2-4304-81ee-f89046001920-0,,,,episode,,,,,,2,9e6de326-3ca4-4886-9176-67d47fc1ba19,8235331,1624588980,11,watched-episode-9e6de326-3ca4-4886-9176-67d47fc1ba19-fd0172b9-a5a2-4304-81ee-f89046001920,,,watch-date-1624588980,true,us
2020-01-04 07:02:14,,13991889,watch,,,2020-01-04 07:02:14,fd0b4b1f-fca2-49e2-9b39-caa292e55c7b,watch-fd0b4b1f-fca2-49e2-9b39-caa292e55c7b-0,,0,,movie,Cam,,0001-01-01 00:00:00,,,,,,,,,,,,,
2021-09-24 04:41:27,330374,13991889,watch,Atypical,,2021-09-24 04:41:27,fd198a1b-1a58-4863-b18f-4265a640a750,watch-fd198a1b-1a58-4863-b18f-4265a640a750-0,,,,episode,,,,,1800,4,1b942384-17aa-4ad6-b3f2-1e0fdece066f,8513238,1632458487,8,watched-episode-1b942384-17aa-4ad6-b3f2-1e0fdece066f-fd198a1b-1a58-4863-b18f-4265a640a750,,,watch-date-1632458487,true,us
2019-08-10 05:44:42,,13991889,watch,,,2019-08-10 05:44:42,fe040628-4c70-4728-8eab-8d9e778b3920,watch-fe040628-4c70-4728-8eab-8d9e778b3920-0,,0,,movie,The Maze Runner,,,,,,,,,,,,,,,
2021-06-25 23:59:49,327572,13991889,watch,Kakegurui,,2021-06-25 23:59:49,fe20f771-6daa-42d1-971f-3a1bc942f007,watch-fe20f771-6daa-42d1-971f-3a1bc942f007-0,,,,episode,,,,,,2,7d5f3a6e-734d-4b59-ab86-60f0e293ab5c,6944339,1624665589,11,watched-episode-7d5f3a6e-734d-4b59-ab86-60f0e293ab5c-fe20f771-6daa-42d1-971f-3a1bc942f007,,,watch-date-1624665589,true,us
2021-10-29 02:37:30,79481,13991889,watch,Death Note,,2021-10-29 02:37:30,fe4d0640-44f1-49e9-84ac-d2325fbc3f88,watch-fe4d0640-44f1-49e9-84ac-d2325fbc3f88-0,,,,episode,,,,,1320,1,d6adbb6e-05b6-45fe-bf0c-34aee5fc663c,311261,1635475050,5,watched-episode-d6adbb6e-05b6-45fe-bf0c-34aee5fc663c-fe4d0640-44f1-49e9-84ac-d2325fbc3f88,,,watch-date-1635475050,true,us
2023-12-03 23:52:19,,13991889,watch,,,2023-12-03 23:52:19,fe58d6ce-6230-4486-8986-811ce0fe4c9e,watch-fe58d6ce-6230-4486-8986-811ce0fe4c9e-0,,,,movie,となりのトトロ,watch-release-date-2009-09-18,2009-09-18 00:00:00,watch-alpha-my-neighbor-totoro,5160,,,,,,,,,watch-date-1701647539,,AR
2026-03-14 23:52:37,,13991889,watch,,,2026-03-14 23:52:37,fe997f1c-c537-4d3e-a25f-9746d11a4165,watch-fe997f1c-c537-4d3e-a25f-9746d11a4165-0,,,,movie,Culpa mía,watch-release-date-2023-06-08,2023-06-08 00:00:00,watch-alpha-my-fault,7020,,,,,,,,,watch-date-1773532357,,US
2019-08-10 05:50:39,,13991889,watch,,,2019-08-10 05:50:39,fe9cd0a8-8139-4748-959b-917b99a6bd65,watch-fe9cd0a8-8139-4748-959b-917b99a6bd65-0,,0,,movie,Aladdin,,,,,,,,,,,,,,,
2019-08-10 06:01:24,,13991889,watch,,,2019-08-10 06:01:24,ff46daba-4be9-440c-aabc-eae7bb69bdd5,watch-ff46daba-4be9-440c-aabc-eae7bb69bdd5-0,,0,,movie,Snow White and the Huntsman,,,,,,,,,,,,,,,
2019-08-10 05:59:48,,13991889,watch,,,2019-08-10 05:59:48,ffc9cb1e-7054-4aac-9c87-813b15c8fe3d,watch-ffc9cb1e-7054-4aac-9c87-813b15c8fe3d-0,,0,,movie,Jurassic Park III,,,,,,,,,,,,,,,
