user_id,date,created_at,updated_at,source
13991889,2017-07-11 00:00:00 +0000 UTC,2017-07-11 22:00:57,2017-07-11 22:00:57,android
13991889,2017-07-12 00:00:00 +0000 UTC,2017-07-12 01:29:42,2017-07-12 01:29:42,android
13991889,2017-07-15 00:00:00 +0000 UTC,2017-07-15 14:52:41,2017-07-15 14:52:41,android
13991889,2017-07-17 00:00:00 +0000 UTC,2017-07-17 00:35:22,2017-07-17 00:35:22,android
13991889,2017-07-18 00:00:00 +0000 UTC,2017-07-18 22:43:17,2017-07-18 22:43:17,android
13991889,2017-07-20 00:00:00 +0000 UTC,2017-07-20 18:29:00,2017-07-20 18:29:00,android
13991889,2017-07-21 00:00:00 +0000 UTC,2017-07-21 02:25:42,2017-07-21 02:25:42,android
13991889,2017-07-22 00:00:00 +0000 UTC,2017-07-22 02:02:17,2017-07-22 02:02:17,android
13991889,2017-07-22 00:00:00 +0000 UTC,2017-07-22 02:23:26,2017-07-22 02:23:26,web
13991889,2017-07-23 00:00:00 +0000 UTC,2017-07-23 00:39:48,2017-07-23 00:39:48,android
13991889,2017-07-24 00:00:00 +0000 UTC,2017-07-24 07:39:30,2017-07-24 07:39:30,android
13991889,2017-07-26 00:00:00 +0000 UTC,2017-07-26 00:06:15,2017-07-26 00:06:15,android
13991889,2017-07-27 00:00:00 +0000 UTC,2017-07-27 21:32:05,2017-07-27 21:32:05,android
13991889,2017-07-31 00:00:00 +0000 UTC,2017-07-31 04:00:30,2017-07-31 04:00:30,android
13991889,2017-08-05 00:00:00 +0000 UTC,2017-08-05 10:30:17,2017-08-05 10:30:17,android
13991889,2017-08-06 00:00:00 +0000 UTC,2017-08-06 16:39:45,2017-08-06 16:39:45,android
13991889,2017-08-08 00:00:00 +0000 UTC,2017-08-08 23:48:58,2017-08-08 23:48:58,android
13991889,2017-08-11 00:00:00 +0000 UTC,2017-08-11 04:25:50,2017-08-11 04:25:50,android
13991889,2017-08-12 00:00:00 +0000 UTC,2017-08-12 23:07:47,2017-08-12 23:07:47,android
13991889,2017-08-15 00:00:00 +0000 UTC,2017-08-15 02:10:29,2017-08-15 02:10:29,android
13991889,2017-08-19 00:00:00 +0000 UTC,2017-08-19 01:36:38,2017-08-19 01:36:38,android
13991889,2017-08-20 00:00:00 +0000 UTC,2017-08-20 03:07:16,2017-08-20 03:07:16,android
13991889,2017-08-25 00:00:00 +0000 UTC,2017-08-25 23:59:53,2017-08-25 23:59:53,android
13991889,2017-08-29 00:00:00 +0000 UTC,2017-08-29 01:26:28,2017-08-29 01:26:28,android
13991889,2017-09-01 00:00:00 +0000 UTC,2017-09-01 10:03:09,2017-09-01 10:03:09,android
13991889,2017-09-03 00:00:00 +0000 UTC,2017-09-03 12:58:33,2017-09-03 12:58:33,android
13991889,2017-09-06 00:00:00 +0000 UTC,2017-09-06 00:43:30,2017-09-06 00:43:30,android
13991889,2017-09-09 00:00:00 +0000 UTC,2017-09-09 15:17:52,2017-09-09 15:17:52,android
13991889,2017-09-10 00:00:00 +0000 UTC,2017-09-10 03:30:06,2017-09-10 03:30:06,android
13991889,2017-09-11 00:00:00 +0000 UTC,2017-09-11 01:48:07,2017-09-11 01:48:07,android
13991889,2017-09-13 00:00:00 +0000 UTC,2017-09-13 04:13:09,2017-09-13 04:13:09,android
13991889,2017-09-14 00:00:00 +0000 UTC,2017-09-14 00:16:31,2017-09-14 00:16:31,android
13991889,2017-09-15 00:00:00 +0000 UTC,2017-09-15 20:48:46,2017-09-15 20:48:46,android
13991889,2017-09-21 00:00:00 +0000 UTC,2017-09-21 03:09:36,2017-09-21 03:09:36,android
13991889,2017-09-22 00:00:00 +0000 UTC,2017-09-22 03:26:20,2017-09-22 03:26:20,android
13991889,2017-09-23 00:00:00 +0000 UTC,2017-09-23 04:37:50,2017-09-23 04:37:50,android
13991889,2017-09-24 00:00:00 +0000 UTC,2017-09-24 07:00:35,2017-09-24 07:00:35,android
13991889,2017-09-25 00:00:00 +0000 UTC,2017-09-25 19:36:10,2017-09-25 19:36:10,android
13991889,2017-09-27 00:00:00 +0000 UTC,2017-09-27 20:17:53,2017-09-27 20:17:53,android
13991889,2017-09-30 00:00:00 +0000 UTC,2017-09-30 04:19:07,2017-09-30 04:19:07,android
13991889,2017-10-04 00:00:00 +0000 UTC,2017-10-04 17:31:01,2017-10-04 17:31:01,android
13991889,2017-10-07 00:00:00 +0000 UTC,2017-10-07 05:44:50,2017-10-07 05:44:50,android
13991889,2017-10-09 00:00:00 +0000 UTC,2017-10-09 10:11:22,2017-10-09 10:11:22,android
13991889,2017-10-09 00:00:00 +0000 UTC,2017-10-09 10:13:39,2017-10-09 10:13:39,web
13991889,2017-10-10 00:00:00 +0000 UTC,2017-10-10 00:03:33,2017-10-10 00:03:33,android
13991889,2017-10-11 00:00:00 +0000 UTC,2017-10-11 03:23:42,2017-10-11 03:23:42,android
13991889,2017-10-11 00:00:00 +0000 UTC,2017-10-11 03:24:04,2017-10-11 03:24:04,web
13991889,2017-10-13 00:00:00 +0000 UTC,2017-10-13 00:03:39,2017-10-13 00:03:39,android
13991889,2017-10-14 00:00:00 +0000 UTC,2017-10-14 17:09:04,2017-10-14 17:09:04,android
13991889,2017-10-15 00:00:00 +0000 UTC,2017-10-15 06:27:30,2017-10-15 06:27:30,android
13991889,2017-10-16 00:00:00 +0000 UTC,2017-10-16 05:25:35,2017-10-16 05:25:35,android
13991889,2017-10-18 00:00:00 +0000 UTC,2017-10-18 00:31:31,2017-10-18 00:31:31,android
13991889,2017-10-19 00:00:00 +0000 UTC,2017-10-19 00:08:27,2017-10-19 00:08:27,android
13991889,2017-10-20 00:00:00 +0000 UTC,2017-10-20 02:33:36,2017-10-20 02:33:36,android
13991889,2017-10-22 00:00:00 +0000 UTC,2017-10-22 01:31:35,2017-10-22 01:31:35,android
13991889,2017-10-22 00:00:00 +0000 UTC,2017-10-22 01:31:44,2017-10-22 01:31:44,web
13991889,2017-10-25 00:00:00 +0000 UTC,2017-10-25 10:01:11,2017-10-25 10:01:11,android
13991889,2017-10-26 00:00:00 +0000 UTC,2017-10-26 21:19:05,2017-10-26 21:19:05,android
13991889,2017-10-27 00:00:00 +0000 UTC,2017-10-27 02:42:33,2017-10-27 02:42:33,android
13991889,2017-10-28 00:00:00 +0000 UTC,2017-10-28 16:20:37,2017-10-28 16:20:37,android
13991889,2017-10-29 00:00:00 +0000 UTC,2017-10-29 01:58:27,2017-10-29 01:58:27,android
13991889,2017-11-03 00:00:00 +0000 UTC,2017-11-03 01:52:22,2017-11-03 01:52:22,android
13991889,2017-11-03 00:00:00 +0000 UTC,2017-11-03 01:52:25,2017-11-03 01:52:25,web
13991889,2017-11-04 00:00:00 +0000 UTC,2017-11-04 04:06:14,2017-11-04 04:06:14,android
13991889,2017-11-05 00:00:00 +0000 UTC,2017-11-05 05:50:48,2017-11-05 05:50:48,android
13991889,2017-11-07 00:00:00 +0000 UTC,2017-11-07 22:17:55,2017-11-07 22:17:55,android
13991889,2017-11-09 00:00:00 +0000 UTC,2017-11-09 22:57:06,2017-11-09 22:57:06,android
13991889,2017-11-10 00:00:00 +0000 UTC,2017-11-10 03:49:54,2017-11-10 03:49:54,android
13991889,2017-11-11 00:00:00 +0000 UTC,2017-11-11 16:41:53,2017-11-11 16:41:53,android
13991889,2017-11-12 00:00:00 +0000 UTC,2017-11-12 00:53:29,2017-11-12 00:53:29,android
13991889,2017-11-13 00:00:00 +0000 UTC,2017-11-13 19:34:52,2017-11-13 19:34:52,android
13991889,2017-11-17 00:00:00 +0000 UTC,2017-11-17 00:22:43,2017-11-17 00:22:43,android
13991889,2017-11-18 00:00:00 +0000 UTC,2017-11-18 01:21:22,2017-11-18 01:21:22,android
13991889,2017-11-19 00:00:00 +0000 UTC,2017-11-19 07:55:42,2017-11-19 07:55:42,android
13991889,2017-11-20 00:00:00 +0000 UTC,2017-11-20 16:45:53,2017-11-20 16:45:53,android
13991889,2017-11-23 00:00:00 +0000 UTC,2017-11-23 02:47:40,2017-11-23 02:47:40,android
13991889,2017-11-23 00:00:00 +0000 UTC,2017-11-23 02:47:43,2017-11-23 02:47:43,web
13991889,2017-11-24 00:00:00 +0000 UTC,2017-11-24 00:00:14,2017-11-24 00:00:14,android
13991889,2017-11-26 00:00:00 +0000 UTC,2017-11-26 06:23:09,2017-11-26 06:23:09,android
13991889,2017-11-28 00:00:00 +0000 UTC,2017-11-28 20:59:26,2017-11-28 20:59:26,android
13991889,2017-11-28 00:00:00 +0000 UTC,2017-11-28 20:59:32,2017-11-28 20:59:32,web
13991889,2017-12-01 00:00:00 +0000 UTC,2017-12-01 21:18:06,2017-12-01 21:18:06,android
13991889,2017-12-03 00:00:00 +0000 UTC,2017-12-03 15:13:47,2017-12-03 15:13:47,android
13991889,2017-12-06 00:00:00 +0000 UTC,2017-12-06 03:57:24,2017-12-06 03:57:24,android
13991889,2017-12-07 00:00:00 +0000 UTC,2017-12-07 02:37:41,2017-12-07 02:37:41,android
13991889,2017-12-08 00:00:00 +0000 UTC,2017-12-08 16:47:48,2017-12-08 16:47:48,android
13991889,2017-12-09 00:00:00 +0000 UTC,2017-12-09 04:08:43,2017-12-09 04:08:43,android
13991889,2017-12-11 00:00:00 +0000 UTC,2017-12-11 02:14:52,2017-12-11 02:14:52,android
13991889,2017-12-12 00:00:00 +0000 UTC,2017-12-12 05:12:08,2017-12-12 05:12:08,android
13991889,2017-12-13 00:00:00 +0000 UTC,2017-12-13 04:47:46,2017-12-13 04:47:46,android
13991889,2017-12-14 00:00:00 +0000 UTC,2017-12-14 00:45:10,2017-12-14 00:45:10,android
13991889,2017-12-19 00:00:00 +0000 UTC,2017-12-19 02:28:00,2017-12-19 02:28:00,android
13991889,2017-12-20 00:00:00 +0000 UTC,2017-12-20 23:29:46,2017-12-20 23:29:46,android
13991889,2017-12-21 00:00:00 +0000 UTC,2017-12-21 07:07:59,2017-12-21 07:07:59,android
13991889,2017-12-22 00:00:00 +0000 UTC,2017-12-22 05:49:45,2017-12-22 05:49:45,android
13991889,2017-12-24 00:00:00 +0000 UTC,2017-12-24 18:09:13,2017-12-24 18:09:13,android
13991889,2017-12-26 00:00:00 +0000 UTC,2017-12-26 04:48:54,2017-12-26 04:48:54,android
13991889,2017-12-27 00:00:00 +0000 UTC,2017-12-27 06:31:09,2017-12-27 06:31:09,android
13991889,2017-12-28 00:00:00 +0000 UTC,2017-12-28 07:59:37,2017-12-28 07:59:37,android
13991889,2017-12-29 00:00:00 +0000 UTC,2017-12-29 18:31:11,2017-12-29 18:31:11,android
13991889,2017-12-30 00:00:00 +0000 UTC,2017-12-30 03:49:15,2017-12-30 03:49:15,android
13991889,2018-01-01 00:00:00 +0000 UTC,2018-01-01 17:50:13,2018-01-01 17:50:13,android
13991889,2018-01-03 00:00:00 +0000 UTC,2018-01-03 04:16:07,2018-01-03 04:16:07,android
13991889,2018-01-04 00:00:00 +0000 UTC,2018-01-04 00:59:16,2018-01-04 00:59:16,android
13991889,2018-01-05 00:00:00 +0000 UTC,2018-01-05 22:29:06,2018-01-05 22:29:06,android
13991889,2018-01-06 00:00:00 +0000 UTC,2018-01-06 06:49:04,2018-01-06 06:49:04,android
13991889,2018-01-07 00:00:00 +0000 UTC,2018-01-07 17:18:15,2018-01-07 17:18:15,android
13991889,2018-01-08 00:00:00 +0000 UTC,2018-01-08 01:31:24,2018-01-08 01:31:24,android
13991889,2018-01-09 00:00:00 +0000 UTC,2018-01-09 19:10:42,2018-01-09 19:10:42,android
13991889,2018-01-10 00:00:00 +0000 UTC,2018-01-10 04:35:53,2018-01-10 04:35:53,android
13991889,2018-01-11 00:00:00 +0000 UTC,2018-01-11 03:57:13,2018-01-11 03:57:13,android
13991889,2018-01-12 00:00:00 +0000 UTC,2018-01-12 02:20:15,2018-01-12 02:20:15,android
13991889,2018-01-13 00:00:00 +0000 UTC,2018-01-13 03:47:51,2018-01-13 03:47:51,android
13991889,2018-01-14 00:00:00 +0000 UTC,2018-01-14 03:54:15,2018-01-14 03:54:15,android
13991889,2018-01-15 00:00:00 +0000 UTC,2018-01-15 01:43:04,2018-01-15 01:43:04,android
13991889,2018-01-16 00:00:00 +0000 UTC,2018-01-16 00:43:43,2018-01-16 00:43:43,android
13991889,2018-01-17 00:00:00 +0000 UTC,2018-01-17 03:02:37,2018-01-17 03:02:37,android
13991889,2018-01-18 00:00:00 +0000 UTC,2018-01-18 02:33:49,2018-01-18 02:33:49,android
13991889,2018-01-19 00:00:00 +0000 UTC,2018-01-19 04:07:10,2018-01-19 04:07:10,android
13991889,2018-01-20 00:00:00 +0000 UTC,2018-01-20 06:26:06,2018-01-20 06:26:06,android
13991889,2018-01-21 00:00:00 +0000 UTC,2018-01-21 05:20:40,2018-01-21 05:20:40,android
13991889,2018-01-22 00:00:00 +0000 UTC,2018-01-22 03:21:59,2018-01-22 03:21:59,android
13991889,2018-01-23 00:00:00 +0000 UTC,2018-01-23 00:23:41,2018-01-23 00:23:41,android
13991889,2018-01-24 00:00:00 +0000 UTC,2018-01-24 18:16:56,2018-01-24 18:16:56,android
13991889,2018-01-25 00:00:00 +0000 UTC,2018-01-25 03:39:07,2018-01-25 03:39:07,android
13991889,2018-01-26 00:00:00 +0000 UTC,2018-01-26 04:02:33,2018-01-26 04:02:33,android
13991889,2018-01-27 00:00:00 +0000 UTC,2018-01-27 00:41:31,2018-01-27 00:41:31,android
13991889,2018-01-29 00:00:00 +0000 UTC,2018-01-29 02:46:22,2018-01-29 02:46:22,android
13991889,2018-01-30 00:00:00 +0000 UTC,2018-01-30 05:56:13,2018-01-30 05:56:13,android
13991889,2018-01-31 00:00:00 +0000 UTC,2018-01-31 02:13:35,2018-01-31 02:13:35,android
13991889,2018-02-01 00:00:00 +0000 UTC,2018-02-01 03:51:57,2018-02-01 03:51:57,android
13991889,2018-02-02 00:00:00 +0000 UTC,2018-02-02 01:05:22,2018-02-02 01:05:22,android
13991889,2018-02-03 00:00:00 +0000 UTC,2018-02-03 05:29:28,2018-02-03 05:29:28,android
13991889,2018-02-04 00:00:00 +0000 UTC,2018-02-04 00:17:34,2018-02-04 00:17:34,android
13991889,2018-02-05 00:00:00 +0000 UTC,2018-02-05 04:44:21,2018-02-05 04:44:21,android
13991889,2018-02-06 00:00:00 +0000 UTC,2018-02-06 03:54:16,2018-02-06 03:54:16,android
13991889,2018-02-07 00:00:00 +0000 UTC,2018-02-07 07:03:44,2018-02-07 07:03:44,android
13991889,2018-02-08 00:00:00 +0000 UTC,2018-02-08 03:56:59,2018-02-08 03:56:59,android
13991889,2018-02-09 00:00:00 +0000 UTC,2018-02-09 06:07:43,2018-02-09 06:07:43,android
13991889,2018-02-10 00:00:00 +0000 UTC,2018-02-10 05:55:30,2018-02-10 05:55:30,android
13991889,2018-02-12 00:00:00 +0000 UTC,2018-02-12 07:58:07,2018-02-12 07:58:07,android
13991889,2018-02-13 00:00:00 +0000 UTC,2018-02-13 05:46:40,2018-02-13 05:46:40,android
13991889,2018-02-14 00:00:00 +0000 UTC,2018-02-14 00:39:43,2018-02-14 00:39:43,android
13991889,2018-02-15 00:00:00 +0000 UTC,2018-02-15 04:31:46,2018-02-15 04:31:46,android
13991889,2018-02-16 00:00:00 +0000 UTC,2018-02-16 04:52:00,2018-02-16 04:52:00,android
13991889,2018-02-17 00:00:00 +0000 UTC,2018-02-17 06:08:08,2018-02-17 06:08:08,android
13991889,2018-02-19 00:00:00 +0000 UTC,2018-02-19 02:26:16,2018-02-19 02:26:16,android
13991889,2018-02-20 00:00:00 +0000 UTC,2018-02-20 08:52:46,2018-02-20 08:52:46,android
13991889,2018-02-21 00:00:00 +0000 UTC,2018-02-21 04:28:39,2018-02-21 04:28:39,android
13991889,2018-02-22 00:00:00 +0000 UTC,2018-02-22 01:19:02,2018-02-22 01:19:02,android
13991889,2018-02-23 00:00:00 +0000 UTC,2018-02-23 20:17:58,2018-02-23 20:17:58,android
13991889,2018-02-25 00:00:00 +0000 UTC,2018-02-25 02:25:27,2018-02-25 02:25:27,android
13991889,2018-02-26 00:00:00 +0000 UTC,2018-02-26 04:33:51,2018-02-26 04:33:51,android
13991889,2018-02-27 00:00:00 +0000 UTC,2018-02-27 01:01:33,2018-02-27 01:01:33,android
13991889,2018-02-28 00:00:00 +0000 UTC,2018-02-28 03:36:33,2018-02-28 03:36:33,android
13991889,2018-02-28 00:00:00 +0000 UTC,2018-02-28 03:36:35,2018-02-28 03:36:35,web
13991889,2018-03-01 00:00:00 +0000 UTC,2018-03-01 06:37:01,2018-03-01 06:37:01,android
13991889,2018-03-02 00:00:00 +0000 UTC,2018-03-02 01:31:57,2018-03-02 01:31:57,android
13991889,2018-03-03 00:00:00 +0000 UTC,2018-03-03 06:00:05,2018-03-03 06:00:05,android
13991889,2018-03-04 00:00:00 +0000 UTC,2018-03-04 18:32:13,2018-03-04 18:32:13,android
13991889,2018-03-05 00:00:00 +0000 UTC,2018-03-05 02:19:37,2018-03-05 02:19:37,android
13991889,2018-03-06 00:00:00 +0000 UTC,2018-03-06 11:57:38,2018-03-06 11:57:38,android
13991889,2018-03-07 00:00:00 +0000 UTC,2018-03-07 01:31:46,2018-03-07 01:31:46,android
13991889,2018-03-08 00:00:00 +0000 UTC,2018-03-08 01:59:38,2018-03-08 01:59:38,android
13991889,2018-03-09 00:00:00 +0000 UTC,2018-03-09 03:38:02,2018-03-09 03:38:02,android
13991889,2018-03-10 00:00:00 +0000 UTC,2018-03-10 19:27:29,2018-03-10 19:27:29,android
13991889,2018-03-11 00:00:00 +0000 UTC,2018-03-11 05:26:21,2018-03-11 05:26:21,android
13991889,2018-03-12 00:00:00 +0000 UTC,2018-03-12 01:03:36,2018-03-12 01:03:36,android
13991889,2018-03-13 00:00:00 +0000 UTC,2018-03-13 22:35:34,2018-03-13 22:35:34,android
13991889,2018-03-14 00:00:00 +0000 UTC,2018-03-14 03:35:47,2018-03-14 03:35:47,android
13991889,2018-03-15 00:00:00 +0000 UTC,2018-03-15 01:04:10,2018-03-15 01:04:10,android
13991889,2018-03-16 00:00:00 +0000 UTC,2018-03-16 19:38:21,2018-03-16 19:38:21,android
13991889,2018-03-17 00:00:00 +0000 UTC,2018-03-17 01:58:48,2018-03-17 01:58:48,android
13991889,2018-03-18 00:00:00 +0000 UTC,2018-03-18 01:57:10,2018-03-18 01:57:10,android
13991889,2018-03-19 00:00:00 +0000 UTC,2018-03-19 03:34:19,2018-03-19 03:34:19,android
13991889,2018-03-20 00:00:00 +0000 UTC,2018-03-20 01:33:22,2018-03-20 01:33:22,android
13991889,2018-03-21 00:00:00 +0000 UTC,2018-03-21 00:29:20,2018-03-21 00:29:20,android
13991889,2018-03-23 00:00:00 +0000 UTC,2018-03-23 00:10:25,2018-03-23 00:10:25,android
13991889,2018-03-24 00:00:00 +0000 UTC,2018-03-24 06:35:09,2018-03-24 06:35:09,android
13991889,2018-03-26 00:00:00 +0000 UTC,2018-03-26 23:25:43,2018-03-26 23:25:43,android
13991889,2018-03-28 00:00:00 +0000 UTC,2018-03-28 18:36:47,2018-03-28 18:36:47,android
13991889,2018-03-29 00:00:00 +0000 UTC,2018-03-29 15:14:22,2018-03-29 15:14:22,android
13991889,2018-03-30 00:00:00 +0000 UTC,2018-03-30 19:18:31,2018-03-30 19:18:31,android
13991889,2018-03-31 00:00:00 +0000 UTC,2018-03-31 04:25:34,2018-03-31 04:25:34,android
13991889,2018-04-01 00:00:00 +0000 UTC,2018-04-01 05:45:15,2018-04-01 05:45:15,android
13991889,2018-04-02 00:00:00 +0000 UTC,2018-04-02 02:26:08,2018-04-02 02:26:08,android
13991889,2018-04-05 00:00:00 +0000 UTC,2018-04-05 19:46:11,2018-04-05 19:46:11,android
13991889,2018-04-06 00:00:00 +0000 UTC,2018-04-06 19:15:37,2018-04-06 19:15:37,android
13991889,2018-04-07 00:00:00 +0000 UTC,2018-04-07 04:48:54,2018-04-07 04:48:54,android
13991889,2018-04-08 00:00:00 +0000 UTC,2018-04-08 17:24:17,2018-04-08 17:24:17,android
13991889,2018-04-10 00:00:00 +0000 UTC,2018-04-10 23:05:50,2018-04-10 23:05:50,android
13991889,2018-04-11 00:00:00 +0000 UTC,2018-04-11 19:28:45,2018-04-11 19:28:45,android
13991889,2018-04-12 00:00:00 +0000 UTC,2018-04-12 00:03:25,2018-04-12 00:03:25,android
13991889,2018-04-13 00:00:00 +0000 UTC,2018-04-13 01:59:25,2018-04-13 01:59:25,android
13991889,2018-04-14 00:00:00 +0000 UTC,2018-04-14 03:32:40,2018-04-14 03:32:40,android
13991889,2018-04-17 00:00:00 +0000 UTC,2018-04-17 00:11:04,2018-04-17 00:11:04,android
13991889,2018-04-18 00:00:00 +0000 UTC,2018-04-18 00:05:00,2018-04-18 00:05:00,android
13991889,2018-04-19 00:00:00 +0000 UTC,2018-04-19 03:21:01,2018-04-19 03:21:01,android
13991889,2018-04-20 00:00:00 +0000 UTC,2018-04-20 00:06:48,2018-04-20 00:06:48,android
13991889,2018-04-21 00:00:00 +0000 UTC,2018-04-21 15:26:46,2018-04-21 15:26:46,android
13991889,2018-04-22 00:00:00 +0000 UTC,2018-04-22 18:46:56,2018-04-22 18:46:56,android
13991889,2018-04-23 00:00:00 +0000 UTC,2018-04-23 23:21:45,2018-04-23 23:21:45,android
13991889,2018-04-24 00:00:00 +0000 UTC,2018-04-24 00:01:17,2018-04-24 00:01:17,android
13991889,2018-04-25 00:00:00 +0000 UTC,2018-04-25 01:13:25,2018-04-25 01:13:25,android
13991889,2018-04-26 00:00:00 +0000 UTC,2018-04-26 03:10:40,2018-04-26 03:10:40,android
13991889,2018-04-29 00:00:00 +0000 UTC,2018-04-29 17:23:38,2018-04-29 17:23:38,android
13991889,2018-05-01 00:00:00 +0000 UTC,2018-05-01 22:19:42,2018-05-01 22:19:42,android
13991889,2018-05-03 00:00:00 +0000 UTC,2018-05-03 01:18:26,2018-05-03 01:18:26,android
13991889,2018-05-04 00:00:00 +0000 UTC,2018-05-04 18:34:57,2018-05-04 18:34:57,android
13991889,2018-05-05 00:00:00 +0000 UTC,2018-05-05 23:28:01,2018-05-05 23:28:01,android
13991889,2018-05-08 00:00:00 +0000 UTC,2018-05-08 14:28:43,2018-05-08 14:28:43,android
13991889,2018-05-09 00:00:00 +0000 UTC,2018-05-09 22:39:28,2018-05-09 22:39:28,android
13991889,2018-05-10 00:00:00 +0000 UTC,2018-05-10 04:15:10,2018-05-10 04:15:10,android
13991889,2018-05-12 00:00:00 +0000 UTC,2018-05-12 05:28:46,2018-05-12 05:28:46,android
13991889,2018-05-13 00:00:00 +0000 UTC,2018-05-13 00:11:17,2018-05-13 00:11:17,android
13991889,2018-05-14 00:00:00 +0000 UTC,2018-05-14 19:08:45,2018-05-14 19:08:45,android
13991889,2018-05-16 00:00:00 +0000 UTC,2018-05-16 22:29:09,2018-05-16 22:29:09,android
13991889,2018-05-17 00:00:00 +0000 UTC,2018-05-17 00:13:02,2018-05-17 00:13:02,android
13991889,2018-05-18 00:00:00 +0000 UTC,2018-05-18 01:30:20,2018-05-18 01:30:20,android
13991889,2018-05-19 00:00:00 +0000 UTC,2018-05-19 15:54:48,2018-05-19 15:54:48,android
13991889,2018-05-20 00:00:00 +0000 UTC,2018-05-20 01:40:54,2018-05-20 01:40:54,android
13991889,2018-05-21 00:00:00 +0000 UTC,2018-05-21 02:44:40,2018-05-21 02:44:40,android
13991889,2018-05-22 00:00:00 +0000 UTC,2018-05-22 00:23:41,2018-05-22 00:23:41,android
13991889,2018-05-23 00:00:00 +0000 UTC,2018-05-23 20:18:22,2018-05-23 20:18:22,android
13991889,2018-05-24 00:00:00 +0000 UTC,2018-05-24 02:29:59,2018-05-24 02:29:59,android
13991889,2018-05-26 00:00:00 +0000 UTC,2018-05-26 02:53:25,2018-05-26 02:53:25,android
13991889,2018-05-27 00:00:00 +0000 UTC,2018-05-27 15:50:12,2018-05-27 15:50:12,android
13991889,2018-05-28 00:00:00 +0000 UTC,2018-05-28 22:57:39,2018-05-28 22:57:39,android
13991889,2018-05-30 00:00:00 +0000 UTC,2018-05-30 02:56:40,2018-05-30 02:56:40,android
13991889,2018-05-31 00:00:00 +0000 UTC,2018-05-31 21:06:28,2018-05-31 21:06:28,android
13991889,2018-06-01 00:00:00 +0000 UTC,2018-06-01 09:34:58,2018-06-01 09:34:58,android
13991889,2018-06-03 00:00:00 +0000 UTC,2018-06-03 05:01:54,2018-06-03 05:01:54,android
13991889,2018-06-04 00:00:00 +0000 UTC,2018-06-04 20:11:22,2018-06-04 20:11:22,android
13991889,2018-06-07 00:00:00 +0000 UTC,2018-06-07 03:07:16,2018-06-07 03:07:16,android
13991889,2018-06-08 00:00:00 +0000 UTC,2018-06-08 19:31:16,2018-06-08 19:31:16,android
13991889,2018-06-09 00:00:00 +0000 UTC,2018-06-09 02:44:58,2018-06-09 02:44:58,android
13991889,2018-06-10 00:00:00 +0000 UTC,2018-06-10 05:09:46,2018-06-10 05:09:46,android
13991889,2018-06-11 00:00:00 +0000 UTC,2018-06-11 01:15:56,2018-06-11 01:15:56,android
13991889,2018-06-12 00:00:00 +0000 UTC,2018-06-12 02:50:59,2018-06-12 02:50:59,android
13991889,2018-06-13 00:00:00 +0000 UTC,2018-06-13 01:23:17,2018-06-13 01:23:17,android
13991889,2018-06-15 00:00:00 +0000 UTC,2018-06-15 18:03:34,2018-06-15 18:03:34,android
13991889,2018-06-16 00:00:00 +0000 UTC,2018-06-16 16:35:35,2018-06-16 16:35:35,android
13991889,2018-06-17 00:00:00 +0000 UTC,2018-06-17 12:43:03,2018-06-17 12:43:03,android
13991889,2018-06-18 00:00:00 +0000 UTC,2018-06-18 03:14:39,2018-06-18 03:14:39,android
13991889,2018-06-20 00:00:00 +0000 UTC,2018-06-20 16:58:07,2018-06-20 16:58:07,android
13991889,2018-06-21 00:00:00 +0000 UTC,2018-06-21 05:12:28,2018-06-21 05:12:28,android
13991889,2018-06-22 00:00:00 +0000 UTC,2018-06-22 13:46:45,2018-06-22 13:46:45,android
13991889,2018-06-23 00:00:00 +0000 UTC,2018-06-23 00:49:57,2018-06-23 00:49:57,android
13991889,2018-06-24 00:00:00 +0000 UTC,2018-06-24 20:46:30,2018-06-24 20:46:30,android
13991889,2018-06-25 00:00:00 +0000 UTC,2018-06-25 05:22:48,2018-06-25 05:22:48,android
13991889,2018-06-26 00:00:00 +0000 UTC,2018-06-26 18:48:14,2018-06-26 18:48:14,android
13991889,2018-06-28 00:00:00 +0000 UTC,2018-06-28 04:20:09,2018-06-28 04:20:09,android
13991889,2018-06-29 00:00:00 +0000 UTC,2018-06-29 21:43:27,2018-06-29 21:43:27,android
13991889,2018-06-30 00:00:00 +0000 UTC,2018-06-30 16:58:11,2018-06-30 16:58:11,android
13991889,2018-07-02 00:00:00 +0000 UTC,2018-07-02 19:36:57,2018-07-02 19:36:57,android
13991889,2018-07-03 00:00:00 +0000 UTC,2018-07-03 05:10:41,2018-07-03 05:10:41,android
13991889,2018-07-05 00:00:00 +0000 UTC,2018-07-05 19:48:20,2018-07-05 19:48:20,android
13991889,2018-07-06 00:00:00 +0000 UTC,2018-07-06 01:49:53,2018-07-06 01:49:53,android
13991889,2018-07-07 00:00:00 +0000 UTC,2018-07-07 07:07:34,2018-07-07 07:07:34,android
13991889,2018-07-08 00:00:00 +0000 UTC,2018-07-08 03:03:04,2018-07-08 03:03:04,android
13991889,2018-07-09 00:00:00 +0000 UTC,2018-07-09 17:14:18,2018-07-09 17:14:18,android
13991889,2018-07-10 00:00:00 +0000 UTC,2018-07-10 01:26:45,2018-07-10 01:26:45,android
13991889,2018-07-11 00:00:00 +0000 UTC,2018-07-11 02:36:45,2018-07-11 02:36:45,android
13991889,2018-07-12 00:00:00 +0000 UTC,2018-07-12 00:58:19,2018-07-12 00:58:19,android
13991889,2018-07-13 00:00:00 +0000 UTC,2018-07-13 00:10:51,2018-07-13 00:10:51,android
13991889,2018-07-14 00:00:00 +0000 UTC,2018-07-14 19:13:41,2018-07-14 19:13:41,android
13991889,2018-07-16 00:00:00 +0000 UTC,2018-07-16 02:57:42,2018-07-16 02:57:42,android
13991889,2018-07-17 00:00:00 +0000 UTC,2018-07-17 02:17:18,2018-07-17 02:17:18,android
13991889,2018-07-18 00:00:00 +0000 UTC,2018-07-18 20:53:48,2018-07-18 20:53:48,android
13991889,2018-07-19 00:00:00 +0000 UTC,2018-07-19 23:00:11,2018-07-19 23:00:11,android
13991889,2018-07-20 00:00:00 +0000 UTC,2018-07-20 02:43:11,2018-07-20 02:43:11,android
13991889,2018-07-21 00:00:00 +0000 UTC,2018-07-21 13:52:19,2018-07-21 13:52:19,android
13991889,2018-07-22 00:00:00 +0000 UTC,2018-07-22 05:55:49,2018-07-22 05:55:49,android
13991889,2018-07-23 00:00:00 +0000 UTC,2018-07-23 00:42:27,2018-07-23 00:42:27,android
13991889,2018-07-26 00:00:00 +0000 UTC,2018-07-26 01:15:49,2018-07-26 01:15:49,android
13991889,2018-07-27 00:00:00 +0000 UTC,2018-07-27 19:37:35,2018-07-27 19:37:35,android
13991889,2018-07-29 00:00:00 +0000 UTC,2018-07-29 01:00:55,2018-07-29 01:00:55,android
13991889,2018-07-30 00:00:00 +0000 UTC,2018-07-30 02:37:42,2018-07-30 02:37:42,android
13991889,2018-07-31 00:00:00 +0000 UTC,2018-07-31 17:22:33,2018-07-31 17:22:33,android
13991889,2018-08-01 00:00:00 +0000 UTC,2018-08-01 19:02:55,2018-08-01 19:02:55,android
13991889,2018-08-02 00:00:00 +0000 UTC,2018-08-02 01:00:17,2018-08-02 01:00:17,android
13991889,2018-08-03 00:00:00 +0000 UTC,2018-08-03 19:18:15,2018-08-03 19:18:15,android
13991889,2018-08-05 00:00:00 +0000 UTC,2018-08-05 04:41:02,2018-08-05 04:41:02,android
13991889,2018-08-07 00:00:00 +0000 UTC,2018-08-07 05:31:45,2018-08-07 05:31:45,android
13991889,2018-08-09 00:00:00 +0000 UTC,2018-08-09 00:15:46,2018-08-09 00:15:46,android
13991889,2018-08-10 00:00:00 +0000 UTC,2018-08-10 17:56:07,2018-08-10 17:56:07,android
13991889,2018-08-11 00:00:00 +0000 UTC,2018-08-11 01:42:02,2018-08-11 01:42:02,android
13991889,2018-08-12 00:00:00 +0000 UTC,2018-08-12 00:31:55,2018-08-12 00:31:55,android
13991889,2018-08-13 00:00:00 +0000 UTC,2018-08-13 22:58:45,2018-08-13 22:58:45,android
13991889,2018-08-14 00:00:00 +0000 UTC,2018-08-14 17:42:57,2018-08-14 17:42:57,android
13991889,2018-08-15 00:00:00 +0000 UTC,2018-08-15 01:40:03,2018-08-15 01:40:03,android
13991889,2018-08-16 00:00:00 +0000 UTC,2018-08-16 21:38:44,2018-08-16 21:38:44,android
13991889,2018-08-17 00:00:00 +0000 UTC,2018-08-17 19:47:03,2018-08-17 19:47:03,android
13991889,2018-08-18 00:00:00 +0000 UTC,2018-08-18 03:46:53,2018-08-18 03:46:53,android
13991889,2018-08-19 00:00:00 +0000 UTC,2018-08-19 00:00:17,2018-08-19 00:00:17,android
13991889,2018-08-20 00:00:00 +0000 UTC,2018-08-20 00:17:07,2018-08-20 00:17:07,android
13991889,2018-08-22 00:00:00 +0000 UTC,2018-08-22 20:17:27,2018-08-22 20:17:27,android
13991889,2018-08-23 00:00:00 +0000 UTC,2018-08-23 01:50:56,2018-08-23 01:50:56,android
13991889,2018-08-24 00:00:00 +0000 UTC,2018-08-24 20:05:33,2018-08-24 20:05:33,android
13991889,2018-08-25 00:00:00 +0000 UTC,2018-08-25 05:03:44,2018-08-25 05:03:44,android
13991889,2018-08-27 00:00:00 +0000 UTC,2018-08-27 19:50:25,2018-08-27 19:50:25,android
13991889,2018-08-30 00:00:00 +0000 UTC,2018-08-30 01:39:15,2018-08-30 01:39:15,android
13991889,2018-08-30 00:00:00 +0000 UTC,2018-08-30 23:03:27,2018-08-30 23:03:27,web
13991889,2018-08-31 00:00:00 +0000 UTC,2018-08-31 18:48:41,2018-08-31 18:48:41,android
13991889,2018-09-01 00:00:00 +0000 UTC,2018-09-01 00:09:05,2018-09-01 00:09:05,android
13991889,2018-09-01 00:00:00 +0000 UTC,2018-09-01 14:32:37,2018-09-01 14:32:37,web
13991889,2018-09-02 00:00:00 +0000 UTC,2018-09-02 16:22:28,2018-09-02 16:22:28,android
13991889,2018-09-04 00:00:00 +0000 UTC,2018-09-04 04:16:06,2018-09-04 04:16:06,android
13991889,2018-09-07 00:00:00 +0000 UTC,2018-09-07 20:49:41,2018-09-07 20:49:41,android
13991889,2018-09-08 00:00:00 +0000 UTC,2018-09-08 02:24:19,2018-09-08 02:24:19,android
13991889,2018-09-09 00:00:00 +0000 UTC,2018-09-09 18:34:37,2018-09-09 18:34:37,android
13991889,2018-09-10 00:00:00 +0000 UTC,2018-09-10 02:17:58,2018-09-10 02:17:58,android
13991889,2018-09-11 00:00:00 +0000 UTC,2018-09-11 01:04:16,2018-09-11 01:04:16,android
13991889,2018-09-13 00:00:00 +0000 UTC,2018-09-13 22:37:52,2018-09-13 22:37:52,android
13991889,2018-09-14 00:00:00 +0000 UTC,2018-09-14 19:59:30,2018-09-14 19:59:30,android
13991889,2018-09-15 00:00:00 +0000 UTC,2018-09-15 04:34:42,2018-09-15 04:34:42,android
13991889,2018-09-16 00:00:00 +0000 UTC,2018-09-16 08:12:22,2018-09-16 08:12:22,android
13991889,2018-09-18 00:00:00 +0000 UTC,2018-09-18 16:33:54,2018-09-18 16:33:54,android
13991889,2018-09-19 00:00:00 +0000 UTC,2018-09-19 02:01:41,2018-09-19 02:01:41,android
13991889,2018-09-20 00:00:00 +0000 UTC,2018-09-20 15:18:38,2018-09-20 15:18:38,android
13991889,2018-09-22 00:00:00 +0000 UTC,2018-09-22 01:51:31,2018-09-22 01:51:31,android
13991889,2018-09-23 00:00:00 +0000 UTC,2018-09-23 02:21:29,2018-09-23 02:21:29,android
13991889,2018-09-24 00:00:00 +0000 UTC,2018-09-24 17:52:39,2018-09-24 17:52:39,android
13991889,2018-09-25 00:00:00 +0000 UTC,2018-09-25 04:44:26,2018-09-25 04:44:26,android
13991889,2018-09-26 00:00:00 +0000 UTC,2018-09-26 22:31:35,2018-09-26 22:31:35,android
13991889,2018-09-27 00:00:00 +0000 UTC,2018-09-27 03:53:40,2018-09-27 03:53:40,android
13991889,2018-09-28 00:00:00 +0000 UTC,2018-09-28 09:41:44,2018-09-28 09:41:44,android
13991889,2018-09-28 00:00:00 +0000 UTC,2018-09-28 19:34:42,2018-09-28 19:34:42,web
13991889,2018-09-29 00:00:00 +0000 UTC,2018-09-29 14:48:42,2018-09-29 14:48:42,android
13991889,2018-09-30 00:00:00 +0000 UTC,2018-09-30 17:35:46,2018-09-30 17:35:46,android
13991889,2018-10-04 00:00:00 +0000 UTC,2018-10-04 03:42:37,2018-10-04 03:42:37,android
13991889,2018-10-05 00:00:00 +0000 UTC,2018-10-05 20:32:43,2018-10-05 20:32:43,android
13991889,2018-10-07 00:00:00 +0000 UTC,2018-10-07 03:17:35,2018-10-07 03:17:35,android
13991889,2018-10-08 00:00:00 +0000 UTC,2018-10-08 19:21:47,2018-10-08 19:21:47,android
13991889,2018-10-09 00:00:00 +0000 UTC,2018-10-09 04:07:41,2018-10-09 04:07:41,android
13991889,2018-10-10 00:00:00 +0000 UTC,2018-10-10 02:44:47,2018-10-10 02:44:47,android
13991889,2018-10-11 00:00:00 +0000 UTC,2018-10-11 00:29:35,2018-10-11 00:29:35,android
13991889,2018-10-14 00:00:00 +0000 UTC,2018-10-14 23:06:33,2018-10-14 23:06:33,android
13991889,2018-10-15 00:00:00 +0000 UTC,2018-10-15 23:49:48,2018-10-15 23:49:48,android
13991889,2018-10-16 00:00:00 +0000 UTC,2018-10-16 03:19:42,2018-10-16 03:19:42,android
13991889,2018-10-17 00:00:00 +0000 UTC,2018-10-17 19:16:38,2018-10-17 19:16:38,android
13991889,2018-10-20 00:00:00 +0000 UTC,2018-10-20 01:28:52,2018-10-20 01:28:52,android
13991889,2018-10-21 00:00:00 +0000 UTC,2018-10-21 23:21:05,2018-10-21 23:21:05,android
13991889,2018-10-23 00:00:00 +0000 UTC,2018-10-23 01:06:52,2018-10-23 01:06:52,android
13991889,2018-10-24 00:00:00 +0000 UTC,2018-10-24 20:31:16,2018-10-24 20:31:16,android
13991889,2018-10-24 00:00:00 +0000 UTC,2018-10-24 20:33:35,2018-10-24 20:33:35,web
13991889,2018-10-25 00:00:00 +0000 UTC,2018-10-25 00:41:26,2018-10-25 00:41:26,android
13991889,2018-10-26 00:00:00 +0000 UTC,2018-10-26 02:26:34,2018-10-26 02:26:34,android
13991889,2018-10-26 00:00:00 +0000 UTC,2018-10-26 02:26:38,2018-10-26 02:26:38,web
13991889,2018-10-27 00:00:00 +0000 UTC,2018-10-27 06:58:18,2018-10-27 06:58:18,android
13991889,2018-10-28 00:00:00 +0000 UTC,2018-10-28 17:13:00,2018-10-28 17:13:00,android
13991889,2018-10-29 00:00:00 +0000 UTC,2018-10-29 02:12:21,2018-10-29 02:12:21,android
13991889,2018-10-30 00:00:00 +0000 UTC,2018-10-30 02:25:04,2018-10-30 02:25:04,android
13991889,2018-10-31 00:00:00 +0000 UTC,2018-10-31 03:41:20,2018-10-31 03:41:20,android
13991889,2018-10-31 00:00:00 +0000 UTC,2018-10-31 03:41:27,2018-10-31 03:41:27,web
13991889,2018-11-02 00:00:00 +0000 UTC,2018-11-02 22:06:18,2018-11-02 22:06:18,android
13991889,2018-11-03 00:00:00 +0000 UTC,2018-11-03 02:48:47,2018-11-03 02:48:47,android
13991889,2018-11-04 00:00:00 +0000 UTC,2018-11-04 04:13:13,2018-11-04 04:13:13,android
13991889,2018-11-05 00:00:00 +0000 UTC,2018-11-05 20:46:32,2018-11-05 20:46:32,android
13991889,2018-11-06 00:00:00 +0000 UTC,2018-11-06 20:27:58,2018-11-06 20:27:58,android
13991889,2018-11-07 00:00:00 +0000 UTC,2018-11-07 02:43:54,2018-11-07 02:43:54,android
13991889,2018-11-08 00:00:00 +0000 UTC,2018-11-08 03:03:46,2018-11-08 03:03:46,android
13991889,2018-11-09 00:00:00 +0000 UTC,2018-11-09 00:16:02,2018-11-09 00:16:02,android
13991889,2018-11-10 00:00:00 +0000 UTC,2018-11-10 15:29:01,2018-11-10 15:29:01,android
13991889,2018-11-11 00:00:00 +0000 UTC,2018-11-11 06:38:24,2018-11-11 06:38:24,android
13991889,2018-11-12 00:00:00 +0000 UTC,2018-11-12 00:02:20,2018-11-12 00:02:20,android
13991889,2018-11-13 00:00:00 +0000 UTC,2018-11-13 00:55:41,2018-11-13 00:55:41,android
13991889,2018-11-14 00:00:00 +0000 UTC,2018-11-14 04:08:37,2018-11-14 04:08:37,android
13991889,2018-11-15 00:00:00 +0000 UTC,2018-11-15 00:07:06,2018-11-15 00:07:06,android
13991889,2018-11-16 00:00:00 +0000 UTC,2018-11-16 19:55:45,2018-11-16 19:55:45,android
13991889,2018-11-17 00:00:00 +0000 UTC,2018-11-17 04:22:02,2018-11-17 04:22:02,android
13991889,2018-11-19 00:00:00 +0000 UTC,2018-11-19 05:25:00,2018-11-19 05:25:00,android
13991889,2018-11-21 00:00:00 +0000 UTC,2018-11-21 18:51:37,2018-11-21 18:51:37,android
13991889,2018-11-22 00:00:00 +0000 UTC,2018-11-22 19:47:59,2018-11-22 19:47:59,android
13991889,2018-11-23 00:00:00 +0000 UTC,2018-11-23 19:57:58,2018-11-23 19:57:58,android
13991889,2018-11-24 00:00:00 +0000 UTC,2018-11-24 02:05:13,2018-11-24 02:05:13,android
13991889,2018-11-25 00:00:00 +0000 UTC,2018-11-25 06:19:49,2018-11-25 06:19:49,android
13991889,2018-11-26 00:00:00 +0000 UTC,2018-11-26 01:32:52,2018-11-26 01:32:52,android
13991889,2018-11-27 00:00:00 +0000 UTC,2018-11-27 01:52:42,2018-11-27 01:52:42,android
13991889,2018-11-29 00:00:00 +0000 UTC,2018-11-29 01:34:00,2018-11-29 01:34:00,android
13991889,2018-11-30 00:00:00 +0000 UTC,2018-11-30 01:40:23,2018-11-30 01:40:23,android
13991889,2018-12-01 00:00:00 +0000 UTC,2018-12-01 05:51:21,2018-12-01 05:51:21,android
13991889,2018-12-03 00:00:00 +0000 UTC,2018-12-03 16:58:16,2018-12-03 16:58:16,android
13991889,2018-12-03 00:00:00 +0000 UTC,2018-12-03 18:02:55,2018-12-03 18:02:55,web
13991889,2018-12-04 00:00:00 +0000 UTC,2018-12-04 04:08:53,2018-12-04 04:08:53,android
13991889,2018-12-05 00:00:00 +0000 UTC,2018-12-05 18:13:59,2018-12-05 18:13:59,android
13991889,2018-12-06 00:00:00 +0000 UTC,2018-12-06 19:08:58,2018-12-06 19:08:58,android
13991889,2018-12-07 00:00:00 +0000 UTC,2018-12-07 05:13:26,2018-12-07 05:13:26,android
13991889,2018-12-08 00:00:00 +0000 UTC,2018-12-08 06:56:57,2018-12-08 06:56:57,android
13991889,2018-12-10 00:00:00 +0000 UTC,2018-12-10 16:20:51,2018-12-10 16:20:51,android
13991889,2018-12-11 00:00:00 +0000 UTC,2018-12-11 03:05:30,2018-12-11 03:05:30,android
13991889,2018-12-12 00:00:00 +0000 UTC,2018-12-12 00:45:34,2018-12-12 00:45:34,android
13991889,2018-12-13 00:00:00 +0000 UTC,2018-12-13 18:05:53,2018-12-13 18:05:53,android
13991889,2018-12-14 00:00:00 +0000 UTC,2018-12-14 05:24:05,2018-12-14 05:24:05,android
13991889,2018-12-15 00:00:00 +0000 UTC,2018-12-15 06:18:25,2018-12-15 06:18:25,android
13991889,2018-12-16 00:00:00 +0000 UTC,2018-12-16 04:54:00,2018-12-16 04:54:00,android
13991889,2018-12-17 00:00:00 +0000 UTC,2018-12-17 19:07:36,2018-12-17 19:07:36,android
13991889,2018-12-18 00:00:00 +0000 UTC,2018-12-18 02:05:21,2018-12-18 02:05:21,android
13991889,2018-12-19 00:00:00 +0000 UTC,2018-12-19 03:28:15,2018-12-19 03:28:15,android
13991889,2018-12-20 00:00:00 +0000 UTC,2018-12-20 01:28:38,2018-12-20 01:28:38,android
13991889,2018-12-21 00:00:00 +0000 UTC,2018-12-21 00:42:47,2018-12-21 00:42:47,android
13991889,2018-12-22 00:00:00 +0000 UTC,2018-12-22 04:22:41,2018-12-22 04:22:41,android
13991889,2018-12-23 00:00:00 +0000 UTC,2018-12-23 06:36:51,2018-12-23 06:36:51,android
13991889,2018-12-24 00:00:00 +0000 UTC,2018-12-24 02:59:27,2018-12-24 02:59:27,android
13991889,2018-12-25 00:00:00 +0000 UTC,2018-12-25 08:30:08,2018-12-25 08:30:08,android
13991889,2018-12-26 00:00:00 +0000 UTC,2018-12-26 02:14:42,2018-12-26 02:14:42,android
13991889,2018-12-28 00:00:00 +0000 UTC,2018-12-28 08:46:48,2018-12-28 08:46:48,android
13991889,2018-12-29 00:00:00 +0000 UTC,2018-12-29 03:05:17,2018-12-29 03:05:17,android
13991889,2019-01-07 00:00:00 +0000 UTC,2019-01-07 09:16:24,2019-01-07 09:16:24,android
13991889,2019-01-08 00:00:00 +0000 UTC,2019-01-08 03:53:51,2019-01-08 03:53:51,android
13991889,2019-01-09 00:00:00 +0000 UTC,2019-01-09 02:05:23,2019-01-09 02:05:23,android
13991889,2019-01-10 00:00:00 +0000 UTC,2019-01-10 06:47:24,2019-01-10 06:47:24,android
13991889,2019-01-11 00:00:00 +0000 UTC,2019-01-11 04:00:36,2019-01-11 04:00:36,android
13991889,2019-01-14 00:00:00 +0000 UTC,2019-01-14 04:13:26,2019-01-14 04:13:26,android
13991889,2019-01-15 00:00:00 +0000 UTC,2019-01-15 04:31:53,2019-01-15 04:31:53,android
13991889,2019-01-16 00:00:00 +0000 UTC,2019-01-16 00:25:35,2019-01-16 00:25:35,android
13991889,2019-01-17 00:00:00 +0000 UTC,2019-01-17 05:30:48,2019-01-17 05:30:48,android
13991889,2019-01-19 00:00:00 +0000 UTC,2019-01-19 18:01:25,2019-01-19 18:01:25,android
13991889,2019-01-20 00:00:00 +0000 UTC,2019-01-20 03:10:58,2019-01-20 03:10:58,android
13991889,2019-01-21 00:00:00 +0000 UTC,2019-01-21 04:58:31,2019-01-21 04:58:31,android
13991889,2019-01-22 00:00:00 +0000 UTC,2019-01-22 03:47:06,2019-01-22 03:47:06,android
13991889,2019-01-23 00:00:00 +0000 UTC,2019-01-23 02:26:54,2019-01-23 02:26:54,android
13991889,2019-01-24 00:00:00 +0000 UTC,2019-01-24 06:28:20,2019-01-24 06:28:20,android
13991889,2019-01-25 00:00:00 +0000 UTC,2019-01-25 18:50:36,2019-01-25 18:50:36,android
13991889,2019-01-26 00:00:00 +0000 UTC,2019-01-26 02:42:05,2019-01-26 02:42:05,android
13991889,2019-01-27 00:00:00 +0000 UTC,2019-01-27 04:50:06,2019-01-27 04:50:06,android
13991889,2019-01-29 00:00:00 +0000 UTC,2019-01-29 19:23:54,2019-01-29 19:23:54,android
13991889,2019-01-31 00:00:00 +0000 UTC,2019-01-31 17:34:59,2019-01-31 17:34:59,android
13991889,2019-02-01 00:00:00 +0000 UTC,2019-02-01 18:19:39,2019-02-01 18:19:39,android
13991889,2019-02-02 00:00:00 +0000 UTC,2019-02-02 02:36:52,2019-02-02 02:36:52,android
13991889,2019-02-03 00:00:00 +0000 UTC,2019-02-03 00:53:54,2019-02-03 00:53:54,android
13991889,2019-02-04 00:00:00 +0000 UTC,2019-02-04 18:57:48,2019-02-04 18:57:48,android
13991889,2019-02-06 00:00:00 +0000 UTC,2019-02-06 19:42:17,2019-02-06 19:42:17,android
13991889,2019-02-07 00:00:00 +0000 UTC,2019-02-07 19:39:02,2019-02-07 19:39:02,android
13991889,2019-02-09 00:00:00 +0000 UTC,2019-02-09 03:16:55,2019-02-09 03:16:55,android
13991889,2019-02-10 00:00:00 +0000 UTC,2019-02-10 06:09:59,2019-02-10 06:09:59,android
13991889,2019-02-11 00:00:00 +0000 UTC,2019-02-11 19:25:51,2019-02-11 19:25:51,android
13991889,2019-02-12 00:00:00 +0000 UTC,2019-02-12 00:08:00,2019-02-12 00:08:00,android
13991889,2019-02-14 00:00:00 +0000 UTC,2019-02-14 14:32:07,2019-02-14 14:32:07,android
13991889,2019-02-16 00:00:00 +0000 UTC,2019-02-16 03:39:40,2019-02-16 03:39:40,android
13991889,2019-02-17 00:00:00 +0000 UTC,2019-02-17 03:02:22,2019-02-17 03:02:22,android
13991889,2019-02-19 00:00:00 +0000 UTC,2019-02-19 02:57:24,2019-02-19 02:57:24,android
13991889,2019-02-20 00:00:00 +0000 UTC,2019-02-20 12:01:27,2019-02-20 12:01:27,android
13991889,2019-02-21 00:00:00 +0000 UTC,2019-02-21 02:44:51,2019-02-21 02:44:51,android
13991889,2019-02-22 00:00:00 +0000 UTC,2019-02-22 18:27:28,2019-02-22 18:27:28,android
13991889,2019-02-23 00:00:00 +0000 UTC,2019-02-23 15:30:49,2019-02-23 15:30:49,android
13991889,2019-02-24 00:00:00 +0000 UTC,2019-02-24 06:16:27,2019-02-24 06:16:27,android
13991889,2019-02-25 00:00:00 +0000 UTC,2019-02-25 19:11:40,2019-02-25 19:11:40,android
13991889,2019-02-27 00:00:00 +0000 UTC,2019-02-27 19:32:17,2019-02-27 19:32:17,android
13991889,2019-03-02 00:00:00 +0000 UTC,2019-03-02 16:15:01,2019-03-02 16:15:01,android
13991889,2019-03-02 00:00:00 +0000 UTC,2019-03-02 20:22:39,2019-03-02 20:22:39,web
13991889,2019-03-03 00:00:00 +0000 UTC,2019-03-03 19:34:33,2019-03-03 19:34:33,android
13991889,2019-03-05 00:00:00 +0000 UTC,2019-03-05 01:05:00,2019-03-05 01:05:00,android
13991889,2019-03-06 00:00:00 +0000 UTC,2019-03-06 01:54:08,2019-03-06 01:54:08,android
13991889,2019-03-07 00:00:00 +0000 UTC,2019-03-07 19:29:39,2019-03-07 19:29:39,android
13991889,2019-03-07 00:00:00 +0000 UTC,2019-03-07 21:22:39,2019-03-07 21:22:39,web
13991889,2019-03-08 00:00:00 +0000 UTC,2019-03-08 04:52:07,2019-03-08 04:52:07,android
13991889,2019-03-11 00:00:00 +0000 UTC,2019-03-11 16:19:32,2019-03-11 16:19:32,android
13991889,2019-03-12 00:00:00 +0000 UTC,2019-03-12 00:42:57,2019-03-12 00:42:57,android
13991889,2019-03-13 00:00:00 +0000 UTC,2019-03-13 18:13:19,2019-03-13 18:13:19,android
13991889,2019-03-14 00:00:00 +0000 UTC,2019-03-14 19:15:20,2019-03-14 19:15:20,android
13991889,2019-03-15 00:00:00 +0000 UTC,2019-03-15 13:28:28,2019-03-15 13:28:28,android
13991889,2019-03-16 00:00:00 +0000 UTC,2019-03-16 15:47:36,2019-03-16 15:47:36,android
13991889,2019-03-18 00:00:00 +0000 UTC,2019-03-18 21:17:55,2019-03-18 21:17:55,android
13991889,2019-03-20 00:00:00 +0000 UTC,2019-03-20 17:09:35,2019-03-20 17:09:35,android
13991889,2019-03-21 00:00:00 +0000 UTC,2019-03-21 14:12:31,2019-03-21 14:12:31,android
13991889,2019-03-22 00:00:00 +0000 UTC,2019-03-22 22:17:57,2019-03-22 22:17:57,android
13991889,2019-03-23 00:00:00 +0000 UTC,2019-03-23 16:33:11,2019-03-23 16:33:11,android
13991889,2019-03-24 00:00:00 +0000 UTC,2019-03-24 11:32:52,2019-03-24 11:32:52,android
13991889,2019-03-25 00:00:00 +0000 UTC,2019-03-25 19:53:21,2019-03-25 19:53:21,android
13991889,2019-03-27 00:00:00 +0000 UTC,2019-03-27 16:49:09,2019-03-27 16:49:09,android
13991889,2019-03-27 00:00:00 +0000 UTC,2019-03-27 17:29:10,2019-03-27 17:29:10,web
13991889,2019-03-29 00:00:00 +0000 UTC,2019-03-29 13:42:17,2019-03-29 13:42:17,android
13991889,2019-03-30 00:00:00 +0000 UTC,2019-03-30 03:39:53,2019-03-30 03:39:53,android
13991889,2019-04-02 00:00:00 +0000 UTC,2019-04-02 00:02:38,2019-04-02 00:02:38,android
13991889,2019-04-03 00:00:00 +0000 UTC,2019-04-03 17:58:55,2019-04-03 17:58:55,android
13991889,2019-04-05 00:00:00 +0000 UTC,2019-04-05 20:55:09,2019-04-05 20:55:09,android
13991889,2019-04-06 00:00:00 +0000 UTC,2019-04-06 23:42:43,2019-04-06 23:42:43,android
13991889,2019-04-07 00:00:00 +0000 UTC,2019-04-07 03:57:47,2019-04-07 03:57:47,android
13991889,2019-04-10 00:00:00 +0000 UTC,2019-04-10 12:13:16,2019-04-10 12:13:16,android
13991889,2019-04-12 00:00:00 +0000 UTC,2019-04-12 13:54:03,2019-04-12 13:54:03,android
13991889,2019-04-13 00:00:00 +0000 UTC,2019-04-13 23:37:47,2019-04-13 23:37:47,android
13991889,2019-04-16 00:00:00 +0000 UTC,2019-04-16 16:53:08,2019-04-16 16:53:08,android
13991889,2019-04-17 00:00:00 +0000 UTC,2019-04-17 15:44:53,2019-04-17 15:44:53,android
13991889,2019-04-18 00:00:00 +0000 UTC,2019-04-18 18:59:47,2019-04-18 18:59:47,android
13991889,2019-04-23 00:00:00 +0000 UTC,2019-04-23 13:15:54,2019-04-23 13:15:54,android
13991889,2019-04-26 00:00:00 +0000 UTC,2019-04-26 11:59:26,2019-04-26 11:59:26,android
13991889,2019-04-28 00:00:00 +0000 UTC,2019-04-28 03:39:13,2019-04-28 03:39:13,android
13991889,2019-04-30 00:00:00 +0000 UTC,2019-04-30 23:35:36,2019-04-30 23:35:36,android
13991889,2019-05-02 00:00:00 +0000 UTC,2019-05-02 14:34:03,2019-05-02 14:34:03,android
13991889,2019-05-03 00:00:00 +0000 UTC,2019-05-03 01:48:01,2019-05-03 01:48:01,android
13991889,2019-05-04 00:00:00 +0000 UTC,2019-05-04 01:05:28,2019-05-04 01:05:28,android
13991889,2019-05-08 00:00:00 +0000 UTC,2019-05-08 01:18:55,2019-05-08 01:18:55,android
13991889,2019-05-09 00:00:00 +0000 UTC,2019-05-09 17:10:43,2019-05-09 17:10:43,android
13991889,2019-05-10 00:00:00 +0000 UTC,2019-05-10 02:19:02,2019-05-10 02:19:02,android
13991889,2019-05-11 00:00:00 +0000 UTC,2019-05-11 02:04:30,2019-05-11 02:04:30,android
13991889,2019-05-15 00:00:00 +0000 UTC,2019-05-15 00:22:25,2019-05-15 00:22:25,android
13991889,2019-05-15 00:00:00 +0000 UTC,2019-05-15 17:32:02,2019-05-15 17:32:02,web
13991889,2019-05-17 00:00:00 +0000 UTC,2019-05-17 14:59:32,2019-05-17 14:59:32,android
13991889,2019-05-20 00:00:00 +0000 UTC,2019-05-20 17:30:42,2019-05-20 17:30:42,android
13991889,2019-05-24 00:00:00 +0000 UTC,2019-05-24 12:14:32,2019-05-24 12:14:32,android
13991889,2019-05-25 00:00:00 +0000 UTC,2019-05-25 22:39:22,2019-05-25 22:39:22,android
13991889,2019-05-26 00:00:00 +0000 UTC,2019-05-26 16:08:05,2019-05-26 16:08:05,android
13991889,2019-05-30 00:00:00 +0000 UTC,2019-05-30 13:40:11,2019-05-30 13:40:11,android
13991889,2019-06-02 00:00:00 +0000 UTC,2019-06-02 05:56:45,2019-06-02 05:56:45,android
13991889,2019-06-06 00:00:00 +0000 UTC,2019-06-06 02:24:35,2019-06-06 02:24:35,android
13991889,2019-06-07 00:00:00 +0000 UTC,2019-06-07 15:38:40,2019-06-07 15:38:40,android
13991889,2019-06-08 00:00:00 +0000 UTC,2019-06-08 06:47:35,2019-06-08 06:47:35,android
13991889,2019-06-09 00:00:00 +0000 UTC,2019-06-09 13:31:18,2019-06-09 13:31:18,android
13991889,2019-06-10 00:00:00 +0000 UTC,2019-06-10 05:55:42,2019-06-10 05:55:42,android
13991889,2019-06-11 00:00:00 +0000 UTC,2019-06-11 19:08:07,2019-06-11 19:08:07,android
13991889,2019-06-12 00:00:00 +0000 UTC,2019-06-12 05:35:56,2019-06-12 05:35:56,android
13991889,2019-06-13 00:00:00 +0000 UTC,2019-06-13 02:36:19,2019-06-13 02:36:19,android
13991889,2019-06-14 00:00:00 +0000 UTC,2019-06-14 03:21:20,2019-06-14 03:21:20,android
13991889,2019-06-15 00:00:00 +0000 UTC,2019-06-15 06:29:57,2019-06-15 06:29:57,android
13991889,2019-06-16 00:00:00 +0000 UTC,2019-06-16 08:49:46,2019-06-16 08:49:46,android
13991889,2019-06-17 00:00:00 +0000 UTC,2019-06-17 07:01:45,2019-06-17 07:01:45,android
13991889,2019-06-18 00:00:00 +0000 UTC,2019-06-18 00:43:08,2019-06-18 00:43:08,android
13991889,2019-06-19 00:00:00 +0000 UTC,2019-06-19 04:07:16,2019-06-19 04:07:16,android
13991889,2019-06-20 00:00:00 +0000 UTC,2019-06-20 05:08:58,2019-06-20 05:08:58,android
13991889,2019-06-21 00:00:00 +0000 UTC,2019-06-21 04:22:28,2019-06-21 04:22:28,android
13991889,2019-06-22 00:00:00 +0000 UTC,2019-06-22 18:36:25,2019-06-22 18:36:25,android
13991889,2019-06-23 00:00:00 +0000 UTC,2019-06-23 16:18:03,2019-06-23 16:18:03,android
13991889,2019-06-24 00:00:00 +0000 UTC,2019-06-24 01:21:30,2019-06-24 01:21:30,android
13991889,2019-06-25 00:00:00 +0000 UTC,2019-06-25 03:28:17,2019-06-25 03:28:17,android
13991889,2019-06-26 00:00:00 +0000 UTC,2019-06-26 04:12:51,2019-06-26 04:12:51,android
13991889,2019-06-27 00:00:00 +0000 UTC,2019-06-27 05:07:34,2019-06-27 05:07:34,android
13991889,2019-06-28 00:00:00 +0000 UTC,2019-06-28 20:43:29,2019-06-28 20:43:29,android
13991889,2019-06-29 00:00:00 +0000 UTC,2019-06-29 04:28:16,2019-06-29 04:28:16,android
13991889,2019-06-30 00:00:00 +0000 UTC,2019-06-30 01:09:07,2019-06-30 01:09:07,android
13991889,2019-07-01 00:00:00 +0000 UTC,2019-07-01 05:48:01,2019-07-01 05:48:01,android
13991889,2019-07-02 00:00:00 +0000 UTC,2019-07-02 04:54:32,2019-07-02 04:54:32,android
13991889,2019-07-03 00:00:00 +0000 UTC,2019-07-03 06:34:28,2019-07-03 06:34:28,android
13991889,2019-07-04 00:00:00 +0000 UTC,2019-07-04 06:10:15,2019-07-04 06:10:15,android
13991889,2019-07-05 00:00:00 +0000 UTC,2019-07-05 01:07:47,2019-07-05 01:07:47,android
13991889,2019-07-06 00:00:00 +0000 UTC,2019-07-06 02:43:12,2019-07-06 02:43:12,android
13991889,2019-07-07 00:00:00 +0000 UTC,2019-07-07 01:32:26,2019-07-07 01:32:26,android
13991889,2019-07-08 00:00:00 +0000 UTC,2019-07-08 06:35:54,2019-07-08 06:35:54,android
13991889,2019-07-09 00:00:00 +0000 UTC,2019-07-09 03:09:08,2019-07-09 03:09:08,android
13991889,2019-07-10 00:00:00 +0000 UTC,2019-07-10 07:17:44,2019-07-10 07:17:44,android
13991889,2019-07-11 00:00:00 +0000 UTC,2019-07-11 03:46:22,2019-07-11 03:46:22,android
13991889,2019-07-12 00:00:00 +0000 UTC,2019-07-12 02:43:22,2019-07-12 02:43:22,android
13991889,2019-07-13 00:00:00 +0000 UTC,2019-07-13 07:04:55,2019-07-13 07:04:55,android
13991889,2019-07-14 00:00:00 +0000 UTC,2019-07-14 03:15:26,2019-07-14 03:15:26,android
13991889,2019-07-15 00:00:00 +0000 UTC,2019-07-15 01:53:08,2019-07-15 01:53:08,android
13991889,2019-07-16 00:00:00 +0000 UTC,2019-07-16 04:28:41,2019-07-16 04:28:41,android
13991889,2019-07-17 00:00:00 +0000 UTC,2019-07-17 01:10:01,2019-07-17 01:10:01,android
13991889,2019-07-18 00:00:00 +0000 UTC,2019-07-18 02:58:01,2019-07-18 02:58:01,android
13991889,2019-07-19 00:00:00 +0000 UTC,2019-07-19 05:32:50,2019-07-19 05:32:50,android
13991889,2019-07-20 00:00:00 +0000 UTC,2019-07-20 03:01:58,2019-07-20 03:01:58,android
13991889,2019-07-21 00:00:00 +0000 UTC,2019-07-21 07:21:59,2019-07-21 07:21:59,android
13991889,2019-07-22 00:00:00 +0000 UTC,2019-07-22 00:55:28,2019-07-22 00:55:28,android
13991889,2019-07-23 00:00:00 +0000 UTC,2019-07-23 05:46:09,2019-07-23 05:46:09,android
13991889,2019-07-24 00:00:00 +0000 UTC,2019-07-24 03:44:06,2019-07-24 03:44:06,android
13991889,2019-07-25 00:00:00 +0000 UTC,2019-07-25 03:15:10,2019-07-25 03:15:10,android
13991889,2019-07-26 00:00:00 +0000 UTC,2019-07-26 07:32:04,2019-07-26 07:32:04,android
13991889,2019-07-27 00:00:00 +0000 UTC,2019-07-27 06:25:49,2019-07-27 06:25:49,android
13991889,2019-07-28 00:00:00 +0000 UTC,2019-07-28 07:15:58,2019-07-28 07:15:58,android
13991889,2019-07-30 00:00:00 +0000 UTC,2019-07-30 06:32:59,2019-07-30 06:32:59,android
13991889,2019-07-31 00:00:00 +0000 UTC,2019-07-31 19:08:20,2019-07-31 19:08:20,android
13991889,2019-08-01 00:00:00 +0000 UTC,2019-08-01 04:11:27,2019-08-01 04:11:27,android
13991889,2019-08-02 00:00:00 +0000 UTC,2019-08-02 03:45:21,2019-08-02 03:45:21,android
13991889,2019-08-03 00:00:00 +0000 UTC,2019-08-03 06:40:07,2019-08-03 06:40:07,android
13991889,2019-08-04 00:00:00 +0000 UTC,2019-08-04 02:25:35,2019-08-04 02:25:35,android
13991889,2019-08-05 00:00:00 +0000 UTC,2019-08-05 03:21:00,2019-08-05 03:21:00,android
13991889,2019-08-07 00:00:00 +0000 UTC,2019-08-07 02:08:17,2019-08-07 02:08:17,android
13991889,2019-08-08 00:00:00 +0000 UTC,2019-08-08 05:07:33,2019-08-08 05:07:33,android
13991889,2019-08-09 00:00:00 +0000 UTC,2019-08-09 01:05:47,2019-08-09 01:05:47,android
13991889,2019-08-10 00:00:00 +0000 UTC,2019-08-10 04:56:30,2019-08-10 04:56:30,android
13991889,2019-08-11 00:00:00 +0000 UTC,2019-08-11 04:25:15,2019-08-11 04:25:15,android
13991889,2019-08-12 00:00:00 +0000 UTC,2019-08-12 21:12:02,2019-08-12 21:12:02,android
13991889,2019-08-13 00:00:00 +0000 UTC,2019-08-13 01:54:53,2019-08-13 01:54:53,android
13991889,2019-08-14 00:00:00 +0000 UTC,2019-08-14 00:15:29,2019-08-14 00:15:29,android
13991889,2019-08-15 00:00:00 +0000 UTC,2019-08-15 20:31:30,2019-08-15 20:31:30,android
13991889,2019-08-16 00:00:00 +0000 UTC,2019-08-16 20:29:26,2019-08-16 20:29:26,android
13991889,2019-08-20 00:00:00 +0000 UTC,2019-08-20 03:23:19,2019-08-20 03:23:19,android
13991889,2019-08-21 00:00:00 +0000 UTC,2019-08-21 04:32:45,2019-08-21 04:32:45,android
13991889,2019-08-22 00:00:00 +0000 UTC,2019-08-22 18:45:22,2019-08-22 18:45:22,android
13991889,2019-08-23 00:00:00 +0000 UTC,2019-08-23 03:31:58,2019-08-23 03:31:58,android
13991889,2019-08-24 00:00:00 +0000 UTC,2019-08-24 04:04:12,2019-08-24 04:04:12,android
13991889,2019-08-28 00:00:00 +0000 UTC,2019-08-28 00:53:29,2019-08-28 00:53:29,android
13991889,2019-08-29 00:00:00 +0000 UTC,2019-08-29 16:37:01,2019-08-29 16:37:01,android
13991889,2019-08-30 00:00:00 +0000 UTC,2019-08-30 00:16:22,2019-08-30 00:16:22,android
13991889,2019-08-31 00:00:00 +0000 UTC,2019-08-31 01:36:12,2019-08-31 01:36:12,android
13991889,2019-09-01 00:00:00 +0000 UTC,2019-09-01 06:29:00,2019-09-01 06:29:00,android
13991889,2019-09-04 00:00:00 +0000 UTC,2019-09-04 19:16:12,2019-09-04 19:16:12,android
13991889,2019-09-05 00:00:00 +0000 UTC,2019-09-05 18:04:57,2019-09-05 18:04:57,android
13991889,2019-09-06 00:00:00 +0000 UTC,2019-09-06 00:10:36,2019-09-06 00:10:36,android
13991889,2019-09-07 00:00:00 +0000 UTC,2019-09-07 02:16:52,2019-09-07 02:16:52,android
13991889,2019-09-09 00:00:00 +0000 UTC,2019-09-09 01:59:33,2019-09-09 01:59:33,android
13991889,2019-09-11 00:00:00 +0000 UTC,2019-09-11 02:41:19,2019-09-11 02:41:19,android
13991889,2019-09-12 00:00:00 +0000 UTC,2019-09-12 05:36:23,2019-09-12 05:36:23,android
13991889,2019-09-13 00:00:00 +0000 UTC,2019-09-13 03:01:03,2019-09-13 03:01:03,android
13991889,2019-09-14 00:00:00 +0000 UTC,2019-09-14 05:00:23,2019-09-14 05:00:23,android
13991889,2019-09-15 00:00:00 +0000 UTC,2019-09-15 00:18:55,2019-09-15 00:18:55,android
13991889,2019-09-17 00:00:00 +0000 UTC,2019-09-17 13:08:52,2019-09-17 13:08:52,android
13991889,2019-09-18 00:00:00 +0000 UTC,2019-09-18 04:16:43,2019-09-18 04:16:43,android
13991889,2019-09-19 00:00:00 +0000 UTC,2019-09-19 22:42:51,2019-09-19 22:42:51,android
13991889,2019-09-20 00:00:00 +0000 UTC,2019-09-20 00:37:19,2019-09-20 00:37:19,android
13991889,2019-09-21 00:00:00 +0000 UTC,2019-09-21 15:25:31,2019-09-21 15:25:31,android
13991889,2019-09-22 00:00:00 +0000 UTC,2019-09-22 03:47:11,2019-09-22 03:47:11,android
13991889,2019-09-23 00:00:00 +0000 UTC,2019-09-23 03:25:31,2019-09-23 03:25:31,android
13991889,2019-09-24 00:00:00 +0000 UTC,2019-09-24 18:27:17,2019-09-24 18:27:17,android
13991889,2019-09-25 00:00:00 +0000 UTC,2019-09-25 02:46:55,2019-09-25 02:46:55,android
13991889,2019-09-26 00:00:00 +0000 UTC,2019-09-26 04:05:27,2019-09-26 04:05:27,android
13991889,2019-09-27 00:00:00 +0000 UTC,2019-09-27 01:26:31,2019-09-27 01:26:31,android
13991889,2019-09-28 00:00:00 +0000 UTC,2019-09-28 06:48:13,2019-09-28 06:48:13,android
13991889,2019-09-29 00:00:00 +0000 UTC,2019-09-29 04:30:50,2019-09-29 04:30:50,android
13991889,2019-09-30 00:00:00 +0000 UTC,2019-09-30 03:30:12,2019-09-30 03:30:12,android
13991889,2019-10-01 00:00:00 +0000 UTC,2019-10-01 02:53:01,2019-10-01 02:53:01,android
13991889,2019-10-02 00:00:00 +0000 UTC,2019-10-02 03:10:24,2019-10-02 03:10:24,android
13991889,2019-10-03 00:00:00 +0000 UTC,2019-10-03 00:03:46,2019-10-03 00:03:46,android
13991889,2019-10-04 00:00:00 +0000 UTC,2019-10-04 05:55:05,2019-10-04 05:55:05,android
13991889,2019-10-05 00:00:00 +0000 UTC,2019-10-05 05:16:13,2019-10-05 05:16:13,android
13991889,2019-10-06 00:00:00 +0000 UTC,2019-10-06 01:52:09,2019-10-06 01:52:09,android
13991889,2019-10-07 00:00:00 +0000 UTC,2019-10-07 03:53:44,2019-10-07 03:53:44,android
13991889,2019-10-08 00:00:00 +0000 UTC,2019-10-08 01:17:51,2019-10-08 01:17:51,android
13991889,2019-10-09 00:00:00 +0000 UTC,2019-10-09 02:18:12,2019-10-09 02:18:12,android
13991889,2019-10-11 00:00:00 +0000 UTC,2019-10-11 15:08:07,2019-10-11 15:08:07,android
13991889,2019-10-12 00:00:00 +0000 UTC,2019-10-12 06:23:16,2019-10-12 06:23:16,android
13991889,2019-10-13 00:00:00 +0000 UTC,2019-10-13 06:04:40,2019-10-13 06:04:40,android
13991889,2019-10-14 00:00:00 +0000 UTC,2019-10-14 00:29:43,2019-10-14 00:29:43,android
13991889,2019-10-15 00:00:00 +0000 UTC,2019-10-15 00:38:18,2019-10-15 00:38:18,android
13991889,2019-10-16 00:00:00 +0000 UTC,2019-10-16 00:34:17,2019-10-16 00:34:17,android
13991889,2019-10-17 00:00:00 +0000 UTC,2019-10-17 04:14:34,2019-10-17 04:14:34,android
13991889,2019-10-18 00:00:00 +0000 UTC,2019-10-18 04:14:48,2019-10-18 04:14:48,android
13991889,2019-10-19 00:00:00 +0000 UTC,2019-10-19 19:35:58,2019-10-19 19:35:58,android
13991889,2019-10-20 00:00:00 +0000 UTC,2019-10-20 03:36:27,2019-10-20 03:36:27,android
13991889,2019-10-21 00:00:00 +0000 UTC,2019-10-21 04:29:37,2019-10-21 04:29:37,android
13991889,2019-10-22 00:00:00 +0000 UTC,2019-10-22 00:02:48,2019-10-22 00:02:48,android
13991889,2019-10-23 00:00:00 +0000 UTC,2019-10-23 06:20:29,2019-10-23 06:20:29,android
13991889,2019-10-24 00:00:00 +0000 UTC,2019-10-24 21:14:30,2019-10-24 21:14:30,android
13991889,2019-10-25 00:00:00 +0000 UTC,2019-10-25 00:33:29,2019-10-25 00:33:29,android
13991889,2019-10-26 00:00:00 +0000 UTC,2019-10-26 00:31:11,2019-10-26 00:31:11,android
13991889,2019-10-27 00:00:00 +0000 UTC,2019-10-27 05:26:09,2019-10-27 05:26:09,android
13991889,2019-10-28 00:00:00 +0000 UTC,2019-10-28 05:31:19,2019-10-28 05:31:19,android
13991889,2019-10-29 00:00:00 +0000 UTC,2019-10-29 15:12:28,2019-10-29 15:12:28,android
13991889,2019-10-30 00:00:00 +0000 UTC,2019-10-30 02:54:54,2019-10-30 02:54:54,android
13991889,2019-10-31 00:00:00 +0000 UTC,2019-10-31 04:13:32,2019-10-31 04:13:32,android
13991889,2019-11-01 00:00:00 +0000 UTC,2019-11-01 00:26:15,2019-11-01 00:26:15,android
13991889,2019-11-02 00:00:00 +0000 UTC,2019-11-02 07:04:01,2019-11-02 07:04:01,android
13991889,2019-11-03 00:00:00 +0000 UTC,2019-11-03 00:02:25,2019-11-03 00:02:25,android
13991889,2019-11-04 00:00:00 +0000 UTC,2019-11-04 04:45:43,2019-11-04 04:45:43,android
13991889,2019-11-05 00:00:00 +0000 UTC,2019-11-05 01:11:47,2019-11-05 01:11:47,android
13991889,2019-11-06 00:00:00 +0000 UTC,2019-11-06 04:47:39,2019-11-06 04:47:39,android
13991889,2019-11-07 00:00:00 +0000 UTC,2019-11-07 00:19:48,2019-11-07 00:19:48,android
13991889,2019-11-08 00:00:00 +0000 UTC,2019-11-08 05:29:05,2019-11-08 05:29:05,android
13991889,2019-11-09 00:00:00 +0000 UTC,2019-11-09 05:11:24,2019-11-09 05:11:24,android
13991889,2019-11-10 00:00:00 +0000 UTC,2019-11-10 02:44:27,2019-11-10 02:44:27,android
13991889,2019-11-11 00:00:00 +0000 UTC,2019-11-11 06:07:59,2019-11-11 06:07:59,android
13991889,2019-11-12 00:00:00 +0000 UTC,2019-11-12 01:26:31,2019-11-12 01:26:31,android
13991889,2019-11-13 00:00:00 +0000 UTC,2019-11-13 23:33:26,2019-11-13 23:33:26,android
13991889,2019-11-14 00:00:00 +0000 UTC,2019-11-14 03:10:14,2019-11-14 03:10:14,android
13991889,2019-11-15 00:00:00 +0000 UTC,2019-11-15 06:48:16,2019-11-15 06:48:16,android
13991889,2019-11-16 00:00:00 +0000 UTC,2019-11-16 16:41:58,2019-11-16 16:41:58,android
13991889,2019-11-17 00:00:00 +0000 UTC,2019-11-17 06:05:35,2019-11-17 06:05:35,android
13991889,2019-11-18 00:00:00 +0000 UTC,2019-11-18 04:47:21,2019-11-18 04:47:21,android
13991889,2019-11-19 00:00:00 +0000 UTC,2019-11-19 03:38:37,2019-11-19 03:38:37,android
13991889,2019-11-20 00:00:00 +0000 UTC,2019-11-20 04:54:17,2019-11-20 04:54:17,android
13991889,2019-11-21 00:00:00 +0000 UTC,2019-11-21 05:25:05,2019-11-21 05:25:05,android
13991889,2019-11-22 00:00:00 +0000 UTC,2019-11-22 06:01:33,2019-11-22 06:01:33,android
13991889,2019-11-23 00:00:00 +0000 UTC,2019-11-23 16:49:56,2019-11-23 16:49:56,android
13991889,2019-11-24 00:00:00 +0000 UTC,2019-11-24 04:32:34,2019-11-24 04:32:34,android
13991889,2019-11-25 00:00:00 +0000 UTC,2019-11-25 03:24:52,2019-11-25 03:24:52,android
13991889,2019-11-26 00:00:00 +0000 UTC,2019-11-26 05:32:36,2019-11-26 05:32:36,android
13991889,2019-11-27 00:00:00 +0000 UTC,2019-11-27 20:22:00,2019-11-27 20:22:00,android
13991889,2019-11-28 00:00:00 +0000 UTC,2019-11-28 01:01:07,2019-11-28 01:01:07,android
13991889,2019-11-29 00:00:00 +0000 UTC,2019-11-29 06:18:13,2019-11-29 06:18:13,android
13991889,2019-11-30 00:00:00 +0000 UTC,2019-11-30 03:49:47,2019-11-30 03:49:47,android
13991889,2019-12-01 00:00:00 +0000 UTC,2019-12-01 02:29:57,2019-12-01 02:29:57,android
13991889,2019-12-02 00:00:00 +0000 UTC,2019-12-02 02:15:59,2019-12-02 02:15:59,android
13991889,2019-12-03 00:00:00 +0000 UTC,2019-12-03 00:36:27,2019-12-03 00:36:27,android
13991889,2019-12-04 00:00:00 +0000 UTC,2019-12-04 03:55:03,2019-12-04 03:55:03,android
13991889,2019-12-05 00:00:00 +0000 UTC,2019-12-05 01:10:37,2019-12-05 01:10:37,android
13991889,2019-12-06 00:00:00 +0000 UTC,2019-12-06 03:13:06,2019-12-06 03:13:06,android
13991889,2019-12-07 00:00:00 +0000 UTC,2019-12-07 06:28:24,2019-12-07 06:28:24,android
13991889,2019-12-08 00:00:00 +0000 UTC,2019-12-08 05:48:18,2019-12-08 05:48:18,android
13991889,2019-12-09 00:00:00 +0000 UTC,2019-12-09 03:47:43,2019-12-09 03:47:43,android
13991889,2019-12-10 00:00:00 +0000 UTC,2019-12-10 00:17:01,2019-12-10 00:17:01,android
13991889,2019-12-11 00:00:00 +0000 UTC,2019-12-11 19:34:22,2019-12-11 19:34:22,android
13991889,2019-12-12 00:00:00 +0000 UTC,2019-12-12 05:47:11,2019-12-12 05:47:11,android
13991889,2019-12-13 00:00:00 +0000 UTC,2019-12-13 04:59:33,2019-12-13 04:59:33,android
13991889,2019-12-15 00:00:00 +0000 UTC,2019-12-15 04:06:30,2019-12-15 04:06:30,android
13991889,2019-12-16 00:00:00 +0000 UTC,2019-12-16 03:35:46,2019-12-16 03:35:46,android
13991889,2019-12-17 00:00:00 +0000 UTC,2019-12-17 01:07:01,2019-12-17 01:07:01,android
13991889,2019-12-18 00:00:00 +0000 UTC,2019-12-18 00:59:41,2019-12-18 00:59:41,android
13991889,2019-12-19 00:00:00 +0000 UTC,2019-12-19 05:43:00,2019-12-19 05:43:00,android
13991889,2019-12-20 00:00:00 +0000 UTC,2019-12-20 16:28:47,2019-12-20 16:28:47,android
13991889,2019-12-21 00:00:00 +0000 UTC,2019-12-21 21:48:34,2019-12-21 21:48:34,android
13991889,2019-12-22 00:00:00 +0000 UTC,2019-12-22 23:36:38,2019-12-22 23:36:38,android
13991889,2019-12-23 00:00:00 +0000 UTC,2019-12-23 00:45:57,2019-12-23 00:45:57,android
13991889,2019-12-26 00:00:00 +0000 UTC,2019-12-26 15:51:14,2019-12-26 15:51:14,android
13991889,2019-12-29 00:00:00 +0000 UTC,2019-12-29 02:10:09,2019-12-29 02:10:09,android
13991889,2019-12-30 00:00:00 +0000 UTC,2019-12-30 18:17:07,2019-12-30 18:17:07,android
13991889,2019-12-31 00:00:00 +0000 UTC,2019-12-31 21:01:47,2019-12-31 21:01:47,android
13991889,2020-01-01 00:00:00 +0000 UTC,2020-01-01 20:35:09,2020-01-01 20:35:09,android
13991889,2020-01-02 00:00:00 +0000 UTC,2020-01-02 06:06:47,2020-01-02 06:06:47,android
13991889,2020-01-03 00:00:00 +0000 UTC,2020-01-03 03:49:04,2020-01-03 03:49:04,android
13991889,2020-01-04 00:00:00 +0000 UTC,2020-01-04 07:00:24,2020-01-04 07:00:24,android
13991889,2020-01-05 00:00:00 +0000 UTC,2020-01-05 00:50:04,2020-01-05 00:50:04,android
13991889,2020-01-06 00:00:00 +0000 UTC,2020-01-06 01:35:12,2020-01-06 01:35:12,android
13991889,2020-01-07 00:00:00 +0000 UTC,2020-01-07 04:42:11,2020-01-07 04:42:11,android
13991889,2020-01-08 00:00:00 +0000 UTC,2020-01-08 21:52:21,2020-01-08 21:52:21,android
13991889,2020-01-09 00:00:00 +0000 UTC,2020-01-09 03:39:01,2020-01-09 03:39:01,android
13991889,2020-01-10 00:00:00 +0000 UTC,2020-01-10 04:32:11,2020-01-10 04:32:11,android
13991889,2020-01-11 00:00:00 +0000 UTC,2020-01-11 06:37:21,2020-01-11 06:37:21,android
13991889,2020-01-12 00:00:00 +0000 UTC,2020-01-12 02:53:29,2020-01-12 02:53:29,android
13991889,2020-01-13 00:00:00 +0000 UTC,2020-01-13 19:18:29,2020-01-13 19:18:29,android
13991889,2020-01-14 00:00:00 +0000 UTC,2020-01-14 03:33:32,2020-01-14 03:33:32,android
13991889,2020-01-15 00:00:00 +0000 UTC,2020-01-15 06:58:26,2020-01-15 06:58:26,android
13991889,2020-01-16 00:00:00 +0000 UTC,2020-01-16 05:28:18,2020-01-16 05:28:18,android
13991889,2020-01-17 00:00:00 +0000 UTC,2020-01-17 03:11:15,2020-01-17 03:11:15,android
13991889,2020-01-18 00:00:00 +0000 UTC,2020-01-18 23:18:05,2020-01-18 23:18:05,android
13991889,2020-01-19 00:00:00 +0000 UTC,2020-01-19 04:59:27,2020-01-19 04:59:27,android
13991889,2020-01-20 00:00:00 +0000 UTC,2020-01-20 05:48:00,2020-01-20 05:48:00,android
13991889,2020-01-21 00:00:00 +0000 UTC,2020-01-21 04:27:40,2020-01-21 04:27:40,android
13991889,2020-01-22 00:00:00 +0000 UTC,2020-01-22 02:53:41,2020-01-22 02:53:41,android
13991889,2020-01-23 00:00:00 +0000 UTC,2020-01-23 05:11:28,2020-01-23 05:11:28,android
13991889,2020-01-24 00:00:00 +0000 UTC,2020-01-24 21:52:51,2020-01-24 21:52:51,android
13991889,2020-01-25 00:00:00 +0000 UTC,2020-01-25 05:43:42,2020-01-25 05:43:42,android
13991889,2020-01-26 00:00:00 +0000 UTC,2020-01-26 04:38:35,2020-01-26 04:38:35,android
13991889,2020-01-27 00:00:00 +0000 UTC,2020-01-27 05:00:18,2020-01-27 05:00:18,android
13991889,2020-01-28 00:00:00 +0000 UTC,2020-01-28 00:51:44,2020-01-28 00:51:44,android
13991889,2020-01-29 00:00:00 +0000 UTC,2020-01-29 05:53:49,2020-01-29 05:53:49,android
13991889,2020-01-30 00:00:00 +0000 UTC,2020-01-30 03:05:26,2020-01-30 03:05:26,android
13991889,2020-01-31 00:00:00 +0000 UTC,2020-01-31 01:55:23,2020-01-31 01:55:23,android
13991889,2020-02-01 00:00:00 +0000 UTC,2020-02-01 19:41:37,2020-02-01 19:41:37,android
13991889,2020-02-02 00:00:00 +0000 UTC,2020-02-02 03:24:09,2020-02-02 03:24:09,android
13991889,2020-02-03 00:00:00 +0000 UTC,2020-02-03 05:31:12,2020-02-03 05:31:12,android
13991889,2020-02-04 00:00:00 +0000 UTC,2020-02-04 05:06:20,2020-02-04 05:06:20,android
13991889,2020-02-05 00:00:00 +0000 UTC,2020-02-05 01:28:21,2020-02-05 01:28:21,android
13991889,2020-02-06 00:00:00 +0000 UTC,2020-02-06 02:45:33,2020-02-06 02:45:33,android
13991889,2020-02-07 00:00:00 +0000 UTC,2020-02-07 00:28:35,2020-02-07 00:28:35,android
13991889,2020-02-08 00:00:00 +0000 UTC,2020-02-08 17:19:44,2020-02-08 17:19:44,android
13991889,2020-02-10 00:00:00 +0000 UTC,2020-02-10 05:38:08,2020-02-10 05:38:08,android
13991889,2020-02-11 00:00:00 +0000 UTC,2020-02-11 06:43:46,2020-02-11 06:43:46,android
13991889,2020-02-12 00:00:00 +0000 UTC,2020-02-12 03:45:05,2020-02-12 03:45:05,android
13991889,2020-02-13 00:00:00 +0000 UTC,2020-02-13 03:21:18,2020-02-13 03:21:18,android
13991889,2020-02-14 00:00:00 +0000 UTC,2020-02-14 02:15:02,2020-02-14 02:15:02,android
13991889,2020-02-15 00:00:00 +0000 UTC,2020-02-15 22:24:36,2020-02-15 22:24:36,android
13991889,2020-02-16 00:00:00 +0000 UTC,2020-02-16 00:40:38,2020-02-16 00:40:38,android
13991889,2020-02-17 00:00:00 +0000 UTC,2020-02-17 16:08:44,2020-02-17 16:08:44,android
13991889,2020-02-18 00:00:00 +0000 UTC,2020-02-18 01:00:03,2020-02-18 01:00:03,android
13991889,2020-02-19 00:00:00 +0000 UTC,2020-02-19 05:35:24,2020-02-19 05:35:24,android
13991889,2020-02-20 00:00:00 +0000 UTC,2020-02-20 05:15:29,2020-02-20 05:15:29,android
13991889,2020-02-21 00:00:00 +0000 UTC,2020-02-21 06:32:46,2020-02-21 06:32:46,android
13991889,2020-02-22 00:00:00 +0000 UTC,2020-02-22 18:19:52,2020-02-22 18:19:52,android
13991889,2020-02-23 00:00:00 +0000 UTC,2020-02-23 05:59:08,2020-02-23 05:59:08,android
13991889,2020-02-24 00:00:00 +0000 UTC,2020-02-24 04:49:53,2020-02-24 04:49:53,android
13991889,2020-02-25 00:00:00 +0000 UTC,2020-02-25 05:52:52,2020-02-25 05:52:52,android
13991889,2020-02-26 00:00:00 +0000 UTC,2020-02-26 04:23:26,2020-02-26 04:23:26,android
13991889,2020-02-27 00:00:00 +0000 UTC,2020-02-27 16:16:12,2020-02-27 16:16:12,android
13991889,2020-02-28 00:00:00 +0000 UTC,2020-02-28 00:06:53,2020-02-28 00:06:53,android
13991889,2020-02-29 00:00:00 +0000 UTC,2020-02-29 02:50:35,2020-02-29 02:50:35,android
13991889,2020-03-01 00:00:00 +0000 UTC,2020-03-01 17:46:02,2020-03-01 17:46:02,android
13991889,2020-03-02 00:00:00 +0000 UTC,2020-03-02 00:03:06,2020-03-02 00:03:06,android
13991889,2020-03-03 00:00:00 +0000 UTC,2020-03-03 06:46:41,2020-03-03 06:46:41,android
13991889,2020-03-04 00:00:00 +0000 UTC,2020-03-04 03:23:25,2020-03-04 03:23:25,android
13991889,2020-03-06 00:00:00 +0000 UTC,2020-03-06 20:18:19,2020-03-06 20:18:19,android
13991889,2020-03-07 00:00:00 +0000 UTC,2020-03-07 06:17:26,2020-03-07 06:17:26,android
13991889,2020-03-08 00:00:00 +0000 UTC,2020-03-08 01:26:14,2020-03-08 01:26:14,android
13991889,2020-03-10 00:00:00 +0000 UTC,2020-03-10 01:03:58,2020-03-10 01:03:58,android
13991889,2020-03-11 00:00:00 +0000 UTC,2020-03-11 01:10:18,2020-03-11 01:10:18,android
13991889,2020-03-12 00:00:00 +0000 UTC,2020-03-12 02:46:43,2020-03-12 02:46:43,android
13991889,2020-03-13 00:00:00 +0000 UTC,2020-03-13 02:15:12,2020-03-13 02:15:12,android
13991889,2020-03-14 00:00:00 +0000 UTC,2020-03-14 01:55:15,2020-03-14 01:55:15,android
13991889,2020-03-15 00:00:00 +0000 UTC,2020-03-15 02:14:12,2020-03-15 02:14:12,android
13991889,2020-03-16 00:00:00 +0000 UTC,2020-03-16 02:35:47,2020-03-16 02:35:47,android
13991889,2020-03-17 00:00:00 +0000 UTC,2020-03-17 02:37:33,2020-03-17 02:37:33,android
13991889,2020-03-18 00:00:00 +0000 UTC,2020-03-18 03:10:55,2020-03-18 03:10:55,android
13991889,2020-03-19 00:00:00 +0000 UTC,2020-03-19 00:19:29,2020-03-19 00:19:29,android
13991889,2020-03-20 00:00:00 +0000 UTC,2020-03-20 00:30:48,2020-03-20 00:30:48,android
13991889,2020-03-21 00:00:00 +0000 UTC,2020-03-21 04:44:34,2020-03-21 04:44:34,android
13991889,2020-03-23 00:00:00 +0000 UTC,2020-03-23 03:35:41,2020-03-23 03:35:41,android
13991889,2020-03-24 00:00:00 +0000 UTC,2020-03-24 04:33:19,2020-03-24 04:33:19,android
13991889,2020-03-25 00:00:00 +0000 UTC,2020-03-25 03:53:52,2020-03-25 03:53:52,android
13991889,2020-03-26 00:00:00 +0000 UTC,2020-03-26 21:48:08,2020-03-26 21:48:08,android
13991889,2020-03-28 00:00:00 +0000 UTC,2020-03-28 00:19:34,2020-03-28 00:19:34,android
13991889,2020-03-29 00:00:00 +0000 UTC,2020-03-29 06:22:19,2020-03-29 06:22:19,android
13991889,2020-03-30 00:00:00 +0000 UTC,2020-03-30 04:39:34,2020-03-30 04:39:34,android
13991889,2020-03-31 00:00:00 +0000 UTC,2020-03-31 16:08:20,2020-03-31 16:08:20,android
13991889,2020-04-01 00:00:00 +0000 UTC,2020-04-01 01:30:11,2020-04-01 01:30:11,android
13991889,2020-04-02 00:00:00 +0000 UTC,2020-04-02 03:22:09,2020-04-02 03:22:09,android
13991889,2020-04-03 00:00:00 +0000 UTC,2020-04-03 04:04:28,2020-04-03 04:04:28,android
13991889,2020-04-04 00:00:00 +0000 UTC,2020-04-04 04:08:17,2020-04-04 04:08:17,android
13991889,2020-04-05 00:00:00 +0000 UTC,2020-04-05 03:11:37,2020-04-05 03:11:37,android
13991889,2020-04-06 00:00:00 +0000 UTC,2020-04-06 01:31:43,2020-04-06 01:31:43,android
13991889,2020-04-07 00:00:00 +0000 UTC,2020-04-07 00:30:24,2020-04-07 00:30:24,android
13991889,2020-04-08 00:00:00 +0000 UTC,2020-04-08 02:48:25,2020-04-08 02:48:25,android
13991889,2020-04-09 00:00:00 +0000 UTC,2020-04-09 04:28:17,2020-04-09 04:28:17,android
13991889,2020-04-10 00:00:00 +0000 UTC,2020-04-10 02:20:52,2020-04-10 02:20:52,android
13991889,2020-04-11 00:00:00 +0000 UTC,2020-04-11 05:02:34,2020-04-11 05:02:34,android
13991889,2020-04-12 00:00:00 +0000 UTC,2020-04-12 00:58:50,2020-04-12 00:58:50,android
13991889,2020-04-13 00:00:00 +0000 UTC,2020-04-13 03:51:24,2020-04-13 03:51:24,android
13991889,2020-04-14 00:00:00 +0000 UTC,2020-04-14 05:52:42,2020-04-14 05:52:42,android
13991889,2020-04-15 00:00:00 +0000 UTC,2020-04-15 06:05:32,2020-04-15 06:05:32,android
13991889,2020-04-16 00:00:00 +0000 UTC,2020-04-16 16:31:21,2020-04-16 16:31:21,android
13991889,2020-04-17 00:00:00 +0000 UTC,2020-04-17 06:44:42,2020-04-17 06:44:42,android
13991889,2020-04-18 00:00:00 +0000 UTC,2020-04-18 03:00:41,2020-04-18 03:00:41,android
13991889,2020-04-19 00:00:00 +0000 UTC,2020-04-19 04:25:32,2020-04-19 04:25:32,android
13991889,2020-04-20 00:00:00 +0000 UTC,2020-04-20 01:18:37,2020-04-20 01:18:37,android
13991889,2020-04-21 00:00:00 +0000 UTC,2020-04-21 05:45:30,2020-04-21 05:45:30,android
13991889,2020-04-22 00:00:00 +0000 UTC,2020-04-22 04:39:14,2020-04-22 04:39:14,android
13991889,2020-04-23 00:00:00 +0000 UTC,2020-04-23 03:10:53,2020-04-23 03:10:53,android
13991889,2020-04-25 00:00:00 +0000 UTC,2020-04-25 02:48:09,2020-04-25 02:48:09,android
13991889,2020-04-26 00:00:00 +0000 UTC,2020-04-26 03:21:07,2020-04-26 03:21:07,android
13991889,2020-04-27 00:00:00 +0000 UTC,2020-04-27 06:10:09,2020-04-27 06:10:09,android
13991889,2020-04-28 00:00:00 +0000 UTC,2020-04-28 03:40:08,2020-04-28 03:40:08,android
13991889,2020-04-29 00:00:00 +0000 UTC,2020-04-29 19:04:44,2020-04-29 19:04:44,android
13991889,2020-04-30 00:00:00 +0000 UTC,2020-04-30 03:08:16,2020-04-30 03:08:16,android
13991889,2020-05-01 00:00:00 +0000 UTC,2020-05-01 04:53:11,2020-05-01 04:53:11,android
13991889,2020-05-02 00:00:00 +0000 UTC,2020-05-02 18:21:41,2020-05-02 18:21:41,android
13991889,2020-05-03 00:00:00 +0000 UTC,2020-05-03 00:56:16,2020-05-03 00:56:16,android
13991889,2020-05-04 00:00:00 +0000 UTC,2020-05-04 05:33:59,2020-05-04 05:33:59,android
13991889,2020-05-05 00:00:00 +0000 UTC,2020-05-05 07:25:53,2020-05-05 07:25:53,android
13991889,2020-05-06 00:00:00 +0000 UTC,2020-05-06 03:43:00,2020-05-06 03:43:00,android
13991889,2020-05-07 00:00:00 +0000 UTC,2020-05-07 03:28:00,2020-05-07 03:28:00,android
13991889,2020-05-08 00:00:00 +0000 UTC,2020-05-08 18:29:15,2020-05-08 18:29:15,android
13991889,2020-05-09 00:00:00 +0000 UTC,2020-05-09 17:42:07,2020-05-09 17:42:07,android
13991889,2020-05-10 00:00:00 +0000 UTC,2020-05-10 05:17:08,2020-05-10 05:17:08,android
13991889,2020-05-11 00:00:00 +0000 UTC,2020-05-11 07:05:31,2020-05-11 07:05:31,android
13991889,2020-05-12 00:00:00 +0000 UTC,2020-05-12 00:04:52,2020-05-12 00:04:52,android
13991889,2020-05-13 00:00:00 +0000 UTC,2020-05-13 01:50:50,2020-05-13 01:50:50,android
13991889,2020-05-14 00:00:00 +0000 UTC,2020-05-14 01:58:00,2020-05-14 01:58:00,android
13991889,2020-05-15 00:00:00 +0000 UTC,2020-05-15 05:14:22,2020-05-15 05:14:22,android
13991889,2020-05-16 00:00:00 +0000 UTC,2020-05-16 05:00:36,2020-05-16 05:00:36,android
13991889,2020-05-17 00:00:00 +0000 UTC,2020-05-17 03:09:41,2020-05-17 03:09:41,android
13991889,2020-05-18 00:00:00 +0000 UTC,2020-05-18 19:16:25,2020-05-18 19:16:25,android
13991889,2020-05-19 00:00:00 +0000 UTC,2020-05-19 00:14:55,2020-05-19 00:14:55,android
13991889,2020-05-20 00:00:00 +0000 UTC,2020-05-20 03:25:41,2020-05-20 03:25:41,android
13991889,2020-05-21 00:00:00 +0000 UTC,2020-05-21 03:07:02,2020-05-21 03:07:02,android
13991889,2020-05-22 00:00:00 +0000 UTC,2020-05-22 02:44:08,2020-05-22 02:44:08,android
13991889,2020-05-23 00:00:00 +0000 UTC,2020-05-23 05:17:38,2020-05-23 05:17:38,android
13991889,2020-05-24 00:00:00 +0000 UTC,2020-05-24 03:43:01,2020-05-24 03:43:01,android
13991889,2020-05-25 00:00:00 +0000 UTC,2020-05-25 02:53:26,2020-05-25 02:53:26,android
13991889,2020-05-26 00:00:00 +0000 UTC,2020-05-26 02:12:25,2020-05-26 02:12:25,android
13991889,2020-05-27 00:00:00 +0000 UTC,2020-05-27 01:49:26,2020-05-27 01:49:26,android
13991889,2020-05-28 00:00:00 +0000 UTC,2020-05-28 02:55:13,2020-05-28 02:55:13,android
13991889,2020-05-29 00:00:00 +0000 UTC,2020-05-29 03:07:07,2020-05-29 03:07:07,android
13991889,2020-05-30 00:00:00 +0000 UTC,2020-05-30 03:46:07,2020-05-30 03:46:07,android
13991889,2020-05-31 00:00:00 +0000 UTC,2020-05-31 00:29:12,2020-05-31 00:29:12,android
13991889,2020-06-01 00:00:00 +0000 UTC,2020-06-01 00:12:21,2020-06-01 00:12:21,android
13991889,2020-06-01 00:00:00 +0000 UTC,2020-06-01 18:02:51,2020-06-01 18:02:51,web
13991889,2020-06-02 00:00:00 +0000 UTC,2020-06-02 01:55:31,2020-06-02 01:55:31,android
13991889,2020-06-03 00:00:00 +0000 UTC,2020-06-03 01:51:34,2020-06-03 01:51:34,android
13991889,2020-06-04 00:00:00 +0000 UTC,2020-06-04 04:53:36,2020-06-04 04:53:36,android
13991889,2020-06-05 00:00:00 +0000 UTC,2020-06-05 00:20:59,2020-06-05 00:20:59,android
13991889,2020-06-06 00:00:00 +0000 UTC,2020-06-06 02:16:34,2020-06-06 02:16:34,android
13991889,2020-06-07 00:00:00 +0000 UTC,2020-06-07 08:52:55,2020-06-07 08:52:55,android
13991889,2020-06-08 00:00:00 +0000 UTC,2020-06-08 02:25:48,2020-06-08 02:25:48,android
13991889,2020-06-09 00:00:00 +0000 UTC,2020-06-09 00:30:27,2020-06-09 00:30:27,android
13991889,2020-06-10 00:00:00 +0000 UTC,2020-06-10 03:51:05,2020-06-10 03:51:05,android
13991889,2020-06-11 00:00:00 +0000 UTC,2020-06-11 01:59:55,2020-06-11 01:59:55,android
13991889,2020-06-12 00:00:00 +0000 UTC,2020-06-12 01:47:50,2020-06-12 01:47:50,android
13991889,2020-06-13 00:00:00 +0000 UTC,2020-06-13 03:12:59,2020-06-13 03:12:59,android
13991889,2020-06-14 00:00:00 +0000 UTC,2020-06-14 04:20:54,2020-06-14 04:20:54,android
13991889,2020-06-15 00:00:00 +0000 UTC,2020-06-15 05:00:50,2020-06-15 05:00:50,android
13991889,2020-06-16 00:00:00 +0000 UTC,2020-06-16 17:37:47,2020-06-16 17:37:47,android
13991889,2020-06-17 00:00:00 +0000 UTC,2020-06-17 05:29:34,2020-06-17 05:29:34,android
13991889,2020-06-18 00:00:00 +0000 UTC,2020-06-18 02:24:35,2020-06-18 02:24:35,android
13991889,2020-06-19 00:00:00 +0000 UTC,2020-06-19 06:16:25,2020-06-19 06:16:25,android
13991889,2020-06-20 00:00:00 +0000 UTC,2020-06-20 03:23:46,2020-06-20 03:23:46,android
13991889,2020-06-21 00:00:00 +0000 UTC,2020-06-21 02:50:15,2020-06-21 02:50:15,android
13991889,2020-06-22 00:00:00 +0000 UTC,2020-06-22 02:35:42,2020-06-22 02:35:42,android
13991889,2020-06-23 00:00:00 +0000 UTC,2020-06-23 07:46:42,2020-06-23 07:46:42,android
13991889,2020-06-24 00:00:00 +0000 UTC,2020-06-24 02:38:33,2020-06-24 02:38:33,android
13991889,2020-06-25 00:00:00 +0000 UTC,2020-06-25 00:14:56,2020-06-25 00:14:56,android
13991889,2020-06-26 00:00:00 +0000 UTC,2020-06-26 00:43:47,2020-06-26 00:43:47,android
13991889,2020-06-27 00:00:00 +0000 UTC,2020-06-27 15:17:14,2020-06-27 15:17:14,android
13991889,2020-06-28 00:00:00 +0000 UTC,2020-06-28 22:52:23,2020-06-28 22:52:23,android
13991889,2020-06-29 00:00:00 +0000 UTC,2020-06-29 02:04:11,2020-06-29 02:04:11,android
13991889,2020-06-30 00:00:00 +0000 UTC,2020-06-30 05:26:50,2020-06-30 05:26:50,android
13991889,2020-07-01 00:00:00 +0000 UTC,2020-07-01 01:33:40,2020-07-01 01:33:40,android
13991889,2020-07-02 00:00:00 +0000 UTC,2020-07-02 03:40:18,2020-07-02 03:40:18,android
13991889,2020-07-05 00:00:00 +0000 UTC,2020-07-05 19:53:38,2020-07-05 19:53:38,android
13991889,2020-07-06 00:00:00 +0000 UTC,2020-07-06 01:48:40,2020-07-06 01:48:40,android
13991889,2020-07-07 00:00:00 +0000 UTC,2020-07-07 00:43:09,2020-07-07 00:43:09,android
13991889,2020-07-08 00:00:00 +0000 UTC,2020-07-08 00:38:14,2020-07-08 00:38:14,android
13991889,2020-07-09 00:00:00 +0000 UTC,2020-07-09 06:40:28,2020-07-09 06:40:28,android
13991889,2020-07-10 00:00:00 +0000 UTC,2020-07-10 04:00:05,2020-07-10 04:00:05,android
13991889,2020-07-11 00:00:00 +0000 UTC,2020-07-11 01:10:21,2020-07-11 01:10:21,android
13991889,2020-07-12 00:00:00 +0000 UTC,2020-07-12 07:31:59,2020-07-12 07:31:59,android
13991889,2020-07-13 00:00:00 +0000 UTC,2020-07-13 06:47:10,2020-07-13 06:47:10,android
13991889,2020-07-14 00:00:00 +0000 UTC,2020-07-14 00:39:46,2020-07-14 00:39:46,android
13991889,2020-07-15 00:00:00 +0000 UTC,2020-07-15 00:39:07,2020-07-15 00:39:07,android
13991889,2020-07-16 00:00:00 +0000 UTC,2020-07-16 00:25:52,2020-07-16 00:25:52,android
13991889,2020-07-17 00:00:00 +0000 UTC,2020-07-17 05:57:05,2020-07-17 05:57:05,android
13991889,2020-07-19 00:00:00 +0000 UTC,2020-07-19 04:53:24,2020-07-19 04:53:24,android
13991889,2020-07-20 00:00:00 +0000 UTC,2020-07-20 04:29:58,2020-07-20 04:29:58,android
13991889,2020-07-21 00:00:00 +0000 UTC,2020-07-21 05:22:08,2020-07-21 05:22:08,android
13991889,2020-07-22 00:00:00 +0000 UTC,2020-07-22 03:17:30,2020-07-22 03:17:30,android
13991889,2020-07-23 00:00:00 +0000 UTC,2020-07-23 01:34:23,2020-07-23 01:34:23,android
13991889,2020-07-24 00:00:00 +0000 UTC,2020-07-24 01:56:07,2020-07-24 01:56:07,android
13991889,2020-07-25 00:00:00 +0000 UTC,2020-07-25 00:35:35,2020-07-25 00:35:35,android
13991889,2020-07-26 00:00:00 +0000 UTC,2020-07-26 02:25:20,2020-07-26 02:25:20,android
13991889,2020-07-27 00:00:00 +0000 UTC,2020-07-27 06:49:29,2020-07-27 06:49:29,android
13991889,2020-07-28 00:00:00 +0000 UTC,2020-07-28 03:41:38,2020-07-28 03:41:38,android
13991889,2020-07-29 00:00:00 +0000 UTC,2020-07-29 02:31:37,2020-07-29 02:31:37,android
13991889,2020-07-30 00:00:00 +0000 UTC,2020-07-30 00:04:14,2020-07-30 00:04:14,android
13991889,2020-07-31 00:00:00 +0000 UTC,2020-07-31 05:49:12,2020-07-31 05:49:12,android
13991889,2020-08-01 00:00:00 +0000 UTC,2020-08-01 05:02:31,2020-08-01 05:02:31,android
13991889,2020-08-02 00:00:00 +0000 UTC,2020-08-02 06:48:09,2020-08-02 06:48:09,android
13991889,2020-08-03 00:00:00 +0000 UTC,2020-08-03 02:21:47,2020-08-03 02:21:47,android
13991889,2020-08-04 00:00:00 +0000 UTC,2020-08-04 02:25:12,2020-08-04 02:25:12,android
13991889,2020-08-05 00:00:00 +0000 UTC,2020-08-05 04:17:41,2020-08-05 04:17:41,android
13991889,2020-08-06 00:00:00 +0000 UTC,2020-08-06 04:36:04,2020-08-06 04:36:04,android
13991889,2020-08-07 00:00:00 +0000 UTC,2020-08-07 13:15:53,2020-08-07 13:15:53,android
13991889,2020-08-08 00:00:00 +0000 UTC,2020-08-08 06:59:25,2020-08-08 06:59:25,android
13991889,2020-08-09 00:00:00 +0000 UTC,2020-08-09 15:09:03,2020-08-09 15:09:03,android
13991889,2020-08-10 00:00:00 +0000 UTC,2020-08-10 02:20:14,2020-08-10 02:20:14,android
13991889,2020-08-11 00:00:00 +0000 UTC,2020-08-11 03:12:23,2020-08-11 03:12:23,android
13991889,2020-08-12 00:00:00 +0000 UTC,2020-08-12 04:41:17,2020-08-12 04:41:17,android
13991889,2020-08-13 00:00:00 +0000 UTC,2020-08-13 05:03:00,2020-08-13 05:03:00,android
13991889,2020-08-14 00:00:00 +0000 UTC,2020-08-14 23:11:04,2020-08-14 23:11:04,android
13991889,2020-08-16 00:00:00 +0000 UTC,2020-08-16 14:31:23,2020-08-16 14:31:23,android
13991889,2020-08-17 00:00:00 +0000 UTC,2020-08-17 16:19:05,2020-08-17 16:19:05,android
13991889,2020-08-18 00:00:00 +0000 UTC,2020-08-18 00:43:24,2020-08-18 00:43:24,android
13991889,2020-08-19 00:00:00 +0000 UTC,2020-08-19 04:27:28,2020-08-19 04:27:28,android
13991889,2020-08-20 00:00:00 +0000 UTC,2020-08-20 02:22:09,2020-08-20 02:22:09,android
13991889,2020-08-21 00:00:00 +0000 UTC,2020-08-21 04:59:08,2020-08-21 04:59:08,android
13991889,2020-08-23 00:00:00 +0000 UTC,2020-08-23 03:32:56,2020-08-23 03:32:56,android
13991889,2020-08-24 00:00:00 +0000 UTC,2020-08-24 03:24:17,2020-08-24 03:24:17,android
13991889,2020-08-25 00:00:00 +0000 UTC,2020-08-25 00:36:29,2020-08-25 00:36:29,android
13991889,2020-08-26 00:00:00 +0000 UTC,2020-08-26 03:36:21,2020-08-26 03:36:21,android
13991889,2020-08-27 00:00:00 +0000 UTC,2020-08-27 04:51:17,2020-08-27 04:51:17,android
13991889,2020-08-28 00:00:00 +0000 UTC,2020-08-28 19:03:41,2020-08-28 19:03:41,android
13991889,2020-08-29 00:00:00 +0000 UTC,2020-08-29 06:41:49,2020-08-29 06:41:49,android
13991889,2020-08-30 00:00:00 +0000 UTC,2020-08-30 04:13:00,2020-08-30 04:13:00,android
13991889,2020-08-31 00:00:00 +0000 UTC,2020-08-31 21:49:26,2020-08-31 21:49:26,android
13991889,2020-09-01 00:00:00 +0000 UTC,2020-09-01 01:55:20,2020-09-01 01:55:20,android
13991889,2020-09-02 00:00:00 +0000 UTC,2020-09-02 00:40:53,2020-09-02 00:40:53,android
13991889,2020-09-03 00:00:00 +0000 UTC,2020-09-03 16:56:34,2020-09-03 16:56:34,android
13991889,2020-09-04 00:00:00 +0000 UTC,2020-09-04 02:05:29,2020-09-04 02:05:29,android
13991889,2020-09-05 00:00:00 +0000 UTC,2020-09-05 01:06:21,2020-09-05 01:06:21,android
13991889,2020-09-07 00:00:00 +0000 UTC,2020-09-07 13:37:05,2020-09-07 13:37:05,android
13991889,2020-09-08 00:00:00 +0000 UTC,2020-09-08 03:00:22,2020-09-08 03:00:22,android
13991889,2020-09-09 00:00:00 +0000 UTC,2020-09-09 06:47:27,2020-09-09 06:47:27,android
13991889,2020-09-10 00:00:00 +0000 UTC,2020-09-10 04:02:22,2020-09-10 04:02:22,android
13991889,2020-09-12 00:00:00 +0000 UTC,2020-09-12 14:42:19,2020-09-12 14:42:19,android
13991889,2020-09-13 00:00:00 +0000 UTC,2020-09-13 05:55:21,2020-09-13 05:55:21,android
13991889,2020-09-14 00:00:00 +0000 UTC,2020-09-14 05:36:46,2020-09-14 05:36:46,android
13991889,2020-09-15 00:00:00 +0000 UTC,2020-09-15 03:06:05,2020-09-15 03:06:05,android
13991889,2020-09-16 00:00:00 +0000 UTC,2020-09-16 03:50:39,2020-09-16 03:50:39,android
13991889,2020-09-17 00:00:00 +0000 UTC,2020-09-17 04:35:11,2020-09-17 04:35:11,android
13991889,2020-09-18 00:00:00 +0000 UTC,2020-09-18 03:00:22,2020-09-18 03:00:22,android
13991889,2020-09-19 00:00:00 +0000 UTC,2020-09-19 04:45:23,2020-09-19 04:45:23,android
13991889,2020-09-20 00:00:00 +0000 UTC,2020-09-20 05:08:55,2020-09-20 05:08:55,android
13991889,2020-09-21 00:00:00 +0000 UTC,2020-09-21 23:58:56,2020-09-21 23:58:56,android
13991889,2020-09-22 00:00:00 +0000 UTC,2020-09-22 01:21:38,2020-09-22 01:21:38,android
13991889,2020-09-25 00:00:00 +0000 UTC,2020-09-25 05:54:08,2020-09-25 05:54:08,android
13991889,2020-09-26 00:00:00 +0000 UTC,2020-09-26 22:41:29,2020-09-26 22:41:29,android
13991889,2020-09-27 00:00:00 +0000 UTC,2020-09-27 03:09:00,2020-09-27 03:09:00,android
13991889,2020-09-28 00:00:00 +0000 UTC,2020-09-28 03:23:24,2020-09-28 03:23:24,android
13991889,2020-09-29 00:00:00 +0000 UTC,2020-09-29 15:40:56,2020-09-29 15:40:56,android
13991889,2020-09-30 00:00:00 +0000 UTC,2020-09-30 01:29:06,2020-09-30 01:29:06,android
13991889,2020-10-01 00:00:00 +0000 UTC,2020-10-01 02:44:45,2020-10-01 02:44:45,android
13991889,2020-10-03 00:00:00 +0000 UTC,2020-10-03 15:59:04,2020-10-03 15:59:04,android
13991889,2020-10-04 00:00:00 +0000 UTC,2020-10-04 02:21:18,2020-10-04 02:21:18,android
13991889,2020-10-05 00:00:00 +0000 UTC,2020-10-05 04:27:23,2020-10-05 04:27:23,android
13991889,2020-10-07 00:00:00 +0000 UTC,2020-10-07 05:29:38,2020-10-07 05:29:38,android
13991889,2020-10-08 00:00:00 +0000 UTC,2020-10-08 01:59:11,2020-10-08 01:59:11,android
13991889,2020-10-09 00:00:00 +0000 UTC,2020-10-09 14:32:00,2020-10-09 14:32:00,android
13991889,2020-10-10 00:00:00 +0000 UTC,2020-10-10 14:37:20,2020-10-10 14:37:20,android
13991889,2020-10-11 00:00:00 +0000 UTC,2020-10-11 19:13:40,2020-10-11 19:13:40,android
13991889,2020-10-12 00:00:00 +0000 UTC,2020-10-12 04:08:29,2020-10-12 04:08:29,android
13991889,2020-10-13 00:00:00 +0000 UTC,2020-10-13 19:46:46,2020-10-13 19:46:46,android
13991889,2020-10-14 00:00:00 +0000 UTC,2020-10-14 18:22:23,2020-10-14 18:22:23,android
13991889,2020-10-15 00:00:00 +0000 UTC,2020-10-15 03:06:44,2020-10-15 03:06:44,android
13991889,2020-10-16 00:00:00 +0000 UTC,2020-10-16 00:14:39,2020-10-16 00:14:39,android
13991889,2020-10-17 00:00:00 +0000 UTC,2020-10-17 02:38:37,2020-10-17 02:38:37,android
13991889,2020-10-18 00:00:00 +0000 UTC,2020-10-18 07:29:51,2020-10-18 07:29:51,android
13991889,2020-10-19 00:00:00 +0000 UTC,2020-10-19 00:37:34,2020-10-19 00:37:34,android
13991889,2020-10-20 00:00:00 +0000 UTC,2020-10-20 00:44:49,2020-10-20 00:44:49,android
13991889,2020-10-21 00:00:00 +0000 UTC,2020-10-21 19:18:21,2020-10-21 19:18:21,android
13991889,2020-10-22 00:00:00 +0000 UTC,2020-10-22 01:09:18,2020-10-22 01:09:18,android
13991889,2020-10-25 00:00:00 +0000 UTC,2020-10-25 04:05:45,2020-10-25 04:05:45,android
13991889,2020-10-26 00:00:00 +0000 UTC,2020-10-26 15:23:58,2020-10-26 15:23:58,android
13991889,2020-10-28 00:00:00 +0000 UTC,2020-10-28 03:54:54,2020-10-28 03:54:54,android
13991889,2020-10-29 00:00:00 +0000 UTC,2020-10-29 02:34:35,2020-10-29 02:34:35,android
13991889,2020-11-02 00:00:00 +0000 UTC,2020-11-02 20:26:39,2020-11-02 20:26:39,android
13991889,2020-11-03 00:00:00 +0000 UTC,2020-11-03 18:16:49,2020-11-03 18:16:49,android
13991889,2020-11-04 00:00:00 +0000 UTC,2020-11-04 02:12:31,2020-11-04 02:12:31,android
13991889,2020-11-05 00:00:00 +0000 UTC,2020-11-05 23:30:32,2020-11-05 23:30:32,android
13991889,2020-11-07 00:00:00 +0000 UTC,2020-11-07 01:59:49,2020-11-07 01:59:49,android
13991889,2020-11-10 00:00:00 +0000 UTC,2020-11-10 13:04:29,2020-11-10 13:04:29,android
13991889,2020-11-11 00:00:00 +0000 UTC,2020-11-11 04:10:07,2020-11-11 04:10:07,android
13991889,2020-11-12 00:00:00 +0000 UTC,2020-11-12 20:06:30,2020-11-12 20:06:30,android
13991889,2020-11-14 00:00:00 +0000 UTC,2020-11-14 01:22:01,2020-11-14 01:22:01,android
13991889,2020-11-16 00:00:00 +0000 UTC,2020-11-16 01:04:41,2020-11-16 01:04:41,android
13991889,2020-11-18 00:00:00 +0000 UTC,2020-11-18 15:03:56,2020-11-18 15:03:56,android
13991889,2020-11-20 00:00:00 +0000 UTC,2020-11-20 00:23:30,2020-11-20 00:23:30,android
13991889,2020-11-21 00:00:00 +0000 UTC,2020-11-21 00:46:21,2020-11-21 00:46:21,android
13991889,2020-11-22 00:00:00 +0000 UTC,2020-11-22 01:36:21,2020-11-22 01:36:21,android
13991889,2020-11-24 00:00:00 +0000 UTC,2020-11-24 02:45:44,2020-11-24 02:45:44,android
13991889,2020-11-25 00:00:00 +0000 UTC,2020-11-25 01:03:26,2020-11-25 01:03:26,android
13991889,2020-11-26 00:00:00 +0000 UTC,2020-11-26 18:27:53,2020-11-26 18:27:53,android
13991889,2020-11-27 00:00:00 +0000 UTC,2020-11-27 03:11:14,2020-11-27 03:11:14,android
13991889,2020-11-29 00:00:00 +0000 UTC,2020-11-29 21:56:18,2020-11-29 21:56:18,android
13991889,2020-11-30 00:00:00 +0000 UTC,2020-11-30 04:01:30,2020-11-30 04:01:30,android
13991889,2020-12-01 00:00:00 +0000 UTC,2020-12-01 01:11:11,2020-12-01 01:11:11,android
13991889,2020-12-02 00:00:00 +0000 UTC,2020-12-02 04:10:41,2020-12-02 04:10:41,android
13991889,2020-12-04 00:00:00 +0000 UTC,2020-12-04 03:53:47,2020-12-04 03:53:47,android
13991889,2020-12-06 00:00:00 +0000 UTC,2020-12-06 00:42:06,2020-12-06 00:42:06,android
13991889,2020-12-07 00:00:00 +0000 UTC,2020-12-07 04:26:56,2020-12-07 04:26:56,android
13991889,2020-12-08 00:00:00 +0000 UTC,2020-12-08 16:56:22,2020-12-08 16:56:22,android
13991889,2020-12-09 00:00:00 +0000 UTC,2020-12-09 05:01:14,2020-12-09 05:01:14,android
13991889,2020-12-10 00:00:00 +0000 UTC,2020-12-10 04:52:22,2020-12-10 04:52:22,android
13991889,2020-12-11 00:00:00 +0000 UTC,2020-12-11 02:58:49,2020-12-11 02:58:49,android
13991889,2020-12-12 00:00:00 +0000 UTC,2020-12-12 05:32:13,2020-12-12 05:32:13,android
13991889,2020-12-14 00:00:00 +0000 UTC,2020-12-14 04:05:20,2020-12-14 04:05:20,android
13991889,2020-12-15 00:00:00 +0000 UTC,2020-12-15 14:03:45,2020-12-15 14:03:45,android
13991889,2020-12-17 00:00:00 +0000 UTC,2020-12-17 05:47:40,2020-12-17 05:47:40,android
13991889,2020-12-18 00:00:00 +0000 UTC,2020-12-18 14:07:55,2020-12-18 14:07:55,android
13991889,2020-12-19 00:00:00 +0000 UTC,2020-12-19 00:17:13,2020-12-19 00:17:13,android
13991889,2020-12-20 00:00:00 +0000 UTC,2020-12-20 04:51:40,2020-12-20 04:51:40,android
13991889,2020-12-21 00:00:00 +0000 UTC,2020-12-21 19:05:26,2020-12-21 19:05:26,android
13991889,2020-12-22 00:00:00 +0000 UTC,2020-12-22 05:04:34,2020-12-22 05:04:34,android
13991889,2020-12-23 00:00:00 +0000 UTC,2020-12-23 19:58:47,2020-12-23 19:58:47,android
13991889,2020-12-24 00:00:00 +0000 UTC,2020-12-24 01:58:50,2020-12-24 01:58:50,android
13991889,2020-12-25 00:00:00 +0000 UTC,2020-12-25 07:44:03,2020-12-25 07:44:03,android
13991889,2020-12-26 00:00:00 +0000 UTC,2020-12-26 05:56:33,2020-12-26 05:56:33,android
13991889,2020-12-28 00:00:00 +0000 UTC,2020-12-28 15:45:45,2020-12-28 15:45:45,android
13991889,2020-12-29 00:00:00 +0000 UTC,2020-12-29 16:42:43,2020-12-29 16:42:43,android
13991889,2020-12-31 00:00:00 +0000 UTC,2020-12-31 03:48:52,2020-12-31 03:48:52,android
13991889,2021-01-01 00:00:00 +0000 UTC,2021-01-01 05:46:56,2021-01-01 05:46:56,android
13991889,2021-01-02 00:00:00 +0000 UTC,2021-01-02 00:50:50,2021-01-02 00:50:50,android
13991889,2021-01-03 00:00:00 +0000 UTC,2021-01-03 18:53:34,2021-01-03 18:53:34,android
13991889,2021-01-04 00:00:00 +0000 UTC,2021-01-04 03:11:40,2021-01-04 03:11:40,android
13991889,2021-01-13 00:00:00 +0000 UTC,2021-01-13 21:02:57,2021-01-13 21:02:57,web
13991889,2021-01-14 00:00:00 +0000 UTC,2021-01-14 00:37:22,2021-01-14 00:37:22,web
13991889,2021-01-15 00:00:00 +0000 UTC,2021-01-15 00:44:43,2021-01-15 00:44:43,web
13991889,2021-01-16 00:00:00 +0000 UTC,2021-01-16 07:44:01,2021-01-16 07:44:01,web
13991889,2021-01-17 00:00:00 +0000 UTC,2021-01-17 15:58:57,2021-01-17 15:58:57,web
13991889,2021-01-22 00:00:00 +0000 UTC,2021-01-22 14:17:29,2021-01-22 14:17:29,web
13991889,2021-01-23 00:00:00 +0000 UTC,2021-01-23 02:13:31,2021-01-23 02:13:31,web
13991889,2021-01-24 00:00:00 +0000 UTC,2021-01-24 15:06:15,2021-01-24 15:06:15,web
13991889,2021-01-25 00:00:00 +0000 UTC,2021-01-25 04:24:20,2021-01-25 04:24:20,web
13991889,2021-01-27 00:00:00 +0000 UTC,2021-01-27 03:13:45,2021-01-27 03:13:45,web
13991889,2021-01-28 00:00:00 +0000 UTC,2021-01-28 15:02:29,2021-01-28 15:02:29,web
13991889,2021-01-29 00:00:00 +0000 UTC,2021-01-29 15:10:59,2021-01-29 15:10:59,web
13991889,2021-01-30 00:00:00 +0000 UTC,2021-01-30 03:48:49,2021-01-30 03:48:49,web
13991889,2021-01-31 00:00:00 +0000 UTC,2021-01-31 04:30:15,2021-01-31 04:30:15,web
13991889,2021-02-02 00:00:00 +0000 UTC,2021-02-02 00:55:46,2021-02-02 00:55:46,web
13991889,2021-02-03 00:00:00 +0000 UTC,2021-02-03 00:00:12,2021-02-03 00:00:12,web
13991889,2021-02-04 00:00:00 +0000 UTC,2021-02-04 00:18:54,2021-02-04 00:18:54,web
13991889,2021-02-05 00:00:00 +0000 UTC,2021-02-05 19:47:03,2021-02-05 19:47:03,web
13991889,2021-02-06 00:00:00 +0000 UTC,2021-02-06 15:42:45,2021-02-06 15:42:45,web
13991889,2021-02-07 00:00:00 +0000 UTC,2021-02-07 00:43:25,2021-02-07 00:43:25,web
13991889,2021-02-08 00:00:00 +0000 UTC,2021-02-08 22:11:56,2021-02-08 22:11:56,android
13991889,2021-02-08 00:00:00 +0000 UTC,2021-02-08 00:37:16,2021-02-08 00:37:16,web
13991889,2021-02-09 00:00:00 +0000 UTC,2021-02-09 04:38:31,2021-02-09 04:38:31,android
13991889,2021-02-09 00:00:00 +0000 UTC,2021-02-09 18:31:50,2021-02-09 18:31:50,web
13991889,2021-02-10 00:00:00 +0000 UTC,2021-02-10 02:31:39,2021-02-10 02:31:39,android
13991889,2021-02-11 00:00:00 +0000 UTC,2021-02-11 02:06:53,2021-02-11 02:06:53,web
13991889,2021-02-12 00:00:00 +0000 UTC,2021-02-12 19:49:33,2021-02-12 19:49:33,android
13991889,2021-02-12 00:00:00 +0000 UTC,2021-02-12 20:41:14,2021-02-12 20:41:14,web
13991889,2021-02-13 00:00:00 +0000 UTC,2021-02-13 21:39:09,2021-02-13 21:39:09,android
13991889,2021-02-13 00:00:00 +0000 UTC,2021-02-13 00:41:45,2021-02-13 00:41:45,web
13991889,2021-02-14 00:00:00 +0000 UTC,2021-02-14 02:22:18,2021-02-14 02:22:18,android
13991889,2021-02-14 00:00:00 +0000 UTC,2021-02-14 20:50:12,2021-02-14 20:50:12,web
13991889,2021-02-15 00:00:00 +0000 UTC,2021-02-15 01:22:53,2021-02-15 01:22:53,android
13991889,2021-02-15 00:00:00 +0000 UTC,2021-02-15 03:50:39,2021-02-15 03:50:39,web
13991889,2021-02-16 00:00:00 +0000 UTC,2021-02-16 23:26:23,2021-02-16 23:26:23,android
13991889,2021-02-16 00:00:00 +0000 UTC,2021-02-16 00:30:28,2021-02-16 00:30:28,web
13991889,2021-02-17 00:00:00 +0000 UTC,2021-02-17 05:21:45,2021-02-17 05:21:45,android
13991889,2021-02-17 00:00:00 +0000 UTC,2021-02-17 18:41:11,2021-02-17 18:41:11,web
13991889,2021-02-19 00:00:00 +0000 UTC,2021-02-19 15:51:03,2021-02-19 15:51:03,android
13991889,2021-02-20 00:00:00 +0000 UTC,2021-02-20 17:02:35,2021-02-20 17:02:35,android
13991889,2021-02-20 00:00:00 +0000 UTC,2021-02-20 17:37:06,2021-02-20 17:37:06,web
13991889,2021-02-21 00:00:00 +0000 UTC,2021-02-21 22:31:43,2021-02-21 22:31:43,android
13991889,2021-02-21 00:00:00 +0000 UTC,2021-02-21 18:16:23,2021-02-21 18:16:23,web
13991889,2021-02-22 00:00:00 +0000 UTC,2021-02-22 01:44:07,2021-02-22 01:44:07,android
13991889,2021-02-22 00:00:00 +0000 UTC,2021-02-22 00:22:36,2021-02-22 00:22:36,web
13991889,2021-02-23 00:00:00 +0000 UTC,2021-02-23 06:56:46,2021-02-23 06:56:46,android
13991889,2021-02-24 00:00:00 +0000 UTC,2021-02-24 00:04:22,2021-02-24 00:04:22,android
13991889,2021-02-25 00:00:00 +0000 UTC,2021-02-25 04:48:17,2021-02-25 04:48:17,android
13991889,2021-02-25 00:00:00 +0000 UTC,2021-02-25 20:18:08,2021-02-25 20:18:08,web
13991889,2021-02-26 00:00:00 +0000 UTC,2021-02-26 02:47:44,2021-02-26 02:47:44,android
13991889,2021-02-26 00:00:00 +0000 UTC,2021-02-26 19:37:17,2021-02-26 19:37:17,web
13991889,2021-02-27 00:00:00 +0000 UTC,2021-02-27 14:51:43,2021-02-27 14:51:43,android
13991889,2021-02-28 00:00:00 +0000 UTC,2021-02-28 02:47:45,2021-02-28 02:47:45,android
13991889,2021-03-02 00:00:00 +0000 UTC,2021-03-02 05:37:20,2021-03-02 05:37:20,android
13991889,2021-03-03 00:00:00 +0000 UTC,2021-03-03 02:31:09,2021-03-03 02:31:09,android
13991889,2021-03-04 00:00:00 +0000 UTC,2021-03-04 03:57:18,2021-03-04 03:57:18,android
13991889,2021-03-05 00:00:00 +0000 UTC,2021-03-05 02:29:49,2021-03-05 02:29:49,android
13991889,2021-03-05 00:00:00 +0000 UTC,2021-03-05 20:32:45,2021-03-05 20:32:45,web
13991889,2021-03-06 00:00:00 +0000 UTC,2021-03-06 02:38:34,2021-03-06 02:38:34,android
13991889,2021-03-06 00:00:00 +0000 UTC,2021-03-06 21:58:42,2021-03-06 21:58:42,web
13991889,2021-03-07 00:00:00 +0000 UTC,2021-03-07 23:43:43,2021-03-07 23:43:43,web
13991889,2021-03-09 00:00:00 +0000 UTC,2021-03-09 03:32:26,2021-03-09 03:32:26,android
13991889,2021-03-09 00:00:00 +0000 UTC,2021-03-09 13:45:57,2021-03-09 13:45:57,web
13991889,2021-03-10 00:00:00 +0000 UTC,2021-03-10 04:01:25,2021-03-10 04:01:25,android
13991889,2021-03-11 00:00:00 +0000 UTC,2021-03-11 01:04:15,2021-03-11 01:04:15,android
13991889,2021-03-12 00:00:00 +0000 UTC,2021-03-12 21:06:49,2021-03-12 21:06:49,android
13991889,2021-03-12 00:00:00 +0000 UTC,2021-03-12 03:28:11,2021-03-12 03:28:11,web
13991889,2021-03-13 00:00:00 +0000 UTC,2021-03-13 19:15:41,2021-03-13 19:15:41,android
13991889,2021-03-13 00:00:00 +0000 UTC,2021-03-13 00:21:31,2021-03-13 00:21:31,web
13991889,2021-03-16 00:00:00 +0000 UTC,2021-03-16 02:36:47,2021-03-16 02:36:47,android
13991889,2021-03-17 00:00:00 +0000 UTC,2021-03-17 21:07:17,2021-03-17 21:07:17,web
13991889,2021-03-18 00:00:00 +0000 UTC,2021-03-18 16:29:17,2021-03-18 16:29:17,android
13991889,2021-03-19 00:00:00 +0000 UTC,2021-03-19 14:26:43,2021-03-19 14:26:43,android
13991889,2021-03-19 00:00:00 +0000 UTC,2021-03-19 13:16:59,2021-03-19 13:16:59,web
13991889,2021-03-22 00:00:00 +0000 UTC,2021-03-22 04:03:58,2021-03-22 04:03:58,android
13991889,2021-03-23 00:00:00 +0000 UTC,2021-03-23 01:10:54,2021-03-23 01:10:54,android
13991889,2021-03-25 00:00:00 +0000 UTC,2021-03-25 02:29:00,2021-03-25 02:29:00,web
13991889,2021-03-26 00:00:00 +0000 UTC,2021-03-26 02:07:33,2021-03-26 02:07:33,android
13991889,2021-03-27 00:00:00 +0000 UTC,2021-03-27 23:07:36,2021-03-27 23:07:36,android
13991889,2021-03-27 00:00:00 +0000 UTC,2021-03-27 21:51:15,2021-03-27 21:51:15,web
13991889,2021-03-28 00:00:00 +0000 UTC,2021-03-28 00:49:42,2021-03-28 00:49:42,android
13991889,2021-03-29 00:00:00 +0000 UTC,2021-03-29 14:34:38,2021-03-29 14:34:38,android
13991889,2021-03-30 00:00:00 +0000 UTC,2021-03-30 04:10:19,2021-03-30 04:10:19,android
13991889,2021-04-01 00:00:00 +0000 UTC,2021-04-01 04:19:20,2021-04-01 04:19:20,android
13991889,2021-04-02 00:00:00 +0000 UTC,2021-04-02 00:06:12,2021-04-02 00:06:12,android
13991889,2021-04-02 00:00:00 +0000 UTC,2021-04-02 01:54:39,2021-04-02 01:54:39,web
13991889,2021-04-03 00:00:00 +0000 UTC,2021-04-03 05:49:16,2021-04-03 05:49:16,android
13991889,2021-04-06 00:00:00 +0000 UTC,2021-04-06 00:48:29,2021-04-06 00:48:29,android
13991889,2021-04-07 00:00:00 +0000 UTC,2021-04-07 03:45:41,2021-04-07 03:45:41,android
13991889,2021-04-08 00:00:00 +0000 UTC,2021-04-08 05:44:12,2021-04-08 05:44:12,android
13991889,2021-04-09 00:00:00 +0000 UTC,2021-04-09 03:42:30,2021-04-09 03:42:30,android
13991889,2021-04-10 00:00:00 +0000 UTC,2021-04-10 18:25:21,2021-04-10 18:25:21,android
13991889,2021-04-11 00:00:00 +0000 UTC,2021-04-11 20:24:51,2021-04-11 20:24:51,android
13991889,2021-04-12 00:00:00 +0000 UTC,2021-04-12 17:01:18,2021-04-12 17:01:18,android
13991889,2021-04-14 00:00:00 +0000 UTC,2021-04-14 02:01:22,2021-04-14 02:01:22,android
13991889,2021-04-14 00:00:00 +0000 UTC,2021-04-14 05:07:33,2021-04-14 05:07:33,web
13991889,2021-04-15 00:00:00 +0000 UTC,2021-04-15 22:01:17,2021-04-15 22:01:17,android
13991889,2021-04-17 00:00:00 +0000 UTC,2021-04-17 03:05:17,2021-04-17 03:05:17,android
13991889,2021-04-18 00:00:00 +0000 UTC,2021-04-18 06:23:28,2021-04-18 06:23:28,android
13991889,2021-04-18 00:00:00 +0000 UTC,2021-04-18 16:45:25,2021-04-18 16:45:25,web
13991889,2021-04-19 00:00:00 +0000 UTC,2021-04-19 21:21:05,2021-04-19 21:21:05,android
13991889,2021-04-20 00:00:00 +0000 UTC,2021-04-20 02:51:47,2021-04-20 02:51:47,android
13991889,2021-04-20 00:00:00 +0000 UTC,2021-04-20 02:39:30,2021-04-20 02:39:30,web
13991889,2021-04-21 00:00:00 +0000 UTC,2021-04-21 20:36:52,2021-04-21 20:36:52,android
13991889,2021-04-22 00:00:00 +0000 UTC,2021-04-22 03:15:47,2021-04-22 03:15:47,android
13991889,2021-04-22 00:00:00 +0000 UTC,2021-04-22 12:33:35,2021-04-22 12:33:35,web
13991889,2021-04-23 00:00:00 +0000 UTC,2021-04-23 04:14:36,2021-04-23 04:14:36,android
13991889,2021-04-24 00:00:00 +0000 UTC,2021-04-24 00:07:57,2021-04-24 00:07:57,android
13991889,2021-04-25 00:00:00 +0000 UTC,2021-04-25 05:56:07,2021-04-25 05:56:07,android
13991889,2021-04-27 00:00:00 +0000 UTC,2021-04-27 05:11:47,2021-04-27 05:11:47,android
13991889,2021-04-28 00:00:00 +0000 UTC,2021-04-28 21:09:48,2021-04-28 21:09:48,android
13991889,2021-04-29 00:00:00 +0000 UTC,2021-04-29 02:07:21,2021-04-29 02:07:21,android
13991889,2021-04-30 00:00:00 +0000 UTC,2021-04-30 03:55:26,2021-04-30 03:55:26,android
13991889,2021-05-02 00:00:00 +0000 UTC,2021-05-02 06:30:33,2021-05-02 06:30:33,android
13991889,2021-05-05 00:00:00 +0000 UTC,2021-05-05 03:33:24,2021-05-05 03:33:24,android
13991889,2021-05-06 00:00:00 +0000 UTC,2021-05-06 05:52:09,2021-05-06 05:52:09,android
13991889,2021-05-07 00:00:00 +0000 UTC,2021-05-07 03:46:08,2021-05-07 03:46:08,android
13991889,2021-05-08 00:00:00 +0000 UTC,2021-05-08 15:53:53,2021-05-08 15:53:53,android
13991889,2021-05-09 00:00:00 +0000 UTC,2021-05-09 05:43:44,2021-05-09 05:43:44,android
13991889,2021-05-10 00:00:00 +0000 UTC,2021-05-10 05:43:43,2021-05-10 05:43:43,android
13991889,2021-05-11 00:00:00 +0000 UTC,2021-05-11 00:49:35,2021-05-11 00:49:35,android
13991889,2021-05-12 00:00:00 +0000 UTC,2021-05-12 03:01:09,2021-05-12 03:01:09,android
13991889,2021-05-13 00:00:00 +0000 UTC,2021-05-13 05:24:33,2021-05-13 05:24:33,android
13991889,2021-05-16 00:00:00 +0000 UTC,2021-05-16 20:44:09,2021-05-16 20:44:09,android
13991889,2021-05-17 00:00:00 +0000 UTC,2021-05-17 04:36:47,2021-05-17 04:36:47,android
13991889,2021-05-19 00:00:00 +0000 UTC,2021-05-19 04:47:41,2021-05-19 04:47:41,android
13991889,2021-05-20 00:00:00 +0000 UTC,2021-05-20 06:09:58,2021-05-20 06:09:58,android
13991889,2021-05-22 00:00:00 +0000 UTC,2021-05-22 03:07:51,2021-05-22 03:07:51,android
13991889,2021-05-24 00:00:00 +0000 UTC,2021-05-24 00:29:20,2021-05-24 00:29:20,android
13991889,2021-05-25 00:00:00 +0000 UTC,2021-05-25 16:46:55,2021-05-25 16:46:55,android
13991889,2021-05-27 00:00:00 +0000 UTC,2021-05-27 06:19:55,2021-05-27 06:19:55,android
13991889,2021-05-30 00:00:00 +0000 UTC,2021-05-30 01:19:00,2021-05-30 01:19:00,android
13991889,2021-06-01 00:00:00 +0000 UTC,2021-06-01 17:32:11,2021-06-01 17:32:11,android
13991889,2021-06-02 00:00:00 +0000 UTC,2021-06-02 16:42:30,2021-06-02 16:42:30,android
13991889,2021-06-06 00:00:00 +0000 UTC,2021-06-06 01:14:54,2021-06-06 01:14:54,android
13991889,2021-06-08 00:00:00 +0000 UTC,2021-06-08 19:10:56,2021-06-08 19:10:56,android
13991889,2021-06-10 00:00:00 +0000 UTC,2021-06-10 23:02:20,2021-06-10 23:02:20,android
13991889,2021-06-12 00:00:00 +0000 UTC,2021-06-12 00:03:56,2021-06-12 00:03:56,android
13991889,2021-06-13 00:00:00 +0000 UTC,2021-06-13 01:14:15,2021-06-13 01:14:15,android
13991889,2021-06-14 00:00:00 +0000 UTC,2021-06-14 19:56:40,2021-06-14 19:56:40,android
13991889,2021-06-17 00:00:00 +0000 UTC,2021-06-17 21:01:01,2021-06-17 21:01:01,android
13991889,2021-06-20 00:00:00 +0000 UTC,2021-06-20 17:46:20,2021-06-20 17:46:20,android
13991889,2021-06-21 00:00:00 +0000 UTC,2021-06-21 02:42:35,2021-06-21 02:42:35,android
13991889,2021-06-22 00:00:00 +0000 UTC,2021-06-22 06:39:00,2021-06-22 06:39:00,android
13991889,2021-06-24 00:00:00 +0000 UTC,2021-06-24 05:06:48,2021-06-24 05:06:48,android
13991889,2021-06-25 00:00:00 +0000 UTC,2021-06-25 01:49:23,2021-06-25 01:49:23,android
13991889,2021-06-26 00:00:00 +0000 UTC,2021-06-26 00:30:36,2021-06-26 00:30:36,android
13991889,2021-06-27 00:00:00 +0000 UTC,2021-06-27 02:13:28,2021-06-27 02:13:28,android
13991889,2021-06-28 00:00:00 +0000 UTC,2021-06-28 03:05:09,2021-06-28 03:05:09,android
13991889,2021-06-29 00:00:00 +0000 UTC,2021-06-29 03:24:54,2021-06-29 03:24:54,android
13991889,2021-06-30 00:00:00 +0000 UTC,2021-06-30 17:10:34,2021-06-30 17:10:34,android
13991889,2021-07-02 00:00:00 +0000 UTC,2021-07-02 22:49:16,2021-07-02 22:49:16,android
13991889,2021-07-04 00:00:00 +0000 UTC,2021-07-04 22:16:47,2021-07-04 22:16:47,android
13991889,2021-07-05 00:00:00 +0000 UTC,2021-07-05 06:29:53,2021-07-05 06:29:53,android
13991889,2021-07-06 00:00:00 +0000 UTC,2021-07-06 05:52:35,2021-07-06 05:52:35,android
13991889,2021-07-08 00:00:00 +0000 UTC,2021-07-08 01:41:38,2021-07-08 01:41:38,android
13991889,2021-07-09 00:00:00 +0000 UTC,2021-07-09 00:53:33,2021-07-09 00:53:33,android
13991889,2021-07-10 00:00:00 +0000 UTC,2021-07-10 15:45:15,2021-07-10 15:45:15,android
13991889,2021-07-11 00:00:00 +0000 UTC,2021-07-11 15:26:37,2021-07-11 15:26:37,android
13991889,2021-07-12 00:00:00 +0000 UTC,2021-07-12 07:21:44,2021-07-12 07:21:44,android
13991889,2021-07-13 00:00:00 +0000 UTC,2021-07-13 02:53:39,2021-07-13 02:53:39,android
13991889,2021-07-14 00:00:00 +0000 UTC,2021-07-14 05:32:36,2021-07-14 05:32:36,android
13991889,2021-07-15 00:00:00 +0000 UTC,2021-07-15 17:01:34,2021-07-15 17:01:34,android
13991889,2021-07-16 00:00:00 +0000 UTC,2021-07-16 05:38:15,2021-07-16 05:38:15,android
13991889,2021-07-17 00:00:00 +0000 UTC,2021-07-17 15:37:54,2021-07-17 15:37:54,android
13991889,2021-07-19 00:00:00 +0000 UTC,2021-07-19 05:38:19,2021-07-19 05:38:19,android
13991889,2021-07-20 00:00:00 +0000 UTC,2021-07-20 04:13:13,2021-07-20 04:13:13,android
13991889,2021-07-22 00:00:00 +0000 UTC,2021-07-22 04:41:04,2021-07-22 04:41:04,android
13991889,2021-07-24 00:00:00 +0000 UTC,2021-07-24 00:14:35,2021-07-24 00:14:35,android
13991889,2021-07-27 00:00:00 +0000 UTC,2021-07-27 04:29:27,2021-07-27 04:29:27,android
13991889,2021-07-30 00:00:00 +0000 UTC,2021-07-30 00:42:07,2021-07-30 00:42:07,android
13991889,2021-07-31 00:00:00 +0000 UTC,2021-07-31 07:08:47,2021-07-31 07:08:47,android
13991889,2021-08-01 00:00:00 +0000 UTC,2021-08-01 17:27:52,2021-08-01 17:27:52,android
13991889,2021-08-02 00:00:00 +0000 UTC,2021-08-02 04:51:49,2021-08-02 04:51:49,android
13991889,2021-08-05 00:00:00 +0000 UTC,2021-08-05 01:06:28,2021-08-05 01:06:28,android
13991889,2021-08-06 00:00:00 +0000 UTC,2021-08-06 02:49:09,2021-08-06 02:49:09,android
13991889,2021-08-07 00:00:00 +0000 UTC,2021-08-07 06:14:14,2021-08-07 06:14:14,android
13991889,2021-08-08 00:00:00 +0000 UTC,2021-08-08 23:55:35,2021-08-08 23:55:35,android
13991889,2021-08-09 00:00:00 +0000 UTC,2021-08-09 16:29:24,2021-08-09 16:29:24,android
13991889,2021-08-10 00:00:00 +0000 UTC,2021-08-10 04:30:19,2021-08-10 04:30:19,android
13991889,2021-08-11 00:00:00 +0000 UTC,2021-08-11 03:39:57,2021-08-11 03:39:57,android
13991889,2021-08-14 00:00:00 +0000 UTC,2021-08-14 14:23:05,2021-08-14 14:23:05,android
13991889,2021-08-15 00:00:00 +0000 UTC,2021-08-15 03:57:40,2021-08-15 03:57:40,android
13991889,2021-08-16 00:00:00 +0000 UTC,2021-08-16 04:05:19,2021-08-16 04:05:19,android
13991889,2021-08-17 00:00:00 +0000 UTC,2021-08-17 05:24:40,2021-08-17 05:24:40,android
13991889,2021-08-18 00:00:00 +0000 UTC,2021-08-18 14:23:45,2021-08-18 14:23:45,android
13991889,2021-08-21 00:00:00 +0000 UTC,2021-08-21 04:50:23,2021-08-21 04:50:23,android
13991889,2021-08-24 00:00:00 +0000 UTC,2021-08-24 21:39:42,2021-08-24 21:39:42,android
13991889,2021-08-25 00:00:00 +0000 UTC,2021-08-25 02:57:59,2021-08-25 02:57:59,android
13991889,2021-08-28 00:00:00 +0000 UTC,2021-08-28 17:52:00,2021-08-28 17:52:00,android
13991889,2021-08-29 00:00:00 +0000 UTC,2021-08-29 05:09:28,2021-08-29 05:09:28,android
13991889,2021-09-02 00:00:00 +0000 UTC,2021-09-02 05:43:02,2021-09-02 05:43:02,android
13991889,2021-09-03 00:00:00 +0000 UTC,2021-09-03 00:41:43,2021-09-03 00:41:43,android
13991889,2021-09-04 00:00:00 +0000 UTC,2021-09-04 02:59:41,2021-09-04 02:59:41,android
13991889,2021-09-05 00:00:00 +0000 UTC,2021-09-05 01:14:36,2021-09-05 01:14:36,android
13991889,2021-09-06 00:00:00 +0000 UTC,2021-09-06 13:11:31,2021-09-06 13:11:31,android
13991889,2021-09-07 00:00:00 +0000 UTC,2021-09-07 02:06:10,2021-09-07 02:06:10,android
13991889,2021-09-08 00:00:00 +0000 UTC,2021-09-08 03:56:26,2021-09-08 03:56:26,android
13991889,2021-09-10 00:00:00 +0000 UTC,2021-09-10 22:00:04,2021-09-10 22:00:04,android
13991889,2021-09-11 00:00:00 +0000 UTC,2021-09-11 00:48:14,2021-09-11 00:48:14,android
13991889,2021-09-15 00:00:00 +0000 UTC,2021-09-15 04:00:56,2021-09-15 04:00:56,android
13991889,2021-09-17 00:00:00 +0000 UTC,2021-09-17 00:04:17,2021-09-17 00:04:17,android
13991889,2021-09-20 00:00:00 +0000 UTC,2021-09-20 00:00:47,2021-09-20 00:00:47,android
13991889,2021-09-21 00:00:00 +0000 UTC,2021-09-21 03:40:23,2021-09-21 03:40:23,android
13991889,2021-09-22 00:00:00 +0000 UTC,2021-09-22 20:53:30,2021-09-22 20:53:30,android
13991889,2021-09-23 00:00:00 +0000 UTC,2021-09-23 06:21:06,2021-09-23 06:21:06,android
13991889,2021-09-24 00:00:00 +0000 UTC,2021-09-24 04:41:23,2021-09-24 04:41:23,android
13991889,2021-09-25 00:00:00 +0000 UTC,2021-09-25 03:52:08,2021-09-25 03:52:08,android
13991889,2021-09-27 00:00:00 +0000 UTC,2021-09-27 02:15:13,2021-09-27 02:15:13,android
13991889,2021-09-28 00:00:00 +0000 UTC,2021-09-28 02:11:51,2021-09-28 02:11:51,android
13991889,2021-09-29 00:00:00 +0000 UTC,2021-09-29 19:42:48,2021-09-29 19:42:48,android
13991889,2021-09-30 00:00:00 +0000 UTC,2021-09-30 15:10:20,2021-09-30 15:10:20,android
13991889,2021-10-01 00:00:00 +0000 UTC,2021-10-01 04:21:22,2021-10-01 04:21:22,android
13991889,2021-10-02 00:00:00 +0000 UTC,2021-10-02 14:17:08,2021-10-02 14:17:08,android
13991889,2021-10-04 00:00:00 +0000 UTC,2021-10-04 04:58:40,2021-10-04 04:58:40,android
13991889,2021-10-05 00:00:00 +0000 UTC,2021-10-05 01:42:10,2021-10-05 01:42:10,android
13991889,2021-10-06 00:00:00 +0000 UTC,2021-10-06 16:30:01,2021-10-06 16:30:01,android
13991889,2021-10-07 00:00:00 +0000 UTC,2021-10-07 05:29:35,2021-10-07 05:29:35,android
13991889,2021-10-08 00:00:00 +0000 UTC,2021-10-08 02:36:56,2021-10-08 02:36:56,android
13991889,2021-10-09 00:00:00 +0000 UTC,2021-10-09 00:31:57,2021-10-09 00:31:57,android
13991889,2021-10-10 00:00:00 +0000 UTC,2021-10-10 00:05:26,2021-10-10 00:05:26,android
13991889,2021-10-11 00:00:00 +0000 UTC,2021-10-11 20:32:32,2021-10-11 20:32:32,android
13991889,2021-10-12 00:00:00 +0000 UTC,2021-10-12 16:46:31,2021-10-12 16:46:31,android
13991889,2021-10-14 00:00:00 +0000 UTC,2021-10-14 00:32:56,2021-10-14 00:32:56,android
13991889,2021-10-15 00:00:00 +0000 UTC,2021-10-15 05:45:59,2021-10-15 05:45:59,android
13991889,2021-10-16 00:00:00 +0000 UTC,2021-10-16 04:43:25,2021-10-16 04:43:25,android
13991889,2021-10-17 00:00:00 +0000 UTC,2021-10-17 05:08:03,2021-10-17 05:08:03,android
13991889,2021-10-19 00:00:00 +0000 UTC,2021-10-19 15:40:18,2021-10-19 15:40:18,android
13991889,2021-10-20 00:00:00 +0000 UTC,2021-10-20 01:34:14,2021-10-20 01:34:14,android
13991889,2021-10-21 00:00:00 +0000 UTC,2021-10-21 02:04:42,2021-10-21 02:04:42,android
13991889,2021-10-22 00:00:00 +0000 UTC,2021-10-22 00:53:48,2021-10-22 00:53:48,android
13991889,2021-10-23 00:00:00 +0000 UTC,2021-10-23 00:07:37,2021-10-23 00:07:37,android
13991889,2021-10-24 00:00:00 +0000 UTC,2021-10-24 02:41:39,2021-10-24 02:41:39,android
13991889,2021-10-26 00:00:00 +0000 UTC,2021-10-26 22:34:56,2021-10-26 22:34:56,android
13991889,2021-10-27 00:00:00 +0000 UTC,2021-10-27 00:44:25,2021-10-27 00:44:25,android
13991889,2021-10-28 00:00:00 +0000 UTC,2021-10-28 21:33:25,2021-10-28 21:33:25,android
13991889,2021-10-29 00:00:00 +0000 UTC,2021-10-29 02:36:59,2021-10-29 02:36:59,android
13991889,2021-10-30 00:00:00 +0000 UTC,2021-10-30 01:45:58,2021-10-30 01:45:58,android
13991889,2021-11-01 00:00:00 +0000 UTC,2021-11-01 06:21:00,2021-11-01 06:21:00,android
13991889,2021-11-04 00:00:00 +0000 UTC,2021-11-04 02:03:37,2021-11-04 02:03:37,android
13991889,2021-11-07 00:00:00 +0000 UTC,2021-11-07 02:58:37,2021-11-07 02:58:37,android
13991889,2021-11-09 00:00:00 +0000 UTC,2021-11-09 13:26:51,2021-11-09 13:26:51,web
13991889,2021-11-10 00:00:00 +0000 UTC,2021-11-10 04:37:48,2021-11-10 04:37:48,android
13991889,2021-11-11 00:00:00 +0000 UTC,2021-11-11 16:32:19,2021-11-11 16:32:19,android
13991889,2021-11-13 00:00:00 +0000 UTC,2021-11-13 01:56:40,2021-11-13 01:56:40,android
13991889,2021-11-15 00:00:00 +0000 UTC,2021-11-15 01:56:43,2021-11-15 01:56:43,android
13991889,2021-11-17 00:00:00 +0000 UTC,2021-11-17 03:31:33,2021-11-17 03:31:33,android
13991889,2021-11-19 00:00:00 +0000 UTC,2021-11-19 04:20:38,2021-11-19 04:20:38,android
13991889,2021-11-21 00:00:00 +0000 UTC,2021-11-21 04:49:08,2021-11-21 04:49:08,android
13991889,2021-11-23 00:00:00 +0000 UTC,2021-11-23 06:08:52,2021-11-23 06:08:52,android
13991889,2021-11-24 00:00:00 +0000 UTC,2021-11-24 01:46:41,2021-11-24 01:46:41,android
13991889,2021-11-27 00:00:00 +0000 UTC,2021-11-27 04:18:00,2021-11-27 04:18:00,android
13991889,2021-11-28 00:00:00 +0000 UTC,2021-11-28 01:06:27,2021-11-28 01:06:27,android
13991889,2021-11-29 00:00:00 +0000 UTC,2021-11-29 01:36:29,2021-11-29 01:36:29,android
13991889,2021-12-01 00:00:00 +0000 UTC,2021-12-01 00:47:19,2021-12-01 00:47:19,android
13991889,2021-12-03 00:00:00 +0000 UTC,2021-12-03 03:49:27,2021-12-03 03:49:27,android
13991889,2021-12-05 00:00:00 +0000 UTC,2021-12-05 02:38:28,2021-12-05 02:38:28,android
13991889,2021-12-07 00:00:00 +0000 UTC,2021-12-07 03:51:08,2021-12-07 03:51:08,android
13991889,2021-12-08 00:00:00 +0000 UTC,2021-12-08 03:49:13,2021-12-08 03:49:13,android
13991889,2021-12-09 00:00:00 +0000 UTC,2021-12-09 01:25:20,2021-12-09 01:25:20,android
13991889,2021-12-12 00:00:00 +0000 UTC,2021-12-12 03:29:58,2021-12-12 03:29:58,android
13991889,2021-12-12 00:00:00 +0000 UTC,2021-12-12 20:23:13,2021-12-12 20:23:13,web
13991889,2021-12-16 00:00:00 +0000 UTC,2021-12-16 20:10:38,2021-12-16 20:10:38,android
13991889,2021-12-17 00:00:00 +0000 UTC,2021-12-17 03:31:53,2021-12-17 03:31:53,android
13991889,2021-12-20 00:00:00 +0000 UTC,2021-12-20 01:56:15,2021-12-20 01:56:15,android
13991889,2021-12-22 00:00:00 +0000 UTC,2021-12-22 18:14:56,2021-12-22 18:14:56,android
13991889,2021-12-25 00:00:00 +0000 UTC,2021-12-25 20:13:56,2021-12-25 20:13:56,android
13991889,2021-12-27 00:00:00 +0000 UTC,2021-12-27 09:54:46,2021-12-27 09:54:46,android
13991889,2021-12-30 00:00:00 +0000 UTC,2021-12-30 09:31:48,2021-12-30 09:31:48,android
13991889,2021-12-31 00:00:00 +0000 UTC,2021-12-31 19:24:05,2021-12-31 19:24:05,android
13991889,2022-01-01 00:00:00 +0000 UTC,2022-01-01 23:30:05,2022-01-01 23:30:05,android
13991889,2022-01-03 00:00:00 +0000 UTC,2022-01-03 03:58:36,2022-01-03 03:58:36,android
13991889,2022-01-04 00:00:00 +0000 UTC,2022-01-04 03:38:16,2022-01-04 03:38:16,android
13991889,2022-01-06 00:00:00 +0000 UTC,2022-01-06 09:45:55,2022-01-06 09:45:55,android
13991889,2022-01-07 00:00:00 +0000 UTC,2022-01-07 22:32:07,2022-01-07 22:32:07,android
13991889,2022-01-08 00:00:00 +0000 UTC,2022-01-08 00:29:35,2022-01-08 00:29:35,android
13991889,2022-01-11 00:00:00 +0000 UTC,2022-01-11 23:40:22,2022-01-11 23:40:22,android
13991889,2022-01-12 00:00:00 +0000 UTC,2022-01-12 23:55:23,2022-01-12 23:55:23,android
13991889,2022-01-14 00:00:00 +0000 UTC,2022-01-14 03:38:34,2022-01-14 03:38:34,android
13991889,2022-01-16 00:00:00 +0000 UTC,2022-01-16 04:14:41,2022-01-16 04:14:41,android
13991889,2022-01-17 00:00:00 +0000 UTC,2022-01-17 17:56:00,2022-01-17 17:56:00,android
13991889,2022-01-18 00:00:00 +0000 UTC,2022-01-18 16:34:02,2022-01-18 16:34:02,android
13991889,2022-01-19 00:00:00 +0000 UTC,2022-01-19 00:17:56,2022-01-19 00:17:56,android
13991889,2022-01-22 00:00:00 +0000 UTC,2022-01-22 01:15:22,2022-01-22 01:15:22,android
13991889,2022-01-23 00:00:00 +0000 UTC,2022-01-23 02:34:15,2022-01-23 02:34:15,android
13991889,2022-01-24 00:00:00 +0000 UTC,2022-01-24 22:44:11,2022-01-24 22:44:11,android
13991889,2022-01-25 00:00:00 +0000 UTC,2022-01-25 01:06:08,2022-01-25 01:06:08,android
13991889,2022-01-26 00:00:00 +0000 UTC,2022-01-26 02:00:13,2022-01-26 02:00:13,android
13991889,2022-01-27 00:00:00 +0000 UTC,2022-01-27 01:35:39,2022-01-27 01:35:39,android
13991889,2022-01-29 00:00:00 +0000 UTC,2022-01-29 03:14:20,2022-01-29 03:14:20,android
13991889,2022-01-30 00:00:00 +0000 UTC,2022-01-30 18:38:28,2022-01-30 18:38:28,android
13991889,2022-01-31 00:00:00 +0000 UTC,2022-01-31 00:11:13,2022-01-31 00:11:13,android
13991889,2022-02-01 00:00:00 +0000 UTC,2022-02-01 18:10:07,2022-02-01 18:10:07,android
13991889,2022-02-03 00:00:00 +0000 UTC,2022-02-03 04:29:36,2022-02-03 04:29:36,android
13991889,2022-02-05 00:00:00 +0000 UTC,2022-02-05 02:19:21,2022-02-05 02:19:21,android
13991889,2022-02-06 00:00:00 +0000 UTC,2022-02-06 04:51:59,2022-02-06 04:51:59,android
13991889,2022-02-07 00:00:00 +0000 UTC,2022-02-07 00:57:36,2022-02-07 00:57:36,android
13991889,2022-02-08 00:00:00 +0000 UTC,2022-02-08 03:48:21,2022-02-08 03:48:21,android
13991889,2022-02-14 00:00:00 +0000 UTC,2022-02-14 09:40:00,2022-02-14 09:40:00,android
13991889,2022-02-17 00:00:00 +0000 UTC,2022-02-17 22:42:26,2022-02-17 22:42:26,android
13991889,2022-02-20 00:00:00 +0000 UTC,2022-02-20 00:25:25,2022-02-20 00:25:25,android
13991889,2022-02-21 00:00:00 +0000 UTC,2022-02-21 16:26:58,2022-02-21 16:26:58,android
13991889,2022-02-22 00:00:00 +0000 UTC,2022-02-22 03:26:31,2022-02-22 03:26:31,android
13991889,2022-02-23 00:00:00 +0000 UTC,2022-02-23 02:45:16,2022-02-23 02:45:16,android
13991889,2022-02-24 00:00:00 +0000 UTC,2022-02-24 18:10:07,2022-02-24 18:10:07,android
13991889,2022-02-25 00:00:00 +0000 UTC,2022-02-25 22:36:51,2022-02-25 22:36:51,android
13991889,2022-02-28 00:00:00 +0000 UTC,2022-02-28 01:33:30,2022-02-28 01:33:30,android
13991889,2022-03-02 00:00:00 +0000 UTC,2022-03-02 09:43:55,2022-03-02 09:43:55,android
13991889,2022-03-07 00:00:00 +0000 UTC,2022-03-07 09:27:49,2022-03-07 09:27:49,android
13991889,2022-03-10 00:00:00 +0000 UTC,2022-03-10 01:46:29,2022-03-10 01:46:29,android
13991889,2022-03-11 00:00:00 +0000 UTC,2022-03-11 04:33:44,2022-03-11 04:33:44,android
13991889,2022-03-12 00:00:00 +0000 UTC,2022-03-12 20:03:22,2022-03-12 20:03:22,android
13991889,2022-03-13 00:00:00 +0000 UTC,2022-03-13 04:13:21,2022-03-13 04:13:21,android
13991889,2022-03-14 00:00:00 +0000 UTC,2022-03-14 03:43:10,2022-03-14 03:43:10,android
13991889,2022-03-17 00:00:00 +0000 UTC,2022-03-17 03:17:34,2022-03-17 03:17:34,android
13991889,2022-03-19 00:00:00 +0000 UTC,2022-03-19 17:30:58,2022-03-19 17:30:58,android
13991889,2022-03-24 00:00:00 +0000 UTC,2022-03-24 21:56:27,2022-03-24 21:56:27,android
13991889,2022-03-25 00:00:00 +0000 UTC,2022-03-25 02:44:31,2022-03-25 02:44:31,android
13991889,2022-03-27 00:00:00 +0000 UTC,2022-03-27 01:02:13,2022-03-27 01:02:13,android
13991889,2022-03-29 00:00:00 +0000 UTC,2022-03-29 04:47:01,2022-03-29 04:47:01,android
13991889,2022-03-31 00:00:00 +0000 UTC,2022-03-31 13:49:19,2022-03-31 13:49:19,android
13991889,2022-04-01 00:00:00 +0000 UTC,2022-04-01 23:02:40,2022-04-01 23:02:40,android
13991889,2022-04-02 00:00:00 +0000 UTC,2022-04-02 04:13:16,2022-04-02 04:13:16,android
13991889,2022-04-03 00:00:00 +0000 UTC,2022-04-03 09:20:36,2022-04-03 09:20:36,android
13991889,2022-04-04 00:00:00 +0000 UTC,2022-04-04 23:54:05,2022-04-04 23:54:05,android
13991889,2022-04-05 00:00:00 +0000 UTC,2022-04-05 18:09:33,2022-04-05 18:09:33,android
13991889,2022-04-06 00:00:00 +0000 UTC,2022-04-06 00:42:32,2022-04-06 00:42:32,android
13991889,2022-04-07 00:00:00 +0000 UTC,2022-04-07 00:59:37,2022-04-07 00:59:37,android
13991889,2022-04-09 00:00:00 +0000 UTC,2022-04-09 01:04:10,2022-04-09 01:04:10,android
13991889,2022-04-11 00:00:00 +0000 UTC,2022-04-11 01:36:34,2022-04-11 01:36:34,android
13991889,2022-04-14 00:00:00 +0000 UTC,2022-04-14 02:09:59,2022-04-14 02:09:59,android
13991889,2022-04-16 00:00:00 +0000 UTC,2022-04-16 01:47:26,2022-04-16 01:47:26,android
13991889,2022-04-17 00:00:00 +0000 UTC,2022-04-17 09:43:08,2022-04-17 09:43:08,android
13991889,2022-04-18 00:00:00 +0000 UTC,2022-04-18 00:11:37,2022-04-18 00:11:37,android
13991889,2022-04-24 00:00:00 +0000 UTC,2022-04-24 11:52:38,2022-04-24 11:52:38,android
13991889,2022-04-29 00:00:00 +0000 UTC,2022-04-29 15:13:16,2022-04-29 15:13:16,android
13991889,2022-04-30 00:00:00 +0000 UTC,2022-04-30 00:57:51,2022-04-30 00:57:51,android
13991889,2022-05-01 00:00:00 +0000 UTC,2022-05-01 02:27:57,2022-05-01 02:27:57,android
13991889,2022-05-02 00:00:00 +0000 UTC,2022-05-02 18:25:09,2022-05-02 18:25:09,web
13991889,2022-05-03 00:00:00 +0000 UTC,2022-05-03 23:39:32,2022-05-03 23:39:32,android
13991889,2022-05-04 00:00:00 +0000 UTC,2022-05-04 01:47:10,2022-05-04 01:47:10,android
13991889,2022-05-06 00:00:00 +0000 UTC,2022-05-06 01:44:03,2022-05-06 01:44:03,android
13991889,2022-05-08 00:00:00 +0000 UTC,2022-05-08 05:52:12,2022-05-08 05:52:12,android
13991889,2022-05-09 00:00:00 +0000 UTC,2022-05-09 01:44:27,2022-05-09 01:44:27,android
13991889,2022-05-11 00:00:00 +0000 UTC,2022-05-11 02:20:18,2022-05-11 02:20:18,android
13991889,2022-05-13 00:00:00 +0000 UTC,2022-05-13 04:16:37,2022-05-13 04:16:37,android
13991889,2022-05-14 00:00:00 +0000 UTC,2022-05-14 18:17:58,2022-05-14 18:17:58,android
13991889,2022-05-15 00:00:00 +0000 UTC,2022-05-15 18:38:37,2022-05-15 18:38:37,android
13991889,2022-05-16 00:00:00 +0000 UTC,2022-05-16 04:15:33,2022-05-16 04:15:33,android
13991889,2022-05-17 00:00:00 +0000 UTC,2022-05-17 20:14:44,2022-05-17 20:14:44,android
13991889,2022-05-18 00:00:00 +0000 UTC,2022-05-18 16:26:39,2022-05-18 16:26:39,android
13991889,2022-05-19 00:00:00 +0000 UTC,2022-05-19 00:31:43,2022-05-19 00:31:43,android
13991889,2022-05-20 00:00:00 +0000 UTC,2022-05-20 23:55:51,2022-05-20 23:55:51,android
13991889,2022-05-21 00:00:00 +0000 UTC,2022-05-21 01:38:05,2022-05-21 01:38:05,android
13991889,2022-05-22 00:00:00 +0000 UTC,2022-05-22 17:07:38,2022-05-22 17:07:38,android
13991889,2022-05-22 00:00:00 +0000 UTC,2022-05-22 23:58:41,2022-05-22 23:58:41,web
13991889,2022-05-23 00:00:00 +0000 UTC,2022-05-23 00:13:47,2022-05-23 00:13:47,android
13991889,2022-05-24 00:00:00 +0000 UTC,2022-05-24 02:28:23,2022-05-24 02:28:23,android
13991889,2022-05-26 00:00:00 +0000 UTC,2022-05-26 04:10:14,2022-05-26 04:10:14,android
13991889,2022-05-27 00:00:00 +0000 UTC,2022-05-27 03:34:24,2022-05-27 03:34:24,android
13991889,2022-05-29 00:00:00 +0000 UTC,2022-05-29 14:35:37,2022-05-29 14:35:37,android
13991889,2022-05-31 00:00:00 +0000 UTC,2022-05-31 03:09:31,2022-05-31 03:09:31,android
13991889,2022-06-02 00:00:00 +0000 UTC,2022-06-02 05:03:13,2022-06-02 05:03:13,android
13991889,2022-06-03 00:00:00 +0000 UTC,2022-06-03 04:22:30,2022-06-03 04:22:30,android
13991889,2022-06-04 00:00:00 +0000 UTC,2022-06-04 01:58:25,2022-06-04 01:58:25,android
13991889,2022-06-05 00:00:00 +0000 UTC,2022-06-05 01:57:51,2022-06-05 01:57:51,android
13991889,2022-06-06 00:00:00 +0000 UTC,2022-06-06 17:18:38,2022-06-06 17:18:38,android
13991889,2022-06-07 00:00:00 +0000 UTC,2022-06-07 01:41:19,2022-06-07 01:41:19,android
13991889,2022-06-08 00:00:00 +0000 UTC,2022-06-08 17:43:18,2022-06-08 17:43:18,android
13991889,2022-06-09 00:00:00 +0000 UTC,2022-06-09 04:55:13,2022-06-09 04:55:13,android
13991889,2022-06-09 00:00:00 +0000 UTC,2022-06-09 23:17:48,2022-06-09 23:17:48,web
13991889,2022-06-10 00:00:00 +0000 UTC,2022-06-10 19:26:18,2022-06-10 19:26:18,android
13991889,2022-06-12 00:00:00 +0000 UTC,2022-06-12 02:02:33,2022-06-12 02:02:33,android
13991889,2022-06-13 00:00:00 +0000 UTC,2022-06-13 16:53:13,2022-06-13 16:53:13,android
13991889,2022-06-14 00:00:00 +0000 UTC,2022-06-14 14:26:08,2022-06-14 14:26:08,android
13991889,2022-06-15 00:00:00 +0000 UTC,2022-06-15 03:38:00,2022-06-15 03:38:00,android
13991889,2022-06-16 00:00:00 +0000 UTC,2022-06-16 21:32:08,2022-06-16 21:32:08,android
13991889,2022-06-18 00:00:00 +0000 UTC,2022-06-18 06:13:03,2022-06-18 06:13:03,android
13991889,2022-06-20 00:00:00 +0000 UTC,2022-06-20 04:33:18,2022-06-20 04:33:18,android
13991889,2022-06-22 00:00:00 +0000 UTC,2022-06-22 00:51:56,2022-06-22 00:51:56,android
13991889,2022-06-23 00:00:00 +0000 UTC,2022-06-23 03:27:40,2022-06-23 03:27:40,android
13991889,2022-06-24 00:00:00 +0000 UTC,2022-06-24 01:12:47,2022-06-24 01:12:47,android
13991889,2022-06-25 00:00:00 +0000 UTC,2022-06-25 22:10:19,2022-06-25 22:10:19,android
13991889,2022-06-26 00:00:00 +0000 UTC,2022-06-26 18:01:46,2022-06-26 18:01:46,android
13991889,2022-06-27 00:00:00 +0000 UTC,2022-06-27 11:55:23,2022-06-27 11:55:23,android
13991889,2022-06-28 00:00:00 +0000 UTC,2022-06-28 01:34:45,2022-06-28 01:34:45,android
13991889,2022-07-01 00:00:00 +0000 UTC,2022-07-01 01:51:27,2022-07-01 01:51:27,android
13991889,2022-07-01 00:00:00 +0000 UTC,2022-07-01 01:16:08,2022-07-01 01:16:08,web
13991889,2022-07-02 00:00:00 +0000 UTC,2022-07-02 01:21:38,2022-07-02 01:21:38,android
13991889,2022-07-03 00:00:00 +0000 UTC,2022-07-03 18:24:15,2022-07-03 18:24:15,android
13991889,2022-07-05 00:00:00 +0000 UTC,2022-07-05 00:44:41,2022-07-05 00:44:41,android
13991889,2022-07-06 00:00:00 +0000 UTC,2022-07-06 23:30:49,2022-07-06 23:30:49,android
13991889,2022-07-07 00:00:00 +0000 UTC,2022-07-07 00:13:12,2022-07-07 00:13:12,android
13991889,2022-07-07 00:00:00 +0000 UTC,2022-07-07 01:54:36,2022-07-07 01:54:36,web
13991889,2022-07-09 00:00:00 +0000 UTC,2022-07-09 01:29:51,2022-07-09 01:29:51,android
13991889,2022-07-10 00:00:00 +0000 UTC,2022-07-10 04:40:45,2022-07-10 04:40:45,android
13991889,2022-07-11 00:00:00 +0000 UTC,2022-07-11 03:51:40,2022-07-11 03:51:40,android
13991889,2022-07-12 00:00:00 +0000 UTC,2022-07-12 03:13:50,2022-07-12 03:13:50,android
13991889,2022-07-13 00:00:00 +0000 UTC,2022-07-13 02:20:12,2022-07-13 02:20:12,android
13991889,2022-07-14 00:00:00 +0000 UTC,2022-07-14 03:04:35,2022-07-14 03:04:35,android
13991889,2022-07-16 00:00:00 +0000 UTC,2022-07-16 03:27:07,2022-07-16 03:27:07,android
13991889,2022-07-19 00:00:00 +0000 UTC,2022-07-19 14:26:31,2022-07-19 14:26:31,android
13991889,2022-07-20 00:00:00 +0000 UTC,2022-07-20 22:12:02,2022-07-20 22:12:02,android
13991889,2022-07-21 00:00:00 +0000 UTC,2022-07-21 17:16:16,2022-07-21 17:16:16,android
13991889,2022-07-23 00:00:00 +0000 UTC,2022-07-23 02:39:40,2022-07-23 02:39:40,android
13991889,2022-07-24 00:00:00 +0000 UTC,2022-07-24 21:01:47,2022-07-24 21:01:47,android
13991889,2022-07-25 00:00:00 +0000 UTC,2022-07-25 03:22:18,2022-07-25 03:22:18,android
13991889,2022-07-26 00:00:00 +0000 UTC,2022-07-26 21:25:07,2022-07-26 21:25:07,android
13991889,2022-07-30 00:00:00 +0000 UTC,2022-07-30 01:50:28,2022-07-30 01:50:28,android
13991889,2022-08-02 00:00:00 +0000 UTC,2022-08-02 00:20:19,2022-08-02 00:20:19,android
13991889,2022-08-03 00:00:00 +0000 UTC,2022-08-03 03:48:10,2022-08-03 03:48:10,android
13991889,2022-08-05 00:00:00 +0000 UTC,2022-08-05 19:41:58,2022-08-05 19:41:58,android
13991889,2022-08-07 00:00:00 +0000 UTC,2022-08-07 13:03:51,2022-08-07 13:03:51,android
13991889,2022-08-08 00:00:00 +0000 UTC,2022-08-08 18:37:35,2022-08-08 18:37:35,android
13991889,2022-08-09 00:00:00 +0000 UTC,2022-08-09 03:05:16,2022-08-09 03:05:16,android
13991889,2022-08-11 00:00:00 +0000 UTC,2022-08-11 00:43:38,2022-08-11 00:43:38,android
13991889,2022-08-13 00:00:00 +0000 UTC,2022-08-13 15:43:32,2022-08-13 15:43:32,android
13991889,2022-08-14 00:00:00 +0000 UTC,2022-08-14 00:22:19,2022-08-14 00:22:19,android
13991889,2022-08-15 00:00:00 +0000 UTC,2022-08-15 03:47:50,2022-08-15 03:47:50,android
13991889,2022-08-16 00:00:00 +0000 UTC,2022-08-16 12:12:34,2022-08-16 12:12:34,android
13991889,2022-08-17 00:00:00 +0000 UTC,2022-08-17 01:28:50,2022-08-17 01:28:50,android
13991889,2022-08-18 00:00:00 +0000 UTC,2022-08-18 05:18:59,2022-08-18 05:18:59,android
13991889,2022-08-19 00:00:00 +0000 UTC,2022-08-19 14:07:59,2022-08-19 14:07:59,android
13991889,2022-08-20 00:00:00 +0000 UTC,2022-08-20 00:02:54,2022-08-20 00:02:54,android
13991889,2022-08-21 00:00:00 +0000 UTC,2022-08-21 01:40:40,2022-08-21 01:40:40,android
13991889,2022-08-23 00:00:00 +0000 UTC,2022-08-23 22:23:42,2022-08-23 22:23:42,android
13991889,2022-08-25 00:00:00 +0000 UTC,2022-08-25 04:51:56,2022-08-25 04:51:56,android
13991889,2022-08-26 00:00:00 +0000 UTC,2022-08-26 17:11:00,2022-08-26 17:11:00,android
13991889,2022-08-28 00:00:00 +0000 UTC,2022-08-28 01:58:00,2022-08-28 01:58:00,android
13991889,2022-08-29 00:00:00 +0000 UTC,2022-08-29 02:30:07,2022-08-29 02:30:07,android
13991889,2022-08-30 00:00:00 +0000 UTC,2022-08-30 03:01:09,2022-08-30 03:01:09,android
13991889,2022-08-31 00:00:00 +0000 UTC,2022-08-31 21:43:43,2022-08-31 21:43:43,android
13991889,2022-09-01 00:00:00 +0000 UTC,2022-09-01 13:22:09,2022-09-01 13:22:09,android
13991889,2022-09-02 00:00:00 +0000 UTC,2022-09-02 23:27:31,2022-09-02 23:27:31,android
13991889,2022-09-04 00:00:00 +0000 UTC,2022-09-04 03:53:29,2022-09-04 03:53:29,android
13991889,2022-09-05 00:00:00 +0000 UTC,2022-09-05 16:49:49,2022-09-05 16:49:49,android
13991889,2022-09-06 00:00:00 +0000 UTC,2022-09-06 03:14:35,2022-09-06 03:14:35,android
13991889,2022-09-07 00:00:00 +0000 UTC,2022-09-07 20:41:10,2022-09-07 20:41:10,android
13991889,2022-09-09 00:00:00 +0000 UTC,2022-09-09 01:14:47,2022-09-09 01:14:47,android
13991889,2022-09-12 00:00:00 +0000 UTC,2022-09-12 13:16:15,2022-09-12 13:16:15,android
13991889,2022-09-13 00:00:00 +0000 UTC,2022-09-13 01:45:39,2022-09-13 01:45:39,android
13991889,2022-09-13 00:00:00 +0000 UTC,2022-09-13 02:40:07,2022-09-13 02:40:07,web
13991889,2022-09-14 00:00:00 +0000 UTC,2022-09-14 13:13:56,2022-09-14 13:13:56,android
13991889,2022-09-16 00:00:00 +0000 UTC,2022-09-16 01:50:24,2022-09-16 01:50:24,android
13991889,2022-09-17 00:00:00 +0000 UTC,2022-09-17 02:27:23,2022-09-17 02:27:23,android
13991889,2022-09-19 00:00:00 +0000 UTC,2022-09-19 05:04:41,2022-09-19 05:04:41,android
13991889,2022-09-22 00:00:00 +0000 UTC,2022-09-22 02:00:18,2022-09-22 02:00:18,android
13991889,2022-09-23 00:00:00 +0000 UTC,2022-09-23 23:34:39,2022-09-23 23:34:39,android
13991889,2022-09-24 00:00:00 +0000 UTC,2022-09-24 03:04:36,2022-09-24 03:04:36,android
13991889,2022-09-26 00:00:00 +0000 UTC,2022-09-26 00:11:19,2022-09-26 00:11:19,android
13991889,2022-09-28 00:00:00 +0000 UTC,2022-09-28 01:30:31,2022-09-28 01:30:31,android
13991889,2022-10-01 00:00:00 +0000 UTC,2022-10-01 01:20:40,2022-10-01 01:20:40,android
13991889,2022-10-01 00:00:00 +0000 UTC,2022-10-01 16:32:32,2022-10-01 16:32:32,web
13991889,2022-10-03 00:00:00 +0000 UTC,2022-10-03 10:14:19,2022-10-03 10:14:19,android
13991889,2022-10-05 00:00:00 +0000 UTC,2022-10-05 03:44:08,2022-10-05 03:44:08,android
13991889,2022-10-09 00:00:00 +0000 UTC,2022-10-09 04:17:35,2022-10-09 04:17:35,android
13991889,2022-10-10 00:00:00 +0000 UTC,2022-10-10 10:49:00,2022-10-10 10:49:00,web
13991889,2022-10-11 00:00:00 +0000 UTC,2022-10-11 23:19:41,2022-10-11 23:19:41,android
13991889,2022-10-12 00:00:00 +0000 UTC,2022-10-12 19:33:19,2022-10-12 19:33:19,android
13991889,2022-10-15 00:00:00 +0000 UTC,2022-10-15 01:22:56,2022-10-15 01:22:56,android
13991889,2022-10-16 00:00:00 +0000 UTC,2022-10-16 23:24:07,2022-10-16 23:24:07,android
13991889,2022-10-16 00:00:00 +0000 UTC,2022-10-16 02:45:12,2022-10-16 02:45:12,web
13991889,2022-10-17 00:00:00 +0000 UTC,2022-10-17 00:24:01,2022-10-17 00:24:01,android
13991889,2022-10-19 00:00:00 +0000 UTC,2022-10-19 02:31:27,2022-10-19 02:31:27,android
13991889,2022-10-20 00:00:00 +0000 UTC,2022-10-20 04:02:32,2022-10-20 04:02:32,web
13991889,2022-10-22 00:00:00 +0000 UTC,2022-10-22 14:47:48,2022-10-22 14:47:48,android
13991889,2022-10-23 00:00:00 +0000 UTC,2022-10-23 04:31:28,2022-10-23 04:31:28,android
13991889,2022-10-27 00:00:00 +0000 UTC,2022-10-27 20:07:31,2022-10-27 20:07:31,android
13991889,2022-10-28 00:00:00 +0000 UTC,2022-10-28 22:56:48,2022-10-28 22:56:48,android
13991889,2022-10-29 00:00:00 +0000 UTC,2022-10-29 11:37:10,2022-10-29 11:37:10,android
13991889,2022-10-30 00:00:00 +0000 UTC,2022-10-30 20:41:20,2022-10-30 20:41:20,android
13991889,2022-10-31 00:00:00 +0000 UTC,2022-10-31 00:20:37,2022-10-31 00:20:37,android
13991889,2022-11-03 00:00:00 +0000 UTC,2022-11-03 03:50:35,2022-11-03 03:50:35,android
13991889,2022-11-05 00:00:00 +0000 UTC,2022-11-05 15:04:04,2022-11-05 15:04:04,android
13991889,2022-11-06 00:00:00 +0000 UTC,2022-11-06 01:19:46,2022-11-06 01:19:46,android
13991889,2022-11-10 00:00:00 +0000 UTC,2022-11-10 10:51:53,2022-11-10 10:51:53,android
13991889,2022-11-12 00:00:00 +0000 UTC,2022-11-12 17:24:13,2022-11-12 17:24:13,android
13991889,2022-11-13 00:00:00 +0000 UTC,2022-11-13 01:52:48,2022-11-13 01:52:48,android
13991889,2022-11-14 00:00:00 +0000 UTC,2022-11-14 00:18:59,2022-11-14 00:18:59,android
13991889,2022-11-20 00:00:00 +0000 UTC,2022-11-20 13:41:21,2022-11-20 13:41:21,
13991889,2022-11-20 00:00:00 +0000 UTC,2022-11-20 00:33:01,2022-11-20 00:33:01,web
13991889,2022-11-21 00:00:00 +0000 UTC,2022-11-21 00:12:43,2022-11-21 00:12:43,
13991889,2022-11-24 00:00:00 +0000 UTC,2022-11-24 20:38:40,2022-11-24 20:38:40,
13991889,2022-11-27 00:00:00 +0000 UTC,2022-11-27 22:33:03,2022-11-27 22:33:03,
13991889,2022-11-28 00:00:00 +0000 UTC,2022-11-28 10:53:56,2022-11-28 10:53:56,
13991889,2022-12-03 00:00:00 +0000 UTC,2022-12-03 03:44:48,2022-12-03 03:44:48,
13991889,2022-12-05 00:00:00 +0000 UTC,2022-12-05 04:00:29,2022-12-05 04:00:29,
13991889,2022-12-07 00:00:00 +0000 UTC,2022-12-07 02:16:46,2022-12-07 02:16:46,
13991889,2022-12-09 00:00:00 +0000 UTC,2022-12-09 02:34:45,2022-12-09 02:34:45,
13991889,2022-12-11 00:00:00 +0000 UTC,2022-12-11 11:41:18,2022-12-11 11:41:18,
13991889,2022-12-13 00:00:00 +0000 UTC,2022-12-13 03:07:16,2022-12-13 03:07:16,
13991889,2022-12-14 00:00:00 +0000 UTC,2022-12-14 11:07:56,2022-12-14 11:07:56,android
13991889,2022-12-17 00:00:00 +0000 UTC,2022-12-17 21:58:47,2022-12-17 21:58:47,android
13991889,2022-12-18 00:00:00 +0000 UTC,2022-12-18 04:24:57,2022-12-18 04:24:57,android
13991889,2022-12-19 00:00:00 +0000 UTC,2022-12-19 20:27:06,2022-12-19 20:27:06,android
13991889,2022-12-20 00:00:00 +0000 UTC,2022-12-20 02:01:55,2022-12-20 02:01:55,android
13991889,2022-12-24 00:00:00 +0000 UTC,2022-12-24 01:35:32,2022-12-24 01:35:32,
13991889,2022-12-25 00:00:00 +0000 UTC,2022-12-25 05:06:26,2022-12-25 05:06:26,
13991889,2022-12-26 00:00:00 +0000 UTC,2022-12-26 00:50:10,2022-12-26 00:50:10,
13991889,2022-12-27 00:00:00 +0000 UTC,2022-12-27 00:48:47,2022-12-27 00:48:47,
13991889,2022-12-27 00:00:00 +0000 UTC,2022-12-27 01:18:50,2022-12-27 01:18:50,web
13991889,2022-12-29 00:00:00 +0000 UTC,2022-12-29 20:08:27,2022-12-29 20:08:27,
13991889,2022-12-30 00:00:00 +0000 UTC,2022-12-30 14:09:34,2022-12-30 14:09:34,
13991889,2023-01-02 00:00:00 +0000 UTC,2023-01-02 23:44:53,2023-01-02 23:44:53,
13991889,2023-01-03 00:00:00 +0000 UTC,2023-01-03 21:47:30,2023-01-03 21:47:30,
13991889,2023-01-04 00:00:00 +0000 UTC,2023-01-04 02:37:22,2023-01-04 02:37:22,
13991889,2023-01-06 00:00:00 +0000 UTC,2023-01-06 20:31:35,2023-01-06 20:31:35,
13991889,2023-01-07 00:00:00 +0000 UTC,2023-01-07 02:33:34,2023-01-07 02:33:34,
13991889,2023-01-08 00:00:00 +0000 UTC,2023-01-08 18:18:59,2023-01-08 18:18:59,
13991889,2023-01-09 00:00:00 +0000 UTC,2023-01-09 23:38:13,2023-01-09 23:38:13,
13991889,2023-01-09 00:00:00 +0000 UTC,2023-01-09 22:32:19,2023-01-09 22:32:19,web
13991889,2023-01-10 00:00:00 +0000 UTC,2023-01-10 01:52:34,2023-01-10 01:52:34,
13991889,2023-01-14 00:00:00 +0000 UTC,2023-01-14 17:31:52,2023-01-14 17:31:52,
13991889,2023-01-15 00:00:00 +0000 UTC,2023-01-15 15:46:11,2023-01-15 15:46:11,web
13991889,2023-01-16 00:00:00 +0000 UTC,2023-01-16 20:21:47,2023-01-16 20:21:47,
13991889,2023-01-17 00:00:00 +0000 UTC,2023-01-17 03:00:18,2023-01-17 03:00:18,
13991889,2023-01-21 00:00:00 +0000 UTC,2023-01-21 15:09:12,2023-01-21 15:09:12,
13991889,2023-01-22 00:00:00 +0000 UTC,2023-01-22 03:57:46,2023-01-22 03:57:46,
13991889,2023-01-24 00:00:00 +0000 UTC,2023-01-24 20:22:43,2023-01-24 20:22:43,
13991889,2023-01-28 00:00:00 +0000 UTC,2023-01-28 02:54:46,2023-01-28 02:54:46,
13991889,2023-01-29 00:00:00 +0000 UTC,2023-01-29 02:44:25,2023-01-29 02:44:25,
13991889,2023-01-30 00:00:00 +0000 UTC,2023-01-30 23:09:32,2023-01-30 23:09:32,
13991889,2023-01-31 00:00:00 +0000 UTC,2023-01-31 23:34:22,2023-01-31 23:34:22,
13991889,2023-02-01 00:00:00 +0000 UTC,2023-02-01 01:00:45,2023-02-01 01:00:45,
13991889,2023-02-02 00:00:00 +0000 UTC,2023-02-02 23:00:36,2023-02-02 23:00:36,
13991889,2023-02-04 00:00:00 +0000 UTC,2023-02-04 02:51:17,2023-02-04 02:51:17,
13991889,2023-02-05 00:00:00 +0000 UTC,2023-02-05 20:47:16,2023-02-05 20:47:16,
13991889,2023-02-06 00:00:00 +0000 UTC,2023-02-06 21:58:45,2023-02-06 21:58:45,
13991889,2023-02-10 00:00:00 +0000 UTC,2023-02-10 21:04:02,2023-02-10 21:04:02,
13991889,2023-02-11 00:00:00 +0000 UTC,2023-02-11 03:29:48,2023-02-11 03:29:48,
13991889,2023-02-12 00:00:00 +0000 UTC,2023-02-12 18:36:17,2023-02-12 18:36:17,
13991889,2023-02-13 00:00:00 +0000 UTC,2023-02-13 02:45:38,2023-02-13 02:45:38,
13991889,2023-02-14 00:00:00 +0000 UTC,2023-02-14 00:28:05,2023-02-14 00:28:05,
13991889,2023-02-17 00:00:00 +0000 UTC,2023-02-17 02:21:37,2023-02-17 02:21:37,
13991889,2023-02-18 00:00:00 +0000 UTC,2023-02-18 15:11:06,2023-02-18 15:11:06,
13991889,2023-02-19 00:00:00 +0000 UTC,2023-02-19 14:56:34,2023-02-19 14:56:34,
13991889,2023-02-20 00:00:00 +0000 UTC,2023-02-20 20:50:18,2023-02-20 20:50:18,
13991889,2023-02-22 00:00:00 +0000 UTC,2023-02-22 19:56:31,2023-02-22 19:56:31,
13991889,2023-02-24 00:00:00 +0000 UTC,2023-02-24 11:00:20,2023-02-24 11:00:20,
13991889,2023-02-25 00:00:00 +0000 UTC,2023-02-25 15:23:14,2023-02-25 15:23:14,
13991889,2023-02-26 00:00:00 +0000 UTC,2023-02-26 01:00:24,2023-02-26 01:00:24,
13991889,2023-02-27 00:00:00 +0000 UTC,2023-02-27 01:22:53,2023-02-27 01:22:53,
13991889,2023-03-03 00:00:00 +0000 UTC,2023-03-03 01:32:37,2023-03-03 01:32:37,
13991889,2023-03-04 00:00:00 +0000 UTC,2023-03-04 00:56:28,2023-03-04 00:56:28,
13991889,2023-03-05 00:00:00 +0000 UTC,2023-03-05 01:41:50,2023-03-05 01:41:50,
13991889,2023-03-06 00:00:00 +0000 UTC,2023-03-06 22:42:39,2023-03-06 22:42:39,
13991889,2023-03-08 00:00:00 +0000 UTC,2023-03-08 04:08:37,2023-03-08 04:08:37,web
13991889,2023-03-09 00:00:00 +0000 UTC,2023-03-09 20:19:10,2023-03-09 20:19:10,
13991889,2023-03-10 00:00:00 +0000 UTC,2023-03-10 01:21:17,2023-03-10 01:21:17,
13991889,2023-03-11 00:00:00 +0000 UTC,2023-03-11 02:02:29,2023-03-11 02:02:29,android
13991889,2023-03-12 00:00:00 +0000 UTC,2023-03-12 17:56:53,2023-03-12 17:56:53,android
13991889,2023-03-15 00:00:00 +0000 UTC,2023-03-15 20:53:50,2023-03-15 20:53:50,android
13991889,2023-03-17 00:00:00 +0000 UTC,2023-03-17 04:26:41,2023-03-17 04:26:41,android
13991889,2023-03-18 00:00:00 +0000 UTC,2023-03-18 02:25:20,2023-03-18 02:25:20,android
13991889,2023-03-19 00:00:00 +0000 UTC,2023-03-19 00:24:03,2023-03-19 00:24:03,android
13991889,2023-03-20 00:00:00 +0000 UTC,2023-03-20 20:19:14,2023-03-20 20:19:14,android
13991889,2023-03-23 00:00:00 +0000 UTC,2023-03-23 00:38:32,2023-03-23 00:38:32,
13991889,2023-03-25 00:00:00 +0000 UTC,2023-03-25 22:52:54,2023-03-25 22:52:54,
13991889,2023-03-26 00:00:00 +0000 UTC,2023-03-26 03:32:46,2023-03-26 03:32:46,
13991889,2023-03-27 00:00:00 +0000 UTC,2023-03-27 00:26:04,2023-03-27 00:26:04,
13991889,2023-03-28 00:00:00 +0000 UTC,2023-03-28 03:23:37,2023-03-28 03:23:37,
13991889,2023-03-30 00:00:00 +0000 UTC,2023-03-30 03:43:57,2023-03-30 03:43:57,
13991889,2023-03-31 00:00:00 +0000 UTC,2023-03-31 02:46:24,2023-03-31 02:46:24,
13991889,2023-03-31 00:00:00 +0000 UTC,2023-03-31 02:45:33,2023-03-31 02:45:33,web
13991889,2023-04-01 00:00:00 +0000 UTC,2023-04-01 01:46:03,2023-04-01 01:46:03,
13991889,2023-04-02 00:00:00 +0000 UTC,2023-04-02 01:59:22,2023-04-02 01:59:22,
13991889,2023-04-02 00:00:00 +0000 UTC,2023-04-02 01:57:53,2023-04-02 01:57:53,web
13991889,2023-04-04 00:00:00 +0000 UTC,2023-04-04 14:29:44,2023-04-04 14:29:44,
13991889,2023-04-05 00:00:00 +0000 UTC,2023-04-05 03:26:08,2023-04-05 03:26:08,
13991889,2023-04-06 00:00:00 +0000 UTC,2023-04-06 03:04:16,2023-04-06 03:04:16,
13991889,2023-04-07 00:00:00 +0000 UTC,2023-04-07 15:46:34,2023-04-07 15:46:34,
13991889,2023-04-08 00:00:00 +0000 UTC,2023-04-08 04:46:18,2023-04-08 04:46:18,
13991889,2023-04-09 00:00:00 +0000 UTC,2023-04-09 19:53:06,2023-04-09 19:53:06,
13991889,2023-04-10 00:00:00 +0000 UTC,2023-04-10 00:10:04,2023-04-10 00:10:04,
13991889,2023-04-11 00:00:00 +0000 UTC,2023-04-11 23:01:45,2023-04-11 23:01:45,
13991889,2023-04-12 00:00:00 +0000 UTC,2023-04-12 01:47:57,2023-04-12 01:47:57,
13991889,2023-04-13 00:00:00 +0000 UTC,2023-04-13 21:09:19,2023-04-13 21:09:19,
13991889,2023-04-15 00:00:00 +0000 UTC,2023-04-15 14:42:02,2023-04-15 14:42:02,
13991889,2023-04-16 00:00:00 +0000 UTC,2023-04-16 22:10:11,2023-04-16 22:10:11,
13991889,2023-04-16 00:00:00 +0000 UTC,2023-04-16 23:34:36,2023-04-16 23:34:36,web
13991889,2023-04-17 00:00:00 +0000 UTC,2023-04-17 00:52:52,2023-04-17 00:52:52,
13991889,2023-04-18 00:00:00 +0000 UTC,2023-04-18 01:55:14,2023-04-18 01:55:14,
13991889,2023-04-19 00:00:00 +0000 UTC,2023-04-19 19:03:07,2023-04-19 19:03:07,
13991889,2023-04-20 00:00:00 +0000 UTC,2023-04-20 15:48:54,2023-04-20 15:48:54,
13991889,2023-04-21 00:00:00 +0000 UTC,2023-04-21 01:03:00,2023-04-21 01:03:00,
13991889,2023-04-22 00:00:00 +0000 UTC,2023-04-22 13:52:15,2023-04-22 13:52:15,
13991889,2023-04-23 00:00:00 +0000 UTC,2023-04-23 02:39:40,2023-04-23 02:39:40,
13991889,2023-04-23 00:00:00 +0000 UTC,2023-04-23 23:10:12,2023-04-23 23:10:12,web
13991889,2023-04-24 00:00:00 +0000 UTC,2023-04-24 02:34:38,2023-04-24 02:34:38,
13991889,2023-04-24 00:00:00 +0000 UTC,2023-04-24 00:00:12,2023-04-24 00:00:12,web
13991889,2023-04-25 00:00:00 +0000 UTC,2023-04-25 05:57:45,2023-04-25 05:57:45,
13991889,2023-04-26 00:00:00 +0000 UTC,2023-04-26 01:43:26,2023-04-26 01:43:26,
13991889,2023-04-27 00:00:00 +0000 UTC,2023-04-27 05:47:39,2023-04-27 05:47:39,
13991889,2023-04-29 00:00:00 +0000 UTC,2023-04-29 03:10:38,2023-04-29 03:10:38,
13991889,2023-04-30 00:00:00 +0000 UTC,2023-04-30 02:20:46,2023-04-30 02:20:46,
13991889,2023-05-01 00:00:00 +0000 UTC,2023-05-01 01:45:54,2023-05-01 01:45:54,
13991889,2023-05-02 00:00:00 +0000 UTC,2023-05-02 00:58:20,2023-05-02 00:58:20,
13991889,2023-05-02 00:00:00 +0000 UTC,2023-05-02 02:03:42,2023-05-02 02:03:42,web
13991889,2023-05-05 00:00:00 +0000 UTC,2023-05-05 20:20:52,2023-05-05 20:20:52,
13991889,2023-05-06 00:00:00 +0000 UTC,2023-05-06 03:11:04,2023-05-06 03:11:04,
13991889,2023-05-07 00:00:00 +0000 UTC,2023-05-07 02:34:12,2023-05-07 02:34:12,
13991889,2023-05-08 00:00:00 +0000 UTC,2023-05-08 00:44:03,2023-05-08 00:44:03,
13991889,2023-05-08 00:00:00 +0000 UTC,2023-05-08 02:27:39,2023-05-08 02:27:39,web
13991889,2023-05-09 00:00:00 +0000 UTC,2023-05-09 02:08:12,2023-05-09 02:08:12,
13991889,2023-05-10 00:00:00 +0000 UTC,2023-05-10 01:36:53,2023-05-10 01:36:53,
13991889,2023-05-14 00:00:00 +0000 UTC,2023-05-14 02:26:51,2023-05-14 02:26:51,
13991889,2023-05-15 00:00:00 +0000 UTC,2023-05-15 15:35:15,2023-05-15 15:35:15,
13991889,2023-05-15 00:00:00 +0000 UTC,2023-05-15 16:05:18,2023-05-15 16:05:18,web
13991889,2023-05-16 00:00:00 +0000 UTC,2023-05-16 01:48:43,2023-05-16 01:48:43,
13991889,2023-05-17 00:00:00 +0000 UTC,2023-05-17 20:06:32,2023-05-17 20:06:32,
13991889,2023-05-18 00:00:00 +0000 UTC,2023-05-18 04:04:16,2023-05-18 04:04:16,
13991889,2023-05-19 00:00:00 +0000 UTC,2023-05-19 19:27:28,2023-05-19 19:27:28,
13991889,2023-05-20 00:00:00 +0000 UTC,2023-05-20 20:37:28,2023-05-20 20:37:28,
13991889,2023-05-22 00:00:00 +0000 UTC,2023-05-22 13:29:27,2023-05-22 13:29:27,
13991889,2023-05-23 00:00:00 +0000 UTC,2023-05-23 00:02:26,2023-05-23 00:02:26,
13991889,2023-05-23 00:00:00 +0000 UTC,2023-05-23 22:25:34,2023-05-23 22:25:34,web
13991889,2023-05-24 00:00:00 +0000 UTC,2023-05-24 03:40:13,2023-05-24 03:40:13,
13991889,2023-05-26 00:00:00 +0000 UTC,2023-05-26 01:01:52,2023-05-26 01:01:52,
13991889,2023-05-26 00:00:00 +0000 UTC,2023-05-26 00:58:43,2023-05-26 00:58:43,web
13991889,2023-05-27 00:00:00 +0000 UTC,2023-05-27 21:29:03,2023-05-27 21:29:03,
13991889,2023-05-28 00:00:00 +0000 UTC,2023-05-28 01:04:55,2023-05-28 01:04:55,
13991889,2023-05-28 00:00:00 +0000 UTC,2023-05-28 04:17:50,2023-05-28 04:17:50,web
13991889,2023-05-29 00:00:00 +0000 UTC,2023-05-29 01:10:43,2023-05-29 01:10:43,
13991889,2023-05-30 00:00:00 +0000 UTC,2023-05-30 03:18:08,2023-05-30 03:18:08,
13991889,2023-05-31 00:00:00 +0000 UTC,2023-05-31 20:25:55,2023-05-31 20:25:55,
13991889,2023-05-31 00:00:00 +0000 UTC,2023-05-31 23:12:45,2023-05-31 23:12:45,web
13991889,2023-06-03 00:00:00 +0000 UTC,2023-06-03 01:29:52,2023-06-03 01:29:52,
13991889,2023-06-03 00:00:00 +0000 UTC,2023-06-03 03:02:37,2023-06-03 03:02:37,web
13991889,2023-06-04 00:00:00 +0000 UTC,2023-06-04 02:14:56,2023-06-04 02:14:56,
13991889,2023-06-04 00:00:00 +0000 UTC,2023-06-04 07:40:33,2023-06-04 07:40:33,web
13991889,2023-06-05 00:00:00 +0000 UTC,2023-06-05 00:24:52,2023-06-05 00:24:52,
13991889,2023-06-05 00:00:00 +0000 UTC,2023-06-05 21:17:23,2023-06-05 21:17:23,web
13991889,2023-06-06 00:00:00 +0000 UTC,2023-06-06 00:30:07,2023-06-06 00:30:07,
13991889,2023-06-07 00:00:00 +0000 UTC,2023-06-07 00:04:05,2023-06-07 00:04:05,web
13991889,2023-06-10 00:00:00 +0000 UTC,2023-06-10 10:54:39,2023-06-10 10:54:39,
13991889,2023-06-10 00:00:00 +0000 UTC,2023-06-10 23:26:56,2023-06-10 23:26:56,web
13991889,2023-06-11 00:00:00 +0000 UTC,2023-06-11 17:40:31,2023-06-11 17:40:31,
13991889,2023-06-11 00:00:00 +0000 UTC,2023-06-11 01:04:07,2023-06-11 01:04:07,web
13991889,2023-06-12 00:00:00 +0000 UTC,2023-06-12 02:05:58,2023-06-12 02:05:58,
13991889,2023-06-12 00:00:00 +0000 UTC,2023-06-12 02:06:32,2023-06-12 02:06:32,web
13991889,2023-06-14 00:00:00 +0000 UTC,2023-06-14 00:41:43,2023-06-14 00:41:43,
13991889,2023-06-15 00:00:00 +0000 UTC,2023-06-15 00:37:01,2023-06-15 00:37:01,
13991889,2023-06-16 00:00:00 +0000 UTC,2023-06-16 01:04:36,2023-06-16 01:04:36,
13991889,2023-06-16 00:00:00 +0000 UTC,2023-06-16 20:10:31,2023-06-16 20:10:31,web
13991889,2023-06-18 00:00:00 +0000 UTC,2023-06-18 22:41:24,2023-06-18 22:41:24,
13991889,2023-06-18 00:00:00 +0000 UTC,2023-06-18 22:03:25,2023-06-18 22:03:25,web
13991889,2023-06-19 00:00:00 +0000 UTC,2023-06-19 01:08:38,2023-06-19 01:08:38,
13991889,2023-06-19 00:00:00 +0000 UTC,2023-06-19 05:26:30,2023-06-19 05:26:30,web
13991889,2023-06-20 00:00:00 +0000 UTC,2023-06-20 05:48:51,2023-06-20 05:48:51,
13991889,2023-06-21 00:00:00 +0000 UTC,2023-06-21 00:03:56,2023-06-21 00:03:56,
13991889,2023-06-22 00:00:00 +0000 UTC,2023-06-22 00:29:40,2023-06-22 00:29:40,
13991889,2023-06-22 00:00:00 +0000 UTC,2023-06-22 02:22:32,2023-06-22 02:22:32,web
13991889,2023-06-23 00:00:00 +0000 UTC,2023-06-23 03:47:37,2023-06-23 03:47:37,
13991889,2023-06-23 00:00:00 +0000 UTC,2023-06-23 20:15:21,2023-06-23 20:15:21,web
13991889,2023-06-24 00:00:00 +0000 UTC,2023-06-24 02:10:48,2023-06-24 02:10:48,
13991889,2023-06-24 00:00:00 +0000 UTC,2023-06-24 02:28:24,2023-06-24 02:28:24,web
13991889,2023-06-25 00:00:00 +0000 UTC,2023-06-25 23:28:58,2023-06-25 23:28:58,
13991889,2023-06-26 00:00:00 +0000 UTC,2023-06-26 01:54:21,2023-06-26 01:54:21,
13991889,2023-06-26 00:00:00 +0000 UTC,2023-06-26 03:35:57,2023-06-26 03:35:57,web
13991889,2023-06-27 00:00:00 +0000 UTC,2023-06-27 20:05:06,2023-06-27 20:05:06,
13991889,2023-06-28 00:00:00 +0000 UTC,2023-06-28 01:51:42,2023-06-28 01:51:42,web
13991889,2023-06-30 00:00:00 +0000 UTC,2023-06-30 00:09:40,2023-06-30 00:09:40,
13991889,2023-06-30 00:00:00 +0000 UTC,2023-06-30 03:18:31,2023-06-30 03:18:31,web
13991889,2023-07-02 00:00:00 +0000 UTC,2023-07-02 00:25:40,2023-07-02 00:25:40,
13991889,2023-07-02 00:00:00 +0000 UTC,2023-07-02 04:57:13,2023-07-02 04:57:13,web
13991889,2023-07-03 00:00:00 +0000 UTC,2023-07-03 02:20:17,2023-07-03 02:20:17,
13991889,2023-07-03 00:00:00 +0000 UTC,2023-07-03 02:20:06,2023-07-03 02:20:06,web
13991889,2023-07-06 00:00:00 +0000 UTC,2023-07-06 02:05:55,2023-07-06 02:05:55,
13991889,2023-07-07 00:00:00 +0000 UTC,2023-07-07 02:51:54,2023-07-07 02:51:54,
13991889,2023-07-07 00:00:00 +0000 UTC,2023-07-07 01:08:35,2023-07-07 01:08:35,web
13991889,2023-07-08 00:00:00 +0000 UTC,2023-07-08 02:09:14,2023-07-08 02:09:14,
13991889,2023-07-09 00:00:00 +0000 UTC,2023-07-09 00:58:50,2023-07-09 00:58:50,
13991889,2023-07-10 00:00:00 +0000 UTC,2023-07-10 01:01:51,2023-07-10 01:01:51,
13991889,2023-07-11 00:00:00 +0000 UTC,2023-07-11 02:31:07,2023-07-11 02:31:07,
13991889,2023-07-14 00:00:00 +0000 UTC,2023-07-14 00:46:54,2023-07-14 00:46:54,
13991889,2023-07-14 00:00:00 +0000 UTC,2023-07-14 23:47:30,2023-07-14 23:47:30,web
13991889,2023-07-16 00:00:00 +0000 UTC,2023-07-16 15:13:50,2023-07-16 15:13:50,
13991889,2023-07-17 00:00:00 +0000 UTC,2023-07-17 03:21:20,2023-07-17 03:21:20,
13991889,2023-07-19 00:00:00 +0000 UTC,2023-07-19 04:33:24,2023-07-19 04:33:24,
13991889,2023-07-20 00:00:00 +0000 UTC,2023-07-20 22:35:09,2023-07-20 22:35:09,
13991889,2023-07-21 00:00:00 +0000 UTC,2023-07-21 03:04:37,2023-07-21 03:04:37,
13991889,2023-07-23 00:00:00 +0000 UTC,2023-07-23 17:55:46,2023-07-23 17:55:46,
13991889,2023-07-24 00:00:00 +0000 UTC,2023-07-24 02:28:12,2023-07-24 02:28:12,
13991889,2023-07-25 00:00:00 +0000 UTC,2023-07-25 22:26:06,2023-07-25 22:26:06,
13991889,2023-07-25 00:00:00 +0000 UTC,2023-07-25 23:34:19,2023-07-25 23:34:19,web
13991889,2023-07-29 00:00:00 +0000 UTC,2023-07-29 19:46:41,2023-07-29 19:46:41,
13991889,2023-07-30 00:00:00 +0000 UTC,2023-07-30 03:13:47,2023-07-30 03:13:47,
13991889,2023-07-31 00:00:00 +0000 UTC,2023-07-31 22:20:52,2023-07-31 22:20:52,
13991889,2023-07-31 00:00:00 +0000 UTC,2023-07-31 00:03:36,2023-07-31 00:03:36,web
13991889,2023-08-01 00:00:00 +0000 UTC,2023-08-01 01:07:00,2023-08-01 01:07:00,
13991889,2023-08-02 00:00:00 +0000 UTC,2023-08-02 18:52:06,2023-08-02 18:52:06,
13991889,2023-08-02 00:00:00 +0000 UTC,2023-08-02 01:08:26,2023-08-02 01:08:26,web
13991889,2023-08-03 00:00:00 +0000 UTC,2023-08-03 00:26:48,2023-08-03 00:26:48,
13991889,2023-08-04 00:00:00 +0000 UTC,2023-08-04 01:00:47,2023-08-04 01:00:47,
13991889,2023-08-06 00:00:00 +0000 UTC,2023-08-06 15:58:12,2023-08-06 15:58:12,
13991889,2023-08-07 00:00:00 +0000 UTC,2023-08-07 13:57:35,2023-08-07 13:57:35,
13991889,2023-08-08 00:00:00 +0000 UTC,2023-08-08 01:57:44,2023-08-08 01:57:44,
13991889,2023-08-09 00:00:00 +0000 UTC,2023-08-09 03:02:24,2023-08-09 03:02:24,
13991889,2023-08-11 00:00:00 +0000 UTC,2023-08-11 03:19:04,2023-08-11 03:19:04,
13991889,2023-08-12 00:00:00 +0000 UTC,2023-08-12 01:11:38,2023-08-12 01:11:38,web
13991889,2023-08-13 00:00:00 +0000 UTC,2023-08-13 16:15:43,2023-08-13 16:15:43,
13991889,2023-08-14 00:00:00 +0000 UTC,2023-08-14 00:01:08,2023-08-14 00:01:08,
13991889,2023-08-15 00:00:00 +0000 UTC,2023-08-15 00:53:12,2023-08-15 00:53:12,
13991889,2023-08-15 00:00:00 +0000 UTC,2023-08-15 22:46:08,2023-08-15 22:46:08,web
13991889,2023-08-16 00:00:00 +0000 UTC,2023-08-16 00:12:50,2023-08-16 00:12:50,
13991889,2023-08-19 00:00:00 +0000 UTC,2023-08-19 03:12:52,2023-08-19 03:12:52,
13991889,2023-08-20 00:00:00 +0000 UTC,2023-08-20 00:12:34,2023-08-20 00:12:34,
13991889,2023-08-21 00:00:00 +0000 UTC,2023-08-21 19:45:54,2023-08-21 19:45:54,
13991889,2023-08-23 00:00:00 +0000 UTC,2023-08-23 03:02:19,2023-08-23 03:02:19,
13991889,2023-08-24 00:00:00 +0000 UTC,2023-08-24 21:19:35,2023-08-24 21:19:35,
13991889,2023-08-25 00:00:00 +0000 UTC,2023-08-25 14:50:54,2023-08-25 14:50:54,
13991889,2023-08-27 00:00:00 +0000 UTC,2023-08-27 19:19:54,2023-08-27 19:19:54,
13991889,2023-08-27 00:00:00 +0000 UTC,2023-08-27 21:57:44,2023-08-27 21:57:44,web
13991889,2023-08-28 00:00:00 +0000 UTC,2023-08-28 23:01:51,2023-08-28 23:01:51,
13991889,2023-08-28 00:00:00 +0000 UTC,2023-08-28 02:21:28,2023-08-28 02:21:28,web
13991889,2023-08-31 00:00:00 +0000 UTC,2023-08-31 20:16:54,2023-08-31 20:16:54,
13991889,2023-09-01 00:00:00 +0000 UTC,2023-09-01 21:15:24,2023-09-01 21:15:24,
13991889,2023-09-02 00:00:00 +0000 UTC,2023-09-02 19:08:48,2023-09-02 19:08:48,
13991889,2023-09-03 00:00:00 +0000 UTC,2023-09-03 11:54:59,2023-09-03 11:54:59,
13991889,2023-09-04 00:00:00 +0000 UTC,2023-09-04 20:58:59,2023-09-04 20:58:59,
13991889,2023-09-06 00:00:00 +0000 UTC,2023-09-06 01:39:00,2023-09-06 01:39:00,
13991889,2023-09-07 00:00:00 +0000 UTC,2023-09-07 01:10:47,2023-09-07 01:10:47,
13991889,2023-09-09 00:00:00 +0000 UTC,2023-09-09 03:58:26,2023-09-09 03:58:26,
13991889,2023-09-12 00:00:00 +0000 UTC,2023-09-12 20:47:59,2023-09-12 20:47:59,
13991889,2023-09-14 00:00:00 +0000 UTC,2023-09-14 01:44:13,2023-09-14 01:44:13,
13991889,2023-09-15 00:00:00 +0000 UTC,2023-09-15 22:15:30,2023-09-15 22:15:30,
13991889,2023-09-16 00:00:00 +0000 UTC,2023-09-16 22:28:20,2023-09-16 22:28:20,
13991889,2023-09-17 00:00:00 +0000 UTC,2023-09-17 02:16:38,2023-09-17 02:16:38,
13991889,2023-09-19 00:00:00 +0000 UTC,2023-09-19 03:39:16,2023-09-19 03:39:16,
13991889,2023-09-24 00:00:00 +0000 UTC,2023-09-24 15:46:03,2023-09-24 15:46:03,
13991889,2023-09-25 00:00:00 +0000 UTC,2023-09-25 15:51:24,2023-09-25 15:51:24,
13991889,2023-09-27 00:00:00 +0000 UTC,2023-09-27 03:35:44,2023-09-27 03:35:44,
13991889,2023-09-29 00:00:00 +0000 UTC,2023-09-29 00:21:15,2023-09-29 00:21:15,
13991889,2023-09-30 00:00:00 +0000 UTC,2023-09-30 23:07:16,2023-09-30 23:07:16,
13991889,2023-10-02 00:00:00 +0000 UTC,2023-10-02 21:56:01,2023-10-02 21:56:01,
13991889,2023-10-03 00:00:00 +0000 UTC,2023-10-03 23:11:58,2023-10-03 23:11:58,
13991889,2023-10-04 00:00:00 +0000 UTC,2023-10-04 04:48:24,2023-10-04 04:48:24,
13991889,2023-10-05 00:00:00 +0000 UTC,2023-10-05 05:13:38,2023-10-05 05:13:38,
13991889,2023-10-05 00:00:00 +0000 UTC,2023-10-05 16:20:59,2023-10-05 16:20:59,web
13991889,2023-10-06 00:00:00 +0000 UTC,2023-10-06 04:36:17,2023-10-06 04:36:17,
13991889,2023-10-07 00:00:00 +0000 UTC,2023-10-07 04:05:31,2023-10-07 04:05:31,
13991889,2023-10-09 00:00:00 +0000 UTC,2023-10-09 05:02:32,2023-10-09 05:02:32,
13991889,2023-10-10 00:00:00 +0000 UTC,2023-10-10 00:07:41,2023-10-10 00:07:41,
13991889,2023-10-11 00:00:00 +0000 UTC,2023-10-11 13:49:47,2023-10-11 13:49:47,
13991889,2023-10-12 00:00:00 +0000 UTC,2023-10-12 15:43:40,2023-10-12 15:43:40,
13991889,2023-10-14 00:00:00 +0000 UTC,2023-10-14 16:17:51,2023-10-14 16:17:51,
13991889,2023-10-14 00:00:00 +0000 UTC,2023-10-14 14:49:02,2023-10-14 14:49:02,web
13991889,2023-10-15 00:00:00 +0000 UTC,2023-10-15 02:00:53,2023-10-15 02:00:53,
13991889,2023-10-16 00:00:00 +0000 UTC,2023-10-16 02:14:32,2023-10-16 02:14:32,
13991889,2023-10-17 00:00:00 +0000 UTC,2023-10-17 23:47:17,2023-10-17 23:47:17,web
13991889,2023-10-18 00:00:00 +0000 UTC,2023-10-18 00:38:17,2023-10-18 00:38:17,
13991889,2023-10-20 00:00:00 +0000 UTC,2023-10-20 02:31:16,2023-10-20 02:31:16,
13991889,2023-10-22 00:00:00 +0000 UTC,2023-10-22 01:45:01,2023-10-22 01:45:01,
13991889,2023-10-23 00:00:00 +0000 UTC,2023-10-23 04:38:24,2023-10-23 04:38:24,
13991889,2023-10-29 00:00:00 +0000 UTC,2023-10-29 18:28:01,2023-10-29 18:28:01,
13991889,2023-10-30 00:00:00 +0000 UTC,2023-10-30 22:14:25,2023-10-30 22:14:25,
13991889,2023-11-03 00:00:00 +0000 UTC,2023-11-03 02:34:32,2023-11-03 02:34:32,
13991889,2023-11-05 00:00:00 +0000 UTC,2023-11-05 03:38:46,2023-11-05 03:38:46,
13991889,2023-11-05 00:00:00 +0000 UTC,2023-11-05 16:14:34,2023-11-05 16:14:34,web
13991889,2023-11-06 00:00:00 +0000 UTC,2023-11-06 15:53:13,2023-11-06 15:53:13,
13991889,2023-11-06 00:00:00 +0000 UTC,2023-11-06 14:57:25,2023-11-06 14:57:25,web
13991889,2023-11-07 00:00:00 +0000 UTC,2023-11-07 03:15:15,2023-11-07 03:15:15,
13991889,2023-11-09 00:00:00 +0000 UTC,2023-11-09 00:22:01,2023-11-09 00:22:01,
13991889,2023-11-10 00:00:00 +0000 UTC,2023-11-10 21:03:25,2023-11-10 21:03:25,
13991889,2023-11-10 00:00:00 +0000 UTC,2023-11-10 00:34:48,2023-11-10 00:34:48,web
13991889,2023-11-11 00:00:00 +0000 UTC,2023-11-11 20:49:45,2023-11-11 20:49:45,
13991889,2023-11-12 00:00:00 +0000 UTC,2023-11-12 15:34:59,2023-11-12 15:34:59,
13991889,2023-11-12 00:00:00 +0000 UTC,2023-11-12 01:08:16,2023-11-12 01:08:16,web
13991889,2023-11-14 00:00:00 +0000 UTC,2023-11-14 01:51:20,2023-11-14 01:51:20,
13991889,2023-11-15 00:00:00 +0000 UTC,2023-11-15 21:00:37,2023-11-15 21:00:37,
13991889,2023-11-16 00:00:00 +0000 UTC,2023-11-16 21:29:20,2023-11-16 21:29:20,web
13991889,2023-11-17 00:00:00 +0000 UTC,2023-11-17 18:58:09,2023-11-17 18:58:09,
13991889,2023-11-18 00:00:00 +0000 UTC,2023-11-18 06:13:16,2023-11-18 06:13:16,
13991889,2023-11-18 00:00:00 +0000 UTC,2023-11-18 20:36:24,2023-11-18 20:36:24,web
13991889,2023-11-19 00:00:00 +0000 UTC,2023-11-19 02:00:14,2023-11-19 02:00:14,
13991889,2023-11-21 00:00:00 +0000 UTC,2023-11-21 01:14:53,2023-11-21 01:14:53,
13991889,2023-11-23 00:00:00 +0000 UTC,2023-11-23 01:24:44,2023-11-23 01:24:44,
13991889,2023-11-25 00:00:00 +0000 UTC,2023-11-25 12:37:21,2023-11-25 12:37:21,
13991889,2023-11-25 00:00:00 +0000 UTC,2023-11-25 22:17:40,2023-11-25 22:17:40,web
13991889,2023-11-26 00:00:00 +0000 UTC,2023-11-26 14:15:33,2023-11-26 14:15:33,
13991889,2023-11-26 00:00:00 +0000 UTC,2023-11-26 16:19:36,2023-11-26 16:19:36,web
13991889,2023-11-30 00:00:00 +0000 UTC,2023-11-30 00:52:31,2023-11-30 00:52:31,
13991889,2023-12-01 00:00:00 +0000 UTC,2023-12-01 12:05:12,2023-12-01 12:05:12,
13991889,2023-12-02 00:00:00 +0000 UTC,2023-12-02 03:22:42,2023-12-02 03:22:42,
13991889,2023-12-03 00:00:00 +0000 UTC,2023-12-03 18:47:50,2023-12-03 18:47:50,
13991889,2023-12-04 00:00:00 +0000 UTC,2023-12-04 03:12:50,2023-12-04 03:12:50,
13991889,2023-12-04 00:00:00 +0000 UTC,2023-12-04 22:26:35,2023-12-04 22:26:35,web
13991889,2023-12-05 00:00:00 +0000 UTC,2023-12-05 21:27:53,2023-12-05 21:27:53,
13991889,2023-12-06 00:00:00 +0000 UTC,2023-12-06 01:10:19,2023-12-06 01:10:19,
13991889,2023-12-08 00:00:00 +0000 UTC,2023-12-08 03:19:22,2023-12-08 03:19:22,
13991889,2023-12-10 00:00:00 +0000 UTC,2023-12-10 02:54:46,2023-12-10 02:54:46,
13991889,2023-12-12 00:00:00 +0000 UTC,2023-12-12 02:02:40,2023-12-12 02:02:40,
13991889,2023-12-13 00:00:00 +0000 UTC,2023-12-13 12:10:27,2023-12-13 12:10:27,
13991889,2023-12-14 00:00:00 +0000 UTC,2023-12-14 02:47:06,2023-12-14 02:47:06,
13991889,2023-12-16 00:00:00 +0000 UTC,2023-12-16 03:53:10,2023-12-16 03:53:10,
13991889,2023-12-17 00:00:00 +0000 UTC,2023-12-17 17:02:44,2023-12-17 17:02:44,
13991889,2023-12-19 00:00:00 +0000 UTC,2023-12-19 03:15:49,2023-12-19 03:15:49,
13991889,2023-12-20 00:00:00 +0000 UTC,2023-12-20 21:31:07,2023-12-20 21:31:07,
13991889,2023-12-22 00:00:00 +0000 UTC,2023-12-22 00:31:38,2023-12-22 00:31:38,
13991889,2023-12-23 00:00:00 +0000 UTC,2023-12-23 23:05:59,2023-12-23 23:05:59,
13991889,2023-12-24 00:00:00 +0000 UTC,2023-12-24 15:15:59,2023-12-24 15:15:59,
13991889,2023-12-27 00:00:00 +0000 UTC,2023-12-27 23:25:05,2023-12-27 23:25:05,
13991889,2023-12-29 00:00:00 +0000 UTC,2023-12-29 21:25:29,2023-12-29 21:25:29,
13991889,2023-12-31 00:00:00 +0000 UTC,2023-12-31 01:04:40,2023-12-31 01:04:40,
13991889,2024-01-01 00:00:00 +0000 UTC,2024-01-01 04:00:52,2024-01-01 04:00:52,
13991889,2024-01-03 00:00:00 +0000 UTC,2024-01-03 02:01:58,2024-01-03 02:01:58,
13991889,2024-01-04 00:00:00 +0000 UTC,2024-01-04 00:57:22,2024-01-04 00:57:22,
13991889,2024-01-05 00:00:00 +0000 UTC,2024-01-05 02:24:00,2024-01-05 02:24:00,
13991889,2024-01-06 00:00:00 +0000 UTC,2024-01-06 22:34:39,2024-01-06 22:34:39,
13991889,2024-01-07 00:00:00 +0000 UTC,2024-01-07 02:20:40,2024-01-07 02:20:40,
13991889,2024-01-08 00:00:00 +0000 UTC,2024-01-08 00:29:21,2024-01-08 00:29:21,
13991889,2024-01-14 00:00:00 +0000 UTC,2024-01-14 00:08:00,2024-01-14 00:08:00,
13991889,2024-01-19 00:00:00 +0000 UTC,2024-01-19 01:09:28,2024-01-19 01:09:28,
13991889,2024-01-20 00:00:00 +0000 UTC,2024-01-20 16:23:42,2024-01-20 16:23:42,
13991889,2024-01-22 00:00:00 +0000 UTC,2024-01-22 22:04:59,2024-01-22 22:04:59,
13991889,2024-01-24 00:00:00 +0000 UTC,2024-01-24 00:34:05,2024-01-24 00:34:05,
13991889,2024-01-25 00:00:00 +0000 UTC,2024-01-25 01:23:40,2024-01-25 01:23:40,
13991889,2024-01-26 00:00:00 +0000 UTC,2024-01-26 12:09:57,2024-01-26 12:09:57,
13991889,2024-01-29 00:00:00 +0000 UTC,2024-01-29 00:33:15,2024-01-29 00:33:15,
13991889,2024-01-31 00:00:00 +0000 UTC,2024-01-31 03:22:33,2024-01-31 03:22:33,
13991889,2024-02-01 00:00:00 +0000 UTC,2024-02-01 23:30:38,2024-02-01 23:30:38,
13991889,2024-02-02 00:00:00 +0000 UTC,2024-02-02 03:41:33,2024-02-02 03:41:33,
13991889,2024-02-03 00:00:00 +0000 UTC,2024-02-03 03:09:44,2024-02-03 03:09:44,
13991889,2024-02-04 00:00:00 +0000 UTC,2024-02-04 21:23:14,2024-02-04 21:23:14,
13991889,2024-02-07 00:00:00 +0000 UTC,2024-02-07 02:25:59,2024-02-07 02:25:59,
13991889,2024-02-08 00:00:00 +0000 UTC,2024-02-08 03:52:17,2024-02-08 03:52:17,
13991889,2024-02-09 00:00:00 +0000 UTC,2024-02-09 01:15:24,2024-02-09 01:15:24,
13991889,2024-02-10 00:00:00 +0000 UTC,2024-02-10 04:32:12,2024-02-10 04:32:12,
13991889,2024-02-11 00:00:00 +0000 UTC,2024-02-11 19:47:18,2024-02-11 19:47:18,
13991889,2024-02-12 00:00:00 +0000 UTC,2024-02-12 22:04:56,2024-02-12 22:04:56,
13991889,2024-02-13 00:00:00 +0000 UTC,2024-02-13 14:38:35,2024-02-13 14:38:35,
13991889,2024-02-14 00:00:00 +0000 UTC,2024-02-14 01:47:14,2024-02-14 01:47:14,
13991889,2024-02-16 00:00:00 +0000 UTC,2024-02-16 16:58:05,2024-02-16 16:58:05,
13991889,2024-02-17 00:00:00 +0000 UTC,2024-02-17 03:27:00,2024-02-17 03:27:00,
13991889,2024-02-18 00:00:00 +0000 UTC,2024-02-18 23:30:25,2024-02-18 23:30:25,
13991889,2024-02-20 00:00:00 +0000 UTC,2024-02-20 00:42:51,2024-02-20 00:42:51,
13991889,2024-02-22 00:00:00 +0000 UTC,2024-02-22 14:52:02,2024-02-22 14:52:02,
13991889,2024-02-23 00:00:00 +0000 UTC,2024-02-23 15:02:52,2024-02-23 15:02:52,
13991889,2024-02-25 00:00:00 +0000 UTC,2024-02-25 19:07:22,2024-02-25 19:07:22,
13991889,2024-02-26 00:00:00 +0000 UTC,2024-02-26 00:32:27,2024-02-26 00:32:27,
13991889,2024-02-27 00:00:00 +0000 UTC,2024-02-27 22:28:34,2024-02-27 22:28:34,
13991889,2024-02-28 00:00:00 +0000 UTC,2024-02-28 03:01:09,2024-02-28 03:01:09,
13991889,2024-02-29 00:00:00 +0000 UTC,2024-02-29 02:25:57,2024-02-29 02:25:57,
13991889,2024-03-01 00:00:00 +0000 UTC,2024-03-01 03:33:52,2024-03-01 03:33:52,
13991889,2024-03-02 00:00:00 +0000 UTC,2024-03-02 02:08:42,2024-03-02 02:08:42,
13991889,2024-03-03 00:00:00 +0000 UTC,2024-03-03 23:23:58,2024-03-03 23:23:58,
13991889,2024-03-08 00:00:00 +0000 UTC,2024-03-08 13:34:45,2024-03-08 13:34:45,
13991889,2024-03-10 00:00:00 +0000 UTC,2024-03-10 01:45:01,2024-03-10 01:45:01,
13991889,2024-03-12 00:00:00 +0000 UTC,2024-03-12 22:06:09,2024-03-12 22:06:09,
13991889,2024-03-14 00:00:00 +0000 UTC,2024-03-14 03:54:47,2024-03-14 03:54:47,
13991889,2024-03-17 00:00:00 +0000 UTC,2024-03-17 14:51:40,2024-03-17 14:51:40,
13991889,2024-03-19 00:00:00 +0000 UTC,2024-03-19 00:21:46,2024-03-19 00:21:46,
13991889,2024-03-20 00:00:00 +0000 UTC,2024-03-20 21:15:02,2024-03-20 21:15:02,
13991889,2024-03-22 00:00:00 +0000 UTC,2024-03-22 14:15:28,2024-03-22 14:15:28,
13991889,2024-03-27 00:00:00 +0000 UTC,2024-03-27 02:44:14,2024-03-27 02:44:14,
13991889,2024-03-29 00:00:00 +0000 UTC,2024-03-29 10:13:20,2024-03-29 10:13:20,
13991889,2024-03-30 00:00:00 +0000 UTC,2024-03-30 03:32:33,2024-03-30 03:32:33,
13991889,2024-03-31 00:00:00 +0000 UTC,2024-03-31 13:48:15,2024-03-31 13:48:15,
13991889,2024-04-02 00:00:00 +0000 UTC,2024-04-02 00:07:13,2024-04-02 00:07:13,
13991889,2024-04-03 00:00:00 +0000 UTC,2024-04-03 03:16:18,2024-04-03 03:16:18,
13991889,2024-04-04 00:00:00 +0000 UTC,2024-04-04 16:39:43,2024-04-04 16:39:43,
13991889,2024-04-06 00:00:00 +0000 UTC,2024-04-06 13:30:32,2024-04-06 13:30:32,
13991889,2024-04-07 00:00:00 +0000 UTC,2024-04-07 01:48:53,2024-04-07 01:48:53,
13991889,2024-04-08 00:00:00 +0000 UTC,2024-04-08 22:40:31,2024-04-08 22:40:31,
13991889,2024-04-09 00:00:00 +0000 UTC,2024-04-09 15:55:15,2024-04-09 15:55:15,
13991889,2024-04-10 00:00:00 +0000 UTC,2024-04-10 01:00:01,2024-04-10 01:00:01,
13991889,2024-04-13 00:00:00 +0000 UTC,2024-04-13 23:53:25,2024-04-13 23:53:25,
13991889,2024-04-14 00:00:00 +0000 UTC,2024-04-14 17:28:41,2024-04-14 17:28:41,
13991889,2024-04-15 00:00:00 +0000 UTC,2024-04-15 01:24:21,2024-04-15 01:24:21,
13991889,2024-04-16 00:00:00 +0000 UTC,2024-04-16 03:37:34,2024-04-16 03:37:34,
13991889,2024-04-19 00:00:00 +0000 UTC,2024-04-19 02:56:28,2024-04-19 02:56:28,
13991889,2024-04-20 00:00:00 +0000 UTC,2024-04-20 00:52:01,2024-04-20 00:52:01,
13991889,2024-04-21 00:00:00 +0000 UTC,2024-04-21 03:04:03,2024-04-21 03:04:03,
13991889,2024-04-24 00:00:00 +0000 UTC,2024-04-24 20:03:09,2024-04-24 20:03:09,
13991889,2024-04-26 00:00:00 +0000 UTC,2024-04-26 13:37:05,2024-04-26 13:37:05,
13991889,2024-04-29 00:00:00 +0000 UTC,2024-04-29 00:42:18,2024-04-29 00:42:18,
13991889,2024-04-30 00:00:00 +0000 UTC,2024-04-30 01:42:26,2024-04-30 01:42:26,
13991889,2024-05-01 00:00:00 +0000 UTC,2024-05-01 14:47:36,2024-05-01 14:47:36,
13991889,2024-05-03 00:00:00 +0000 UTC,2024-05-03 02:35:46,2024-05-03 02:35:46,
13991889,2024-05-04 00:00:00 +0000 UTC,2024-05-04 12:02:36,2024-05-04 12:02:36,
13991889,2024-05-05 00:00:00 +0000 UTC,2024-05-05 13:18:20,2024-05-05 13:18:20,
13991889,2024-05-07 00:00:00 +0000 UTC,2024-05-07 23:27:35,2024-05-07 23:27:35,
13991889,2024-05-08 00:00:00 +0000 UTC,2024-05-08 16:05:05,2024-05-08 16:05:05,
13991889,2024-05-11 00:00:00 +0000 UTC,2024-05-11 14:58:54,2024-05-11 14:58:54,
13991889,2024-05-12 00:00:00 +0000 UTC,2024-05-12 13:32:20,2024-05-12 13:32:20,
13991889,2024-05-13 00:00:00 +0000 UTC,2024-05-13 01:58:04,2024-05-13 01:58:04,
13991889,2024-05-15 00:00:00 +0000 UTC,2024-05-15 20:28:57,2024-05-15 20:28:57,
13991889,2024-05-16 00:00:00 +0000 UTC,2024-05-16 02:46:31,2024-05-16 02:46:31,
13991889,2024-05-17 00:00:00 +0000 UTC,2024-05-17 05:46:18,2024-05-17 05:46:18,
13991889,2024-05-18 00:00:00 +0000 UTC,2024-05-18 03:44:22,2024-05-18 03:44:22,
13991889,2024-05-20 00:00:00 +0000 UTC,2024-05-20 02:06:48,2024-05-20 02:06:48,
13991889,2024-05-21 00:00:00 +0000 UTC,2024-05-21 15:50:54,2024-05-21 15:50:54,
13991889,2024-05-23 00:00:00 +0000 UTC,2024-05-23 16:15:05,2024-05-23 16:15:05,
13991889,2024-05-24 00:00:00 +0000 UTC,2024-05-24 04:20:55,2024-05-24 04:20:55,
13991889,2024-05-25 00:00:00 +0000 UTC,2024-05-25 04:09:58,2024-05-25 04:09:58,
13991889,2024-05-26 00:00:00 +0000 UTC,2024-05-26 15:05:44,2024-05-26 15:05:44,
13991889,2024-05-27 00:00:00 +0000 UTC,2024-05-27 19:42:40,2024-05-27 19:42:40,
13991889,2024-05-31 00:00:00 +0000 UTC,2024-05-31 02:11:45,2024-05-31 02:11:45,
13991889,2024-06-02 00:00:00 +0000 UTC,2024-06-02 18:43:10,2024-06-02 18:43:10,
13991889,2024-06-03 00:00:00 +0000 UTC,2024-06-03 03:38:48,2024-06-03 03:38:48,
13991889,2024-06-06 00:00:00 +0000 UTC,2024-06-06 00:12:14,2024-06-06 00:12:14,
13991889,2024-06-07 00:00:00 +0000 UTC,2024-06-07 01:28:32,2024-06-07 01:28:32,
13991889,2024-06-08 00:00:00 +0000 UTC,2024-06-08 15:54:08,2024-06-08 15:54:08,
13991889,2024-06-09 00:00:00 +0000 UTC,2024-06-09 15:31:04,2024-06-09 15:31:04,
13991889,2024-06-11 00:00:00 +0000 UTC,2024-06-11 00:55:35,2024-06-11 00:55:35,
13991889,2024-06-15 00:00:00 +0000 UTC,2024-06-15 01:30:15,2024-06-15 01:30:15,
13991889,2024-06-17 00:00:00 +0000 UTC,2024-06-17 02:09:27,2024-06-17 02:09:27,
13991889,2024-06-18 00:00:00 +0000 UTC,2024-06-18 16:58:19,2024-06-18 16:58:19,
13991889,2024-06-19 00:00:00 +0000 UTC,2024-06-19 16:11:30,2024-06-19 16:11:30,
13991889,2024-06-21 00:00:00 +0000 UTC,2024-06-21 16:12:34,2024-06-21 16:12:34,
13991889,2024-06-22 00:00:00 +0000 UTC,2024-06-22 03:56:17,2024-06-22 03:56:17,
13991889,2024-06-25 00:00:00 +0000 UTC,2024-06-25 03:35:14,2024-06-25 03:35:14,
13991889,2024-06-28 00:00:00 +0000 UTC,2024-06-28 02:41:24,2024-06-28 02:41:24,
13991889,2024-06-30 00:00:00 +0000 UTC,2024-06-30 05:55:30,2024-06-30 05:55:30,
13991889,2024-07-03 00:00:00 +0000 UTC,2024-07-03 03:08:43,2024-07-03 03:08:43,
13991889,2024-07-05 00:00:00 +0000 UTC,2024-07-05 11:26:14,2024-07-05 11:26:14,
13991889,2024-07-06 00:00:00 +0000 UTC,2024-07-06 18:25:07,2024-07-06 18:25:07,
13991889,2024-07-07 00:00:00 +0000 UTC,2024-07-07 01:13:39,2024-07-07 01:13:39,
13991889,2024-07-08 00:00:00 +0000 UTC,2024-07-08 21:30:53,2024-07-08 21:30:53,
13991889,2024-07-09 00:00:00 +0000 UTC,2024-07-09 04:27:38,2024-07-09 04:27:38,
13991889,2024-07-10 00:00:00 +0000 UTC,2024-07-10 23:11:06,2024-07-10 23:11:06,
13991889,2024-07-11 00:00:00 +0000 UTC,2024-07-11 12:15:43,2024-07-11 12:15:43,
13991889,2024-07-13 00:00:00 +0000 UTC,2024-07-13 00:19:01,2024-07-13 00:19:01,
13991889,2024-07-14 00:00:00 +0000 UTC,2024-07-14 04:07:45,2024-07-14 04:07:45,
13991889,2024-07-15 00:00:00 +0000 UTC,2024-07-15 02:02:30,2024-07-15 02:02:30,
13991889,2024-07-16 00:00:00 +0000 UTC,2024-07-16 22:16:50,2024-07-16 22:16:50,
13991889,2024-07-18 00:00:00 +0000 UTC,2024-07-18 21:15:51,2024-07-18 21:15:51,
13991889,2024-07-21 00:00:00 +0000 UTC,2024-07-21 23:11:13,2024-07-21 23:11:13,
13991889,2024-07-22 00:00:00 +0000 UTC,2024-07-22 02:01:25,2024-07-22 02:01:25,
13991889,2024-07-26 00:00:00 +0000 UTC,2024-07-26 11:43:06,2024-07-26 11:43:06,
13991889,2024-07-27 00:00:00 +0000 UTC,2024-07-27 03:06:12,2024-07-27 03:06:12,
13991889,2024-07-28 00:00:00 +0000 UTC,2024-07-28 14:42:15,2024-07-28 14:42:15,
13991889,2024-07-29 00:00:00 +0000 UTC,2024-07-29 21:31:00,2024-07-29 21:31:00,
13991889,2024-07-30 00:00:00 +0000 UTC,2024-07-30 01:56:06,2024-07-30 01:56:06,
13991889,2024-08-03 00:00:00 +0000 UTC,2024-08-03 16:20:03,2024-08-03 16:20:03,
13991889,2024-08-04 00:00:00 +0000 UTC,2024-08-04 01:37:06,2024-08-04 01:37:06,
13991889,2024-08-05 00:00:00 +0000 UTC,2024-08-05 16:11:14,2024-08-05 16:11:14,
13991889,2024-08-09 00:00:00 +0000 UTC,2024-08-09 22:54:05,2024-08-09 22:54:05,
13991889,2024-08-10 00:00:00 +0000 UTC,2024-08-10 01:43:57,2024-08-10 01:43:57,
13991889,2024-08-11 00:00:00 +0000 UTC,2024-08-11 01:02:19,2024-08-11 01:02:19,
13991889,2024-08-12 00:00:00 +0000 UTC,2024-08-12 19:46:52,2024-08-12 19:46:52,
13991889,2024-08-13 00:00:00 +0000 UTC,2024-08-13 02:24:37,2024-08-13 02:24:37,
13991889,2024-08-17 00:00:00 +0000 UTC,2024-08-17 16:04:28,2024-08-17 16:04:28,
13991889,2024-08-18 00:00:00 +0000 UTC,2024-08-18 15:55:30,2024-08-18 15:55:30,
13991889,2024-08-20 00:00:00 +0000 UTC,2024-08-20 19:55:50,2024-08-20 19:55:50,
13991889,2024-08-21 00:00:00 +0000 UTC,2024-08-21 22:24:31,2024-08-21 22:24:31,
13991889,2024-08-22 00:00:00 +0000 UTC,2024-08-22 21:26:26,2024-08-22 21:26:26,
13991889,2024-08-24 00:00:00 +0000 UTC,2024-08-24 15:41:17,2024-08-24 15:41:17,
13991889,2024-08-26 00:00:00 +0000 UTC,2024-08-26 02:24:17,2024-08-26 02:24:17,
13991889,2024-08-27 00:00:00 +0000 UTC,2024-08-27 16:50:56,2024-08-27 16:50:56,
13991889,2024-09-02 00:00:00 +0000 UTC,2024-09-02 22:25:27,2024-09-02 22:25:27,
13991889,2024-09-06 00:00:00 +0000 UTC,2024-09-06 03:55:01,2024-09-06 03:55:01,
13991889,2024-09-07 00:00:00 +0000 UTC,2024-09-07 22:26:52,2024-09-07 22:26:52,
13991889,2024-09-08 00:00:00 +0000 UTC,2024-09-08 15:30:45,2024-09-08 15:30:45,
13991889,2024-09-10 00:00:00 +0000 UTC,2024-09-10 23:50:20,2024-09-10 23:50:20,
13991889,2024-09-16 00:00:00 +0000 UTC,2024-09-16 16:47:30,2024-09-16 16:47:30,
13991889,2024-09-19 00:00:00 +0000 UTC,2024-09-19 18:40:09,2024-09-19 18:40:09,
13991889,2024-09-21 00:00:00 +0000 UTC,2024-09-21 01:08:27,2024-09-21 01:08:27,
13991889,2024-09-24 00:00:00 +0000 UTC,2024-09-24 23:37:43,2024-09-24 23:37:43,
13991889,2024-09-28 00:00:00 +0000 UTC,2024-09-28 15:08:08,2024-09-28 15:08:08,
13991889,2024-09-29 00:00:00 +0000 UTC,2024-09-29 02:04:07,2024-09-29 02:04:07,
13991889,2024-10-01 00:00:00 +0000 UTC,2024-10-01 15:11:16,2024-10-01 15:11:16,
13991889,2024-10-03 00:00:00 +0000 UTC,2024-10-03 04:07:46,2024-10-03 04:07:46,
13991889,2024-10-04 00:00:00 +0000 UTC,2024-10-04 11:10:42,2024-10-04 11:10:42,
13991889,2024-10-07 00:00:00 +0000 UTC,2024-10-07 01:14:03,2024-10-07 01:14:03,
13991889,2024-10-09 00:00:00 +0000 UTC,2024-10-09 01:34:55,2024-10-09 01:34:55,
13991889,2024-10-11 00:00:00 +0000 UTC,2024-10-11 19:09:33,2024-10-11 19:09:33,
13991889,2024-10-12 00:00:00 +0000 UTC,2024-10-12 02:07:29,2024-10-12 02:07:29,
13991889,2024-10-14 00:00:00 +0000 UTC,2024-10-14 11:54:10,2024-10-14 11:54:10,
13991889,2024-10-16 00:00:00 +0000 UTC,2024-10-16 01:21:11,2024-10-16 01:21:11,
13991889,2024-10-17 00:00:00 +0000 UTC,2024-10-17 02:14:49,2024-10-17 02:14:49,
13991889,2024-10-19 00:00:00 +0000 UTC,2024-10-19 16:03:56,2024-10-19 16:03:56,
13991889,2024-10-26 00:00:00 +0000 UTC,2024-10-26 00:00:47,2024-10-26 00:00:47,
13991889,2024-10-31 00:00:00 +0000 UTC,2024-10-31 01:15:53,2024-10-31 01:15:53,
13991889,2024-11-01 00:00:00 +0000 UTC,2024-11-01 23:56:32,2024-11-01 23:56:32,
13991889,2024-11-02 00:00:00 +0000 UTC,2024-11-02 13:36:11,2024-11-02 13:36:11,
13991889,2024-11-07 00:00:00 +0000 UTC,2024-11-07 02:14:05,2024-11-07 02:14:05,
13991889,2024-11-09 00:00:00 +0000 UTC,2024-11-09 14:59:30,2024-11-09 14:59:30,
13991889,2024-11-10 00:00:00 +0000 UTC,2024-11-10 04:39:27,2024-11-10 04:39:27,
13991889,2024-11-13 00:00:00 +0000 UTC,2024-11-13 01:46:45,2024-11-13 01:46:45,
13991889,2024-11-15 00:00:00 +0000 UTC,2024-11-15 01:07:13,2024-11-15 01:07:13,
13991889,2024-11-16 00:00:00 +0000 UTC,2024-11-16 02:22:54,2024-11-16 02:22:54,
13991889,2024-11-18 00:00:00 +0000 UTC,2024-11-18 08:35:17,2024-11-18 08:35:17,
13991889,2024-11-19 00:00:00 +0000 UTC,2024-11-19 17:10:06,2024-11-19 17:10:06,
13991889,2024-11-21 00:00:00 +0000 UTC,2024-11-21 03:45:33,2024-11-21 03:45:33,
13991889,2024-11-25 00:00:00 +0000 UTC,2024-11-25 02:40:39,2024-11-25 02:40:39,
13991889,2024-11-26 00:00:00 +0000 UTC,2024-11-26 00:29:21,2024-11-26 00:29:21,
13991889,2024-11-28 00:00:00 +0000 UTC,2024-11-28 23:59:09,2024-11-28 23:59:09,
13991889,2024-11-30 00:00:00 +0000 UTC,2024-11-30 14:15:48,2024-11-30 14:15:48,
13991889,2024-12-01 00:00:00 +0000 UTC,2024-12-01 01:03:10,2024-12-01 01:03:10,
13991889,2024-12-07 00:00:00 +0000 UTC,2024-12-07 02:37:34,2024-12-07 02:37:34,
13991889,2024-12-08 00:00:00 +0000 UTC,2024-12-08 14:03:17,2024-12-08 14:03:17,
13991889,2024-12-09 00:00:00 +0000 UTC,2024-12-09 19:08:45,2024-12-09 19:08:45,
13991889,2024-12-15 00:00:00 +0000 UTC,2024-12-15 20:11:02,2024-12-15 20:11:02,
13991889,2024-12-21 00:00:00 +0000 UTC,2024-12-21 19:08:41,2024-12-21 19:08:41,
13991889,2024-12-29 00:00:00 +0000 UTC,2024-12-29 04:52:19,2024-12-29 04:52:19,
13991889,2024-12-31 00:00:00 +0000 UTC,2024-12-31 21:48:37,2024-12-31 21:48:37,
13991889,2025-01-01 00:00:00 +0000 UTC,2025-01-01 16:28:26,2025-01-01 16:28:26,
13991889,2025-01-02 00:00:00 +0000 UTC,2025-01-02 04:40:22,2025-01-02 04:40:22,
13991889,2025-01-03 00:00:00 +0000 UTC,2025-01-03 00:38:11,2025-01-03 00:38:11,
13991889,2025-01-04 00:00:00 +0000 UTC,2025-01-04 16:37:24,2025-01-04 16:37:24,
13991889,2025-01-08 00:00:00 +0000 UTC,2025-01-08 02:00:11,2025-01-08 02:00:11,
13991889,2025-01-09 00:00:00 +0000 UTC,2025-01-09 22:36:01,2025-01-09 22:36:01,
13991889,2025-01-11 00:00:00 +0000 UTC,2025-01-11 22:34:33,2025-01-11 22:34:33,
13991889,2025-01-12 00:00:00 +0000 UTC,2025-01-12 15:15:02,2025-01-12 15:15:02,
13991889,2025-01-13 00:00:00 +0000 UTC,2025-01-13 01:28:48,2025-01-13 01:28:48,
13991889,2025-01-14 00:00:00 +0000 UTC,2025-01-14 01:45:57,2025-01-14 01:45:57,
13991889,2025-01-15 00:00:00 +0000 UTC,2025-01-15 01:33:10,2025-01-15 01:33:10,
13991889,2025-01-18 00:00:00 +0000 UTC,2025-01-18 03:49:02,2025-01-18 03:49:02,
13991889,2025-01-19 00:00:00 +0000 UTC,2025-01-19 04:55:46,2025-01-19 04:55:46,
13991889,2025-01-22 00:00:00 +0000 UTC,2025-01-22 03:58:29,2025-01-22 03:58:29,
13991889,2025-01-25 00:00:00 +0000 UTC,2025-01-25 16:03:18,2025-01-25 16:03:18,
13991889,2025-01-27 00:00:00 +0000 UTC,2025-01-27 23:54:45,2025-01-27 23:54:45,
13991889,2025-01-29 00:00:00 +0000 UTC,2025-01-29 02:04:14,2025-01-29 02:04:14,
13991889,2025-01-31 00:00:00 +0000 UTC,2025-01-31 22:49:08,2025-01-31 22:49:08,
13991889,2025-02-01 00:00:00 +0000 UTC,2025-02-01 15:58:08,2025-02-01 15:58:08,
13991889,2025-02-02 00:00:00 +0000 UTC,2025-02-02 14:00:15,2025-02-02 14:00:15,
13991889,2025-02-04 00:00:00 +0000 UTC,2025-02-04 01:07:23,2025-02-04 01:07:23,
13991889,2025-02-08 00:00:00 +0000 UTC,2025-02-08 16:06:25,2025-02-08 16:06:25,
13991889,2025-02-09 00:00:00 +0000 UTC,2025-02-09 01:27:47,2025-02-09 01:27:47,
13991889,2025-02-11 00:00:00 +0000 UTC,2025-02-11 01:05:08,2025-02-11 01:05:08,
13991889,2025-02-15 00:00:00 +0000 UTC,2025-02-15 03:30:33,2025-02-15 03:30:33,
13991889,2025-02-16 00:00:00 +0000 UTC,2025-02-16 03:45:36,2025-02-16 03:45:36,
13991889,2025-02-17 00:00:00 +0000 UTC,2025-02-17 03:10:40,2025-02-17 03:10:40,
13991889,2025-02-18 00:00:00 +0000 UTC,2025-02-18 03:10:20,2025-02-18 03:10:20,
13991889,2025-02-23 00:00:00 +0000 UTC,2025-02-23 02:43:10,2025-02-23 02:43:10,
13991889,2025-02-24 00:00:00 +0000 UTC,2025-02-24 01:46:31,2025-02-24 01:46:31,
13991889,2025-02-28 00:00:00 +0000 UTC,2025-02-28 23:25:52,2025-02-28 23:25:52,
13991889,2025-03-01 00:00:00 +0000 UTC,2025-03-01 17:31:48,2025-03-01 17:31:48,
13991889,2025-03-02 00:00:00 +0000 UTC,2025-03-02 03:50:07,2025-03-02 03:50:07,
13991889,2025-03-03 00:00:00 +0000 UTC,2025-03-03 14:39:59,2025-03-03 14:39:59,
13991889,2025-03-04 00:00:00 +0000 UTC,2025-03-04 01:39:59,2025-03-04 01:39:59,
13991889,2025-03-05 00:00:00 +0000 UTC,2025-03-05 00:44:40,2025-03-05 00:44:40,
13991889,2025-03-06 00:00:00 +0000 UTC,2025-03-06 23:27:32,2025-03-06 23:27:32,
13991889,2025-03-08 00:00:00 +0000 UTC,2025-03-08 19:03:41,2025-03-08 19:03:41,
13991889,2025-03-09 00:00:00 +0000 UTC,2025-03-09 02:06:34,2025-03-09 02:06:34,
13991889,2025-03-11 00:00:00 +0000 UTC,2025-03-11 23:05:05,2025-03-11 23:05:05,
13991889,2025-03-15 00:00:00 +0000 UTC,2025-03-15 16:48:13,2025-03-15 16:48:13,
13991889,2025-03-16 00:00:00 +0000 UTC,2025-03-16 16:21:33,2025-03-16 16:21:33,
13991889,2025-03-18 00:00:00 +0000 UTC,2025-03-18 23:42:43,2025-03-18 23:42:43,
13991889,2025-03-20 00:00:00 +0000 UTC,2025-03-20 17:29:38,2025-03-20 17:29:38,
13991889,2025-03-23 00:00:00 +0000 UTC,2025-03-23 11:16:28,2025-03-23 11:16:28,
13991889,2025-03-24 00:00:00 +0000 UTC,2025-03-24 02:23:54,2025-03-24 02:23:54,
13991889,2025-03-27 00:00:00 +0000 UTC,2025-03-27 02:27:05,2025-03-27 02:27:05,
13991889,2025-03-29 00:00:00 +0000 UTC,2025-03-29 00:45:59,2025-03-29 00:45:59,
13991889,2025-03-30 00:00:00 +0000 UTC,2025-03-30 15:47:07,2025-03-30 15:47:07,
13991889,2025-03-31 00:00:00 +0000 UTC,2025-03-31 02:55:09,2025-03-31 02:55:09,
13991889,2025-04-05 00:00:00 +0000 UTC,2025-04-05 23:00:57,2025-04-05 23:00:57,
13991889,2025-04-06 00:00:00 +0000 UTC,2025-04-06 11:21:39,2025-04-06 11:21:39,
13991889,2025-04-09 00:00:00 +0000 UTC,2025-04-09 22:48:37,2025-04-09 22:48:37,
13991889,2025-04-10 00:00:00 +0000 UTC,2025-04-10 16:56:04,2025-04-10 16:56:04,
13991889,2025-04-14 00:00:00 +0000 UTC,2025-04-14 23:44:35,2025-04-14 23:44:35,
13991889,2025-04-17 00:00:00 +0000 UTC,2025-04-17 13:53:40,2025-04-17 13:53:40,
13991889,2025-04-18 00:00:00 +0000 UTC,2025-04-18 20:44:42,2025-04-18 20:44:42,
13991889,2025-04-20 00:00:00 +0000 UTC,2025-04-20 01:17:03,2025-04-20 01:17:03,
13991889,2025-04-21 00:00:00 +0000 UTC,2025-04-21 02:42:52,2025-04-21 02:42:52,
13991889,2025-04-23 00:00:00 +0000 UTC,2025-04-23 16:13:36,2025-04-23 16:13:36,
13991889,2025-04-24 00:00:00 +0000 UTC,2025-04-24 04:04:54,2025-04-24 04:04:54,
13991889,2025-04-25 00:00:00 +0000 UTC,2025-04-25 12:02:26,2025-04-25 12:02:26,
13991889,2025-04-27 00:00:00 +0000 UTC,2025-04-27 01:36:58,2025-04-27 01:36:58,
13991889,2025-04-28 00:00:00 +0000 UTC,2025-04-28 22:59:01,2025-04-28 22:59:01,
13991889,2025-05-01 00:00:00 +0000 UTC,2025-05-01 19:39:06,2025-05-01 19:39:06,
13991889,2025-05-03 00:00:00 +0000 UTC,2025-05-03 21:55:15,2025-05-03 21:55:15,
13991889,2025-05-06 00:00:00 +0000 UTC,2025-05-06 03:46:34,2025-05-06 03:46:34,
13991889,2025-05-07 00:00:00 +0000 UTC,2025-05-07 12:29:17,2025-05-07 12:29:17,
13991889,2025-05-10 00:00:00 +0000 UTC,2025-05-10 02:35:40,2025-05-10 02:35:40,
13991889,2025-05-14 00:00:00 +0000 UTC,2025-05-14 02:47:17,2025-05-14 02:47:17,
13991889,2025-05-15 00:00:00 +0000 UTC,2025-05-15 11:45:33,2025-05-15 11:45:33,
13991889,2025-05-19 00:00:00 +0000 UTC,2025-05-19 01:15:26,2025-05-19 01:15:26,
13991889,2025-05-20 00:00:00 +0000 UTC,2025-05-20 01:33:28,2025-05-20 01:33:28,
13991889,2025-05-21 00:00:00 +0000 UTC,2025-05-21 14:36:00,2025-05-21 14:36:00,
13991889,2025-05-24 00:00:00 +0000 UTC,2025-05-24 15:51:50,2025-05-24 15:51:50,
13991889,2025-05-25 00:00:00 +0000 UTC,2025-05-25 16:19:46,2025-05-25 16:19:46,
13991889,2025-05-26 00:00:00 +0000 UTC,2025-05-26 03:20:14,2025-05-26 03:20:14,
13991889,2025-05-29 00:00:00 +0000 UTC,2025-05-29 03:41:53,2025-05-29 03:41:53,
13991889,2025-05-31 00:00:00 +0000 UTC,2025-05-31 16:13:32,2025-05-31 16:13:32,
13991889,2025-06-01 00:00:00 +0000 UTC,2025-06-01 03:58:28,2025-06-01 03:58:28,
13991889,2025-06-02 00:00:00 +0000 UTC,2025-06-02 19:49:23,2025-06-02 19:49:23,
13991889,2025-06-03 00:00:00 +0000 UTC,2025-06-03 23:15:12,2025-06-03 23:15:12,
13991889,2025-06-07 00:00:00 +0000 UTC,2025-06-07 13:21:24,2025-06-07 13:21:24,
13991889,2025-06-08 00:00:00 +0000 UTC,2025-06-08 16:47:23,2025-06-08 16:47:23,
13991889,2025-06-09 00:00:00 +0000 UTC,2025-06-09 03:44:41,2025-06-09 03:44:41,
13991889,2025-06-10 00:00:00 +0000 UTC,2025-06-10 13:09:42,2025-06-10 13:09:42,
13991889,2025-06-12 00:00:00 +0000 UTC,2025-06-12 13:49:53,2025-06-12 13:49:53,
13991889,2025-06-13 00:00:00 +0000 UTC,2025-06-13 21:06:56,2025-06-13 21:06:56,
13991889,2025-06-16 00:00:00 +0000 UTC,2025-06-16 05:56:22,2025-06-16 05:56:22,
13991889,2025-06-17 00:00:00 +0000 UTC,2025-06-17 16:36:25,2025-06-17 16:36:25,
13991889,2025-06-18 00:00:00 +0000 UTC,2025-06-18 01:26:51,2025-06-18 01:26:51,
13991889,2025-06-19 00:00:00 +0000 UTC,2025-06-19 01:29:10,2025-06-19 01:29:10,
13991889,2025-06-21 00:00:00 +0000 UTC,2025-06-21 03:29:12,2025-06-21 03:29:12,
13991889,2025-06-24 00:00:00 +0000 UTC,2025-06-24 00:28:59,2025-06-24 00:28:59,
13991889,2025-06-26 00:00:00 +0000 UTC,2025-06-26 00:34:24,2025-06-26 00:34:24,
13991889,2025-06-28 00:00:00 +0000 UTC,2025-06-28 01:10:47,2025-06-28 01:10:47,
13991889,2025-06-30 00:00:00 +0000 UTC,2025-06-30 22:32:41,2025-06-30 22:32:41,
13991889,2025-07-01 00:00:00 +0000 UTC,2025-07-01 21:55:16,2025-07-01 21:55:16,
13991889,2025-07-04 00:00:00 +0000 UTC,2025-07-04 01:35:41,2025-07-04 01:35:41,
13991889,2025-07-05 00:00:00 +0000 UTC,2025-07-05 11:34:30,2025-07-05 11:34:30,
13991889,2025-07-06 00:00:00 +0000 UTC,2025-07-06 17:45:03,2025-07-06 17:45:03,
13991889,2025-07-10 00:00:00 +0000 UTC,2025-07-10 01:14:20,2025-07-10 01:14:20,
13991889,2025-07-12 00:00:00 +0000 UTC,2025-07-12 02:40:24,2025-07-12 02:40:24,
13991889,2025-07-13 00:00:00 +0000 UTC,2025-07-13 22:18:27,2025-07-13 22:18:27,
13991889,2025-07-14 00:00:00 +0000 UTC,2025-07-14 01:38:40,2025-07-14 01:38:40,
13991889,2025-07-16 00:00:00 +0000 UTC,2025-07-16 02:00:20,2025-07-16 02:00:20,
13991889,2025-07-17 00:00:00 +0000 UTC,2025-07-17 00:16:14,2025-07-17 00:16:14,
13991889,2025-07-18 00:00:00 +0000 UTC,2025-07-18 22:53:32,2025-07-18 22:53:32,
13991889,2025-07-19 00:00:00 +0000 UTC,2025-07-19 18:08:40,2025-07-19 18:08:40,
13991889,2025-07-23 00:00:00 +0000 UTC,2025-07-23 02:09:23,2025-07-23 02:09:23,
13991889,2025-07-24 00:00:00 +0000 UTC,2025-07-24 01:32:18,2025-07-24 01:32:18,
13991889,2025-07-26 00:00:00 +0000 UTC,2025-07-26 03:39:16,2025-07-26 03:39:16,
13991889,2025-07-27 00:00:00 +0000 UTC,2025-07-27 15:42:27,2025-07-27 15:42:27,
13991889,2025-07-30 00:00:00 +0000 UTC,2025-07-30 03:19:41,2025-07-30 03:19:41,
13991889,2025-08-01 00:00:00 +0000 UTC,2025-08-01 23:32:12,2025-08-01 23:32:12,
13991889,2025-08-03 00:00:00 +0000 UTC,2025-08-03 18:35:47,2025-08-03 18:35:47,
13991889,2025-08-06 00:00:00 +0000 UTC,2025-08-06 00:39:32,2025-08-06 00:39:32,
13991889,2025-08-08 00:00:00 +0000 UTC,2025-08-08 01:54:51,2025-08-08 01:54:51,
13991889,2025-08-10 00:00:00 +0000 UTC,2025-08-10 02:56:42,2025-08-10 02:56:42,
13991889,2025-08-12 00:00:00 +0000 UTC,2025-08-12 22:38:33,2025-08-12 22:38:33,
13991889,2025-08-14 00:00:00 +0000 UTC,2025-08-14 22:18:29,2025-08-14 22:18:29,
13991889,2025-08-18 00:00:00 +0000 UTC,2025-08-18 01:35:38,2025-08-18 01:35:38,
13991889,2025-08-20 00:00:00 +0000 UTC,2025-08-20 20:40:22,2025-08-20 20:40:22,
13991889,2025-08-30 00:00:00 +0000 UTC,2025-08-30 00:50:06,2025-08-30 00:50:06,
13991889,2025-08-31 00:00:00 +0000 UTC,2025-08-31 17:11:45,2025-08-31 17:11:45,
13991889,2025-09-01 00:00:00 +0000 UTC,2025-09-01 01:09:17,2025-09-01 01:09:17,
13991889,2025-09-06 00:00:00 +0000 UTC,2025-09-06 21:52:39,2025-09-06 21:52:39,
13991889,2025-09-07 00:00:00 +0000 UTC,2025-09-07 13:59:47,2025-09-07 13:59:47,
13991889,2025-09-13 00:00:00 +0000 UTC,2025-09-13 18:45:02,2025-09-13 18:45:02,
13991889,2025-09-14 00:00:00 +0000 UTC,2025-09-14 00:21:40,2025-09-14 00:21:40,
13991889,2025-09-16 00:00:00 +0000 UTC,2025-09-16 16:06:31,2025-09-16 16:06:31,
13991889,2025-09-17 00:00:00 +0000 UTC,2025-09-17 11:36:03,2025-09-17 11:36:03,
13991889,2025-09-21 00:00:00 +0000 UTC,2025-09-21 02:38:54,2025-09-21 02:38:54,
13991889,2025-09-22 00:00:00 +0000 UTC,2025-09-22 23:00:51,2025-09-22 23:00:51,
13991889,2025-09-27 00:00:00 +0000 UTC,2025-09-27 02:18:50,2025-09-27 02:18:50,
13991889,2025-09-29 00:00:00 +0000 UTC,2025-09-29 02:46:48,2025-09-29 02:46:48,
13991889,2025-09-30 00:00:00 +0000 UTC,2025-09-30 01:00:26,2025-09-30 01:00:26,
13991889,2025-10-02 00:00:00 +0000 UTC,2025-10-02 23:44:34,2025-10-02 23:44:34,
13991889,2025-10-03 00:00:00 +0000 UTC,2025-10-03 23:06:00,2025-10-03 23:06:00,
13991889,2025-10-04 00:00:00 +0000 UTC,2025-10-04 11:35:45,2025-10-04 11:35:45,
13991889,2025-10-06 00:00:00 +0000 UTC,2025-10-06 01:02:40,2025-10-06 01:02:40,
13991889,2025-10-08 00:00:00 +0000 UTC,2025-10-08 02:01:26,2025-10-08 02:01:26,
13991889,2025-10-09 00:00:00 +0000 UTC,2025-10-09 01:34:46,2025-10-09 01:34:46,
13991889,2025-10-11 00:00:00 +0000 UTC,2025-10-11 15:31:56,2025-10-11 15:31:56,
13991889,2025-10-13 00:00:00 +0000 UTC,2025-10-13 00:42:14,2025-10-13 00:42:14,
13991889,2025-10-14 00:00:00 +0000 UTC,2025-10-14 22:16:14,2025-10-14 22:16:14,
13991889,2025-10-19 00:00:00 +0000 UTC,2025-10-19 22:43:03,2025-10-19 22:43:03,
13991889,2025-10-23 00:00:00 +0000 UTC,2025-10-23 11:56:43,2025-10-23 11:56:43,
13991889,2025-10-25 00:00:00 +0000 UTC,2025-10-25 15:06:39,2025-10-25 15:06:39,
13991889,2025-10-26 00:00:00 +0000 UTC,2025-10-26 15:53:21,2025-10-26 15:53:21,
13991889,2025-10-28 00:00:00 +0000 UTC,2025-10-28 22:20:32,2025-10-28 22:20:32,
13991889,2025-10-29 00:00:00 +0000 UTC,2025-10-29 23:28:08,2025-10-29 23:28:08,
13991889,2025-11-01 00:00:00 +0000 UTC,2025-11-01 16:47:28,2025-11-01 16:47:28,
13991889,2025-11-02 00:00:00 +0000 UTC,2025-11-02 17:59:04,2025-11-02 17:59:04,
13991889,2025-11-06 00:00:00 +0000 UTC,2025-11-06 03:05:10,2025-11-06 03:05:10,
13991889,2025-11-07 00:00:00 +0000 UTC,2025-11-07 22:37:37,2025-11-07 22:37:37,
13991889,2025-11-08 00:00:00 +0000 UTC,2025-11-08 15:53:11,2025-11-08 15:53:11,
13991889,2025-11-09 00:00:00 +0000 UTC,2025-11-09 04:06:36,2025-11-09 04:06:36,
13991889,2025-11-12 00:00:00 +0000 UTC,2025-11-12 02:45:08,2025-11-12 02:45:08,
13991889,2025-11-14 00:00:00 +0000 UTC,2025-11-14 02:23:19,2025-11-14 02:23:19,
13991889,2025-11-15 00:00:00 +0000 UTC,2025-11-15 18:12:58,2025-11-15 18:12:58,
13991889,2025-11-16 00:00:00 +0000 UTC,2025-11-16 04:28:56,2025-11-16 04:28:56,
13991889,2025-11-17 00:00:00 +0000 UTC,2025-11-17 18:14:36,2025-11-17 18:14:36,
13991889,2025-11-18 00:00:00 +0000 UTC,2025-11-18 02:52:01,2025-11-18 02:52:01,
13991889,2025-11-19 00:00:00 +0000 UTC,2025-11-19 02:27:34,2025-11-19 02:27:34,
13991889,2025-11-23 00:00:00 +0000 UTC,2025-11-23 00:25:13,2025-11-23 00:25:13,
13991889,2025-11-24 00:00:00 +0000 UTC,2025-11-24 14:14:17,2025-11-24 14:14:17,
13991889,2025-11-25 00:00:00 +0000 UTC,2025-11-25 01:21:25,2025-11-25 01:21:25,
13991889,2025-11-26 00:00:00 +0000 UTC,2025-11-26 16:46:11,2025-11-26 16:46:11,
13991889,2025-11-28 00:00:00 +0000 UTC,2025-11-28 00:35:32,2025-11-28 00:35:32,
13991889,2025-11-29 00:00:00 +0000 UTC,2025-11-29 14:42:48,2025-11-29 14:42:48,
13991889,2025-11-30 00:00:00 +0000 UTC,2025-11-30 14:26:56,2025-11-30 14:26:56,
13991889,2025-12-06 00:00:00 +0000 UTC,2025-12-06 17:59:06,2025-12-06 17:59:06,
13991889,2025-12-07 00:00:00 +0000 UTC,2025-12-07 07:43:49,2025-12-07 07:43:49,
13991889,2025-12-08 00:00:00 +0000 UTC,2025-12-08 16:24:02,2025-12-08 16:24:02,
13991889,2025-12-11 00:00:00 +0000 UTC,2025-12-11 03:43:11,2025-12-11 03:43:11,
13991889,2025-12-13 00:00:00 +0000 UTC,2025-12-13 23:37:46,2025-12-13 23:37:46,
13991889,2025-12-14 00:00:00 +0000 UTC,2025-12-14 01:23:46,2025-12-14 01:23:46,
13991889,2025-12-15 00:00:00 +0000 UTC,2025-12-15 13:39:58,2025-12-15 13:39:58,
13991889,2025-12-16 00:00:00 +0000 UTC,2025-12-16 23:51:35,2025-12-16 23:51:35,
13991889,2025-12-20 00:00:00 +0000 UTC,2025-12-20 14:44:20,2025-12-20 14:44:20,
13991889,2025-12-21 00:00:00 +0000 UTC,2025-12-21 00:30:39,2025-12-21 00:30:39,
13991889,2025-12-24 00:00:00 +0000 UTC,2025-12-24 01:26:42,2025-12-24 01:26:42,
13991889,2025-12-25 00:00:00 +0000 UTC,2025-12-25 20:47:48,2025-12-25 20:47:48,
13991889,2025-12-26 00:00:00 +0000 UTC,2025-12-26 01:22:19,2025-12-26 01:22:19,
13991889,2025-12-27 00:00:00 +0000 UTC,2025-12-27 15:57:39,2025-12-27 15:57:39,
13991889,2025-12-28 00:00:00 +0000 UTC,2025-12-28 17:31:27,2025-12-28 17:31:27,
13991889,2025-12-30 00:00:00 +0000 UTC,2025-12-30 02:25:37,2025-12-30 02:25:37,
13991889,2025-12-31 00:00:00 +0000 UTC,2025-12-31 05:26:45,2025-12-31 05:26:45,
13991889,2026-01-01 00:00:00 +0000 UTC,2026-01-01 06:38:28,2026-01-01 06:38:28,
13991889,2026-01-03 00:00:00 +0000 UTC,2026-01-03 11:12:52,2026-01-03 11:12:52,
13991889,2026-01-04 00:00:00 +0000 UTC,2026-01-04 14:29:15,2026-01-04 14:29:15,
13991889,2026-01-07 00:00:00 +0000 UTC,2026-01-07 04:21:34,2026-01-07 04:21:34,
13991889,2026-01-08 00:00:00 +0000 UTC,2026-01-08 12:55:48,2026-01-08 12:55:48,
13991889,2026-01-09 00:00:00 +0000 UTC,2026-01-09 01:48:42,2026-01-09 01:48:42,
13991889,2026-01-10 00:00:00 +0000 UTC,2026-01-10 04:55:29,2026-01-10 04:55:29,
13991889,2026-01-11 00:00:00 +0000 UTC,2026-01-11 04:13:10,2026-01-11 04:13:10,
13991889,2026-01-12 00:00:00 +0000 UTC,2026-01-12 23:21:34,2026-01-12 23:21:34,
13991889,2026-01-13 00:00:00 +0000 UTC,2026-01-13 04:29:49,2026-01-13 04:29:49,
13991889,2026-01-14 00:00:00 +0000 UTC,2026-01-14 04:35:01,2026-01-14 04:35:01,
13991889,2026-01-15 00:00:00 +0000 UTC,2026-01-15 01:45:02,2026-01-15 01:45:02,
13991889,2026-01-16 00:00:00 +0000 UTC,2026-01-16 00:10:47,2026-01-16 00:10:47,
13991889,2026-01-17 00:00:00 +0000 UTC,2026-01-17 05:47:32,2026-01-17 05:47:32,
13991889,2026-01-18 00:00:00 +0000 UTC,2026-01-18 08:40:29,2026-01-18 08:40:29,
13991889,2026-01-23 00:00:00 +0000 UTC,2026-01-23 01:33:38,2026-01-23 01:33:38,
13991889,2026-01-24 00:00:00 +0000 UTC,2026-01-24 16:48:47,2026-01-24 16:48:47,
13991889,2026-01-25 00:00:00 +0000 UTC,2026-01-25 18:13:33,2026-01-25 18:13:33,
13991889,2026-01-26 00:00:00 +0000 UTC,2026-01-26 00:13:19,2026-01-26 00:13:19,
13991889,2026-01-27 00:00:00 +0000 UTC,2026-01-27 17:40:14,2026-01-27 17:40:14,
13991889,2026-01-28 00:00:00 +0000 UTC,2026-01-28 05:30:18,2026-01-28 05:30:18,
13991889,2026-01-29 00:00:00 +0000 UTC,2026-01-29 02:59:41,2026-01-29 02:59:41,
13991889,2026-01-30 00:00:00 +0000 UTC,2026-01-30 12:59:38,2026-01-30 12:59:38,
13991889,2026-01-31 00:00:00 +0000 UTC,2026-01-31 17:08:06,2026-01-31 17:08:06,
13991889,2026-02-08 00:00:00 +0000 UTC,2026-02-08 17:04:03,2026-02-08 17:04:03,
13991889,2026-02-14 00:00:00 +0000 UTC,2026-02-14 04:54:05,2026-02-14 04:54:05,
13991889,2026-02-15 00:00:00 +0000 UTC,2026-02-15 18:55:38,2026-02-15 18:55:38,
13991889,2026-02-16 00:00:00 +0000 UTC,2026-02-16 02:54:38,2026-02-16 02:54:38,
13991889,2026-02-20 00:00:00 +0000 UTC,2026-02-20 16:17:40,2026-02-20 16:17:40,
13991889,2026-02-21 00:00:00 +0000 UTC,2026-02-21 17:03:27,2026-02-21 17:03:27,
13991889,2026-02-22 00:00:00 +0000 UTC,2026-02-22 14:43:47,2026-02-22 14:43:47,
13991889,2026-02-24 00:00:00 +0000 UTC,2026-02-24 01:10:20,2026-02-24 01:10:20,
13991889,2026-02-26 00:00:00 +0000 UTC,2026-02-26 21:51:19,2026-02-26 21:51:19,
13991889,2026-03-04 00:00:00 +0000 UTC,2026-03-04 00:49:07,2026-03-04 00:49:07,
13991889,2026-03-06 00:00:00 +0000 UTC,2026-03-06 16:58:47,2026-03-06 16:58:47,
13991889,2026-03-07 00:00:00 +0000 UTC,2026-03-07 02:53:46,2026-03-07 02:53:46,
13991889,2026-03-08 00:00:00 +0000 UTC,2026-03-08 18:45:39,2026-03-08 18:45:39,
13991889,2026-03-11 00:00:00 +0000 UTC,2026-03-11 23:43:59,2026-03-11 23:43:59,
13991889,2026-03-12 00:00:00 +0000 UTC,2026-03-12 00:38:47,2026-03-12 00:38:47,
13991889,2026-03-14 00:00:00 +0000 UTC,2026-03-14 23:50:38,2026-03-14 23:50:38,
13991889,2026-03-15 00:00:00 +0000 UTC,2026-03-15 02:42:11,2026-03-15 02:42:11,
13991889,2026-03-21 00:00:00 +0000 UTC,2026-03-21 16:31:44,2026-03-21 16:31:44,
13991889,2026-03-22 00:00:00 +0000 UTC,2026-03-22 04:28:38,2026-03-22 04:28:38,
13991889,2026-03-23 00:00:00 +0000 UTC,2026-03-23 20:02:36,2026-03-23 20:02:36,
13991889,2026-03-25 00:00:00 +0000 UTC,2026-03-25 01:26:14,2026-03-25 01:26:14,
13991889,2026-03-26 00:00:00 +0000 UTC,2026-03-26 00:14:23,2026-03-26 00:14:23,
13991889,2026-03-30 00:00:00 +0000 UTC,2026-03-30 00:59:47,2026-03-30 00:59:47,
13991889,2026-03-31 00:00:00 +0000 UTC,2026-03-31 00:43:04,2026-03-31 00:43:04,
13991889,2026-04-01 00:00:00 +0000 UTC,2026-04-01 02:27:06,2026-04-01 02:27:06,
13991889,2026-04-02 00:00:00 +0000 UTC,2026-04-02 17:30:06,2026-04-02 17:30:06,
13991889,2026-04-04 00:00:00 +0000 UTC,2026-04-04 15:17:39,2026-04-04 15:17:39,
13991889,2026-04-07 00:00:00 +0000 UTC,2026-04-07 02:45:45,2026-04-07 02:45:45,
13991889,2026-04-08 00:00:00 +0000 UTC,2026-04-08 22:10:26,2026-04-08 22:10:26,
13991889,2026-04-11 00:00:00 +0000 UTC,2026-04-11 03:08:54,2026-04-11 03:08:54,
13991889,2026-04-15 00:00:00 +0000 UTC,2026-04-15 12:03:48,2026-04-15 12:03:48,
13991889,2026-04-18 00:00:00 +0000 UTC,2026-04-18 18:19:15,2026-04-18 18:19:15,
13991889,2026-04-19 00:00:00 +0000 UTC,2026-04-19 22:37:51,2026-04-19 22:37:51,
13991889,2026-04-26 00:00:00 +0000 UTC,2026-04-26 20:02:41,2026-04-26 20:02:41,
13991889,2026-05-01 00:00:00 +0000 UTC,2026-05-01 15:09:38,2026-05-01 15:09:38,
13991889,2026-05-02 00:00:00 +0000 UTC,2026-05-02 01:41:28,2026-05-02 01:41:28,
13991889,2026-05-03 00:00:00 +0000 UTC,2026-05-03 01:08:49,2026-05-03 01:08:49,
13991889,2026-05-05 00:00:00 +0000 UTC,2026-05-05 00:13:32,2026-05-05 00:13:32,
13991889,2026-05-10 00:00:00 +0000 UTC,2026-05-10 04:22:23,2026-05-10 04:22:23,
13991889,2026-05-13 00:00:00 +0000 UTC,2026-05-13 23:09:03,2026-05-13 23:09:03,
13991889,2026-05-15 00:00:00 +0000 UTC,2026-05-15 16:55:06,2026-05-15 16:55:06,
13991889,2026-05-18 00:00:00 +0000 UTC,2026-05-18 01:27:42,2026-05-18 01:27:42,
13991889,2026-05-19 00:00:00 +0000 UTC,2026-05-19 01:21:49,2026-05-19 01:21:49,
13991889,2026-05-20 00:00:00 +0000 UTC,2026-05-20 01:52:47,2026-05-20 01:52:47,
13991889,2026-05-21 00:00:00 +0000 UTC,2026-05-21 05:37:05,2026-05-21 05:37:05,
13991889,2026-05-22 00:00:00 +0000 UTC,2026-05-22 02:22:38,2026-05-22 02:22:38,
13991889,2026-05-23 00:00:00 +0000 UTC,2026-05-23 23:06:22,2026-05-23 23:06:22,
13991889,2026-05-24 00:00:00 +0000 UTC,2026-05-24 18:14:55,2026-05-24 18:14:55,
13991889,2026-05-25 00:00:00 +0000 UTC,2026-05-25 01:38:27,2026-05-25 01:38:27,
13991889,2026-05-27 00:00:00 +0000 UTC,2026-05-27 00:24:24,2026-05-27 00:24:24,
13991889,2026-05-30 00:00:00 +0000 UTC,2026-05-30 03:05:34,2026-05-30 03:05:34,
13991889,2026-06-01 00:00:00 +0000 UTC,2026-06-01 01:55:49,2026-06-01 01:55:49,
13991889,2026-06-05 00:00:00 +0000 UTC,2026-06-05 00:34:27,2026-06-05 00:34:27,
13991889,2026-06-06 00:00:00 +0000 UTC,2026-06-06 06:00:28,2026-06-06 06:00:28,
13991889,2026-06-08 00:00:00 +0000 UTC,2026-06-08 04:00:25,2026-06-08 04:00:25,
13991889,2026-06-10 00:00:00 +0000 UTC,2026-06-10 12:11:18,2026-06-10 12:11:18,
13991889,2026-06-13 00:00:00 +0000 UTC,2026-06-13 16:26:08,2026-06-13 16:26:08,
13991889,2026-06-15 00:00:00 +0000 UTC,2026-06-15 00:13:32,2026-06-15 00:13:32,
13991889,2026-06-18 00:00:00 +0000 UTC,2026-06-18 01:14:05,2026-06-18 01:14:05,
13991889,2026-06-20 00:00:00 +0000 UTC,2026-06-20 18:01:31,2026-06-20 18:01:31,
13991889,2026-06-21 00:00:00 +0000 UTC,2026-06-21 04:17:28,2026-06-21 04:17:28,
13991889,2026-06-22 00:00:00 +0000 UTC,2026-06-22 18:19:23,2026-06-22 18:19:23,
13991889,2026-06-23 00:00:00 +0000 UTC,2026-06-23 23:57:41,2026-06-23 23:57:41,
13991889,2026-06-26 00:00:00 +0000 UTC,2026-06-26 23:21:07,2026-06-26 23:21:07,
13991889,2026-06-28 00:00:00 +0000 UTC,2026-06-28 03:02:27,2026-06-28 03:02:27,
13991889,2026-06-30 00:00:00 +0000 UTC,2026-06-30 02:49:18,2026-06-30 02:49:18,
13991889,2026-07-05 00:00:00 +0000 UTC,2026-07-05 01:51:03,2026-07-05 01:51:03,
