user_id,category,name,object_id,created_at,updated_at
13991889,Entertainment Website,By Lumia,1000657169970274,2017-08-16 04:59:07,2017-08-16 04:59:07
13991889,Website,Series Online,1001280186567177,2017-08-16 04:59:07,2017-08-16 04:59:07
13991889,Local Business,I Simpson Fan Page,100245522186,2017-08-16 04:59:07,2017-08-16 04:59:07
13991889,Health/Beauty,Gillette Argentina,100400470028774,2017-08-16 04:59:07,2017-08-16 04:59:07
13991889,Health/Beauty,L'Oréal Paris Argentina,100411693386061,2017-08-16 04:59:07,2017-08-16 04:59:07
13991889,TV Network,ESPN Fans,100427670003361,2017-11-28 20:46:49,2017-11-28 20:46:49
13991889,TV Show,Smallville,10045457582,2017-07-11 22:01:21,2017-07-11 22:01:21
13991889,Product/Service,iTunes,100484820802,2017-08-16 04:59:07,2017-08-16 04:59:07
13991889,Product/Service,Queremos + música,100652246730022,2017-08-16 04:59:07,2017-08-16 04:59:07
13991889,Community,Los Simsons,100675326670344,2017-08-16 04:59:07,2017-08-16 04:59:07
13991889,Entertainment Website,musica.com,100818332595,2017-08-16 04:59:07,2017-08-16 04:59:07
13991889,Education,Udemy,100858346620905,2017-08-16 04:59:07,2017-08-16 04:59:07
13991889,Interest,"Try, fail. Try again, fail again. FAIL BETTER.",100911716675497,2017-08-16 04:59:07,2017-08-16 04:59:07
13991889,Artist,Rihanna,10092511675,2017-08-16 04:59:07,2017-08-16 04:59:07
13991889,Company,CHANEL,10109514234,2017-08-16 04:59:07,2017-08-16 04:59:07
13991889,Phone/Tablet,Accesorios para celulares Alta Córoba,1011844655542898,2018-02-05 17:21:40,2018-02-05 17:21:40
13991889,Interest,Phineas y Ferb (banda sonora),101217053321278,2017-08-16 04:59:07,2017-08-16 04:59:07
13991889,Musician/Band,Joda!,101277837171,2017-08-16 04:59:07,2017-08-16 04:59:07
13991889,Home,Hora de Aventura,101304106596021,2017-07-11 22:01:21,2017-07-11 22:01:21
13991889,Food & Beverage Company,Lay's,10139643057,2017-08-16 04:59:07,2017-08-16 04:59:07
13991889,Public Figure,German Garmendia,101445463323365,2017-08-16 04:59:07,2017-08-16 04:59:07
13991889,Public Figure,"¿Te caiste?...no wey, me gusta ver el suelo de cerca",10150107368435282,2017-08-16 04:59:07,2017-08-16 04:59:07
13991889,Community,"Odio que mi mama me diga: ""No soy adivina!""",10150128050705305,2017-08-16 04:59:07,2017-08-16 04:59:07
13991889,Entertainment Website,WE ARE CHUSMAS,10150130014050198,2017-08-16 04:59:07,2017-08-16 04:59:07
13991889,Musician/Band,Hatsune Miku,10150149727825637,2017-08-16 04:59:07,2017-08-16 04:59:07
13991889,Entertainment Website,Meme Adictos,101505209942575,2017-08-16 04:59:07,2017-08-16 04:59:07
13991889,Electronics,Motorola,101556936588074,2017-08-16 04:59:07,2017-08-16 04:59:07
13991889,Artist,Zaira Nara,101726000635,2017-08-16 04:59:07,2017-08-16 04:59:07
13991889,Musician/Band,Damas Gratis ?,101730879869266,2017-08-16 04:59:07,2017-08-16 04:59:07
13991889,Performance & Event Venue,Skatepark of Tampa,10183381196,2017-08-16 04:59:07,2017-08-16 04:59:07
13991889,Movie,Dr. Seuss' The Lorax,101870999859894,2017-08-16 04:59:07,2017-08-16 04:59:07
13991889,Blogger,Sr Gato,101887799878849,2017-08-16 04:59:07,2017-08-16 04:59:07
13991889,Community,Porque el 99.9% de las páginas no hablan para lo que fueron hechas XD,101925356604674,2017-08-16 04:59:07,2017-08-16 04:59:07
13991889,"Stadium, Arena & Sports Venue",Instituto Atlético Central Córdoba,102010886518849,2017-08-16 04:59:07,2017-08-16 04:59:07
13991889,Public Figure,"Te Caistes De La Bicicleta ,no Pendeho Asi Me Vajo Yo",102050223256334,2017-08-16 04:59:07,2017-08-16 04:59:07
13991889,Sports Event,X Games,102055561963,2017-08-16 04:59:07,2017-08-16 04:59:07
13991889,Website,Metallica,10212595263,2017-08-16 04:59:07,2017-08-16 04:59:07
13991889,Movie Theater,Volver Al Futuro,102168569824310,2017-08-16 04:59:07,2017-08-16 04:59:07
13991889,TV Show,Los Simpsons,102179269823763,2017-07-11 22:01:21,2017-07-11 22:01:21
13991889,Community,Chistes,102208213171742,2017-08-16 04:59:07,2017-08-16 04:59:07
13991889,Movie,Scream 4,102299653148474,2017-08-16 04:59:07,2017-08-16 04:59:07
13991889,Public Figure,El Primero Te Debe (pagina Oficial),102329166578678,2017-08-16 04:59:07,2017-08-16 04:59:07
13991889,Teens & Kids Website,Los chistes de Fuckencio,102345609861330,2017-08-16 04:59:07,2017-08-16 04:59:07
13991889,Public Figure,Feel like a punk,102397783191273,2017-08-16 04:59:07,2017-08-16 04:59:07
13991889,Company,Havanna Argentina,102577586449702,2017-08-16 04:59:07,2017-08-16 04:59:07
13991889,Entertainment Website,"Por los que se acuerdan de algo, y se rien xD solos xD",102589169885544,2017-08-16 04:59:07,2017-08-16 04:59:07
13991889,Movie,El Hombre Araña 3,102753583100797,2017-08-16 04:59:07,2017-08-16 04:59:07
13991889,Entertainment Website,De que planeta vienes? Subnormal,102759236497792,2017-08-16 04:59:07,2017-08-16 04:59:07
13991889,TV Show,Dragon ball z,102768683209964,2017-07-11 22:01:21,2017-07-11 22:01:21
13991889,Brand/Company Type,Play Station,102905526418583,2017-08-16 04:59:07,2017-08-16 04:59:07
13991889,Movie,tapion,102920676480749,2017-08-16 04:59:07,2017-08-16 04:59:07
13991889,Professional Service,Reparación De PC,102979313184129,2017-08-16 04:59:07,2017-08-16 04:59:07
13991889,Interest,Manga,103091413063976,2017-08-16 04:59:07,2017-08-16 04:59:07
13991889,Food,Asado,103097863063161,2017-08-16 04:59:07,2017-08-16 04:59:07
13991889,TV & Movies,Final Destination 2,103103959729573,2017-08-16 04:59:07,2017-08-16 04:59:07
13991889,TypeAhead,Portugués brasileño,103105519730258,2017-08-16 04:59:07,2017-08-16 04:59:07
13991889,Interest,Counter-Strike: Source,103106466396480,2017-08-16 04:59:07,2017-08-16 04:59:07
13991889,Community,"Típico: ""desde el lunes me pongo a dieta""",103114106433424,2017-08-16 04:59:07,2017-08-16 04:59:07
13991889,Media,Romeo and Juliet,103117373062215,2017-08-16 04:59:07,2017-08-16 04:59:07
13991889,Interest,WTF? (OK Go song),103120689728084,2017-08-16 04:59:07,2017-08-16 04:59:07
13991889,Movie,Harry Potter y la cámara secreta (película),103125056394688,2017-08-16 04:59:07,2017-08-16 04:59:07
13991889,Movie,Freddy vs. Jason,103126863060322,2017-08-16 04:59:07,2017-08-16 04:59:07
13991889,TV & Movies,Resident Evil: Extinction,103127326394260,2017-08-16 04:59:07,2017-08-16 04:59:07
13991889,TV Show,Zeke & Luther,103137286392504,2017-07-11 22:01:21,2017-07-11 22:01:21
13991889,Video Game,Club Penguin,103144713059514,2017-08-16 04:59:07,2017-08-16 04:59:07
13991889,Community,Troll Emoticons,103178049784956,2017-08-16 04:59:07,2017-08-16 04:59:07
13991889,Company,El Amigo,103211436399848,2017-08-16 04:59:07,2017-08-16 04:59:07
13991889,Entertainment Website,Oppa Gangnam Style,103382609814421,2017-08-16 04:59:07,2017-08-16 04:59:07
13991889,Entertainment Website,N I K E,103406139694443,2017-08-16 04:59:07,2017-08-16 04:59:07
13991889,College & University,Gran Hermano,103496387381,2017-07-11 22:01:21,2017-07-11 22:01:21
13991889,TV Show,Los Hechiceros de Waverly Place,103503555313,2017-07-11 22:01:21,2017-07-11 22:01:21
13991889,TV Show,Padre de Familia Online Latino,103520026462619,2017-07-11 22:01:21,2017-07-11 22:01:21
13991889,TV Show,Cha Cha Cha,10365737426,2017-07-11 22:01:21,2017-07-11 22:01:21
13991889,Interest,Nachos,103719383000174,2017-08-16 04:59:07,2017-08-16 04:59:07
13991889,Non-Governmental Organization (NGO),Ejército de unicornios retrasados,103735046457786,2017-08-16 04:59:07,2017-08-16 04:59:07
13991889,TV Show,31 minutos,103738889665306,2017-07-11 22:01:21,2017-07-11 22:01:21
13991889,Games/Toys,iPod,103744939664150,2017-08-16 04:59:07,2017-08-16 04:59:07
13991889,Interest,Musica,103745056330256,2017-08-16 04:59:07,2017-08-16 04:59:07
13991889,Website,Club penguin,103757372996738,2017-08-16 04:59:07,2017-08-16 04:59:07
13991889,Musician/Band,Lady Gaga,10376464573,2017-08-16 04:59:07,2017-08-16 04:59:07
13991889,Public Figure,Ronaldinho,103768392995310,2017-08-16 04:59:07,2017-08-16 04:59:07
13991889,Organization,DC Shoes,103774096327644,2017-08-16 04:59:07,2017-08-16 04:59:07
13991889,Personal Blog,??? TE AMOOOOOOOOOOO ???,103804876333687,2017-08-16 04:59:07,2017-08-16 04:59:07
13991889,Music,Reguetón,103809549658498,2017-08-16 04:59:07,2017-08-16 04:59:07
13991889,Interest,Computadora,103829386322254,2017-08-16 04:59:07,2017-08-16 04:59:07
13991889,TV,Cámara web,103975059640289,2017-08-16 04:59:07,2017-08-16 04:59:07
13991889,Food & Beverage,Redbull,103979292971197,2017-08-16 04:59:07,2017-08-16 04:59:07
13991889,TypeAhead,Wifi,103982359637291,2017-08-16 04:59:07,2017-08-16 04:59:07
13991889,Movie,Hitman,103987119637684,2017-08-16 04:59:07,2017-08-16 04:59:07
13991889,Movie,The Matrix,103988386305460,2017-08-16 04:59:07,2017-08-16 04:59:07
13991889,TV & Movies,American Pie 2,103992136305449,2017-08-16 04:59:07,2017-08-16 04:59:07
13991889,Sport,Fútbol,103998839637434,2017-08-16 04:59:07,2017-08-16 04:59:07
13991889,Public Figure,Marcelo Hugo Tinelli,104019400023,2017-08-16 04:59:07,2017-08-16 04:59:07
13991889,Sports,Football,104019549633137,2017-08-16 04:59:07,2017-08-16 04:59:07
13991889,Company,Dakar Rally,104027932989856,2017-08-16 04:59:07,2017-08-16 04:59:07
13991889,Public & Government Service,Amanecer,104032719634039,2017-08-16 04:59:07,2017-08-16 04:59:07
13991889,TV Show,Combate Space,104036326303269,2017-07-11 22:01:21,2017-07-11 22:01:21
13991889,Interest,Casados con hijos (Argentina),104037189632584,2017-07-11 22:01:21,2017-07-11 22:01:21
13991889,TV Show,Total Drama Island,104038339631962,2017-07-11 22:01:21,2017-07-11 22:01:21
13991889,TypeAhead,Hockey,104044816297627,2017-08-16 04:59:07,2017-08-16 04:59:07
13991889,Video Game,PlayStation 3,104046982965017,2017-08-16 04:59:07,2017-08-16 04:59:07
13991889,Video Game,Grand Theft Auto IV,104048226298711,2017-08-16 04:59:07,2017-08-16 04:59:07
13991889,Media,Amistad,104060839629037,2017-08-16 04:59:07,2017-08-16 04:59:07
13991889,Interest,Miley Cyrus,104061006295771,2017-08-16 04:59:07,2017-08-16 04:59:07
13991889,Sport,Skatepark,104061642963155,2017-08-16 04:59:07,2017-08-16 04:59:07
13991889,Interest,Casados con Hijos,104064049629281,2017-07-11 22:01:21,2017-07-11 22:01:21
13991889,TV & Movies,Toy Story 2,104066126296834,2017-08-16 04:59:07,2017-08-16 04:59:07
13991889,TV Show,The Big Bang Theory,104072652962475,2017-07-11 22:01:21,2017-07-11 22:01:21
13991889,TV & Movies,Los Pitufos,104072872962204,2017-07-11 22:01:21,2017-07-11 22:01:21
13991889,Community,BASTA! VOY A HACER LA TAREA!!!AVERRR.. UY NO LO ENTIENDO... YA FUE...!,104083342957623,2017-08-16 04:59:07,2017-08-16 04:59:07
13991889,Interest,Tony Hawk's Pro Skater,104095519625529,2017-08-16 04:59:07,2017-08-16 04:59:07
13991889,App Page,OLX Argentina,104139346293661,2017-08-16 04:59:07,2017-08-16 04:59:07
13991889,Community,Mother of anonymous,104210833081251,2017-08-16 04:59:07,2017-08-16 04:59:07
13991889,TV Network,ESPN,104266592953439,2017-08-16 04:59:07,2017-08-16 04:59:07
13991889,Company,Ray-Ban,104278256274783,2017-08-16 04:59:07,2017-08-16 04:59:07
13991889,Athlete,Diego Maradona,104346839616674,2017-08-16 04:59:07,2017-08-16 04:59:07
13991889,TV Show,Ridiculosness,104449489683777,2017-07-11 22:01:21,2017-07-11 22:01:21
13991889,Community,Pero que clase de mierda es esta?,104456216341030,2017-08-16 04:59:07,2017-08-16 04:59:07
13991889,Local Service,Disney Channel,104507152933747,2017-07-11 22:01:21,2017-07-11 22:01:21
13991889,Personal Blog,"-te caiste we ?,- no pendejo el piso me dijo VEN Y DAME UN BESO",104604309654284,2017-08-16 04:59:07,2017-08-16 04:59:07
13991889,Fictional Character,Mother Of naruto,104706622952215,2017-08-16 04:59:07,2017-08-16 04:59:07
13991889,Record Label,Walt Disney Records,104788928960,2017-08-16 04:59:07,2017-08-16 04:59:07
13991889,Public Figure,Heberon,104847576293082,2017-08-16 04:59:07,2017-08-16 04:59:07
13991889,Fictional Character,A que Goku tiene mas fans que Justin bieber,104854386217534,2017-08-16 04:59:07,2017-08-16 04:59:07
13991889,Movie,Hotel Transylvania - AR,104881302978519,2018-03-02 00:18:23,2018-03-02 00:18:23
13991889,Movie,Toy Story,10498014129,2017-08-16 04:59:07,2017-08-16 04:59:07
13991889,Motivational Speaker,te caiste??  NOOO queria besar piso!!!!,105026559538406,2017-08-16 04:59:07,2017-08-16 04:59:07
13991889,Movie Character,Piglet,105047819533982,2017-08-16 04:59:07,2017-08-16 04:59:07
13991889,Games/Toys,Pet Society,105208853802,2017-08-16 04:59:07,2017-08-16 04:59:07
13991889,Community,Te caiste? No wey me le antoje a alguien xD,105288172892234,2017-08-16 04:59:07,2017-08-16 04:59:07
13991889,TV Show,Ben 10,105310924507,2017-07-11 22:01:21,2017-07-11 22:01:21
13991889,Book Series,DC Comics Salvat Argentina,1054125161321395,2017-08-16 04:59:07,2017-08-16 04:59:07
13991889,Public Figure,Yo también le he hecho de Cupido para ayudar a unos amigos! :3,105448522875844,2017-08-16 04:59:07,2017-08-16 04:59:07
13991889,TV Show,El Chavo del Ocho (serie de televisión),105456749487721,2017-07-11 22:01:21,2017-07-11 22:01:21
13991889,TV & Movies,Scary Movie 3,105474822820828,2017-08-16 04:59:07,2017-08-16 04:59:07
13991889,TV,Justo a tiempo,105481086152419,2017-07-11 22:01:21,2017-07-11 22:01:21
13991889,Games/Toys,iPod,105520766147092,2017-08-16 04:59:07,2017-08-16 04:59:07
13991889,Lawyer,"No es orgullo, me canse de ser idiota",105526159528253,2017-08-16 04:59:07,2017-08-16 04:59:07
13991889,Interest,Corporación Umbrella,105546956144680,2017-08-16 04:59:07,2017-08-16 04:59:07
13991889,Just For Fun,Skateboarding,105564129477738,2017-08-16 04:59:07,2017-08-16 04:59:07
13991889,Kitchen/Cooking,Pizza,105567999476390,2017-08-16 04:59:07,2017-08-16 04:59:07
13991889,Interest,Intoxicados,105580386142029,2017-08-16 04:59:07,2017-08-16 04:59:07
13991889,Home,Sad but True,105596469473973,2017-08-16 04:59:07,2017-08-16 04:59:07
13991889,Sport,Dinero,105597766139888,2017-08-16 04:59:07,2017-08-16 04:59:07
13991889,Community,Miley Cyrus <3,105602599474094,2017-08-16 04:59:07,2017-08-16 04:59:07
13991889,Author,Fidel Nadal,105602886139617,2017-08-16 04:59:07,2017-08-16 04:59:07
13991889,TV & Movies,Good Luck Charlie,105626976138504,2017-07-11 22:01:21,2017-07-11 22:01:21
13991889,TV & Movies,Resident Evil: Apocalypse,105647116134590,2017-08-16 04:59:07,2017-08-16 04:59:07
13991889,Sport,Tennis,105650876136555,2017-08-16 04:59:07,2017-08-16 04:59:07
13991889,Athlete,Paintball,105689989464289,2017-08-16 04:59:07,2017-08-16 04:59:07
13991889,Political Ideology,Facepalm,105698599463516,2017-08-16 04:59:07,2017-08-16 04:59:07
13991889,TV,"Ed, Edd n Eddy",105709666129833,2017-07-11 22:01:21,2017-07-11 22:01:21
13991889,Company,BlackBerry,105715919463383,2017-08-16 04:59:07,2017-08-16 04:59:07
13991889,Media,Jugar,105760696131171,2017-08-16 04:59:07,2017-08-16 04:59:07
13991889,Brand,Poker,105799692785992,2017-08-16 04:59:07,2017-08-16 04:59:07
13991889,TV & Movies,Superman,105816462786184,2017-07-11 22:01:21,2017-07-11 22:01:21
13991889,Musician/Band,Madonna,10584534401,2017-08-16 04:59:07,2017-08-16 04:59:07
13991889,Just For Fun,Skate,105847082788191,2017-08-16 04:59:07,2017-08-16 04:59:07
13991889,TV Channel,Televisión Pública Argentina,105921658046,2017-08-16 04:59:07,2017-08-16 04:59:07
13991889,Media,Calle 13,105933136105090,2017-08-16 04:59:07,2017-08-16 04:59:07
13991889,TypeAhead,Patinaje,105950456102318,2017-08-16 04:59:07,2017-08-16 04:59:07
13991889,Video Game,Final Fantasy (Spiel),105977289434473,2017-08-16 04:59:07,2017-08-16 04:59:07
13991889,Interest,Twiglight,106008029438770,2017-08-16 04:59:07,2017-08-16 04:59:07
13991889,Movie,The Simpsons: The Movie,106022889438231,2017-08-16 04:59:07,2017-08-16 04:59:07
13991889,Interest,High School Musical: el desafío (Argentina),106028826094118,2017-08-16 04:59:07,2017-08-16 04:59:07
13991889,Interest,Miley Ray Cyrus,106032179437221,2017-08-16 04:59:07,2017-08-16 04:59:07
13991889,TV & Movies,Alvin and the Chipmunks 2,106033546104198,2017-08-16 04:59:07,2017-08-16 04:59:07
13991889,Graphic Designer,Aerosol (pintada),106041176093366,2017-08-16 04:59:07,2017-08-16 04:59:07
13991889,TV & Movies,Toy Story 1,106049322768910,2017-08-16 04:59:07,2017-08-16 04:59:07
13991889,Video Game,The Simpsons Hit and Run on PlayStation 2 and Xbox,106058209433826,2017-08-16 04:59:07,2017-08-16 04:59:07
13991889,Gym/Physical Fitness Center,Nike,106068296090172,2017-08-16 04:59:07,2017-08-16 04:59:07
13991889,Actor,Johnny Depp,106076599424196,2017-08-16 04:59:07,2017-08-16 04:59:07
13991889,City,"London, United Kingdom",106078429431815,2017-08-16 04:59:07,2017-08-16 04:59:07
13991889,Interest,Netbook,106081519422750,2017-08-16 04:59:07,2017-08-16 04:59:07
13991889,Arts & Entertainment,The Secret,106094999420840,2017-08-16 04:59:07,2017-08-16 04:59:07
13991889,Interest,Auricular,106096776087415,2017-08-16 04:59:07,2017-08-16 04:59:07
13991889,Interest,Burgerking,106099649428392,2017-08-16 04:59:07,2017-08-16 04:59:07
13991889,Blogger,Kendall Schmidt,106108316087931,2017-08-16 04:59:07,2017-08-16 04:59:07
13991889,Movie,Goma de mascar,106130276083934,2017-08-16 04:59:07,2017-08-16 04:59:07
13991889,TV Show,Bugs Bunny,106144362749955,2017-08-16 04:59:07,2017-08-16 04:59:07
13991889,Video Game,Left 4 Dead 2,106167212747731,2017-08-16 04:59:07,2017-08-16 04:59:07
13991889,Video Game,Guitar Hero 3:Legends of Rock,106213789416851,2017-08-16 04:59:07,2017-08-16 04:59:07
13991889,Interest,Handball,106225386079473,2017-08-16 04:59:07,2017-08-16 04:59:07
13991889,Games/Toys,Póquer,106225602741238,2017-08-16 04:59:07,2017-08-16 04:59:07
13991889,TV & Movies,V de venganza,106226696082230,2017-08-16 04:59:07,2017-08-16 04:59:07
13991889,Shopping & Retail,Walmart,106242219413347,2017-08-16 04:59:07,2017-08-16 04:59:07
13991889,Public Figure,Chino y Nacho,106256786079001,2017-08-16 04:59:07,2017-08-16 04:59:07
13991889,Product/Service,Wix,106270215428,2017-08-16 04:59:07,2017-08-16 04:59:07
13991889,Interest,FOX,106298642739544,2017-07-11 22:01:21,2017-07-11 22:01:21
13991889,Musician/Band,no te va gustar,106308365891,2017-08-16 04:59:07,2017-08-16 04:59:07
13991889,Movie,Resident evil film,106313469407342,2017-08-16 04:59:07,2017-08-16 04:59:07
13991889,Product/Service,Play Station 3,106357016067163,2017-08-16 04:59:07,2017-08-16 04:59:07
13991889,TV Show,The Vampire Diaries,106357469967,2017-07-11 22:01:21,2017-07-11 22:01:21
13991889,Sport,Ping pong,106359686069258,2017-08-16 04:59:07,2017-08-16 04:59:07
13991889,TV,Bob Esponja,106361806072637,2017-08-16 04:59:07,2017-08-16 04:59:07
13991889,Gun Store,Guns,106368286068829,2017-08-16 04:59:07,2017-08-16 04:59:07
13991889,Website,Resiste Venezuela,106417129505606,2017-08-16 04:59:07,2017-08-16 04:59:07
13991889,Interest,DC (shoe company),106466906055971,2017-08-16 04:59:07,2017-08-16 04:59:07
13991889,City,"Madrid, Spain",106504859386230,2017-08-16 04:59:07,2017-08-16 04:59:07
13991889,Video Game,Plantas vs zombis,106513999401457,2017-08-16 04:59:07,2017-08-16 04:59:07
13991889,Just For Fun,ODIO MATEMÁTICA,106782363813,2017-08-16 04:59:07,2017-08-16 04:59:07
13991889,Literary Editor,"Muy buena tu opinion y todo , Pero ni a tu Madre le interesa .|.",107004392768492,2017-08-16 04:59:07,2017-08-16 04:59:07
13991889,Community,Una cosa es ayudar y otra que te tomen por tonto,107031179432662,2017-08-16 04:59:07,2017-08-16 04:59:07
13991889,Community,te caiste wey..? no me baje a platicar con las hormigas pndjO (¬¬!!),107032506003118,2017-08-16 04:59:07,2017-08-16 04:59:07
13991889,Community,Un amIgo es el que te levanta cuando nadIe sabe que te caIste,107066279327573,2017-08-16 04:59:07,2017-08-16 04:59:07
13991889,News & Media Website,Yahoo México,107143776010250,2017-08-16 04:59:07,2017-08-16 04:59:07
13991889,Games/Toys,The Simpsons Game,107227669307069,2017-08-16 04:59:07,2017-08-16 04:59:07
13991889,News & Media Website,Mundo D,107278443174,2017-08-16 04:59:07,2017-08-16 04:59:07
13991889,Public Figure,Eric Cartman,107325192636835,2017-08-16 04:59:07,2017-08-16 04:59:07
13991889,TV & Movies,South Park,107416689288238,2017-07-11 22:01:21,2017-07-11 22:01:21
13991889,Musical Instrument,Guitarra,107428929279675,2017-08-16 04:59:07,2017-08-16 04:59:07
13991889,Software,Skype,107437679286047,2017-08-16 04:59:07,2017-08-16 04:59:07
13991889,Books & Magazines,El Señor de los Anillos,107441915951891,2017-08-16 04:59:07,2017-08-16 04:59:07
13991889,Interest,Zero Skateboards,107464445950276,2017-08-16 04:59:07,2017-08-16 04:59:07
13991889,News & Media Website,Okay Face,107488192709471,2017-08-16 04:59:07,2017-08-16 04:59:07
13991889,Entrepreneur,Vardoc,107533769301504,2017-08-16 04:59:07,2017-08-16 04:59:07
13991889,Concentration or Major,Guitarra acústica,107548425934702,2017-08-16 04:59:07,2017-08-16 04:59:07
13991889,Interest,Selena Gomez & The Scene,107568672599108,2017-08-16 04:59:07,2017-08-16 04:59:07
13991889,TV Channel,Jetix (Canada),107570282605586,2017-07-11 22:01:21,2017-07-11 22:01:21
13991889,Interest,Chicken McNuggets,107600475936054,2017-08-16 04:59:07,2017-08-16 04:59:07
13991889,Video Game,Happy Feet (video game),107612765934912,2017-08-16 04:59:07,2017-08-16 04:59:07
13991889,Media,Harry Potter,107641979264998,2017-08-16 04:59:07,2017-08-16 04:59:07
13991889,Fictional Character,La novia nerd del hermano nerd del chico del cereal,107653992654922,2017-08-16 04:59:07,2017-08-16 04:59:07
13991889,Newspaper,La Voz del Interior,107658762590621,2017-08-16 04:59:07,2017-08-16 04:59:07
13991889,Games/Toys,Wii,107661712589984,2017-08-16 04:59:07,2017-08-16 04:59:07
13991889,Book,Twilight,107825249240945,2017-08-16 04:59:07,2017-08-16 04:59:07
13991889,Artist,Bender,107858039236231,2017-08-16 04:59:07,2017-08-16 04:59:07
13991889,Residence,Cookie,107874525902171,2017-08-16 04:59:07,2017-08-16 04:59:07
13991889,Cars,Honda,107926874274,2017-08-16 04:59:07,2017-08-16 04:59:07
13991889,TV,Osito de peluche,107939915895935,2017-08-16 04:59:07,2017-08-16 04:59:07
13991889,Public Figure,el hermano rockero del chico del cereal,107950339292018,2017-08-16 04:59:07,2017-08-16 04:59:07
13991889,Interest,Grand Theft Auto: Vice City Stories,107975999230906,2017-08-16 04:59:07,2017-08-16 04:59:07
13991889,TV & Movies,Toy Story 3,107989129229622,2017-08-16 04:59:07,2017-08-16 04:59:07
13991889,City,"Atlanta, Georgia",107991659233606,2017-08-16 04:59:07,2017-08-16 04:59:07
13991889,Public Figure,Mariano Martínez,107999295887183,2017-08-16 04:59:07,2017-08-16 04:59:07
13991889,Entertainment Website,La Frikipedia,108005372578216,2017-08-16 04:59:07,2017-08-16 04:59:07
13991889,Movie,Scary Movie 3,108005515887498,2017-08-16 04:59:07,2017-08-16 04:59:07
13991889,City,"North Hollywood, California",108005775899919,2017-08-16 04:59:07,2017-08-16 04:59:07
13991889,Food,Red Bull,108014652560597,2017-08-16 04:59:07,2017-08-16 04:59:07
13991889,Interest,Cuentos de terror,108027042564694,2017-08-16 04:59:07,2017-08-16 04:59:07
13991889,Organization,Vans,108027362553142,2017-08-16 04:59:07,2017-08-16 04:59:07
13991889,Athlete,Micheal Jordan,108052715896185,2017-08-16 04:59:07,2017-08-16 04:59:07
13991889,Holiday,Hallowen,108062529227878,2017-08-16 04:59:07,2017-08-16 04:59:07
13991889,City,"Las Vegas, Nevada",108081209214649,2017-08-16 04:59:07,2017-08-16 04:59:07
13991889,Public Figure,La Fiesta,108092562545444,2017-08-16 04:59:07,2017-08-16 04:59:07
13991889,TV Show,Tom y Jerry,108105899217735,2017-07-11 22:01:21,2017-07-11 22:01:21
13991889,Video Game,Grand Theft Auto: San Andreas,108105992545869,2017-08-16 04:59:07,2017-08-16 04:59:07
13991889,Interest,Marcelo Tinelli,108113002550415,2017-08-16 04:59:07,2017-08-16 04:59:07
13991889,City,Villa Carlos Paz,108119235877018,2017-08-16 04:59:07,2017-08-16 04:59:07
13991889,Food,Pizzas,108139149217438,2017-08-16 04:59:07,2017-08-16 04:59:07
13991889,Interest,Play Station 3,108151172551765,2017-08-16 04:59:07,2017-08-16 04:59:07
13991889,TV Show,El Chavo del 8 (serie de TV),108156175885492,2017-07-11 22:01:21,2017-07-11 22:01:21
13991889,TV & Movies,Final Destination 4,108161669216868,2017-08-16 04:59:07,2017-08-16 04:59:07
13991889,Movie,(los simsons),108163182626982,2017-08-16 04:59:07,2017-08-16 04:59:07
13991889,TV & Movies,El Chavo del 8,108170109217828,2017-07-11 22:01:21,2017-07-11 22:01:21
13991889,Interest,Cansancio,108171799211073,2017-08-16 04:59:07,2017-08-16 04:59:07
13991889,Movie,El Cadaver de la Novia,108173722548968,2017-08-16 04:59:07,2017-08-16 04:59:07
13991889,Community,Y.. TE LO COMISTE?,108179379217163,2017-08-16 04:59:07,2017-08-16 04:59:07
13991889,Athlete,Benjamin Franklin,108194249209277,2017-08-16 04:59:07,2017-08-16 04:59:07
13991889,Gift Shop,Walt Disney World,108213322537298,2017-08-16 04:59:07,2017-08-16 04:59:07
13991889,Information Technology Company,Technology,108213575873147,2017-08-16 04:59:07,2017-08-16 04:59:07
13991889,Organization,Vans Shoes,108246152539749,2017-08-16 04:59:07,2017-08-16 04:59:07
13991889,Public Figure,La Mona Jiménez,108257842534974,2017-08-16 04:59:07,2017-08-16 04:59:07
13991889,TV Show,The Smurfs,108273105868430,2017-07-11 22:01:21,2017-07-11 22:01:21
13991889,Food & Beverage,MacDonalds,108282985872000,2017-08-16 04:59:07,2017-08-16 04:59:07
13991889,Interest,Toy Machine,108299059194828,2017-08-16 04:59:07,2017-08-16 04:59:07
13991889,TV & Movies,Destino final 4,108300799193664,2017-08-16 04:59:07,2017-08-16 04:59:07
13991889,Movie,Final Destination,108311145857778,2017-08-16 04:59:07,2017-08-16 04:59:07
13991889,Movie,Resident Evil: extinción,108323992523192,2017-08-16 04:59:07,2017-08-16 04:59:07
13991889,Gym/Physical Fitness Center,Nike,108332142523719,2017-08-16 04:59:07,2017-08-16 04:59:07
13991889,TV Show,Zaboomafoo,108334385867843,2017-07-11 22:01:21,2017-07-11 22:01:21
13991889,Producer,Drake Bell,108336899186397,2017-08-16 04:59:07,2017-08-16 04:59:07
13991889,Interest,Angry Birds,108342995884711,2017-08-16 04:59:07,2017-08-16 04:59:07
13991889,Brand,GTA: San Andreas,108360192529311,2017-08-16 04:59:07,2017-08-16 04:59:07
13991889,Interest,No te va a Gustar,108371462527537,2017-08-16 04:59:07,2017-08-16 04:59:07
13991889,Interest,Freddy Krueger,108389642519137,2017-08-16 04:59:07,2017-08-16 04:59:07
13991889,TV & Movies,Buscando a Nemo,108393175852686,2017-08-16 04:59:07,2017-08-16 04:59:07
13991889,City,"New York, New York",108424279189115,2017-08-16 04:59:07,2017-08-16 04:59:07
13991889,TV & Movies,Cars 2,108432512514829,2017-08-16 04:59:07,2017-08-16 04:59:07
13991889,Teens & Kids Website,Tu eres mi Jftsgflg,108486085920088,2017-08-16 04:59:07,2017-08-16 04:59:07
13991889,Games/Toys,Fruit Ninja,108536502556883,2017-08-16 04:59:07,2017-08-16 04:59:07
13991889,Community,Somos Chilenos,108555102566665,2017-08-16 04:59:07,2017-08-16 04:59:07
13991889,TV Channel,TNT América Latina,108586582757,2017-08-16 04:59:07,2017-08-16 04:59:07
13991889,Company,Lays,108603655836911,2017-08-16 04:59:07,2017-08-16 04:59:07
13991889,Athlete,Gimnasia,108611512496270,2017-08-16 04:59:07,2017-08-16 04:59:07
13991889,Sports Event,Basketball,108614982500363,2017-08-16 04:59:07,2017-08-16 04:59:07
13991889,Website,El Pibe de Sistemas,108621472530396,2017-08-16 04:59:07,2017-08-16 04:59:07
13991889,TV & Movies,Shrek3,108685629162556,2017-08-16 04:59:07,2017-08-16 04:59:07
13991889,Just For Fun,"Loco, pero feliz!",108692802504493,2017-08-16 04:59:07,2017-08-16 04:59:07
13991889,Entertainment Website,Ahora cualquier pendejo cree que puede ser DJ!!! :S,108768049141623,2017-08-16 04:59:07,2017-08-16 04:59:07
13991889,Community,"Sin Branca, no hay Fernet",108777529734,2017-08-16 04:59:07,2017-08-16 04:59:07
13991889,Website,Thank You Supply,108824555806758,2017-08-16 04:59:07,2017-08-16 04:59:07
13991889,Interest,Pit bull,108837199136299,2017-08-16 04:59:07,2017-08-16 04:59:07
13991889,"Stadium, Arena & Sports Venue",messi es lo masss,108852782552633,2017-08-16 04:59:07,2017-08-16 04:59:07
13991889,Community,Como hacer tu Gaseosa Azul! Facilisimo,108888982504989,2017-08-16 04:59:07,2017-08-16 04:59:07
13991889,City,Villa Carlos Paz,108900535801461,2017-08-16 04:59:07,2017-08-16 04:59:07
13991889,Interest,A Year Without Rain,108978105825088,2017-08-16 04:59:07,2017-08-16 04:59:07
13991889,Musician/Band,Guns N' Roses,10901008068,2017-08-16 04:59:07,2017-08-16 04:59:07
13991889,Community,Axe Argentina,109024765809058,2017-08-16 04:59:07,2017-08-16 04:59:07
13991889,Company,BAILAR,109083051952,2017-08-16 04:59:07,2017-08-16 04:59:07
13991889,Organization,IPad,109085955777635,2017-08-16 04:59:07,2017-08-16 04:59:07
13991889,Product/Service,Toy Machine,109127069117708,2017-08-16 04:59:07,2017-08-16 04:59:07
13991889,Artist,Batallas shinobis y mas (naruto shippuden),109166702509830,2017-08-16 04:59:07,2017-08-16 04:59:07
13991889,Animal,El perro,109181595767580,2017-08-16 04:59:07,2017-08-16 04:59:07
13991889,Country,Canadá,109213225764100,2017-08-16 04:59:07,2017-08-16 04:59:07
13991889,TV Show,Sueña Conmigo,109221122448430,2017-07-11 22:01:21,2017-07-11 22:01:21
13991889,TypeAhead,BMX,109237002428908,2017-08-16 04:59:07,2017-08-16 04:59:07
13991889,Movie,Matilda (film),109289155756706,2017-08-16 04:59:07,2017-08-16 04:59:07
13991889,Video Game,Dead Island,109294299094020,2017-08-16 04:59:07,2017-08-16 04:59:07
13991889,Food & Beverage,Ice Cream,109301862430120,2017-08-16 04:59:07,2017-08-16 04:59:07
13991889,Brand/Company Type,iPhone,109336685751749,2017-08-16 04:59:07,2017-08-16 04:59:07
13991889,Album,Callate Zorr* Los Animales No Hablan,109359625879221,2017-08-16 04:59:07,2017-08-16 04:59:07
13991889,Athlete,Laptop,109368519081454,2017-08-16 04:59:07,2017-08-16 04:59:07
13991889,Interest,Aburrimiento,109375095748350,2017-08-16 04:59:07,2017-08-16 04:59:07
13991889,Interest,Fútbol callejero,109378362414364,2017-08-16 04:59:07,2017-08-16 04:59:07
13991889,TV & Movies,Death Note,109387229079705,2017-07-11 22:01:21,2017-07-11 22:01:21
13991889,City,"Córdoba, Argentina",109390122412267,2017-08-16 04:59:07,2017-08-16 04:59:07
13991889,Brand,Grand Theft Auto: San Andreas,109403909077982,2017-08-16 04:59:07,2017-08-16 04:59:07
13991889,Media,Los Simpson,109419615743693,2017-07-11 22:01:21,2017-07-11 22:01:21
13991889,Drink,Vodka,109425105751080,2017-08-16 04:59:07,2017-08-16 04:59:07
13991889,TV,Zoey 101,109437299076255,2017-08-16 04:59:07,2017-08-16 04:59:07
13991889,TV & Movies,Destino final 3,109440455741277,2017-08-16 04:59:07,2017-08-16 04:59:07
13991889,Media,The Mask,109449369073736,2017-08-16 04:59:07,2017-08-16 04:59:07
13991889,Interest,Verano,109463105739618,2017-08-16 04:59:07,2017-08-16 04:59:07
13991889,Interest,Leche chocolatada,109469592413310,2017-08-16 04:59:07,2017-08-16 04:59:07
13991889,Entertainment Website,Tan tan interesante,109539109080259,2017-08-16 04:59:07,2017-08-16 04:59:07
13991889,Organization,M&M's,109547525738661,2017-08-16 04:59:07,2017-08-16 04:59:07
13991889,Food,Pastel de chocolate,109558842403306,2017-08-16 04:59:07,2017-08-16 04:59:07
13991889,Interest,Las Crónicas de Narnia,109593059060319,2017-08-16 04:59:07,2017-08-16 04:59:07
13991889,Sport,Skateboarding,109601652392985,2017-08-16 04:59:07,2017-08-16 04:59:07
13991889,City,"Springfield, Missouri",109638092388632,2017-08-16 04:59:07,2017-08-16 04:59:07
13991889,Movie,High School Musical 2,109641399062288,2017-08-16 04:59:07,2017-08-16 04:59:07
13991889,Athlete,Xavi Hernández,109648175728358,2017-08-16 04:59:07,2017-08-16 04:59:07
13991889,Interest,Voleyball,109655389063947,2017-08-16 04:59:07,2017-08-16 04:59:07
13991889,TV,Scooby-Doo,109667579059548,2017-07-11 22:01:21,2017-07-11 22:01:21
13991889,Sport,"Piedra, papel o tijeras",109708575736826,2017-08-16 04:59:07,2017-08-16 04:59:07
13991889,Interest,The Sims 2: Pets,109721452387227,2017-08-16 04:59:07,2017-08-16 04:59:07
13991889,Musician,Hamster Records Los Wachi,109762785778208,2017-08-16 04:59:07,2017-08-16 04:59:07
13991889,Interest,Kickflip,109797112380576,2017-08-16 04:59:07,2017-08-16 04:59:07
13991889,News Personality,photoshop detected ??????????,109805499132786,2017-08-16 04:59:07,2017-08-16 04:59:07
13991889,Local Business,Addidas,109857339044341,2017-08-16 04:59:07,2017-08-16 04:59:07
13991889,Movie,Alien vs. Predator,109925612366863,2017-08-16 04:59:07,2017-08-16 04:59:07
13991889,TV Show,Padre de Familia,109969243053,2017-07-11 22:01:21,2017-07-11 22:01:21
13991889,Teacher,By: AnOnImO,109984189081203,2017-08-16 04:59:07,2017-08-16 04:59:07
13991889,Interest,El niño del pijama de rayas,109998405696733,2017-08-16 04:59:07,2017-08-16 04:59:07
13991889,Community,Camino a Rusia 2018,110024212454497,2017-08-16 04:59:07,2017-08-16 04:59:07
13991889,TV Season,"1,000 Ways to Die",110037992359625,2017-07-11 22:01:21,2017-07-11 22:01:21
13991889,City,Peliculas de terror,110145545675597,2017-08-16 04:59:07,2017-08-16 04:59:07
13991889,City,"Miami, Florida",110148382341970,2017-08-16 04:59:07,2017-08-16 04:59:07
13991889,Movie,Bambi,110175879002375,2017-08-16 04:59:07,2017-08-16 04:59:07
13991889,TV & Movies,Monsters Incorporated,110205005667362,2017-08-16 04:59:07,2017-08-16 04:59:07
13991889,Skin Care Service,NIVEA,110261465704757,2017-08-16 04:59:07,2017-08-16 04:59:07
13991889,Interest,Etc,110292925661280,2017-08-16 04:59:07,2017-08-16 04:59:07
13991889,Entertainment Website,LOL,110352002348325,2017-08-16 04:59:07,2017-08-16 04:59:07
13991889,Games/Toys,World of Warcraft,110376935751513,2017-08-16 04:59:07,2017-08-16 04:59:07
13991889,Community,"Me aburri,tengo sueño ¬¬ me ire a dormir :B adios.-",110391112311160,2017-08-16 04:59:07,2017-08-16 04:59:07
13991889,Movie,El Hombre Araña 2,110422478979163,2017-08-16 04:59:07,2017-08-16 04:59:07
13991889,TV & Movies,Shrek 1,110435062318644,2017-08-16 04:59:07,2017-08-16 04:59:07
13991889,Comedian,Alto Guiso,110462265723739,2017-08-16 04:59:07,2017-08-16 04:59:07
13991889,TV Show,The Walking Dead,110475388978628,2017-07-11 22:01:21,2017-07-11 22:01:21
13991889,Musician/Band,Emanero,110503058387,2017-08-16 04:59:07,2017-08-16 04:59:07
13991889,Movie,Son Como Niños,110539435637291,2017-08-16 04:59:07,2017-08-16 04:59:07
13991889,Public Figure,This Is Brayan,1105544932794095,2017-08-16 04:59:07,2017-08-16 04:59:07
13991889,Video Game,KOF 2002,110577392302884,2017-08-16 04:59:07,2017-08-16 04:59:07
13991889,Community,Bradley Steven Perry,110582019007070,2017-08-16 04:59:07,2017-08-16 04:59:07
13991889,Interest,Miley Cirus,110590932296176,2017-08-16 04:59:07,2017-08-16 04:59:07
13991889,Musical Instrument,Guitarra electrica,110630632297666,2017-08-16 04:59:07,2017-08-16 04:59:07
13991889,TV Show,Zoey101,110659412295675,2017-07-11 22:01:21,2017-07-11 22:01:21
13991889,TV & Movies,Shrek 3,110680798960315,2017-08-16 04:59:07,2017-08-16 04:59:07
13991889,Movie,Ironman,110689005626785,2017-08-16 04:59:07,2017-08-16 04:59:07
13991889,Public Figure,Wuzi,110705369110524,2017-08-16 04:59:07,2017-08-16 04:59:07
13991889,Movie,Zombie land,110712528954009,2017-08-16 04:59:07,2017-08-16 04:59:07
13991889,Musician/Band,H0lynaight,110751662317161,2017-08-16 04:59:07,2017-08-16 04:59:07
13991889,Community,Te caiste? no weon me gusta darle un abrazo al piso de vez en cuando,110762199073429,2017-08-16 04:59:07,2017-08-16 04:59:07
13991889,Clothing (Brand),ONA SAEZ,110767065952,2017-08-16 04:59:07,2017-08-16 04:59:07
13991889,Product/Service,La vida! No es un cuento de hadas,110828742375963,2017-08-16 04:59:07,2017-08-16 04:59:07
13991889,City,"Los Angeles, California",110970792260960,2017-08-16 04:59:07,2017-08-16 04:59:07
13991889,TV Show,Malparida,110989992252803,2017-07-11 22:01:21,2017-07-11 22:01:21
13991889,TypeAhead,Chocolate Chip Cookies,111001888924149,2017-08-16 04:59:07,2017-08-16 04:59:07
13991889,Public Figure,los simsons,111043578930640,2017-08-16 04:59:07,2017-08-16 04:59:07
13991889,Product/Service,Almost skateboards,111059838932649,2017-08-16 04:59:07,2017-08-16 04:59:07
13991889,Interest,Nintendo Wii,111090232248726,2017-08-16 04:59:07,2017-08-16 04:59:07
13991889,Product/Service,Club Social,111156472257201,2017-08-16 04:59:07,2017-08-16 04:59:07
13991889,Music Award,MTV EMA,111196998403,2017-07-11 22:01:21,2017-07-11 22:01:21
13991889,Athlete,Diego Forlan,111219788907112,2017-08-16 04:59:07,2017-08-16 04:59:07
13991889,TV Channel,Universal Channel,111394762223137,2017-07-11 22:01:21,2017-07-11 22:01:21
13991889,Community,Stoner Stanley (Chico drogado),111483035665832,2017-08-16 04:59:07,2017-08-16 04:59:07
13991889,Media/News Company,StockHausen Magazine,111485716210212,2017-09-13 18:28:28,2017-09-13 18:28:28
13991889,Sports & Recreation,Converse All Star,111514508873145,2017-08-16 04:59:07,2017-08-16 04:59:07
13991889,Community,5 Cosas Que hacer Cuando Te Quedes Sin Internet (Impresionante)!!!.,111576282224067,2017-08-16 04:59:07,2017-08-16 04:59:07
13991889,Community,I  BEACH.,111591605523339,2017-08-16 04:59:07,2017-08-16 04:59:07
13991889,Movie,Las vacaciones de Mr. Bean,111692215516220,2017-08-16 04:59:07,2017-08-16 04:59:07
13991889,Games/Toys,Facebook Games,111724015524891,2017-08-16 04:59:07,2017-08-16 04:59:07
13991889,Library,How To Arsenio Lupín,111763808877610,2017-08-16 04:59:07,2017-08-16 04:59:07
13991889,TypeAhead,Dormir,111768315509200,2017-08-16 04:59:07,2017-08-16 04:59:07
13991889,Entertainment Website,Brian (meme de la mala suerte),111774678910150,2017-08-16 04:59:07,2017-08-16 04:59:07
13991889,Sports Team,Instituto Atlético Central Córdoba,111793968847561,2017-08-16 04:59:07,2017-08-16 04:59:07
13991889,Actor,Jonny Deep,111808342178245,2017-08-16 04:59:07,2017-08-16 04:59:07
13991889,Organization,"Ahhh profe, ya entendi(no entendi nadaa)",111809565508120,2017-08-16 04:59:07,2017-08-16 04:59:07
13991889,Movie,High School Musical 3,111842745500923,2017-08-16 04:59:07,2017-08-16 04:59:07
13991889,Travel & Transportation,Telefe,111943092155303,2017-08-16 04:59:07,2017-08-16 04:59:07
13991889,Fictional Character,Talking Tom,1119735654710411,2017-08-16 04:59:07,2017-08-16 04:59:07
13991889,Books & Magazines,Star Boook.,111990342228264,2017-08-16 04:59:07,2017-08-16 04:59:07
13991889,Media,Shrek 4,111995345485202,2017-08-16 04:59:07,2017-08-16 04:59:07
13991889,Artist,Tobey Maguire,112000788817052,2017-08-16 04:59:07,2017-08-16 04:59:07
13991889,Company,Oyster Glasses,112012875571602,2017-08-16 04:59:07,2017-08-16 04:59:07
13991889,Interest,United States,112013038814869,2017-08-16 04:59:07,2017-08-16 04:59:07
13991889,Water Park,Mundo Marino,112016968815109,2017-08-16 04:59:07,2017-08-16 04:59:07
13991889,Public Figure,David Guetta,112018395482253,2017-08-16 04:59:07,2017-08-16 04:59:07
13991889,Kitchen/Cooking,Alicante Ponele Sabor,112027645565854,2017-08-16 04:59:07,2017-08-16 04:59:07
13991889,Public Figure,Leo Venegas,112056285495572,2017-08-16 04:59:07,2017-08-16 04:59:07
13991889,Interest,Guitar Hero III: Legends of Rock,112085745474825,2017-08-16 04:59:07,2017-08-16 04:59:07
13991889,Food,Oreo,112095852135900,2017-08-16 04:59:07,2017-08-16 04:59:07
13991889,Movie,Hotel for Dogs,112144265469761,2017-08-16 04:59:07,2017-08-16 04:59:07
13991889,Movie,"Monsters, Inc.",11215611028,2017-08-16 04:59:07,2017-08-16 04:59:07
13991889,Video Game,Silent Hill,112170395470694,2017-08-16 04:59:07,2017-08-16 04:59:07
13991889,Electronics,Apple Inc.,112216768789769,2017-08-16 04:59:07,2017-08-16 04:59:07
13991889,Community,Profesores + Libros + Matemáticas= A-B-U-R-R-I-M-I-E-N-T-O,112220372211709,2017-08-16 04:59:07,2017-08-16 04:59:07
13991889,Interest,Gears of War 2,112255038790147,2017-08-16 04:59:07,2017-08-16 04:59:07
13991889,TV & Movies,Scary Movie 4,112266922122349,2017-08-16 04:59:07,2017-08-16 04:59:07
13991889,Restaurant,McDonald's,112280112117874,2017-08-16 04:59:07,2017-08-16 04:59:07
13991889,Community,No  Hay  Mejor  Adicción  Que  El   F-?-?-?-ß-?-?-?,112284658853800,2017-08-16 04:59:07,2017-08-16 04:59:07
13991889,Public Figure,Eric Koston,112341058777832,2017-08-16 04:59:07,2017-08-16 04:59:07
13991889,TV Channel,I.Sat,112345812194,2017-08-16 04:59:07,2017-08-16 04:59:07
13991889,TypeAhead,Cash,112366072107944,2017-08-16 04:59:07,2017-08-16 04:59:07
13991889,Entertainment Website,Why Not?,1123843641064752,2017-08-16 04:59:07,2017-08-16 04:59:07
13991889,Public Figure,Mox (WDF),112386382127288,2017-08-16 04:59:07,2017-08-16 04:59:07
13991889,TV,Pikachu,112397252105900,2017-08-16 04:59:07,2017-08-16 04:59:07
13991889,Movie,Los Simpson: la película,112403215438648,2017-08-16 04:59:07,2017-08-16 04:59:07
13991889,TV Genre,Sport,112406358772472,2017-08-16 04:59:07,2017-08-16 04:59:07
13991889,Arts & Entertainment,Anime,112421635436437,2017-08-16 04:59:07,2017-08-16 04:59:07
13991889,Food,Snickers,112439045439800,2017-08-16 04:59:07,2017-08-16 04:59:07
13991889,Video Game,FIFA 10,112450728766984,2017-08-16 04:59:07,2017-08-16 04:59:07
13991889,Interest,Doritos,112540342091025,2017-08-16 04:59:07,2017-08-16 04:59:07
13991889,Language,Español (desambiguación),112542208760628,2017-08-16 04:59:07,2017-08-16 04:59:07
13991889,Work Position,Internet,112542592094779,2017-08-16 04:59:07,2017-08-16 04:59:07
13991889,Arts & Entertainment,Kristen Stewart,112554272090794,2017-08-16 04:59:07,2017-08-16 04:59:07
13991889,Books & Magazines,Viaje al centro de la Tierra,112646662083490,2017-08-16 04:59:07,2017-08-16 04:59:07
13991889,TV & Movies,Soy leyenda,112648688746812,2017-08-16 04:59:07,2017-08-16 04:59:07
13991889,Movie,Scary Movie,112653162079650,2017-08-16 04:59:07,2017-08-16 04:59:07
13991889,Interest,Helado,112686028744800,2017-08-16 04:59:07,2017-08-16 04:59:07
13991889,Entertainment Website,"No te ODIO, nada mas me CAGAS :D",112726412076674,2017-08-16 04:59:07,2017-08-16 04:59:07
13991889,Interest,Attaque 77,112760782072130,2017-08-16 04:59:07,2017-08-16 04:59:07
13991889,Public Figure,Johnny Depp,112773018737360,2017-08-16 04:59:07,2017-08-16 04:59:07
13991889,Interest,Milanesa,112789732070125,2017-08-16 04:59:07,2017-08-16 04:59:07
13991889,Entertainment Website,El mundo curioso,112819058855031,2017-08-16 04:59:07,2017-08-16 04:59:07
13991889,Kitchen/Cooking,CasanCrem,112846768736726,2017-08-16 04:59:07,2017-08-16 04:59:07
13991889,Interest,Thrasher Presents Skate and Destroy,112859168729036,2017-08-16 04:59:07,2017-08-16 04:59:07
13991889,Comedian,Te Caiste? No Estoy Probando Que Tan Duro Esta El Piso,112920935521570,2017-08-16 04:59:07,2017-08-16 04:59:07
13991889,Art,Music,112936425387489,2017-08-16 04:59:07,2017-08-16 04:59:07
13991889,Sports Team,Instituto,112964855385079,2017-08-16 04:59:07,2017-08-16 04:59:07
13991889,Product/Service,Rechargeable Wireless 3-CH Control R/C Radio Control Helicopter with Gyroscope - Free Shipping - DealExtreme,112995265459195,2017-08-16 04:59:07,2017-08-16 04:59:07
13991889,Home,Springfield,113024895378285,2017-08-16 04:59:07,2017-08-16 04:59:07
13991889,TV & Movies,Scary Movie 4,113048328706458,2017-08-16 04:59:07,2017-08-16 04:59:07
13991889,Community,Memes,113070445447229,2017-08-16 04:59:07,2017-08-16 04:59:07
13991889,Musical Instrument,Guitar,113099055370169,2017-08-16 04:59:07,2017-08-16 04:59:07
13991889,TV Show,Cocineros Argentinos,113201768719022,2017-07-11 22:01:21,2017-07-11 22:01:21
13991889,Athlete,Yao Ming,113216122022523,2017-08-16 04:59:07,2017-08-16 04:59:07
13991889,Local Business,Toy Story 3,113242012023271,2017-08-16 04:59:07,2017-08-16 04:59:07
13991889,TV & Movies,Destino final 5,113355142060185,2017-08-16 04:59:07,2017-08-16 04:59:07
13991889,Kitchen/Cooking,Chocolate,113472061996206,2017-08-16 04:59:07,2017-08-16 04:59:07
13991889,Interest,Vans,113478655329046,2017-08-16 04:59:07,2017-08-16 04:59:07
13991889,TV Show,Intrusos en el espectáculo (OFICIAL),113519225325825,2017-07-11 22:01:21,2017-07-11 22:01:21
13991889,Community,Los Mejores Tatuajes En 3D,113520095441044,2017-08-16 04:59:07,2017-08-16 04:59:07
13991889,Movie,Click,113554965324671,2017-08-16 04:59:07,2017-08-16 04:59:07
13991889,Artist,China Anne McClain,113567412011596,2017-08-16 04:59:07,2017-08-16 04:59:07
13991889,Fictional Character,Yo tambien Jugaba a No Pisar las Lineas del Suelo,113573808814799,2017-08-16 04:59:07,2017-08-16 04:59:07
13991889,Fictional Character,Thor,113589202010624,2017-08-16 04:59:07,2017-08-16 04:59:07
13991889,Movie Character,Jack Skellington,113604432026280,2017-08-16 04:59:07,2017-08-16 04:59:07
13991889,Band,Calle 13 (grupo),113759911980172,2017-08-16 04:59:07,2017-08-16 04:59:07
13991889,Musician/Band,Aventura,113762071973246,2017-08-16 04:59:07,2017-08-16 04:59:07
13991889,Movie/Television Studio,Shrek 2,113771411967031,2017-08-16 04:59:07,2017-08-16 04:59:07
13991889,Artist,Mr. Krabs,113791948674562,2017-08-16 04:59:07,2017-08-16 04:59:07
13991889,Record Label,1 ?Bachata?,113882059152351,2017-08-16 04:59:07,2017-08-16 04:59:07
13991889,Company,Odio estar enojado y que me hagan reir,113940348661728,2017-08-16 04:59:07,2017-08-16 04:59:07
13991889,Movie,Megamind,114097065267211,2017-08-16 04:59:07,2017-08-16 04:59:07
13991889,Artist,Close enough,114150602005043,2017-08-16 04:59:07,2017-08-16 04:59:07
13991889,Grocery Store,Mc Donald's,114186172042819,2017-08-16 04:59:07,2017-08-16 04:59:07
13991889,Product/Service,Samsung Mobile,114219621960016,2017-08-16 04:59:07,2017-08-16 04:59:07
13991889,Community,Te caiste? no pelotudo  me estaba fijando si el piso estaba limpio,114226025268795,2017-08-16 04:59:07,2017-08-16 04:59:07
13991889,Artist,hayley williams de los cereales,114345678650077,2017-08-16 04:59:07,2017-08-16 04:59:07
13991889,TV Show,The Simpson,114526538575341,2017-07-11 22:01:21,2017-07-11 22:01:21
13991889,Musician/Band,Snoop Dogg,11455644806,2017-08-16 04:59:07,2017-08-16 04:59:07
13991889,Movie,Una loca pelicula epica,114559991889888,2017-08-16 04:59:07,2017-08-16 04:59:07
13991889,Local Service,Dibujar,114598461897632,2017-08-16 04:59:07,2017-08-16 04:59:07
13991889,News & Media Website,DC Shoes,114599198570774,2017-08-16 04:59:07,2017-08-16 04:59:07
13991889,Interest,Play Station 2,114604078563598,2017-08-16 04:59:07,2017-08-16 04:59:07
13991889,Video Game,Gta 4,114604788556039,2017-08-16 04:59:07,2017-08-16 04:59:07
13991889,Fictional Character,Bardak,114699208656008,2017-08-16 04:59:07,2017-08-16 04:59:07
13991889,Musical Instrument,Te caiste?. no wey asi camino ¬¬,114728988670577,2017-08-16 04:59:07,2017-08-16 04:59:07
13991889,Musician/Band,Tokio Hotel,11475268649,2017-08-16 04:59:07,2017-08-16 04:59:07
13991889,Video Game,GTA 3,114765541872005,2017-08-16 04:59:07,2017-08-16 04:59:07
13991889,Food & Beverage Company,Cerveza Schneider,114775948884,2017-08-16 04:59:07,2017-08-16 04:59:07
13991889,Entrepreneur,NickiMinaj,114787941866793,2017-08-16 04:59:07,2017-08-16 04:59:07
13991889,TV,Zack y Cody: Gemelos a Bordo,114868998525496,2017-07-11 22:01:21,2017-07-11 22:01:21
13991889,Community,Jaja Te Caiste? No El Piso Me Atrajo. xD,114875158667979,2017-08-16 04:59:07,2017-08-16 04:59:07
13991889,Producer,50-cent,114894145194749,2017-08-16 04:59:07,2017-08-16 04:59:07
13991889,Athlete,Con 15 Pesos Me Ago Alto Guiso.,114899235286614,2017-08-16 04:59:07,2017-08-16 04:59:07
13991889,Interest,I-Phone,114921475189830,2017-08-16 04:59:07,2017-08-16 04:59:07
13991889,Food & Beverage Company,Oreo,114998944652,2017-08-16 04:59:07,2017-08-16 04:59:07
13991889,Public Figure,Solo le di like porque me dio weba comentar,115012761973130,2017-08-16 04:59:07,2017-08-16 04:59:07
13991889,Concentration or Major,Hockey sobre césped,115024738514600,2017-08-16 04:59:07,2017-08-16 04:59:07
13991889,Sport,Skater,115026965176993,2017-08-16 04:59:07,2017-08-16 04:59:07
13991889,Games/Toys,Mundo Gaturro,115073258516538,2017-08-16 04:59:07,2017-08-16 04:59:07
13991889,TV Show,eltrece - Showmatch,115121021841661,2017-07-11 22:01:21,2017-07-11 22:01:21
13991889,Athlete,Messi,115143511837535,2017-08-16 04:59:07,2017-08-16 04:59:07
13991889,Public Figure,"TE CAISTE? no boludo, queria probar el sabor del suelo :P",115143901854549,2017-08-16 04:59:07,2017-08-16 04:59:07
13991889,TV & Movies,Up:Una Aventura de altura,115175101831555,2017-08-16 04:59:07,2017-08-16 04:59:07
13991889,Travel Company,Disneyworld,115198301824508,2017-08-16 04:59:07,2017-08-16 04:59:07
13991889,Community,"te caiste?.. no, solo pase a saludar al piso",115198651829177,2017-08-16 04:59:07,2017-08-16 04:59:07
13991889,Interest,Ollie (skateboarding trick),115277421822826,2017-08-16 04:59:07,2017-08-16 04:59:07
13991889,Community,Desmotivaciones,115313435238700,2017-08-16 04:59:07,2017-08-16 04:59:07
13991889,Musician,Rap,115319395149928,2017-08-16 04:59:07,2017-08-16 04:59:07
13991889,TV & Movies,Piratas del Caribe: El Cofre de los Muertos,115327831812274,2017-08-16 04:59:07,2017-08-16 04:59:07
13991889,Public Figure,O Dios mio Mataron a kenny hijo de puta XD,115427651876407,2017-08-16 04:59:07,2017-08-16 04:59:07
13991889,TV & Movies,Narnia 2,115476931799579,2017-08-16 04:59:07,2017-08-16 04:59:07
13991889,Artist,Luisana Lopilato,115622022946,2017-08-16 04:59:07,2017-08-16 04:59:07
13991889,News & Media Website,FUELEDmag,115673898459338,2017-08-16 04:59:07,2017-08-16 04:59:07
13991889,Entertainment Website,Challenge accepted,115685205176846,2017-08-16 04:59:07,2017-08-16 04:59:07
13991889,Organization,Mc Donalds,115704121777947,2017-08-16 04:59:07,2017-08-16 04:59:07
13991889,Sports Team,Instituto Atletico Central Cordoba,115767808540051,2017-08-16 04:59:07,2017-08-16 04:59:07
13991889,Writer,Acción Poética,115827795101555,2017-08-16 04:59:07,2017-08-16 04:59:07
13991889,Movie Theater,Feel like an actor porno (oficial),115839438557660,2017-08-16 04:59:07,2017-08-16 04:59:07
13991889,Interest,Patineta,116005718413004,2017-08-16 04:59:07,2017-08-16 04:59:07
13991889,Organization,CONEA Peru,116008078591372,2017-08-16 04:59:07,2017-08-16 04:59:07
13991889,Interest,LM*AO,116046675076394,2017-08-16 04:59:07,2017-08-16 04:59:07
13991889,Community,"odio k te caigas y te digan ""te caiste"", no pendejo me puse a ver hormigas",116066895734,2017-08-16 04:59:07,2017-08-16 04:59:07
13991889,Community,Oye tranquilo viejo,116141395219166,2017-08-16 04:59:07,2017-08-16 04:59:07
13991889,TV Show,Drake & Josh,116248688414559,2017-07-11 22:01:21,2017-07-11 22:01:21
13991889,"Stadium, Arena & Sports Venue","Con 15 pesos, me hago alto guiso",116394255134000,2017-08-16 04:59:07,2017-08-16 04:59:07
13991889,App Page,Fruit Ninja Frenzy,116464485143699,2017-08-16 04:59:07,2017-08-16 04:59:07
13991889,TV Channel,PMCanal5,116472988563440,2017-08-16 04:59:07,2017-08-16 04:59:07
13991889,Sports League,NBA Basketball,116490038418092,2017-08-16 04:59:07,2017-08-16 04:59:07
13991889,Public Figure,la hermana de la amante del chico del cereal,116536601761318,2017-08-16 04:59:07,2017-08-16 04:59:07
13991889,Fictional Character,Trollface,116616581692281,2017-08-16 04:59:07,2017-08-16 04:59:07
13991889,Shopping Mall,Patio Olmos Shopping,116745121708635,2017-08-16 04:59:07,2017-08-16 04:59:07
13991889,Entertainment Website,Ex esposa del chico del cereal,116754878406187,2017-08-16 04:59:07,2017-08-16 04:59:07
13991889,Community,Cerremos El Zoo,1168215613212407,2017-08-16 04:59:07,2017-08-16 04:59:07
13991889,Community,Yo tambien encontré plata en la calle,116824711686426,2017-08-16 04:59:07,2017-08-16 04:59:07
13991889,Musician/Band,Prince Royce,116842969002,2017-08-16 04:59:07,2017-08-16 04:59:07
13991889,Public Figure,Los simpsons,116993966608,2017-08-16 04:59:07,2017-08-16 04:59:07
13991889,Games/Toys,Comadrejas asesinas,117003088404692,2017-08-16 04:59:07,2017-08-16 04:59:07
13991889,Entertainment Website,Cuánta Razón,117022258353583,2017-08-16 04:59:07,2017-08-16 04:59:07
13991889,Community,Mader of Exito,117223418408995,2017-08-16 04:59:07,2017-08-16 04:59:07
13991889,Games/Toys,Mortal Kombat,117266501638089,2017-08-16 04:59:07,2017-08-16 04:59:07
13991889,TV Show,Zapping OFICIAL,117432711637374,2017-07-11 22:01:21,2017-07-11 22:01:21
13991889,Personal Blog,Julian Serrano,117512018360197,2017-08-16 04:59:07,2017-08-16 04:59:07
13991889,Public Figure,El Finísimo Arte del Trolleo,117524205024514,2017-08-16 04:59:07,2017-08-16 04:59:07
13991889,Musician/Band,Bob Marley,117533210756,2017-08-16 04:59:07,2017-08-16 04:59:07
13991889,Comedian,Que chingue a su madre el que comente despues de mi XD,117541115050092,2017-08-16 04:59:07,2017-08-16 04:59:07
13991889,Food & Beverage Company,Monster Energy,11768835826,2017-08-16 04:59:07,2017-08-16 04:59:07
13991889,Arts & Entertainment,Disney,11784025953,2017-08-16 04:59:07,2017-08-16 04:59:07
13991889,Product/Service,Pepsi,117921318301439,2017-08-16 04:59:07,2017-08-16 04:59:07
13991889,Movie,Up,118194755634,2017-08-16 04:59:07,2017-08-16 04:59:07
13991889,Musician/Band,Nach,118236001542469,2017-08-16 04:59:07,2017-08-16 04:59:07
13991889,Nonprofit Organization,Counter Strike 1.6,118247541579871,2017-08-16 04:59:07,2017-08-16 04:59:07
13991889,Movie,Rango,118293904874562,2017-08-16 04:59:07,2017-08-16 04:59:07
13991889,Other,Telefe,118325338212566,2017-08-16 04:59:07,2017-08-16 04:59:07
13991889,TV Show,Regular Show,118376684901629,2017-07-11 22:01:21,2017-07-11 22:01:21
13991889,TV Show,A Todo Ritmo,118514594886257,2017-07-11 22:01:21,2017-07-11 22:01:21
13991889,Movie Character,Hamm,118687798470,2017-08-16 04:59:07,2017-08-16 04:59:07
13991889,Community,EL PACMAN DE GOOGLE LA ROMPE ;),118823414822092,2017-08-16 04:59:07,2017-08-16 04:59:07
13991889,Product/Service,"Rindo, luego existo...",118825428149394,2017-08-16 04:59:07,2017-08-16 04:59:07
13991889,TV Channel,BBC Earth,118883634811868,2017-07-11 22:01:21,2017-07-11 22:01:21
13991889,Comedian,Troll Dad & Troll Mom,118932354857528,2017-08-16 04:59:07,2017-08-16 04:59:07
13991889,Sports Team,Aguante Instituto de Cordoba,118964371534058,2017-08-16 04:59:07,2017-08-16 04:59:07
13991889,Entertainment Website,Selena la copiona,119045811464052,2017-08-16 04:59:07,2017-08-16 04:59:07
13991889,Interest,Fingerboard,119090034772318,2017-08-16 04:59:07,2017-08-16 04:59:07
13991889,Artist,Tipico: sacar malas notas para ocultar tu inteligencia sobrenatural,119112938241044,2017-08-16 04:59:07,2017-08-16 04:59:07
13991889,Internet Company,Su nivel de friki es impresionante,119479751518794,2017-08-16 04:59:07,2017-08-16 04:59:07
13991889,Just For Fun,Cartoon Network México,119565444731425,2017-08-16 04:59:07,2017-08-16 04:59:07
13991889,Musician/Band,Skrillex,119702488081975,2017-08-16 04:59:07,2017-08-16 04:59:07
13991889,School,.....,119738361373063,2017-08-16 04:59:07,2017-08-16 04:59:07
13991889,Public Figure,Julian Serrano,120073691436983,2017-08-16 04:59:07,2017-08-16 04:59:07
13991889,Games/Toys,UNO,120101848046939,2017-08-16 04:59:07,2017-08-16 04:59:07
13991889,Entertainment Website,"yo tambien me he caido de la cama,  u_U",120128331421169,2017-08-16 04:59:07,2017-08-16 04:59:07
13991889,Public Figure,Mejor amiga del Chico del Cereal,120202848061303,2017-08-16 04:59:07,2017-08-16 04:59:07
13991889,Community,"amor,desilución & soledad'•",120257618063378,2017-08-16 04:59:07,2017-08-16 04:59:07
13991889,TV Network,HISTORY,120299234649833,2017-08-16 04:59:07,2017-08-16 04:59:07
13991889,Personal Blog,"Ok,Zorra",120448401685205,2018-01-16 07:20:16,2018-01-16 07:20:16
13991889,Community,Puta que Imbeeeeeeeeeeeeeeeeeecil,120530888042412,2017-08-16 04:59:07,2017-08-16 04:59:07
13991889,Comedian,Descargando,120574984623584,2017-08-16 04:59:07,2017-08-16 04:59:07
13991889,TV Show,LE ZAPPING,120649727956620,2017-07-11 22:01:21,2017-07-11 22:01:21
13991889,Public Figure,Mentiiira,120657394680073,2017-08-16 04:59:07,2017-08-16 04:59:07
13991889,Community,memes y mas memes xD,120671808013199,2017-08-16 04:59:07,2017-08-16 04:59:07
13991889,Games/Toys,Halo,120685448012735,2017-08-16 04:59:07,2017-08-16 04:59:07
13991889,Local Business,Honda Argentina,120758901294983,2017-08-16 04:59:07,2017-08-16 04:59:07
13991889,Public Figure,-Admin Kevin-,120812531357286,2017-08-16 04:59:07,2017-08-16 04:59:07
13991889,Dancer,El tio del chico cereal,120903951322854,2017-08-16 04:59:07,2017-08-16 04:59:07
13991889,TV Show,Duro de Domar,120926071274210,2017-07-11 22:01:21,2017-07-11 22:01:21
13991889,Movie,Big Momma's Movies,121011897967772,2017-08-16 04:59:07,2017-08-16 04:59:07
13991889,Pet,Yo Amo Mi Mascota,121147787972052,2017-08-16 04:59:07,2017-08-16 04:59:07
13991889,Just For Fun,UN GRAN APLAUSO PARA EL CREADOR DE FACEBOOK....!!!!,121355574577448,2017-08-16 04:59:07,2017-08-16 04:59:07
13991889,Product/Service,Blind Skateboards,121360387880828,2017-08-16 04:59:07,2017-08-16 04:59:07
13991889,Company,Jaguar Shoes,121419867895422,2017-08-16 04:59:07,2017-08-16 04:59:07
13991889,Community,INFINITO DESPRECIO,121716127907846,2017-08-16 04:59:07,2017-08-16 04:59:07
13991889,Movie,Hop,121879261164462,2017-08-16 04:59:07,2017-08-16 04:59:07
13991889,Personal Blog,Skate,121891001327252,2017-08-16 04:59:07,2017-08-16 04:59:07
13991889,Musician/Band,One Direction,121930497861753,2017-08-16 04:59:07,2017-08-16 04:59:07
13991889,Community,River Plate,12193783045,2017-08-16 04:59:07,2017-08-16 04:59:07
13991889,Fictional Character,Captain America,122352024462380,2017-08-16 04:59:07,2017-08-16 04:59:07
13991889,Magazine,Pop Teen,122353177840445,2017-08-16 04:59:07,2017-08-16 04:59:07
13991889,TV Show,Invader Zim,122501757775409,2017-07-11 22:01:21,2017-07-11 22:01:21
13991889,TV Network,TNT Drama,122534311112187,2017-07-11 22:01:21,2017-07-11 22:01:21
13991889,Company,Cerveza,122571328723,2017-08-16 04:59:07,2017-08-16 04:59:07
13991889,Public Figure,Kishtar,122629821148104,2017-08-16 04:59:07,2017-08-16 04:59:07
13991889,TV Network,"Ah, re loco!",122727813110,2017-07-11 22:01:21,2017-07-11 22:01:21
13991889,Landmark & Historical Place,Prima con mucho cabello del chico del cereal,122758471136766,2017-08-16 04:59:07,2017-08-16 04:59:07
13991889,Shopping Mall,Alto Palermo,122760603905,2017-08-16 04:59:07,2017-08-16 04:59:07
13991889,Artist,Nathan Karl Kress,122858267771376,2017-08-16 04:59:07,2017-08-16 04:59:07
13991889,Just For Fun,Majin Boo,122892481224973,2017-08-16 04:59:07,2017-08-16 04:59:07
13991889,Food & Beverage Company,Jugos Citric,122896150005,2017-08-16 04:59:07,2017-08-16 04:59:07
13991889,Song,Y no Te Doy otra Nomas por que tengo que ir a ver mis Notificaciones,122902027857358,2017-08-16 04:59:07,2017-08-16 04:59:07
13991889,Movie Character,Ellie,123002189485,2017-08-16 04:59:07,2017-08-16 04:59:07
13991889,Games/Toys,MU Online,123114467621,2017-08-16 04:59:07,2017-08-16 04:59:07
13991889,Government Official,Amor TE Caiste ? no amor qeria bajar de cabeza xD,123117021053263,2017-08-16 04:59:07,2017-08-16 04:59:07
13991889,Website,Ask.com,123118179545,2017-08-16 04:59:07,2017-08-16 04:59:07
13991889,Sports Team,Dale Dale Argentina !,123158084391875,2017-08-16 04:59:07,2017-08-16 04:59:07
13991889,Company,Huevocartoon,123239261045809,2017-08-16 04:59:07,2017-08-16 04:59:07
13991889,Movie Theater,Dragon Ball (La Nueva Saga II),123252711156684,2017-07-11 22:01:21,2017-07-11 22:01:21
13991889,Movie Character,Russell,123326669164,2017-08-16 04:59:07,2017-08-16 04:59:07
13991889,Musician/Band,LOS WACHITURROS,123339704412112,2017-08-16 04:59:07,2017-08-16 04:59:07
13991889,Movie Character,Jessie,123348889757,2017-08-16 04:59:07,2017-08-16 04:59:07
13991889,Telecommunication Company,Personal Argentina,123576404337836,2017-08-16 04:59:07,2017-08-16 04:59:07
13991889,Community,El secreto del Bon o Bon [Muy desagradable],123652437657012,2017-08-16 04:59:07,2017-08-16 04:59:07
13991889,Just For Fun,Mientras Tanto en la Casa de Sub Zero,123725037713024,2017-08-16 04:59:07,2017-08-16 04:59:07
13991889,TV Channel,MTV Finland,12375215279,2017-07-11 22:01:21,2017-07-11 22:01:21
13991889,Community,Yo también uso Google,123793596835,2017-08-16 04:59:07,2017-08-16 04:59:07
13991889,Entertainment Website,Alejate zorra tengo novia ¬¬,123820767752390,2017-08-16 04:59:07,2017-08-16 04:59:07
13991889,Musician/Band,Ariana Grande,12384211026,2017-08-16 04:59:07,2017-08-16 04:59:07
13991889,Movie,The Lion King,12393266550,2017-08-16 04:59:07,2017-08-16 04:59:07
13991889,TV Show,American Idol,123984435600,2017-07-11 22:01:21,2017-07-11 22:01:21
13991889,Community,¿Que me miras? Te gusto ?,124038758179974,2017-08-16 04:59:07,2017-08-16 04:59:07
13991889,Just For Fun,jajajajaja No Me Gusta Imbecil ¬¬,124094051020865,2017-08-16 04:59:07,2017-08-16 04:59:07
13991889,Computers & Internet Website,Una computadora sin internet.....es como un telefono sin saldo.,124116760938449,2017-08-16 04:59:07,2017-08-16 04:59:07
13991889,TV Channel,los simsons,124159401017145,2017-08-16 04:59:07,2017-08-16 04:59:07
13991889,Movie,Tarzan,124318580968131,2017-08-16 04:59:07,2017-08-16 04:59:07
13991889,Comedian,si ... claro ...,124421734302339,2017-08-16 04:59:07,2017-08-16 04:59:07
13991889,Product/Service,Challenge Accepted,124425420954369,2017-08-16 04:59:07,2017-08-16 04:59:07
13991889,Community,"""Bitch, Please.""",124457224244542,2017-08-16 04:59:07,2017-08-16 04:59:07
13991889,Movie Character,Dug,124459772217,2017-08-16 04:59:07,2017-08-16 04:59:07
13991889,Movie,Tipico: Te caiste no el piso estaba triste y fui a darle un abrazo,124470084375479,2017-08-16 04:59:07,2017-08-16 04:59:07
13991889,Movie Character,Mater,124596427474,2017-08-16 04:59:07,2017-08-16 04:59:07
13991889,Community,Conéctate Que Te Extraño.,124620577624770,2017-08-16 04:59:07,2017-08-16 04:59:07
13991889,Public Figure,YellowMellow,124626150896711,2017-08-16 04:59:07,2017-08-16 04:59:07
13991889,Local Business,Frases de Canciones,124744086843,2017-08-16 04:59:07,2017-08-16 04:59:07
13991889,Website,Las Mejores Páginas de Facebook,124933137523001,2017-08-16 04:59:07,2017-08-16 04:59:07
13991889,Athlete,Lionel Messi Fans Club,124974867543260,2017-08-16 04:59:07,2017-08-16 04:59:07
13991889,Product/Service,MediaFire,124975940890187,2017-08-16 04:59:07,2017-08-16 04:59:07
13991889,Community,Porque te caiste mufassa??? me traumaste la infancia,125010787510670,2017-08-16 04:59:07,2017-08-16 04:59:07
13991889,Fictional Character,Murder Face,125091967573861,2017-08-16 04:59:07,2017-08-16 04:59:07
13991889,Movie,Titanic' 3D,125333710906827,2017-08-16 04:59:07,2017-08-16 04:59:07
13991889,Artist,h0lynaight,125614527514178,2017-12-23 18:37:29,2017-12-23 18:37:29
13991889,TV Show,CONSENTIDOS,125615116250,2017-07-11 22:01:21,2017-07-11 22:01:21
13991889,Public Figure,Fuck yea,125670927503544,2017-08-16 04:59:07,2017-08-16 04:59:07
13991889,Company,Crónica TV,125689119904,2017-08-16 04:59:07,2017-08-16 04:59:07
13991889,Company,Microsoft,125751280950949,2017-11-28 20:46:49,2017-11-28 20:46:49
13991889,Website,Twistos,125754415925,2017-08-16 04:59:07,2017-08-16 04:59:07
13991889,Footwear Store,Vans,125848264099147,2017-08-16 04:59:07,2017-08-16 04:59:07
13991889,Product/Service,$89.90 - 7,125910854156867,2017-08-16 04:59:07,2017-08-16 04:59:07
13991889,Movie,American Pie,12604171859,2017-08-16 04:59:07,2017-08-16 04:59:07
13991889,Interest,.: TE CAISTE...???.. NO.!!! EL PISO ME DIJO VEN Y DAME UN BESO...!¬¬,126302497416544,2017-08-16 04:59:07,2017-08-16 04:59:07
13991889,Teens & Kids Website,Gta San Andreas,126373244089878,2017-08-16 04:59:07,2017-08-16 04:59:07
13991889,Community,¿Pero Qué Mierda Es Esta?,126402147468778,2018-01-16 07:20:16,2018-01-16 07:20:16
13991889,Entertainment Website,MAXIMUM TROLLING,126431087436017,2017-08-16 04:59:07,2017-08-16 04:59:07
13991889,Fictional Character,Goku ssj3,126477880768962,2017-08-16 04:59:07,2017-08-16 04:59:07
13991889,Local Business,PlayStation®3,126484571449,2017-08-16 04:59:07,2017-08-16 04:59:07
13991889,School,Yo tampoco estudie para el examen y lo pase,126624847422931,2017-08-16 04:59:07,2017-08-16 04:59:07
13991889,Movie,Avengers,126757470715601,2017-08-16 04:59:07,2017-08-16 04:59:07
13991889,Website,Me gusta todo,126795414059514,2017-08-16 04:59:07,2017-08-16 04:59:07
13991889,Community,"oye, te caiste ? NOOO, ME GUSTA GOLPEARME¬¬",126815054069911,2017-08-16 04:59:07,2017-08-16 04:59:07
13991889,Public Figure,Siyei,126834784153154,2017-08-16 04:59:07,2017-08-16 04:59:07
13991889,Musician,Iker Plan,126974660687325,2017-08-16 04:59:07,2017-08-16 04:59:07
13991889,Telecommunication Company,Mi Cultura,127173397307737,2017-08-16 04:59:07,2017-08-16 04:59:07
13991889,Workplace & Office,Google,1271940929565965,2017-08-16 04:59:07,2017-08-16 04:59:07
13991889,Artist,Fuck Yea,127260450684773,2017-08-16 04:59:07,2017-08-16 04:59:07
13991889,Arts & Humanities Website,Truco,127304760366,2017-08-16 04:59:07,2017-08-16 04:59:07
13991889,Local Business,Meme adictos,127403997361551,2017-08-16 04:59:07,2017-08-16 04:59:07
13991889,Professional Service,"Soporte, Sistemas de Comunicacion",127413567395268,2017-08-16 04:59:07,2017-08-16 04:59:07
13991889,TV Show,Cuestión de Peso,127461363973694,2017-07-11 22:01:21,2017-07-11 22:01:21
13991889,Public Figure,[Humor polémico] Pedobear O.O,127464050683360,2017-08-16 04:59:07,2017-08-16 04:59:07
13991889,Food & Beverage Company,Beldent,127483877267500,2017-08-16 04:59:07,2017-08-16 04:59:07
13991889,Public Figure,Odie,127493068675,2017-08-16 04:59:07,2017-08-16 04:59:07
13991889,Pet Supplies,Naturalmente Feliz,127535120643303,2017-08-16 04:59:07,2017-08-16 04:59:07
13991889,Fictional Character,OG Loc,127553360749292,2017-08-16 04:59:07,2017-08-16 04:59:07
13991889,Wine/Spirits,Gancia,127593200632248,2017-08-16 04:59:07,2017-08-16 04:59:07
13991889,Radio Station,Cinco son Multitud,127604070673876,2017-08-16 04:59:07,2017-08-16 04:59:07
13991889,Product/Service,Tic Tac,127625370645147,2017-08-16 04:59:07,2017-08-16 04:59:07
13991889,Website,ASKfm,127650423922263,2017-08-16 04:59:07,2017-08-16 04:59:07
13991889,TV Channel,Disney Channel Latinoamérica,127659847329763,2017-08-16 04:59:07,2017-08-16 04:59:07
13991889,Entertainment Website,Forever Alone,127701797275687,2017-09-13 18:28:28,2017-09-13 18:28:28
13991889,Food & Beverage Company,Quilmes Cerveza,127735990588679,2017-08-16 04:59:07,2017-08-16 04:59:07
13991889,Fictional Character,Violencia Rivas,127807788878,2017-08-16 04:59:07,2017-08-16 04:59:07
13991889,Fictional Character,Vegetto,127820870695679,2017-08-16 04:59:07,2017-08-16 04:59:07
13991889,TV Show,Victorious,127860300052,2017-07-11 22:01:21,2017-07-11 22:01:21
13991889,Comedian,-Chumlee-,127931867302645,2017-08-16 04:59:07,2017-08-16 04:59:07
13991889,Entertainment Website,No Molestar ¬¬,127938634046781,2017-08-16 04:59:07,2017-08-16 04:59:07
13991889,Health/Beauty,Asepxia Argentina,127944110631190,2017-08-16 04:59:07,2017-08-16 04:59:07
13991889,Community,Salte de la compu!- Ni que pudiera caber ahi dentro xD,127991907334882,2017-08-16 04:59:07,2017-08-16 04:59:07
13991889,Fictional Character,Mother Of Venom,128173043951752,2017-08-16 04:59:07,2017-08-16 04:59:07
13991889,Games/Toys,Bye Bye Brain,128174390588769,2017-08-16 04:59:07,2017-08-16 04:59:07
13991889,Just For Fun,Mundo adolescente ?,128186197256668,2017-08-16 04:59:07,2017-08-16 04:59:07
13991889,Movie Character,Buzz Lightyear,128303638019,2017-08-16 04:59:07,2017-08-16 04:59:07
13991889,"Automotive, Aircraft & Boat",BMW Group Classic,128318953889108,2017-08-16 04:59:07,2017-08-16 04:59:07
13991889,Entertainment Website,si amarte es un error no quiero entrar en razon,128500707240550,2017-08-16 04:59:07,2017-08-16 04:59:07
13991889,News & Media Website,Revista Teen,128567170495957,2017-08-16 04:59:07,2017-08-16 04:59:07
13991889,Entertainment Website,-te caiste? -no estaba comprobando la ley de la gravedad ¬¬,128571140599811,2017-08-16 04:59:07,2017-08-16 04:59:07
13991889,Athlete,=O Te caistes...???noooooo me tire al suelo...!!!!GAFO...xD,128693890502624,2017-08-16 04:59:07,2017-08-16 04:59:07
13991889,Movie,Batman: The Dark Knight,12887942787,2017-08-16 04:59:07,2017-08-16 04:59:07
13991889,Just For Fun,Que esa WEA,128923907261090,2017-08-16 04:59:07,2017-08-16 04:59:07
13991889,App Page,Criminal Case,129079313911235,2017-08-16 04:59:07,2017-08-16 04:59:07
13991889,Community,la novia del primo rastafari del chico del cereal,129084493834147,2017-08-16 04:59:07,2017-08-16 04:59:07
13991889,Burger Restaurant,Burger King Argentina,129099837100077,2017-08-16 04:59:07,2017-08-16 04:59:07
13991889,Athlete,Dave Mirra BMX,129131050430861,2017-08-16 04:59:07,2017-08-16 04:59:07
13991889,Interest,Loca,129174810468216,2017-08-16 04:59:07,2017-08-16 04:59:07
13991889,Personal Blog,Te llego la indirecta o te etiqueto ?:$,129255800487038,2017-08-16 04:59:07,2017-08-16 04:59:07
13991889,Community,"INEDITO !!! MARADONA EN "" LOS SIMPSONS "" ( ver capitulo )",129464397093984,2017-08-16 04:59:07,2017-08-16 04:59:07
13991889,Entertainment Website,NO PINCHES MAMES!,129593553721243,2017-08-16 04:59:07,2017-08-16 04:59:07
13991889,Arts & Entertainment,Drake Bell,12959858420,2017-08-16 04:59:07,2017-08-16 04:59:07
13991889,Entertainment Website,Mother of Pitufo,129604687132341,2017-08-16 04:59:07,2017-08-16 04:59:07
13991889,Community,Poker Face,129627277060203,2017-08-16 04:59:07,2017-08-16 04:59:07
13991889,Public Figure,Chico del Cereal Hombre Lobo,129631700447698,2017-08-16 04:59:07,2017-08-16 04:59:07
13991889,Interest,Pac man,129879310379333,2017-08-16 04:59:07,2017-08-16 04:59:07
13991889,News Personality,Estado Sentimental: Cupido Me Hace Bullyng ?,129880963760030,2017-08-16 04:59:07,2017-08-16 04:59:07
13991889,Games/Toys,Battlefield,130134133826528,2017-08-16 04:59:07,2017-08-16 04:59:07
13991889,Entertainment Website,A la mierda la universidad yo vendere avon ;D,130167050446943,2017-08-16 04:59:07,2017-08-16 04:59:07
13991889,App Page,Zoosk,13065625020,2017-08-16 04:59:07,2017-08-16 04:59:07
13991889,Movie,Titanic (1997),130702254346,2017-08-16 04:59:07,2017-08-16 04:59:07
13991889,Community,Te caíste? -NO me le antoje a alguien-¬¬',130763783728968,2017-08-16 04:59:07,2017-08-16 04:59:07
13991889,Artist,Shakira del chico del cereal,130776960332424,2017-08-16 04:59:07,2017-08-16 04:59:07
13991889,Food & Beverage Company,Agua Villa del Sur,130815526970536,2017-08-16 04:59:07,2017-08-16 04:59:07
13991889,Community,"""Estas interrumpiendo mi clase."" ""Si, bueno, y tu mi conversacion.""",130830370343598,2017-08-16 04:59:07,2017-08-16 04:59:07
13991889,Education Website,Suele pasar,131102296996120,2017-08-16 04:59:07,2017-08-16 04:59:07
13991889,Arts & Entertainment,¿Qué tan inteligente eres? ,131222916963288,2017-08-16 04:59:07,2017-08-16 04:59:07
13991889,TV Channel,MBC MAX,131226530221785,2017-08-16 04:59:07,2017-08-16 04:59:07
13991889,Artist,Juan Manuel Paradiso,131339210260408,2017-08-16 04:59:07,2017-08-16 04:59:07
13991889,Book,Solo Quiero ser Feliz :) ?,131396996873993,2017-08-16 04:59:07,2017-08-16 04:59:07
13991889,Cause,"15 Pesos sale un paty acá, con 15 pesos me hago alto guiso.",131438343624980,2017-08-16 04:59:07,2017-08-16 04:59:07
13991889,Comedian,Jugar al tutti frutti y defender palabras que no existen,131548260323053,2017-08-16 04:59:07,2017-08-16 04:59:07
13991889,Local Business,"CUIDEMOS EL AGUA, SE ESTÁ ACABANDO",131580537484,2017-08-16 04:59:07,2017-08-16 04:59:07
13991889,TV Show,Tom and Jerry,131583793581459,2017-07-11 22:01:21,2017-07-11 22:01:21
13991889,Public Figure,Tu Pocho,131721700309119,2017-08-16 04:59:07,2017-08-16 04:59:07
13991889,Public Figure,Zombie Walk Argentina,131998566829831,2017-08-16 04:59:07,2017-08-16 04:59:07
13991889,Information Technology Company,Broodle,132071880202148,2018-02-18 17:11:03,2018-02-18 17:11:03
13991889,Movie Character,Boo,132180523866,2017-08-16 04:59:07,2017-08-16 04:59:07
13991889,Tattoo & Piercing Shop,2xtra Hands,132418466838836,2017-08-16 04:59:07,2017-08-16 04:59:07
13991889,Company,Hoyts Argentina,132605273443304,2017-08-16 04:59:07,2017-08-16 04:59:07
13991889,Society & Culture Website,yo tambien dije qe no y me moria por decir qe SI,132630607331,2017-08-16 04:59:07,2017-08-16 04:59:07
13991889,Movie Character,Crush,132668662959,2017-08-16 04:59:07,2017-08-16 04:59:07
13991889,Community,Ola k ase,132756546832426,2017-08-16 04:59:07,2017-08-16 04:59:07
13991889,Movie Theater,Videos Impresionantes,132795393462534,2017-08-16 04:59:07,2017-08-16 04:59:07
13991889,Community,Recetas De Las Hamburguesas De McDonalds [REVELADAS!!],132866740058650,2017-08-16 04:59:07,2017-08-16 04:59:07
13991889,Professional Service,Screenwriting Mentor/Script Doctor,133079803453774,2017-08-16 04:59:07,2017-08-16 04:59:07
13991889,Movie,Peter Pan,133107276935,2017-08-16 04:59:07,2017-08-16 04:59:07
13991889,Movie Character,James P. Sullivan (Sulley),133116527228,2017-08-16 04:59:07,2017-08-16 04:59:07
13991889,Local Business,[???????????]LOADING 99%.....,133190320050809,2017-08-16 04:59:07,2017-08-16 04:59:07
13991889,Comedian,"Cada que juegas ahorcado, una familia de palitos se queda sin padre :S",133300556778569,2017-08-16 04:59:07,2017-08-16 04:59:07
13991889,Bar,Sensaciones,133342150158131,2017-08-16 04:59:07,2017-08-16 04:59:07
13991889,Entertainment Website,Eso era para hoy! ?,133395040816,2017-08-16 04:59:07,2017-08-16 04:59:07
13991889,Personal Blog,Kamada Tres Cuatro,133400657392006,2017-11-28 20:46:49,2017-11-28 20:46:49
13991889,Public Figure,Mother of Paint,133496413427632,2017-08-16 04:59:07,2017-08-16 04:59:07
13991889,Community,.: TE CAISTE...???.. NO.!!! EL PISO ME DIJO VEN Y DAME UN BESO...!¬¬,133668486668485,2017-08-16 04:59:07,2017-08-16 04:59:07
13991889,Community,¡SI ENTENDES ESTA IMAGEN SOS UN GENIO! ( solo el 1% pudo ),133928556631753,2017-08-16 04:59:07,2017-08-16 04:59:07
13991889,Community,Dragon Ball Z Es Una Mierda Unete Si Es Cierto,134020050068320,2017-07-11 22:01:21,2017-07-11 22:01:21
13991889,News & Media Website,Quiksilver,134161811258,2018-03-02 00:18:23,2018-03-02 00:18:23
13991889,Community,OyE tE cAiStE : nO sOlO eL sUeLo Me QuErIa CoNtAr Un SeCrEtO,134207103344432,2017-08-16 04:59:07,2017-08-16 04:59:07
13991889,TV Show,1000 manos,134229570001603,2017-07-11 22:01:21,2017-07-11 22:01:21
13991889,Movie,Harry Potter,134312899926950,2018-03-02 00:18:23,2018-03-02 00:18:23
13991889,Radio Station,Los 40 Argentina,134366989922893,2017-08-16 04:59:07,2017-08-16 04:59:07
13991889,Author,Ese perfume me recuerda a ti,134452257070,2017-08-16 04:59:07,2017-08-16 04:59:07
13991889,Computers & Internet Website,Andro4all.com,134577156581929,2017-08-16 04:59:07,2017-08-16 04:59:07
13991889,Food & Beverage Company,Burger King,134615383218473,2017-08-16 04:59:07,2017-08-16 04:59:07
13991889,Public Figure,IDubbbz Fan Club,134622216682404,2017-08-16 04:59:07,2017-08-16 04:59:07
13991889,Community,Si Jugamos al Amor Por Siempre $: Nunca Terminariamos $: *-*,134644499991045,2017-08-16 04:59:07,2017-08-16 04:59:07
13991889,Movie Character,Edna “E” Mode,134695338230,2017-08-16 04:59:07,2017-08-16 04:59:07
13991889,Product/Service,FLIP SKATEBOARDS,134727239889718,2017-08-16 04:59:07,2017-08-16 04:59:07
13991889,Video Game,FPS Latino,134788943198845,2017-08-16 04:59:07,2017-08-16 04:59:07
13991889,Fictional Character,naruto rikudou sennin,134816179935081,2017-08-16 04:59:07,2017-08-16 04:59:07
13991889,Public Figure,Cristiano Ronaldo Idolo   CR7,134881979975938,2017-08-16 04:59:07,2017-08-16 04:59:07
13991889,Public Figure,- Julian Serrano -,134996559939268,2017-08-16 04:59:07,2017-08-16 04:59:07
13991889,Teens & Kids Website,Como jugar al gta san andreas en el face (truco oculto),135031309873638,2017-08-16 04:59:07,2017-08-16 04:59:07
13991889,Community,perdì mi osito de peluche me puedo acostar contigo *-*,135109896575165,2017-08-16 04:59:07,2017-08-16 04:59:07
13991889,Movie Character,Carl Fredricksen,135248511136,2017-08-16 04:59:07,2017-08-16 04:59:07
13991889,Musician/Band,John Lennon,135388936479828,2017-08-16 04:59:07,2017-08-16 04:59:07
13991889,TV Network,Los Simpson Fans,135417803205217,2017-07-11 22:01:21,2017-07-11 22:01:21
13991889,"Stadium, Arena & Sports Venue",Escuela de dobles de riesgo efectistas,135494843147699,2017-08-16 04:59:07,2017-08-16 04:59:07
13991889,Media/News Company,Indirectas,135548706503779,2018-03-02 00:18:23,2018-03-02 00:18:23
13991889,Movie,Pluto,135643943144494,2017-08-16 04:59:07,2017-08-16 04:59:07
13991889,Games/Toys,Medal of Honor,135747814053,2017-08-16 04:59:07,2017-08-16 04:59:07
13991889,Movie,Goofy,135818617846,2017-08-16 04:59:07,2017-08-16 04:59:07
13991889,Literary Editor,No hay un ''Yo'' sin un ''Tú'',135969006478304,2017-08-16 04:59:07,2017-08-16 04:59:07
13991889,Musician/Band,Magnus Mefisto,135982316418281,2017-08-16 04:59:07,2017-08-16 04:59:07
13991889,News Personality,Yo llevo la Banda Roja en el Alma,136025446451314,2017-08-16 04:59:07,2017-08-16 04:59:07
13991889,Athlete,Lionel Messi .,136220459842610,2018-01-16 07:20:16,2018-01-16 07:20:16
13991889,Movie,Vete A La Versh,136229538277,2017-08-16 04:59:07,2017-08-16 04:59:07
13991889,Public Figure,Kelviiz Manuel :$,136417936447459,2017-08-16 04:59:07,2017-08-16 04:59:07
13991889,Clothing (Brand),Stone Argentina,136520167965,2017-08-16 04:59:07,2017-08-16 04:59:07
13991889,Movie Character,Mike Wazowski,136573008414,2017-08-16 04:59:07,2017-08-16 04:59:07
13991889,TV Show,Hora de Aventura,136673863036177,2017-07-11 22:01:21,2017-07-11 22:01:21
13991889,Entertainment Website,el-juego-mas-dificil-del-mundo.com,136681673071965,2017-08-16 04:59:07,2017-08-16 04:59:07
13991889,Community,Solo para Machos Cabrones,136767903122451,2017-08-16 04:59:07,2017-08-16 04:59:07
13991889,Movie Character,Squirt,136769687421,2017-08-16 04:59:07,2017-08-16 04:59:07
13991889,Movie,Winnie the Pooh,136775446236,2017-08-16 04:59:07,2017-08-16 04:59:07
13991889,TV Show,El Show de La Mañana - Córdoba,136860709659067,2017-07-11 22:01:21,2017-07-11 22:01:21
13991889,School,HAHAHA QUE CARAJO ES ESO ?,136985916349163,2017-08-16 04:59:07,2017-08-16 04:59:07
13991889,Community,Yo tambien dije apuntame en la lista de tu tOnO solo x cumplir. xD,137082892992178,2017-08-16 04:59:07,2017-08-16 04:59:07
13991889,Book Series,The Secret,137209536349,2017-08-16 04:59:07,2017-08-16 04:59:07
13991889,Lawyer,BAD POKER FACE,137287036351904,2017-08-16 04:59:07,2017-08-16 04:59:07
13991889,Community,Pitbull 34,137336642964392,2017-08-16 04:59:07,2017-08-16 04:59:07
13991889,Community,Trucos para FB,137364066400817,2017-08-16 04:59:07,2017-08-16 04:59:07
13991889,Author,Ola k p2,137445416414531,2017-08-16 04:59:07,2017-08-16 04:59:07
13991889,Community,Masters of Troll,137526139715352,2017-08-16 04:59:07,2017-08-16 04:59:07
13991889,Community,UUUY que malota,137557269694578,2017-08-16 04:59:07,2017-08-16 04:59:07
13991889,News & Media Website,Yahoo Argentina,137657892926963,2017-08-16 04:59:07,2017-08-16 04:59:07
13991889,Community,A veces tengo el mismo caracter de mierda que Maria Elena,137719479706812,2017-08-16 04:59:07,2017-08-16 04:59:07
13991889,Artist,Rihana,137727609571916,2017-08-16 04:59:07,2017-08-16 04:59:07
13991889,Entertainment Website,Eres Todo Un Loquillo,137738939698012,2017-08-16 04:59:07,2017-08-16 04:59:07
13991889,Movie/Television Studio,Marvel,137961399600504,2017-08-16 04:59:07,2017-08-16 04:59:07
13991889,Government Organization,Mother of Darth Vader,138050872945543,2017-08-16 04:59:07,2017-08-16 04:59:07
13991889,Product/Service,Vea,138068419605038,2017-08-16 04:59:07,2017-08-16 04:59:07
13991889,Movie,300,1381107575448999,2017-08-16 04:59:07,2017-08-16 04:59:07
13991889,Public Figure,¿¡Lucho donde estas!?,138150672976687,2017-08-16 04:59:07,2017-08-16 04:59:07
13991889,Public Figure,billete de 15 pesos,138180702944308,2017-08-16 04:59:07,2017-08-16 04:59:07
13991889,Personal Blog,Gerald Pined,138182946258288,2017-08-16 04:59:07,2017-08-16 04:59:07
13991889,Company,"Disney World, Orlando",138206836243945,2017-08-16 04:59:07,2017-08-16 04:59:07
13991889,Movie,Desadaptados,138219419690836,2017-08-16 04:59:07,2017-08-16 04:59:07
13991889,Community,"Todos publicando paginas en 3, 2, 1.",138228946309938,2017-08-16 04:59:07,2017-08-16 04:59:07
13991889,Fictional Character,Feel Like A 5 Years Old,138416046235060,2017-08-16 04:59:07,2017-08-16 04:59:07
13991889,Community,"Te caistes ?? No, estoy abrasando el suelo bolud@",138543636179569,2017-08-16 04:59:07,2017-08-16 04:59:07
13991889,Athlete,Sergio Aguero,138770126141092,2017-08-16 04:59:07,2017-08-16 04:59:07
13991889,Movie/Television Studio,20th Century Fox,138872652795229,2017-08-16 04:59:07,2017-08-16 04:59:07
13991889,Food & Beverage Company,Cerveza Andes,13894700870,2017-08-16 04:59:07,2017-08-16 04:59:07
13991889,Community,Las frases me gusta,138964142828719,2017-08-16 04:59:07,2017-08-16 04:59:07
13991889,Musician/Band,Porta,13909772021,2017-08-16 04:59:07,2017-08-16 04:59:07
13991889,Just For Fun,Trolled Troll,139103296161032,2017-08-16 04:59:07,2017-08-16 04:59:07
13991889,Movie,TÍPICO EN DESTINO FINAL MUEREN TODOS,139484912811007,2017-08-16 04:59:07,2017-08-16 04:59:07
13991889,Fictional Character,Memes,139497276117847,2017-08-16 04:59:07,2017-08-16 04:59:07
13991889,Games/Toys,Preguntados,139550349560919,2017-08-16 04:59:07,2017-08-16 04:59:07
13991889,Website,The Best Vines Ever,1396283760436259,2017-08-16 04:59:07,2017-08-16 04:59:07
13991889,Movie Character,Minions,1396506797254611,2017-08-16 04:59:07,2017-08-16 04:59:07
13991889,Album,"Risa,risa y mas risa",1396930433889778,2017-08-16 04:59:07,2017-08-16 04:59:07
13991889,Community Organization,FAIL,139802309427027,2017-08-16 04:59:07,2017-08-16 04:59:07
13991889,Food & Beverage Company,Gatorade Argentina,140013659402485,2017-08-16 04:59:07,2017-08-16 04:59:07
13991889,Athlete,fapencia,140036019419556,2017-08-16 04:59:07,2017-08-16 04:59:07
13991889,Community,Cr7 el mejor jugador del mundo,140108362819588,2017-08-16 04:59:07,2017-08-16 04:59:07
13991889,Website,Midget Apple,140162552697543,2017-08-16 04:59:07,2017-08-16 04:59:07
13991889,Community,Hijo No Digas Putas Grocerias ?,140174609389306,2017-08-16 04:59:07,2017-08-16 04:59:07
13991889,TV & Movies,Big Time Rush: The Movie,140210492686157,2017-07-11 22:01:21,2017-07-11 22:01:21
13991889,Artist,Emma Watson,140216402663925,2017-08-16 04:59:07,2017-08-16 04:59:07
13991889,Company,*Vacaciones*,14025449977,2017-08-16 04:59:07,2017-08-16 04:59:07
13991889,Internet Company,Super Mega LiKe,140268426041377,2017-08-16 04:59:07,2017-08-16 04:59:07
13991889,Fictional Character,Scooby-Doo,140330320960,2017-08-16 04:59:07,2017-08-16 04:59:07
13991889,Just For Fun,Ahora inventan cada mamada,140365546120446,2017-08-16 04:59:07,2017-08-16 04:59:07
13991889,Community Organization,Otaku forever,140454816063403,2017-08-16 04:59:07,2017-08-16 04:59:07
13991889,Movie,Death Race,14051860899,2017-08-16 04:59:07,2017-08-16 04:59:07
13991889,Community,Maldita Flojera Sal de Este Cuerpo Estudioso Y Trabajador,140587319310126,2017-08-16 04:59:07,2017-08-16 04:59:07
13991889,Comedian,"Yo Creia Que Tu Estupidez Tenia Limite ¬¬""",140595866059780,2017-08-16 04:59:07,2017-08-16 04:59:07
13991889,Author,Bulma,140665719434869,2017-08-16 04:59:07,2017-08-16 04:59:07
13991889,Product/Service,The Chronicles of Narnia,140768975933362,2017-08-16 04:59:07,2017-08-16 04:59:07
13991889,Public Figure,F&L,140802862726247,2017-08-16 04:59:07,2017-08-16 04:59:07
13991889,Company,Revista Tiki Tiki,140861739258393,2017-08-16 04:59:07,2017-08-16 04:59:07
13991889,Video Game,Transformers: revenge of the fallen (game),140864292595955,2017-08-16 04:59:07,2017-08-16 04:59:07
13991889,Games/Toys,Scrolls,141290822651720,2017-08-16 04:59:07,2017-08-16 04:59:07
13991889,Movie,Rio,141317312559266,2017-08-16 04:59:07,2017-08-16 04:59:07
13991889,Record Label,Forever Alone,141320899372128,2017-08-16 04:59:07,2017-08-16 04:59:07
13991889,Public Figure,Kristina Pimenova,141363675915670,2017-08-16 04:59:07,2017-08-16 04:59:07
13991889,Interest,Big Time Rush (song),141403612538286,2017-08-16 04:59:07,2017-08-16 04:59:07
13991889,Musician/Band,Todo Porta,141456912644594,2017-08-16 04:59:07,2017-08-16 04:59:07
13991889,Community,"Tipico, ya llegaste? noo es mi clon qke viene a avisar que llego tarde ¬¬",141456922603386,2017-08-16 04:59:07,2017-08-16 04:59:07
13991889,TV Show,Los simpson,14148540817,2017-07-11 22:01:21,2017-07-11 22:01:21
13991889,Movie Character,Rex,141498586680,2017-08-16 04:59:07,2017-08-16 04:59:07
13991889,News Personality,En Dios Confio,141749556022550,2017-08-16 04:59:07,2017-08-16 04:59:07
13991889,Entertainment Website,Ultimate FAP FAP FAP,141795472561667,2017-08-16 04:59:07,2017-08-16 04:59:07
13991889,Musician/Band,Tazzer Álvarez,141883819342376,2017-08-16 04:59:07,2017-08-16 04:59:07
13991889,Community,Papa del chico del cereal,141909279215612,2017-08-16 04:59:07,2017-08-16 04:59:07
13991889,TV Show,Los Simpsons,141915955895539,2017-08-16 04:59:07,2017-08-16 04:59:07
13991889,TV Show,UN Sentimiento TV,141998415824715,2017-07-11 22:01:21,2017-07-11 22:01:21
13991889,Personal Blog,Los Análogos Uggly.,142068029227265,2017-08-16 04:59:07,2017-08-16 04:59:07
13991889,Artist,Novio De La Mama Del Chico Del Cereal,142212322517560,2017-08-16 04:59:07,2017-08-16 04:59:07
13991889,Product/Service,Nerf,1422198034767088,2017-08-16 04:59:07,2017-08-16 04:59:07
13991889,Media/News Company,Red Bull,14226545351,2017-08-16 04:59:07,2017-08-16 04:59:07
13991889,Religious Organization,Putencio,142452725880193,2017-08-16 04:59:07,2017-08-16 04:59:07
13991889,Interest,LMFAO,142509179160122,2017-08-16 04:59:07,2017-08-16 04:59:07
13991889,Movie Theater,Portadas para perfil de FB,142607775852301,2017-08-16 04:59:07,2017-08-16 04:59:07
13991889,Record Label,ENVY MY MUSIC,142618426602,2017-08-16 04:59:07,2017-08-16 04:59:07
13991889,Fictional Character,Juega Naruto Ultimate Ninja Storm 2 En Face,142673142507662,2017-08-16 04:59:07,2017-08-16 04:59:07
13991889,Radio Station,La 100 FM,142725972411814,2017-08-16 04:59:07,2017-08-16 04:59:07
13991889,Community,"-O.O"" Te caiste?. - ¬o¬ Nooooooo esqe me gusta abrazar al piso ¬_¬*.",142765885866409,2017-08-16 04:59:07,2017-08-16 04:59:07
13991889,TV Show,The Amazing World of Gumball,142825982446439,2017-07-11 22:01:21,2017-07-11 22:01:21
13991889,Community,Yo Solo Quiero Darte Un Beso ?,1428311014077186,2017-09-13 18:28:28,2017-09-13 18:28:28
13991889,App Page,Chat for Pages,142840995856699,2017-08-16 04:59:07,2017-08-16 04:59:07
13991889,Other,Fuck Yeah,142935905760229,2017-08-16 04:59:07,2017-08-16 04:59:07
13991889,Fictional Character,Mother of Alá,142986035775344,2017-08-16 04:59:07,2017-08-16 04:59:07
13991889,Community,Viajar escuchando Música,142988820850,2017-08-16 04:59:07,2017-08-16 04:59:07
13991889,Website,eltrece,143150632367986,2017-08-16 04:59:07,2017-08-16 04:59:07
13991889,Park,Mobigame,143172829084267,2017-08-16 04:59:07,2017-08-16 04:59:07
13991889,Community,A que este perro puede tener mas fans q justin bieber,143216715702851,2017-08-16 04:59:07,2017-08-16 04:59:07
13991889,Comedian,Are you fucking kidding me?,143220739082110,2017-08-16 04:59:07,2017-08-16 04:59:07
13991889,Company,Dragon Ball Super,1432353680399802,2017-08-16 04:59:07,2017-08-16 04:59:07
13991889,TV Season,1000 maneras de morir,143255455697405,2017-07-11 22:01:21,2017-07-11 22:01:21
13991889,Other,Tres metros sobre el cielo - 3MSC,143402965669848,2017-08-16 04:59:07,2017-08-16 04:59:07
13991889,Movie Character,Nala,143571178169,2017-08-16 04:59:07,2017-08-16 04:59:07
13991889,Musician/Band,Divididos,14364301082,2017-08-16 04:59:07,2017-08-16 04:59:07
13991889,Musician/Band,Alexis y Fido,143661405669265,2017-08-16 04:59:07,2017-08-16 04:59:07
13991889,Baby Goods/Kids Goods,Pulceras de gomitas,1437252649885782,2017-08-16 04:59:07,2017-08-16 04:59:07
13991889,Entertainment Website,Vida Gamer,1437650766532854,2017-08-16 04:59:07,2017-08-16 04:59:07
13991889,Entertainment Website,Armed Gamer,143767445816,2017-08-16 04:59:07,2017-08-16 04:59:07
13991889,Company,Mother of Misterio,143822142364497,2017-08-16 04:59:07,2017-08-16 04:59:07
13991889,Entertainment Website,Vaya GIF,143900712299060,2017-08-16 04:59:07,2017-08-16 04:59:07
13991889,Public Figure,José Arecio,1439588196284368,2017-08-16 04:59:07,2017-08-16 04:59:07
13991889,Public Figure,Maddie Ziegler,143984102617783,2017-08-16 04:59:07,2017-08-16 04:59:07
13991889,Entertainment Website,SAPEEEEEEEEEEEEEEEEE,144000705674434,2017-08-16 04:59:07,2017-08-16 04:59:07
13991889,Website,Cuánto Cabrón,144162099000202,2017-08-16 04:59:07,2017-08-16 04:59:07
13991889,Community,Poner Memes en el chat de FB [Ver Truco],144187782358446,2017-08-16 04:59:07,2017-08-16 04:59:07
13991889,Food & Beverage Company,Billiken Golosinas,144222292308867,2017-08-16 04:59:07,2017-08-16 04:59:07
13991889,Education Website,*,144330535700727,2017-08-16 04:59:07,2017-08-16 04:59:07
13991889,Media/News Company,Curiosipedia,1443305669263600,2017-08-16 04:59:07,2017-08-16 04:59:07
13991889,Computer Company,Samsung,144601662246604,2018-03-02 00:18:23,2018-03-02 00:18:23
13991889,Community,Uy como me cagó,1446047049016414,2017-08-16 04:59:07,2017-08-16 04:59:07
13991889,Artist,German Garmendia,1447674332151164,2017-08-16 04:59:07,2017-08-16 04:59:07
13991889,TV Channel,Canal FOX,144769017849,2017-08-16 04:59:07,2017-08-16 04:59:07
13991889,Movie Character,Woody,144902595554,2017-08-16 04:59:07,2017-08-16 04:59:07
13991889,Sports Team,Los Angeles Lakers,144917055340,2017-08-16 04:59:07,2017-08-16 04:59:07
13991889,Artist,Ben Stiller,14496835660,2017-08-16 04:59:07,2017-08-16 04:59:07
13991889,Media/News Company,Funny Photo's,1449712425264213,2017-08-16 04:59:07,2017-08-16 04:59:07
13991889,Writer,El Diario de Dross,144979575541202,2017-08-16 04:59:07,2017-08-16 04:59:07
13991889,Organization,Listas pa' la foto,145001232272651,2017-08-16 04:59:07,2017-08-16 04:59:07
13991889,Community,"El Metalcore es mucho mejor que el: TNBM, Old School Death y Thrash Metal.",145086625618192,2017-08-16 04:59:07,2017-08-16 04:59:07
13991889,Public Figure,Es de Hombre,1452575568353810,2017-08-16 04:59:07,2017-08-16 04:59:07
13991889,Community,Solo Con 2 Sonrisas Arreglamos nuestro Problemas n.n $: Te amo*-*,145260762261671,2017-08-16 04:59:07,2017-08-16 04:59:07
13991889,Musician,Jessie J,145300805513355,2017-08-16 04:59:07,2017-08-16 04:59:07
13991889,Fictional Character,Yo tambien creo que a Phineas y Ferb los expulsaron de la escuela ¬¬,145313772205419,2017-08-16 04:59:07,2017-08-16 04:59:07
13991889,Community,masita :3,145384805541447,2017-08-16 04:59:07,2017-08-16 04:59:07
13991889,Company,Falabella Argentina,145443332157635,2017-08-16 04:59:07,2017-08-16 04:59:07
13991889,College & University,Vivi engañado todo este tiempo O.o!,145472162237410,2017-08-16 04:59:07,2017-08-16 04:59:07
13991889,Artist,Hugh Laurie,14554658690,2017-08-16 04:59:07,2017-08-16 04:59:07
13991889,TV Channel,National Geographic,145574803450,2017-08-16 04:59:07,2017-08-16 04:59:07
13991889,Album,DALE ME GUSTA,145703808865773,2017-08-16 04:59:07,2017-08-16 04:59:07
13991889,TV Show,Caiga Quien Caiga,145708592166136,2017-07-11 22:01:21,2017-07-11 22:01:21
13991889,Fictional Character,Puss In Boots,1457139154598106,2017-08-16 04:59:07,2017-08-16 04:59:07
13991889,Fictional Character,No estaba muerto andaba de parranda,145779558828081,2017-08-16 04:59:07,2017-08-16 04:59:07
13991889,TV Channel,FOX Premium,145785922117817,2017-08-16 04:59:07,2017-08-16 04:59:07
13991889,Local Business,Te caiste? no imbesil me sente con estilo,145833198782480,2017-08-16 04:59:07,2017-08-16 04:59:07
13991889,TV Show,Futurama Latinoamérica,145864985433685,2017-07-11 22:01:21,2017-07-11 22:01:21
13991889,Entertainment Website,Oh My God ¿Y esto?,146113465496757,2017-08-16 04:59:07,2017-08-16 04:59:07
13991889,Book,Günün Sözü ll,146237138907285,2017-08-16 04:59:07,2017-08-16 04:59:07
13991889,Movie Theater,"Te caistes? no, es que queria darle un beso al suelo",146354145494679,2017-08-16 04:59:07,2017-08-16 04:59:07
13991889,Public Figure,Chistes y Fails ?,146360638808701,2017-08-16 04:59:07,2017-08-16 04:59:07
13991889,Entertainment Website,JuegosJuegos.com,146371835450034,2017-08-16 04:59:07,2017-08-16 04:59:07
13991889,App Page,Social print,146471868796718,2017-08-16 04:59:07,2017-08-16 04:59:07
13991889,Video Game,Bomberman,146554658701065,2017-08-16 04:59:07,2017-08-16 04:59:07
13991889,Community,Me la Sudará hasta que este Nokia se destruya,146599695462513,2017-08-16 04:59:07,2017-08-16 04:59:07
13991889,Artist,Squidward Tentacles,146753095355080,2017-08-16 04:59:07,2017-08-16 04:59:07
13991889,TV Channel,pero vo so loco vite,146755338754655,2017-08-16 04:59:07,2017-08-16 04:59:07
13991889,Electronics,Sony América Latina,146881738881,2017-08-16 04:59:07,2017-08-16 04:59:07
13991889,Fictional Character,MIS OJOS SANGRAN,146895825417484,2017-08-16 04:59:07,2017-08-16 04:59:07
13991889,Product/Service,Firefox,14696440021,2017-08-16 04:59:07,2017-08-16 04:59:07
13991889,Professional Service,Erizo Diseño y Comunicación,146997582105136,2017-08-16 04:59:07,2017-08-16 04:59:07
13991889,Blogger,Es De Rompebolas.,1471002039834307,2017-08-16 04:59:07,2017-08-16 04:59:07
13991889,TV Show,SportsCenter,147262525292598,2017-07-11 22:01:21,2017-07-11 22:01:21
13991889,Movie Theater,"Y la próxima vez, mándele solicitudes de CityVille a su abuela",147300862067699,2017-08-16 04:59:07,2017-08-16 04:59:07
13991889,Public Figure,chico del cereal escupiendo,147590185311912,2017-08-16 04:59:07,2017-08-16 04:59:07
13991889,TV Channel,Ejtvla,147881969198,2017-08-16 04:59:07,2017-08-16 04:59:07
13991889,Musician/Band,Calle13 oficial,147921335222897,2017-08-16 04:59:07,2017-08-16 04:59:07
13991889,Product/Service,Pepsi Music,148008581880417,2017-08-16 04:59:07,2017-08-16 04:59:07
13991889,Artist,Aliens,148247828614334,2017-08-16 04:59:07,2017-08-16 04:59:07
13991889,Cars,MINI,148292531855629,2017-08-16 04:59:07,2017-08-16 04:59:07
13991889,TV & Movies,Los unicos,148347061886561,2017-07-11 22:01:21,2017-07-11 22:01:21
13991889,Literary Editor,Extreme LOL,148419148582449,2017-08-16 04:59:07,2017-08-16 04:59:07
13991889,Athlete,Neymar Jr.,148456285190063,2017-08-16 04:59:07,2017-08-16 04:59:07
13991889,Games/Toys,Mojang,148504861861044,2017-08-16 04:59:07,2017-08-16 04:59:07
13991889,Public Figure,Jajaja que chiste tan  malo -.-,148515841930361,2017-08-16 04:59:07,2017-08-16 04:59:07
13991889,Fictional Character,Con ese comentario te has ganado un pasaje de ida a la mierda XD,148649048596333,2017-08-16 04:59:07,2017-08-16 04:59:07
13991889,Website,Vans Public,1487652461454899,2017-08-16 04:59:07,2017-08-16 04:59:07
13991889,Artist,Sandy Cheeks,148822088480956,2017-08-16 04:59:07,2017-08-16 04:59:07
13991889,Movie Character,Happy,148880140638,2017-08-16 04:59:07,2017-08-16 04:59:07
13991889,Comedian,Cada mamada que sale de tu boca ¬¬,148898275236419,2017-08-16 04:59:07,2017-08-16 04:59:07
13991889,Video Game,The Simpsons Hit & Run,148922845174556,2017-08-16 04:59:07,2017-08-16 04:59:07
13991889,Entertainment Website,"Odio que me agregen en el , face y me digan quien eres -.-",148931785179719,2017-08-16 04:59:07,2017-08-16 04:59:07
13991889,Shopping Service,Tiendas Elektra,148972009631,2017-08-16 04:59:07,2017-08-16 04:59:07
13991889,Just For Fun,-MAMA HAY OLOR A PORRO -NO ES EL NUEVO AXE JAMAIQUINO,148975395172059,2017-08-16 04:59:07,2017-08-16 04:59:07
13991889,Comedian,(adm.R),149011441877250,2017-08-16 04:59:07,2017-08-16 04:59:07
13991889,Movie,Official: Hitman,1490121737878309,2017-08-16 04:59:07,2017-08-16 04:59:07
13991889,Interest,Actividad Paranormal 3,149038191817389,2017-08-16 04:59:07,2017-08-16 04:59:07
13991889,Movie Character,Scar,149178256623,2017-08-16 04:59:07,2017-08-16 04:59:07
13991889,Community,$ locos por el faceboook ?,149263965140517,2017-08-16 04:59:07,2017-08-16 04:59:07
13991889,Product/Service,PlayStation,149360941771672,2017-08-16 04:59:07,2017-08-16 04:59:07
13991889,Community,Cabron De Internett,149397798489768,2017-08-16 04:59:07,2017-08-16 04:59:07
13991889,Games/Toys,Terraria,149488785117030,2017-08-16 04:59:07,2017-08-16 04:59:07
13991889,Movie Character,Grumpy,149672261893,2017-08-16 04:59:07,2017-08-16 04:59:07
13991889,Public Figure,tia abuela del chico del cereal,149693938432081,2017-08-16 04:59:07,2017-08-16 04:59:07
13991889,TV Show,Ciega a Citas,149739894085,2017-07-11 22:01:21,2017-07-11 22:01:21
13991889,Games/Toys,Happy Wheels,149887765064197,2017-08-16 04:59:07,2017-08-16 04:59:07
13991889,Book,Kurt Attack,1500823263525025,2017-09-13 18:28:28,2017-09-13 18:28:28
13991889,Radio Station,UKF Dubstep,150212395208,2017-08-16 04:59:07,2017-08-16 04:59:07
13991889,Comedian,Yayo,1503441233262262,2017-08-16 04:59:07,2017-08-16 04:59:07
13991889,TV Show,AM | Antes Del Mediodía,150360588338912,2017-07-11 22:01:21,2017-07-11 22:01:21
13991889,Community,Te me caiste.,150542651637244,2017-08-16 04:59:07,2017-08-16 04:59:07
13991889,Fictional Character,Popeye,150598778383837,2017-08-16 04:59:07,2017-08-16 04:59:07
13991889,Pharmaceutical Company,Farmacity,150606588306895,2017-08-16 04:59:07,2017-08-16 04:59:07
13991889,Community,u.U ya hasta los perrOs tiienen FeisbUk¬¬,150680741686630,2017-08-16 04:59:07,2017-08-16 04:59:07
13991889,Video Game,Ubisoft Montreal Studio,150793154942867,2017-08-16 04:59:07,2017-08-16 04:59:07
13991889,Comedian,Mother of Bart,150862725021188,2017-08-16 04:59:07,2017-08-16 04:59:07
13991889,Product/Service,Nike,15087023444,2017-08-16 04:59:07,2017-08-16 04:59:07
13991889,Retail Company,Microsoft Store,150915932479,2017-08-16 04:59:07,2017-08-16 04:59:07
13991889,Comedian,Marito Baracus,150993727457,2017-08-16 04:59:07,2017-08-16 04:59:07
13991889,Community,Sos La Persona Mas Hermosa Del Mundo,151110401623430,2017-08-16 04:59:07,2017-08-16 04:59:07
13991889,Musician/Band,RealPorta,151212954972536,2017-08-16 04:59:07,2017-08-16 04:59:07
13991889,Entertainment Website,Senor Sarcasmo,1512789728802645,2017-11-28 20:46:49,2017-11-28 20:46:49
13991889,Community,"Tipico. estoy cantando en la ducha y el shampoo grita : OTRA, OTRA",151293371607667,2017-08-16 04:59:07,2017-08-16 04:59:07
13991889,Athlete,Martin Palermo,1513203965667803,2017-08-16 04:59:07,2017-08-16 04:59:07
13991889,Entertainment Website,Challenge Acepted,151407681591406,2017-08-16 04:59:07,2017-08-16 04:59:07
13991889,Local Business,Olaf La Calera Córdoba,1514132962221926,2017-08-16 04:59:07,2017-08-16 04:59:07
13991889,Games/Toys,Empires & Allies (Español),151527344913406,2017-08-16 04:59:07,2017-08-16 04:59:07
13991889,Song,ForeverAlone,151547121607335,2017-08-16 04:59:07,2017-08-16 04:59:07
13991889,Public Figure,The Twilight Block on Yardsellr,151624778214237,2017-08-16 04:59:07,2017-08-16 04:59:07
13991889,Community,Escuchar musica con mis audifonos a todo volumen y perdeme en mi mente,151789974912010,2017-07-11 22:01:21,2017-07-11 22:01:21
13991889,Musician/Band,Soy libre,151802574840734,2017-08-16 04:59:07,2017-08-16 04:59:07
13991889,Interest,PhotoScape,151830481552348,2017-08-16 04:59:07,2017-08-16 04:59:07
13991889,Author,"Tú podrás tener sus labios, pero yo tengo sus sonrisas.",151854384927309,2017-08-16 04:59:07,2017-08-16 04:59:07
13991889,Musician/Band,Wisin & Yandel,15186429446,2017-08-16 04:59:07,2017-08-16 04:59:07
13991889,Comedian,Pabliski95 (Pagina Oficial),151874764918477,2017-08-16 04:59:07,2017-08-16 04:59:07
13991889,Just For Fun,Explotion Designs,1519168761657225,2017-08-16 04:59:07,2017-08-16 04:59:07
13991889,Community,Crees en el amor a primera vista o tengo q pasar dos veces ¬¬,151932468238094,2017-08-16 04:59:07,2017-08-16 04:59:07
13991889,Just For Fun,Soy virgen te lo juro por mis hijos,152173651589069,2017-08-16 04:59:07,2017-08-16 04:59:07
13991889,Entertainment Website,FAIL,152175818463,2017-08-16 04:59:07,2017-08-16 04:59:07
13991889,Entrepreneur,Nicolás Fischman,1522854291285208,2017-08-16 04:59:07,2017-08-16 04:59:07
13991889,Artist,"Nada mejor que ""SELENA""",152485038146607,2017-08-16 04:59:07,2017-08-16 04:59:07
13991889,Musician/Band,Coldplay,15253175252,2017-08-16 04:59:07,2017-08-16 04:59:07
13991889,Just For Fun,"Aquí están todos locos, me voy. Arre Unicornio",152614588150692,2017-08-16 04:59:07,2017-08-16 04:59:07
13991889,Event Planner,Alto Botánico,152641321526768,2017-08-16 04:59:07,2017-08-16 04:59:07
13991889,Entertainment Website,Cuánto Cabrón (página Oficial),152769218115070,2017-08-16 04:59:07,2017-08-16 04:59:07
13991889,Product/Service,Sprite,1527865340820840,2017-08-16 04:59:07,2017-08-16 04:59:07
13991889,Musician/Band,Babasonicos,15287929005,2017-08-16 04:59:07,2017-08-16 04:59:07
13991889,Movie,Finding Nemo,15294801701,2017-08-16 04:59:07,2017-08-16 04:59:07
13991889,Government Organization,Tu Boleto Gratis,153113011509920,2017-08-16 04:59:07,2017-08-16 04:59:07
13991889,Fictional Character,Jackon (yakon) dbz,153370101470676,2017-08-16 04:59:07,2017-08-16 04:59:07
13991889,Fictional Character,INGLIP,153385461400659,2017-08-16 04:59:07,2017-08-16 04:59:07
13991889,Community,Te caiste? Nooo Senti Atraccion Por La Tierra Y LE DI UN Abrazo Idiota,153564848043779,2017-08-16 04:59:07,2017-08-16 04:59:07
13991889,Entertainment Website,"No te pido que me Recuerdes, solo que no me olvides U.u",153571694780179,2017-08-16 04:59:07,2017-08-16 04:59:07
13991889,Artist,El medio hermano punk  del chico cereal,153589614706751,2017-08-16 04:59:07,2017-08-16 04:59:07
13991889,Personal Blog,Tu + yo = love ?,153690208132388,2017-08-16 04:59:07,2017-08-16 04:59:07
13991889,Chef,Plankton,153692784641672,2017-08-16 04:59:07,2017-08-16 04:59:07
13991889,Public Figure,Eddie Murphy,153822731358217,2017-08-16 04:59:07,2017-08-16 04:59:07
13991889,Musician/Band,Stefano  trice.,154005824735706,2017-08-16 04:59:07,2017-08-16 04:59:07
13991889,Musician/Band,Luciano (Official Page),154015134541,2017-08-16 04:59:07,2017-08-16 04:59:07
13991889,Sports League,UEFA Champions League,154040584642412,2017-08-16 04:59:07,2017-08-16 04:59:07
13991889,TV Show,Ridiculousness,154045247964842,2017-07-11 22:01:21,2017-07-11 22:01:21
13991889,Artist,Mother of Dog,154115777989991,2017-08-16 04:59:07,2017-08-16 04:59:07
13991889,Community,Si me vas a terminar. Presentame una amig@ Pe,154287774710275,2017-08-16 04:59:07,2017-08-16 04:59:07
13991889,Musician/Band,Juanes,154356840775,2017-08-16 04:59:07,2017-08-16 04:59:07
13991889,Artist,Los Forever Alone Somos Mas,154488084668949,2017-08-16 04:59:07,2017-08-16 04:59:07
13991889,Musician/Band,Soñadores Natos,154503641246060,2017-08-16 04:59:07,2017-08-16 04:59:07
13991889,Public Figure,El Chico Del Cereal,154626501271536,2017-08-16 04:59:07,2017-08-16 04:59:07
13991889,Website,Que tan gracioso sos ?,154713804661617,2017-07-11 22:01:21,2017-07-11 22:01:21
13991889,Community,Imagenes Doble Sentido,1548297375403544,2017-08-16 04:59:07,2017-08-16 04:59:07
13991889,Book,Todos los Memes en Español,154868444583220,2017-08-16 04:59:07,2017-08-16 04:59:07
13991889,Bar,La taberna de MOE,154880167964392,2017-08-16 04:59:07,2017-08-16 04:59:07
13991889,Comedian,Si vas a estar todo el día en mi mente por lo menos vístete,154892464655146,2017-08-16 04:59:07,2017-08-16 04:59:07
13991889,Media,Culture Medium,154913807861488,2017-08-16 04:59:07,2017-08-16 04:59:07
13991889,Fictional Character,El tio preso del chico del Cereal,154927387909076,2017-08-16 04:59:07,2017-08-16 04:59:07
13991889,TV Network,Los Guerreros Wasabi,154932757930235,2017-07-11 22:01:21,2017-07-11 22:01:21
13991889,Community,Hawaii Forward,15498816956,2017-08-16 04:59:07,2017-08-16 04:59:07
13991889,Community,Hablar al frente del ventilador y sentirse como un robot! Jaja,155050284624778,2017-08-16 04:59:07,2017-08-16 04:59:07
13991889,Fictional Character,Mother Of Kaiosama,155119454560948,2017-08-16 04:59:07,2017-08-16 04:59:07
13991889,Movie,The Ridiculous Droll 24/7,155133811233148,2017-12-23 18:37:29,2017-12-23 18:37:29
13991889,TV Show,Dexter,15526475270,2017-07-11 22:01:21,2017-07-11 22:01:21
13991889,Cause,Sin Codificar,155278376297,2017-07-11 22:01:21,2017-07-11 22:01:21
13991889,Arts & Entertainment,Cada Día Más,155284944628962,2017-08-16 04:59:07,2017-08-16 04:59:07
13991889,Artist,Selena G. Sos mi obsesion,155318987858642,2017-08-16 04:59:07,2017-08-16 04:59:07
13991889,Musician/Band,ROCK NACIONAL,155496564496,2017-08-16 04:59:07,2017-08-16 04:59:07
13991889,Book,Mother of exito,155570127904288,2017-08-16 04:59:07,2017-08-16 04:59:07
13991889,Foodservice Distributor,Coca-Cola,1555821414664408,2017-08-16 04:59:07,2017-08-16 04:59:07
13991889,Album,Hannah Montana Forever,155629887786730,2017-08-16 04:59:07,2017-08-16 04:59:07
13991889,Games/Toys,Minecraft Hamachi Servers,155666977827322,2017-08-16 04:59:07,2017-08-16 04:59:07
13991889,Personal Blog,TÍPICO:  ESTAS TRISTE Y LO PRIMERO QUE SE TE OCURRE ES ESCUCHAR MÚSICA,155771041158068,2017-08-16 04:59:07,2017-08-16 04:59:07
13991889,Movie,Jackass,155775234449637,2017-08-16 04:59:07,2017-08-16 04:59:07
13991889,Movie,La Era De Hielo Películas,155824564461897,2017-08-16 04:59:07,2017-08-16 04:59:07
13991889,Entertainment Website,YA NO QUIERO ENAMORARME,155847925926,2017-08-16 04:59:07,2017-08-16 04:59:07
13991889,Public Figure,El Cobayo Tira Bombas,155968257753870,2017-08-16 04:59:07,2017-08-16 04:59:07
13991889,Product/Service,Naranja,155986701109376,2017-08-16 04:59:07,2017-08-16 04:59:07
13991889,Community,Es de Garca,1559915717591515,2017-08-16 04:59:07,2017-08-16 04:59:07
13991889,Public Figure,El Tipo Drogado (MEME),156053814532136,2017-08-16 04:59:07,2017-08-16 04:59:07
13991889,Media/News Company,Clarín,156057357762712,2017-08-16 04:59:07,2017-08-16 04:59:07
13991889,Fictional Character,Vegeta,156082511221968,2017-08-16 04:59:07,2017-08-16 04:59:07
13991889,Website,eHow en Español,156161627798352,2017-08-16 04:59:07,2017-08-16 04:59:07
13991889,Company,Bariloche 2010 !,156214253466,2017-08-16 04:59:07,2017-08-16 04:59:07
13991889,Entertainment Website,Vi uNa ArDiLla y HaCia aSi 8·B snifhh snifhh snifhh snifhh,156258721136523,2017-08-16 04:59:07,2017-08-16 04:59:07
13991889,Mobile Phone Shop,GP CELLSTORE,1564554850527038,2018-01-24 20:10:13,2018-01-24 20:10:13
13991889,Entrepreneur,'-Marianth ?,156504357785077,2017-08-16 04:59:07,2017-08-16 04:59:07
13991889,Website,Ropa y Calzado - DreamsShop,1566409370038756,2018-02-01 06:01:14,2018-02-01 06:01:14
13991889,Movie Character,Pascal,156818817667458,2017-08-16 04:59:07,2017-08-16 04:59:07
13991889,Entertainment Website,¿Que clase de brujeria es esta?,156820957735662,2017-08-16 04:59:07,2017-08-16 04:59:07
13991889,Company,Clight,156986414315013,2017-08-16 04:59:07,2017-08-16 04:59:07
13991889,Just For Fun,Its Something,157115354349630,2017-08-16 04:59:07,2017-08-16 04:59:07
13991889,Company,Like A Boss,157120134338562,2017-08-16 04:59:07,2017-08-16 04:59:07
13991889,TV Network,MTV UK,15713980389,2017-07-11 22:01:21,2017-07-11 22:01:21
13991889,Public Figure,Julian Torres,1572905279659207,2017-08-16 04:59:07,2017-08-16 04:59:07
13991889,Community,Tipico: me conecto solo para hablar contigo y tu ya te vas ¬¬,157519820977308,2017-08-16 04:59:07,2017-08-16 04:59:07
13991889,Just For Fun,Frijolito 404,1576921189194373,2017-08-16 04:59:07,2017-08-16 04:59:07
13991889,Movie,Rambo,157697300924538,2017-08-16 04:59:07,2017-08-16 04:59:07
13991889,Community,Ver traducción,157757657682483,2017-08-16 04:59:07,2017-08-16 04:59:07
13991889,Computers & Internet Website,Eres mas aburrido que una computadora sin Internet.,157787734313528,2017-08-16 04:59:07,2017-08-16 04:59:07
13991889,Shopping & Retail,Nautica,157806559636,2017-08-16 04:59:07,2017-08-16 04:59:07
13991889,News & Media Website,Hoonigan,157849807569393,2017-08-16 04:59:07,2017-08-16 04:59:07
13991889,Community,MamáLucchetti,157974447557694,2017-08-16 04:59:07,2017-08-16 04:59:07
13991889,Public Figure,Portadores,158013247643724,2017-08-16 04:59:07,2017-08-16 04:59:07
13991889,Bakery,Pan Dulce Bimbo,1580991295503335,2017-08-16 04:59:07,2017-08-16 04:59:07
13991889,Website,Oiesapendejada Madafacar,158321387675991,2017-08-16 04:59:07,2017-08-16 04:59:07
13991889,Community,"NO SOY INMADURO, SÓLO ME DIVIERTO lml",158337314246309,2017-09-13 18:28:28,2017-09-13 18:28:28
13991889,Community,Tipico: Profe cuando salimos a vacaciones no mames pero si apenas entramos,158411827607556,2017-08-16 04:59:07,2017-08-16 04:59:07
13991889,Entertainment Website,Te caiste? No solo media la gravedad xD,158450117545953,2017-08-16 04:59:07,2017-08-16 04:59:07
13991889,Musician/Band,Mother of Slipknot,158512534282738,2017-08-16 04:59:07,2017-08-16 04:59:07
13991889,Community,esto es mas tenso que aquella vez que se me olvidó cómo sentarme,158551514255842,2017-08-16 04:59:07,2017-08-16 04:59:07
13991889,Community,Google Chrome en español,158574960847122,2017-08-16 04:59:07,2017-08-16 04:59:07
13991889,Video Game,Saints Row,158667724184410,2017-08-16 04:59:07,2017-08-16 04:59:07
13991889,Album,"Te caíste?, no boludo si me hice nomas.",158719047583882,2017-08-16 04:59:07,2017-08-16 04:59:07
13991889,Community,Jajajajajajajajaa,158824557556789,2017-08-16 04:59:07,2017-08-16 04:59:07
13991889,Movie,Alvin and the Chipmunks,158863734175023,2018-03-02 00:18:23,2018-03-02 00:18:23
13991889,Magazine,S.K.A.T.E.,158971564169442,2017-08-16 04:59:07,2017-08-16 04:59:07
13991889,TV Network,Fans de Los simpsons,159192640865277,2017-07-11 22:01:21,2017-07-11 22:01:21
13991889,Comedian,Tru Estori,159198640837289,2017-08-16 04:59:07,2017-08-16 04:59:07
13991889,Movie Theater,Uhh te caiste? no senti atración por el suelo Idiota,159216597542404,2017-08-16 04:59:07,2017-08-16 04:59:07
13991889,Games/Toys,Need for Speed,159391164214675,2017-08-16 04:59:07,2017-08-16 04:59:07
13991889,Entertainment Website,Abrazza Games,159456980815781,2017-08-16 04:59:07,2017-08-16 04:59:07
13991889,Games/Toys,Cut the Rope,159526264081185,2017-08-16 04:59:07,2017-08-16 04:59:07
13991889,Community,El Paraíso de los Memes,159569317488043,2017-08-16 04:59:07,2017-08-16 04:59:07
13991889,Retail Company,Walmart,159616034235,2017-08-16 04:59:07,2017-08-16 04:59:07
13991889,Musician/Band,Yo tambien odio a los vasques sounds =P,159881157467826,2017-08-16 04:59:07,2017-08-16 04:59:07
13991889,Company,AT&T Latino,160032935549,2017-08-16 04:59:07,2017-08-16 04:59:07
13991889,Public Figure,Homero Simpson,160099687356084,2017-08-16 04:59:07,2017-08-16 04:59:07
13991889,Movie Character,Rapunzel,160192277326256,2017-08-16 04:59:07,2017-08-16 04:59:07
13991889,Fictional Character,¤ Son Pan ¤,160242954134885,2017-08-16 04:59:07,2017-08-16 04:59:07
13991889,Product/Service,Ampe A76 Elite 7,160433630756326,2017-08-16 04:59:07,2017-08-16 04:59:07
13991889,Album,Te Caiste? No Pa Na Aweonao Es Un Simulacro ¬¬,160582780749428,2017-08-16 04:59:07,2017-08-16 04:59:07
13991889,Product/Service,Push Pop,160739267298541,2017-08-16 04:59:07,2017-08-16 04:59:07
13991889,Community,Te amo mucho bebe komo a nadie ?,161176230650921,2017-08-16 04:59:07,2017-08-16 04:59:07
13991889,Community,Esta pinchi moda de escribir en azul! xD,161247310603660,2017-08-16 04:59:07,2017-08-16 04:59:07
13991889,TV Show,mil maneras de morir,161266123930057,2017-07-11 22:01:21,2017-07-11 22:01:21
13991889,Comedian,Pero Que Mierda es esto?,161495743938064,2017-08-16 04:59:07,2017-08-16 04:59:07
13991889,TV Show,Knock knock: Penny? ·  Knock knock: Penny? · Knock Knock: Penny?,161742861196,2017-07-11 22:01:21,2017-07-11 22:01:21
13991889,Tennis Court,Wilson Tennis,1618534568427508,2018-03-02 00:18:23,2018-03-02 00:18:23
13991889,Games/Toys,Gameloft,162040157271365,2017-08-16 04:59:07,2017-08-16 04:59:07
13991889,Movie,Kung Fu Panda,1620855048125909,2017-08-16 04:59:07,2017-08-16 04:59:07
13991889,Public Figure,Ignorante de la Vida,162093773859824,2017-08-16 04:59:07,2017-08-16 04:59:07
13991889,TV Show,CQC na Band,162097943818229,2017-07-11 22:01:21,2017-07-11 22:01:21
13991889,Games/Toys,Zoo World,162104552518,2017-08-16 04:59:07,2017-08-16 04:59:07
13991889,Bookstore,Librerias Todos Los Libros,1621056064808943,2017-08-16 04:59:07,2017-08-16 04:59:07
13991889,Wine/Spirits,Captain Morgan,162312241720,2017-08-16 04:59:07,2017-08-16 04:59:07
13991889,Musician/Band,Isusko&Sbrv,162351750461214,2017-08-16 04:59:07,2017-08-16 04:59:07
13991889,Movie,Happy Feet,162387307441,2017-08-16 04:59:07,2017-08-16 04:59:07
13991889,TV Show,The Fairly OddParents,162387970438104,2017-08-16 04:59:07,2017-08-16 04:59:07
13991889,Movie/Television Studio,-Oye We Te Caistes?  -¬¬ Noooo Es Un Simulacro,162460243883386,2017-08-16 04:59:07,2017-08-16 04:59:07
13991889,Comedian,Wereverwero,162615077123661,2017-08-16 04:59:07,2017-08-16 04:59:07
13991889,Fictional Character,"Anime, música asiática y más",162633920493303,2017-08-16 04:59:07,2017-08-16 04:59:07
13991889,Public Figure,la prima loca del chico del cereal,162643420464434,2017-08-16 04:59:07,2017-08-16 04:59:07
13991889,Fictional Character,Naruto Uzumaki,162867373810793,2017-07-11 22:01:21,2017-07-11 22:01:21
13991889,Album,La novia del chico del cereal! XD,162890873833005,2017-08-16 04:59:07,2017-08-16 04:59:07
13991889,Arts & Entertainment,Butterfly,163005487133668,2017-08-16 04:59:07,2017-08-16 04:59:07
13991889,Product/Service,PlanB,163075160450332,2017-08-16 04:59:07,2017-08-16 04:59:07
13991889,Concert Tour,Que seria de la vida sin musica?,163112020478340,2017-08-16 04:59:07,2017-08-16 04:59:07
13991889,Artist,Isusko,1632909033615950,2017-08-16 04:59:07,2017-08-16 04:59:07
13991889,TV Show,Suckers,163497083681075,2017-07-11 22:01:21,2017-07-11 22:01:21
13991889,Community,Te amo :'3,163556370509321,2017-08-16 04:59:07,2017-08-16 04:59:07
13991889,News & Media Website,I Love Nicki Minaj  ',163676223696633,2017-08-16 04:59:07,2017-08-16 04:59:07
13991889,Website,"Oieee, QUE? No nada nada ¬¬",1637195013224569,2017-08-16 04:59:07,2017-08-16 04:59:07
13991889,Community,No me gusta,163793020350423,2017-08-16 04:59:07,2017-08-16 04:59:07
13991889,News Personality,"Solter@ Por Los Siglos De Los Siglos AMÉN, Puede besar a cualquiera :3",163847880415265,2017-08-16 04:59:07,2017-08-16 04:59:07
13991889,Comedian,Que es eso? quemenlo con fuego y tirenlo al rio.,163989790358563,2017-08-16 04:59:07,2017-08-16 04:59:07
13991889,Entertainment Website,"Wey te caíste? - Noooooo, le estaba perreando al piso ¬¬",164029637030998,2017-08-16 04:59:07,2017-08-16 04:59:07
13991889,Book,Feel Like a ñero,164088203691342,2017-08-16 04:59:07,2017-08-16 04:59:07
13991889,Movie,los simsons,164101370350101,2017-08-16 04:59:07,2017-08-16 04:59:07
13991889,Video Game,Desura / Bad Juju Games,164133503638425,2017-08-16 04:59:07,2017-08-16 04:59:07
13991889,Community,la vendedora de cereal del chico del cereal,164438026951158,2017-08-16 04:59:07,2017-08-16 04:59:07
13991889,Movie/Television Studio,"Con 15 pesos,Con 15 pesos me hago alto giso",164438543638008,2017-08-16 04:59:07,2017-08-16 04:59:07
13991889,Personal Blog,Me Eliminaste? Mira Como me Duele jajaja,164563143646134,2017-08-16 04:59:07,2017-08-16 04:59:07
13991889,Comedian,Sí Claro,164571800267022,2017-08-16 04:59:07,2017-08-16 04:59:07
13991889,Community,?? Y el de abajo tambien ?? .i.,164736363607672,2017-08-16 04:59:07,2017-08-16 04:59:07
13991889,Just For Fun,Mother of Wachiturro,164761170262887,2017-08-16 04:59:07,2017-08-16 04:59:07
13991889,Blogger,Quien mas quiere infectarse con el Virus T?,164777313659813,2017-08-16 04:59:07,2017-08-16 04:59:07
13991889,Games/Toys,Minecraft,165039663531531,2017-08-16 04:59:07,2017-08-16 04:59:07
13991889,Musician/Band,PSY,165106760172502,2017-08-16 04:59:07,2017-08-16 04:59:07
13991889,Personal Blog,"Quitame lo que quieras, PERO NO EL INTERNET ¬¬",165428956855903,2017-08-16 04:59:07,2017-08-16 04:59:07
13991889,Product/Service,Xbox,16547831022,2017-08-16 04:59:07,2017-08-16 04:59:07
13991889,Software,Gran Turismo,16562850047,2017-08-16 04:59:07,2017-08-16 04:59:07
13991889,Fictional Character,Las Fusiones y las Transformaciones mas raras,165677543582019,2017-08-16 04:59:07,2017-08-16 04:59:07
13991889,Entertainment Website,El Ash del cereal,165713053497525,2017-08-16 04:59:07,2017-08-16 04:59:07
13991889,Library,Si le di like es por lastima!!! ¬¬,165847143524810,2017-08-16 04:59:07,2017-08-16 04:59:07
13991889,Fashion,Una mujer celosa hace mejores investigaciones que el FBI. :/ xD,165878666860607,2017-08-16 04:59:07,2017-08-16 04:59:07
13991889,Community,-: :::there Fucking Bitch::: :-,165893473496380,2017-08-16 04:59:07,2017-08-16 04:59:07
13991889,Community,Mostachu,165982570188005,2017-08-16 04:59:07,2017-08-16 04:59:07
13991889,Community,Las predicciones,166063396828061,2017-08-16 04:59:07,2017-08-16 04:59:07
13991889,Clothing (Brand),Rip Curl,166064406779621,2017-08-16 04:59:07,2017-08-16 04:59:07
13991889,TV Show,Grachi,166094876765901,2017-07-11 22:01:21,2017-07-11 22:01:21
13991889,Public Figure,Carl Johnson,166408303409103,2017-08-16 04:59:07,2017-08-16 04:59:07
13991889,Comedian,Soy webon;D y que?,166410240117633,2017-08-16 04:59:07,2017-08-16 04:59:07
13991889,Food & Beverage Company,bon o bon,166510263387886,2017-08-16 04:59:07,2017-08-16 04:59:07
13991889,Computers & Internet Website,Android Foros | Comunidad Google Android en español,166620866737248,2017-08-16 04:59:07,2017-08-16 04:59:07
13991889,Movie,Grown Ups,166665812477,2017-08-16 04:59:07,2017-08-16 04:59:07
13991889,Entertainment Website,Narnia Fans,166834386695758,2017-08-16 04:59:07,2017-08-16 04:59:07
13991889,Community,Yo Tambien Tocaba Timbres Y Salia Corriendo XD,167037533347494,2017-08-16 04:59:07,2017-08-16 04:59:07
13991889,Product/Service,The Nickelodeon Block on Yardsellr,167044976669932,2017-08-16 04:59:07,2017-08-16 04:59:07
13991889,Education,Oie te caiste De chiquit@ por eso Quedaste tontit@ vera?,167221110055407,2017-08-16 04:59:07,2017-08-16 04:59:07
13991889,Community,te caiste?NO le quise contar un secreto al piso,167262206692393,2017-08-16 04:59:07,2017-08-16 04:59:07
13991889,Artist,Que chingado es esto,167300146732086,2017-08-16 04:59:07,2017-08-16 04:59:07
13991889,Comedian,Primero leiste esto y segundo esto y tercero esto,167422180041758,2017-08-16 04:59:07,2017-08-16 04:59:07
13991889,Community,yo amo CooKie MonSter,167495256637982,2017-08-16 04:59:07,2017-08-16 04:59:07
13991889,Musician/Band,Mother of The Beatles,168023253315593,2017-08-16 04:59:07,2017-08-16 04:59:07
13991889,Community,Feel like a sir,168040846586189,2017-08-16 04:59:07,2017-08-16 04:59:07
13991889,Website,Por esas frases inolvidables,168061826571334,2017-08-16 04:59:07,2017-08-16 04:59:07
13991889,Radio Station,Estación Imaginaria podcast,1680718528854475,2017-08-16 04:59:07,2017-08-16 04:59:07
13991889,Community,Sos un pelotudo,168141033615,2017-08-16 04:59:07,2017-08-16 04:59:07
13991889,TV Channel,MTVLA,1681413755477927,2017-08-16 04:59:07,2017-08-16 04:59:07
13991889,Movie,Men In Black,168169803229342,2017-08-16 04:59:07,2017-08-16 04:59:07
13991889,Community,Son Goten,168262319981569,2017-08-16 04:59:07,2017-08-16 04:59:07
13991889,Community,Sin mi no serias el gran estudiante q eres att wikipedia ¬¬,168356839878393,2017-08-16 04:59:07,2017-08-16 04:59:07
13991889,Fictional Character,Tu Puta Madre lo Hara,168383176605890,2017-08-16 04:59:07,2017-08-16 04:59:07
13991889,Community,Valora lo que tienes' Supera lo que te duele y lucha por lo que quieres ;D,168496436610281,2017-08-16 04:59:07,2017-08-16 04:59:07
13991889,Company,Fingersoft,168579723229151,2017-08-16 04:59:07,2017-08-16 04:59:07
13991889,Community,TWD,168978086574929,2017-07-11 22:01:21,2017-07-11 22:01:21
13991889,Product/Service,Nesquik,1691272374467151,2018-03-02 00:18:23,2018-03-02 00:18:23
13991889,Movie,Phineas y Ferb La Película: A Traves de la Segunda Dimensión,169147009845594,2017-08-16 04:59:07,2017-08-16 04:59:07
13991889,Community,A la mierda con tus cadenitas gay,169147179880725,2017-08-16 04:59:07,2017-08-16 04:59:07
13991889,Entrepreneur,Jack Dorsey,169184749782285,2017-08-16 04:59:07,2017-08-16 04:59:07
13991889,Movie,El Conjuro,1692177077691697,2017-08-16 04:59:07,2017-08-16 04:59:07
13991889,Artist,Marcelo Tinelli,1692737874380983,2017-08-16 04:59:07,2017-08-16 04:59:07
13991889,Artist,Tom Hiddleston,169352829862090,2017-08-16 04:59:07,2017-08-16 04:59:07
13991889,TV Show,Hora de Aventuras,169400673074206,2017-07-11 22:01:21,2017-07-11 22:01:21
13991889,Fictional Character,Mother Of Jocker,170033499724277,2017-08-16 04:59:07,2017-08-16 04:59:07
13991889,Health/Beauty,El chico del cereal,170098713044720,2017-08-16 04:59:07,2017-08-16 04:59:07
13991889,Public Figure,Zendaya,170165893024463,2017-08-16 04:59:07,2017-08-16 04:59:07
13991889,TV Channel,Canal FX,170177629432,2017-08-16 04:59:07,2017-08-16 04:59:07
13991889,Community,El pollito Pio El Pollito Pio,170274773111145,2017-08-16 04:59:07,2017-08-16 04:59:07
13991889,Fictional Character,Tipico: Te gusta alguien & tiene novio(A) ¬¬',170376499680424,2017-08-16 04:59:07,2017-08-16 04:59:07
13991889,Games/Toys,Gta sanandreas,170506719658115,2017-08-16 04:59:07,2017-08-16 04:59:07
13991889,Album,Futbol para mujeres,170684103086030,2017-08-16 04:59:07,2017-08-16 04:59:07
13991889,Movie,Jackass - Il film,170748526277188,2017-08-16 04:59:07,2017-08-16 04:59:07
13991889,Musician/Band,Ambkor,170759032715,2017-08-16 04:59:07,2017-08-16 04:59:07
13991889,Artist,-Creador,170986156352196,2017-08-16 04:59:07,2017-08-16 04:59:07
13991889,Fictional Character,You Don't Say?,170987796332466,2017-08-16 04:59:07,2017-08-16 04:59:07
13991889,Entertainment Website,Top Vines,171112259610923,2017-08-16 04:59:07,2017-08-16 04:59:07
13991889,Comedian,CSM esa te salio Bacan lanza lo q te metes pa hacer una iwal,171147352960183,2017-08-16 04:59:07,2017-08-16 04:59:07
13991889,Product/Service,Speed Unlimited World Community,171183646239666,2017-08-16 04:59:07,2017-08-16 04:59:07
13991889,Health/Beauty,Rexona,171289003062916,2017-08-16 04:59:07,2017-08-16 04:59:07
13991889,Movie Theater,Los Mejores Chistes E Imagenes,171552376287408,2017-07-11 22:01:21,2017-07-11 22:01:21
13991889,Cars,Chevrolet,171768044491,2017-08-16 04:59:07,2017-08-16 04:59:07
13991889,Comedian,LOS MEMES (CHISTES),171773312884872,2017-08-16 04:59:07,2017-08-16 04:59:07
13991889,Community,"Rock, Metal y Tatuajes",171794552867969,2017-08-16 04:59:07,2017-08-16 04:59:07
13991889,Comedian,Me emputa que me digas que le de like a tu estado,171804796228292,2017-08-16 04:59:07,2017-08-16 04:59:07
13991889,Camera/Photo,GoPro,1718662418398378,2017-08-16 04:59:07,2017-08-16 04:59:07
13991889,News & Media Website,Forever alone HD,171874136227054,2017-08-16 04:59:07,2017-08-16 04:59:07
13991889,News Personality,"Si Claro, y Yo Soy El Guazon ¬¬",171900366288130,2017-08-16 04:59:07,2017-08-16 04:59:07
13991889,Dancer,Mother Of Timmy Turner,171944149540954,2017-08-16 04:59:07,2017-08-16 04:59:07
13991889,Fictional Character,Inglip,172055482848716,2017-08-16 04:59:07,2017-08-16 04:59:07
13991889,Musician/Band,LOS BATICHURROS,172105672858014,2017-08-16 04:59:07,2017-08-16 04:59:07
13991889,Company,Galaxy S4,172169426323180,2017-08-16 04:59:07,2017-08-16 04:59:07
13991889,Entertainment Website,El de arriba es gay. ????,172322046228179,2017-08-16 04:59:07,2017-08-16 04:59:07
13991889,Community,Siempre Hay Un Metiche En Las Fotos S:,172405952819263,2017-08-16 04:59:07,2017-08-16 04:59:07
13991889,Comedian,I'm Random 'cause being ordinary is Boring,172441399559119,2017-08-16 04:59:07,2017-08-16 04:59:07
13991889,Media/News Company,RIVER DESDE ADENTRO,172502183425,2017-08-16 04:59:07,2017-08-16 04:59:07
13991889,Band,LAS PASTILLAS DEL ABUELO,172566534674,2017-08-16 04:59:07,2017-08-16 04:59:07
13991889,Community,Me gusta soñar contigo *-*,172596146154105,2017-08-16 04:59:07,2017-08-16 04:59:07
13991889,Entertainment Website,Yo tambn dije la verdad y no me creyeron por reirme xD,172631266183396,2017-08-16 04:59:07,2017-08-16 04:59:07
13991889,Education,Maximun Trolling,172720462781769,2018-01-16 07:20:16,2018-01-16 07:20:16
13991889,Fictional Character,La novia del amigo del hermano del chico cereal,172751496113613,2017-08-16 04:59:07,2017-08-16 04:59:07
13991889,Community,El chiste No Mames Pendejo ¬¬,172870666146304,2017-08-16 04:59:07,2017-08-16 04:59:07
13991889,Musician/Band,El Chojin,173025569163,2017-08-16 04:59:07,2017-08-16 04:59:07
13991889,TV Show,Ugly Americans,173036869115,2017-07-11 22:01:21,2017-07-11 22:01:21
13991889,Grocery Store,Ferrero Rocher,1731736867054362,2017-08-16 04:59:07,2017-08-16 04:59:07
13991889,Community,Memes Para El Chat Del Face,173177649455047,2017-08-16 04:59:07,2017-08-16 04:59:07
13991889,Fictional Character,"Excelente historia, Hizo llorar a Ronaldinho",173239069464779,2017-08-16 04:59:07,2017-08-16 04:59:07
13991889,Musician/Band,Queen,17337462361,2017-08-16 04:59:07,2017-08-16 04:59:07
13991889,Entertainment Website,Juegos Divertidos,173437322686579,2017-08-16 04:59:07,2017-08-16 04:59:07
13991889,Consulting Agency,Facebook para empresas,173438009377975,2017-08-16 04:59:07,2017-08-16 04:59:07
13991889,Musician/Band,Mother of Michael Jackson,173472752775218,2017-08-16 04:59:07,2017-08-16 04:59:07
13991889,Company,Mimo & Co,173478837618,2017-08-16 04:59:07,2017-08-16 04:59:07
13991889,Teacher,odio estar enojado contigo y sentir la nesesidad de hablarte :s,173582049396511,2017-08-16 04:59:07,2017-08-16 04:59:07
13991889,Artist,dime que te paso ?T_T,173682826047904,2017-08-16 04:59:07,2017-08-16 04:59:07
13991889,Movie,Ratatouille,17377140236,2017-08-16 04:59:07,2017-08-16 04:59:07
13991889,Website,Mundo Aliados - Telefe,173801846105879,2017-08-16 04:59:07,2017-08-16 04:59:07
13991889,Artist,German Garmendia,174001176049618,2017-08-16 04:59:07,2017-08-16 04:59:07
13991889,Community,Estado : loco por ti,174006829338353,2017-08-16 04:59:07,2017-08-16 04:59:07
13991889,Community,"Y colorin colorado, me perdiste por tarado",174038919356663,2017-08-16 04:59:07,2017-08-16 04:59:07
13991889,Games/Toys,SpeedX 3D,174091225955172,2017-08-16 04:59:07,2017-08-16 04:59:07
13991889,Arts & Entertainment,Odio el colegio,174145636073998,2017-08-16 04:59:07,2017-08-16 04:59:07
13991889,Media/News Company,las mejores viñetas de memes imagenes y mas,174198192672663,2017-08-16 04:59:07,2017-08-16 04:59:07
13991889,Community,El chico del Cereal,174261392631608,2017-08-16 04:59:07,2017-08-16 04:59:07
13991889,Public Figure,Barney,174278895208,2017-08-16 04:59:07,2017-08-16 04:59:07
13991889,Clothing (Brand),Fox Racing,174331931145,2017-08-16 04:59:07,2017-08-16 04:59:07
13991889,Sports & Recreation,Girl Skateboards,174509612622399,2017-08-16 04:59:07,2017-08-16 04:59:07
13991889,Entertainment Website,Mother of Einstein,174895825900315,2017-08-16 04:59:07,2017-08-16 04:59:07
13991889,TV Network,??? Concuerdo Con El Wachiturro SubDeformado De Arriba ???,174970455944418,2017-07-11 22:01:21,2017-07-11 22:01:21
13991889,Automotive Manufacturer,Citroën,174982402524062,2017-08-16 04:59:07,2017-08-16 04:59:07
13991889,Fictional Character,Y a quien chucha le importa?,174985789288672,2017-08-16 04:59:07,2017-08-16 04:59:07
13991889,Arts & Entertainment,HABLA,174999385919664,2017-08-16 04:59:07,2017-08-16 04:59:07
13991889,Musician/Band,Big Time Rush,175461263128,2017-08-16 04:59:07,2017-08-16 04:59:07
13991889,Entertainment Website,Las mejores frases,175495555816047,2017-08-16 04:59:07,2017-08-16 04:59:07
13991889,Public Figure,Floralisa,175511279161836,2017-08-16 04:59:07,2017-08-16 04:59:07
13991889,Community,Google Loco,175659779149133,2017-08-16 04:59:07,2017-08-16 04:59:07
13991889,News & Media Website,Diario Panorama,175673208020,2017-08-16 04:59:07,2017-08-16 04:59:07
13991889,Community,Videos Divertidos,175732202622620,2017-08-16 04:59:07,2017-08-16 04:59:07
13991889,Radio Station,Te caiste? no pendejo le conte un secreto al piso,175756705889887,2017-08-16 04:59:07,2017-08-16 04:59:07
13991889,Nonprofit Organization,Que es eso? quemenlo con fuego y tirenlo al rio .l.,175810779193474,2017-08-16 04:59:07,2017-08-16 04:59:07
13991889,Food & Beverage Company,Frizzé,175984854514,2017-08-16 04:59:07,2017-08-16 04:59:07
13991889,Athlete,Leo Messi,176063032413299,2017-08-16 04:59:07,2017-08-16 04:59:07
13991889,Community,Señor iracundo,176065942520181,2017-08-16 04:59:07,2017-08-16 04:59:07
13991889,Comedian,Te Caiste :o No we estoi buscando hormigas pendejo ¬¬,176070305832003,2017-08-16 04:59:07,2017-08-16 04:59:07
13991889,Fictional Character,Paint Detected,176083102481781,2017-08-16 04:59:07,2017-08-16 04:59:07
13991889,Personal Blog,jajajajajajajajajjajaja No Entendi ._.,176169289131505,2017-08-16 04:59:07,2017-08-16 04:59:07
13991889,Athlete,Te regalo 2 medallas 1 por Idiota y Otra por si se te pierde,176341045824834,2017-08-16 04:59:07,2017-08-16 04:59:07
13991889,Just For Fun,Mother of Nigga,176372969236479,2017-08-16 04:59:07,2017-08-16 04:59:07
13991889,Public Figure,EL PIBE PLAY,176470987238,2017-08-16 04:59:07,2017-08-16 04:59:07
13991889,Literary Editor,El hermano loco  del chico cereal,176505209116258,2017-08-16 04:59:07,2017-08-16 04:59:07
13991889,Health/Beauty,Avon,176590149033283,2017-08-16 04:59:07,2017-08-16 04:59:07
13991889,Website,DragonBall.UNO,176613182750831,2017-08-16 04:59:07,2017-08-16 04:59:07
13991889,Community,4ever Friends,176630459201639,2017-08-16 04:59:07,2017-08-16 04:59:07
13991889,Movie/Television Studio,"""Challengedenied:"".",176660069109482,2017-08-16 04:59:07,2017-08-16 04:59:07
13991889,Home,Minicuotas Ribeiro,176767117546,2017-08-16 04:59:07,2017-08-16 04:59:07
13991889,Local Business,tipico que te vay a salir de Messenger y alguien te habla!,176780064404,2017-08-16 04:59:07,2017-08-16 04:59:07
13991889,Artist,La Mona Jiménez,176867942927,2017-08-16 04:59:07,2017-08-16 04:59:07
13991889,Athlete,Antomito,176873662323169,2017-08-16 04:59:07,2017-08-16 04:59:07
13991889,Media/News Company,Mother of nintendo.,176896202446373,2017-08-16 04:59:07,2017-08-16 04:59:07
13991889,Health/Beauty,LUX,176953998991107,2017-08-16 04:59:07,2017-08-16 04:59:07
13991889,Fictional Character,"""Gokú""",176999372433587,2017-08-16 04:59:07,2017-08-16 04:59:07
13991889,News & Media Website,UNEFA - LARA,177074049011125,2017-08-16 04:59:07,2017-08-16 04:59:07
13991889,Food & Beverage Company,Lay's Argentina,177188038995517,2017-08-16 04:59:07,2017-08-16 04:59:07
13991889,Food & Beverage Company,Cerveza,17719847459,2017-08-16 04:59:07,2017-08-16 04:59:07
13991889,Movie,Bolt,177437215630726,2017-08-16 04:59:07,2017-08-16 04:59:07
13991889,TV Show,The Muppets,177534557034,2017-08-16 04:59:07,2017-08-16 04:59:07
13991889,Movie,The Incredibles,17765071054,2017-08-16 04:59:07,2017-08-16 04:59:07
13991889,Producer,Amo los Memes,177664829020971,2017-08-16 04:59:07,2017-08-16 04:59:07
13991889,Public Figure,Mr Bean,17774451468,2017-08-16 04:59:07,2017-08-16 04:59:07
13991889,Fictional Character,Frases De Patricio Estrella,177762482376180,2017-08-16 04:59:07,2017-08-16 04:59:07
13991889,Spa,Relationship Goals??,177785319655,2017-08-16 04:59:07,2017-08-16 04:59:07
13991889,TV Channel,"Te caiste?-No, quiero abrasar el suelo xD",177803895652011,2017-08-16 04:59:07,2017-08-16 04:59:07
13991889,Artist,Chuck Norris puede descargar de Megaupload,177998918968333,2017-08-16 04:59:07,2017-08-16 04:59:07
13991889,Community,Y a quien mierda le importa?,178054442289205,2017-08-16 04:59:07,2017-08-16 04:59:07
13991889,Fictional Character,"Bonita historia no entendí un carajo, pero bonita historia",178227618964440,2017-08-16 04:59:07,2017-08-16 04:59:07
13991889,Fictional Character,[Humor polémico] Mother of Pedobear,178285658907091,2017-08-16 04:59:07,2017-08-16 04:59:07
13991889,Games/Toys,Super Crayon,178382378882149,2017-08-16 04:59:07,2017-08-16 04:59:07
13991889,Fictional Character,-Fortinator-,178639522270971,2017-08-16 04:59:07,2017-08-16 04:59:07
13991889,Personal Blog,Te caíste? No!! pasaba a saludar el suelo,178677105520509,2017-08-16 04:59:07,2017-08-16 04:59:07
13991889,Movie,Oye! te llamas google? no porque? es que todos te usan.,178708865523920,2017-08-16 04:59:07,2017-08-16 04:59:07
13991889,Fictional Character,Forever Alone ?,178756105586695,2017-08-16 04:59:07,2017-08-16 04:59:07
13991889,TV/Movie Award,Kids' Choice Awards,178783132167001,2017-08-16 04:59:07,2017-08-16 04:59:07
13991889,College & University,Sanit row,178784725544463,2017-08-16 04:59:07,2017-08-16 04:59:07
13991889,Community,PSY Gangnam,179104086151796,2018-02-18 17:11:03,2018-02-18 17:11:03
13991889,Musician/Band,Plan B,179119498423,2017-08-16 04:59:07,2017-08-16 04:59:07
13991889,Just For Fun,La Cumbancha Volante,179247985555,2017-08-16 04:59:07,2017-08-16 04:59:07
13991889,Author,Logan Henderson,179435762096078,2017-08-16 04:59:07,2017-08-16 04:59:07
13991889,Community,Mi Felicidad Lleva Tu Nombre \*.*/,179537002099831,2017-08-16 04:59:07,2017-08-16 04:59:07
13991889,Community,ME FUI A BAÑAR MANGA DE SUCIOS,179553105429435,2017-08-16 04:59:07,2017-08-16 04:59:07
13991889,Comedian,el cereal del chico del cereal,179595428758640,2017-08-16 04:59:07,2017-08-16 04:59:07
13991889,Community,Los simsons,179654795379917,2017-08-16 04:59:07,2017-08-16 04:59:07
13991889,Entertainment Website,Yo también dije voy en camino y nisiquiera habia salido!xd,179769605377602,2017-08-16 04:59:07,2017-08-16 04:59:07
13991889,Personal Website,Pablosky,179900862126865,2017-08-16 04:59:07,2017-08-16 04:59:07
13991889,Community,Te caiste ? no solo buscaba cinco pesos ¬¬',179903272063345,2017-08-16 04:59:07,2017-08-16 04:59:07
13991889,Fictional Character,Dragon ball z la mejor animacion del mundo,179950225463667,2017-08-16 04:59:07,2017-08-16 04:59:07
13991889,Artist,Tipico : Ves La Rosa de Guadalupe en 3D y sientes el airecito Xd La Ruda ?,180170782065150,2017-07-11 22:01:21,2017-07-11 22:01:21
13991889,Entertainment Website,TutteVlogs,180187855463410,2017-08-16 04:59:07,2017-08-16 04:59:07
13991889,Sports Team,Tennis Fan,180327502059536,2017-08-16 04:59:07,2017-08-16 04:59:07
13991889,TV Show,Teen Mom,180338337342,2017-07-11 22:01:21,2017-07-11 22:01:21
13991889,Residence,Dulzura de Oso,180345845313141,2017-08-16 04:59:07,2017-08-16 04:59:07
13991889,Magazine,PM,180349245863600,2017-11-28 20:46:49,2017-11-28 20:46:49
13991889,TV & Movies,The Avengers Movie (2012),180390152007274,2017-08-16 04:59:07,2017-08-16 04:59:07
13991889,Fictional Character,Mother of forever alone,180595302037163,2017-08-16 04:59:07,2017-08-16 04:59:07
13991889,TV Show,Un Año Para Recordar,180610141964123,2017-08-16 04:59:07,2017-08-16 04:59:07
13991889,Community,-oe te caiste? -Noo solo kise darle 1 abraso al piso ¬¬,180625858708634,2017-08-16 04:59:07,2017-08-16 04:59:07
13991889,Song,No Sabes Cuantho Te Xtraño!!!! :C,180826831990613,2017-08-16 04:59:07,2017-08-16 04:59:07
13991889,Athlete,El de arriba me la suda en 3D y HD  ???? XDDD,181005122009247,2017-08-16 04:59:07,2017-08-16 04:59:07
13991889,Community,"Counter Strike: más que un juego, una pasión",181093422010470,2017-08-16 04:59:07,2017-08-16 04:59:07
13991889,TV Show,"Con $15 Pesos , Me Ago Alto Guiso",181363045283497,2017-07-11 22:01:21,2017-07-11 22:01:21
13991889,Website,Frases Posta,181412095293612,2017-08-16 04:59:07,2017-08-16 04:59:07
13991889,Company,¿Quién no se comió un Palito de la Selva con papel porque no salia? Jaja!,181412871851,2017-08-16 04:59:07,2017-08-16 04:59:07
13991889,Movie/Television Studio,Walt Disney Studios,181419511896483,2017-08-16 04:59:07,2017-08-16 04:59:07
13991889,Community,Yo tambien soy Fiel,181523248525940,2017-08-16 04:59:07,2017-08-16 04:59:07
13991889,Artist,El papa del chico cereal,181533191899597,2017-08-16 04:59:07,2017-08-16 04:59:07
13991889,Movie,Resident evil 4 (película),181607958539669,2017-08-16 04:59:07,2017-08-16 04:59:07
13991889,Magazine,Tiras De Humor,181609218548323,2017-08-16 04:59:07,2017-08-16 04:59:07
13991889,Community,Los Simsons,181735901854459,2017-08-16 04:59:07,2017-08-16 04:59:07
13991889,Local Business,Plantas Vs Zombies (El Mejor Juego Lejos),181966567759,2017-08-16 04:59:07,2017-08-16 04:59:07
13991889,Artist,Tony Dize,18206064282,2017-08-16 04:59:07,2017-08-16 04:59:07
13991889,Product/Service,adidas,182162001806727,2017-08-16 04:59:07,2017-08-16 04:59:07
13991889,Public Figure,WTF !?,182242051820358,2017-08-16 04:59:07,2017-08-16 04:59:07
13991889,Amateur Sports Team,Las 15 Mejores Imagenes De Doble Sentido,182449751864446,2017-08-16 04:59:07,2017-08-16 04:59:07
13991889,Athlete,Me la suda tanto que crearé un mar para Bolivia.,182465331868127,2017-08-16 04:59:07,2017-08-16 04:59:07
13991889,Other,Fashion,182562058767461,2017-08-16 04:59:07,2017-08-16 04:59:07
13991889,Movie,airon man,182692108475577,2017-08-16 04:59:07,2017-08-16 04:59:07
13991889,Personal Website,Típico: -Haces o dices algo estúpido y tus amigos JAMÁS lo superan.¬¬,182695971801882,2017-08-16 04:59:07,2017-08-16 04:59:07
13991889,Community,Selección La Roja,1827239194230644,2017-08-16 04:59:07,2017-08-16 04:59:07
13991889,Locality,Budweiser,182761031735164,2017-08-16 04:59:07,2017-08-16 04:59:07
13991889,Fictional Character,Justin Gayber,182782831770987,2017-08-16 04:59:07,2017-08-16 04:59:07
13991889,Company,Plan B Skateboards,182836775061303,2017-08-16 04:59:07,2017-08-16 04:59:07
13991889,Entertainment Website,Raisins,182934508422131,2017-08-16 04:59:07,2017-08-16 04:59:07
13991889,Product/Service,DIRECTV Latin America,183053338410715,2017-08-16 04:59:07,2017-08-16 04:59:07
13991889,Entertainment Website,Infancia Arruinada en 3 2 1.,183089998447740,2017-08-16 04:59:07,2017-08-16 04:59:07
13991889,Artist,LA AMIGA DEL CHICO CEREAL,183187721732894,2017-08-16 04:59:07,2017-08-16 04:59:07
13991889,Artist,by Cris Morena,183217175127074,2017-07-11 22:01:21,2017-07-11 22:01:21
13991889,App Page,piZap Photo Editor,183248095077043,2017-08-16 04:59:07,2017-08-16 04:59:07
13991889,Public Figure,Familia Meme,183289535095909,2017-08-16 04:59:07,2017-08-16 04:59:07
13991889,Entertainment Website,Imagenes FUUU,183393161701325,2017-08-16 04:59:07,2017-08-16 04:59:07
13991889,Athlete,Danny Strike LWA,183467165721598,2018-02-18 17:11:03,2018-02-18 17:11:03
13991889,Movie,Projecto X,183718825061906,2017-08-16 04:59:07,2017-08-16 04:59:07
13991889,Movie,X-Men Películas,183724981667735,2017-08-16 04:59:07,2017-08-16 04:59:07
13991889,TV Show,Bailando por un Sueño,183775548336756,2017-07-11 22:01:21,2017-07-11 22:01:21
13991889,Musician/Band,Endecah,183855351652688,2017-08-16 04:59:07,2017-08-16 04:59:07
13991889,Public Figure,Si le rezas mucho a san pendejo. vdd? ¬¬,183864308385817,2017-08-16 04:59:07,2017-08-16 04:59:07
13991889,Entertainment Website,Mal Pensados...!,183896219099,2017-08-16 04:59:07,2017-08-16 04:59:07
13991889,Games/Toys,Zynga RewardVille,184192701612211,2017-08-16 04:59:07,2017-08-16 04:59:07
13991889,TV Channel,los simsons,184322008308900,2017-08-16 04:59:07,2017-08-16 04:59:07
13991889,Entertainment Website,faceeboOk protegido por la mafia ¬¬,184406881644075,2017-08-16 04:59:07,2017-08-16 04:59:07
13991889,Movie,"Dios ,soy el primer comentario,esta es mi gran oportunidad: Hola má :3",184620398327317,2017-08-16 04:59:07,2017-08-16 04:59:07
13991889,Public Figure,LA NOVIA DEL CHICO DEL CEREAL,184662234918673,2017-08-16 04:59:07,2017-08-16 04:59:07
13991889,Movie,The Karate Kid,184695207750,2017-08-16 04:59:07,2017-08-16 04:59:07
13991889,Book,Que diría tu madre si te ve mendigando likes así ?,184825521614669,2017-08-16 04:59:07,2017-08-16 04:59:07
13991889,Personal Blog,Yo te amoo soloo atti:3',184860131605249,2017-08-16 04:59:07,2017-08-16 04:59:07
13991889,Artist,•Selena Gómez es mi ídola•,185140638295800,2017-08-16 04:59:07,2017-08-16 04:59:07
13991889,Company,Facebook,185150934832623,2017-08-16 04:59:07,2017-08-16 04:59:07
13991889,Community,??Juegame Los Huev?s Y No Mis Sentimientos??,185180044836269,2017-08-16 04:59:07,2017-08-16 04:59:07
13991889,TV Show,El elegido,185258761502583,2017-07-11 22:01:21,2017-07-11 22:01:21
13991889,Video Game,Resident Evil,185275861493309,2017-08-16 04:59:07,2017-08-16 04:59:07
13991889,Entertainment Website,La Voz del Monstruo,185317808168265,2017-08-16 04:59:07,2017-08-16 04:59:07
13991889,Website,Elemental Watson,185321994833408,2017-08-16 04:59:07,2017-08-16 04:59:07
13991889,Movie,Warner Bros. Pictures Argentina,185370181482276,2017-08-16 04:59:07,2017-08-16 04:59:07
13991889,Personal Blog,La Jess,185649601570233,2017-08-16 04:59:07,2017-08-16 04:59:07
13991889,Fictional Character,A mi también me dan igual los lunes en vacaciones,185853041536413,2017-08-16 04:59:07,2017-08-16 04:59:07
13991889,Computers & Internet Website,Static FBML 2011,185908514792892,2017-08-16 04:59:07,2017-08-16 04:59:07
13991889,Artist,MEMEando,185956921493027,2017-08-16 04:59:07,2017-08-16 04:59:07
13991889,Public Figure,El Chico del Cereal,185970984814268,2017-08-16 04:59:07,2017-08-16 04:59:07
13991889,Arts & Entertainment,Donde hubo besos Ganas Quedan,186187181407264,2017-08-16 04:59:07,2017-08-16 04:59:07
13991889,Fictional Character,Gingy,18635077121,2017-08-16 04:59:07,2017-08-16 04:59:07
13991889,Movie,Men In Black II,186476191384558,2017-08-16 04:59:07,2017-08-16 04:59:07
13991889,Local Business,Photoshop detected,186500784753207,2017-08-16 04:59:07,2017-08-16 04:59:07
13991889,Games/Toys,PLAY STATION 2,18651374805,2017-08-16 04:59:07,2017-08-16 04:59:07
13991889,Comedian,"Pepito el cabron ""-""",186541081462237,2017-08-16 04:59:07,2017-08-16 04:59:07
13991889,Community,Emma Stone-USA,186695414831649,2017-08-16 04:59:07,2017-08-16 04:59:07
13991889,Fictional Character,Roque Fort,186913045886,2017-08-16 04:59:07,2017-08-16 04:59:07
13991889,TV Show,Ridículos (Ridiculousness),186968561404325,2017-07-11 22:01:21,2017-07-11 22:01:21
13991889,TV Season,A Todo Ritmo,187278851290501,2017-07-11 22:01:21,2017-07-11 22:01:21
13991889,Company,Libertad S.A.,187333941307586,2017-08-16 04:59:07,2017-08-16 04:59:07
13991889,Entertainment Website,Tokyo Otaku Mode,187477207946509,2017-08-16 04:59:07,2017-08-16 04:59:07
13991889,Company,Villavicencio,187547974590125,2017-08-16 04:59:07,2017-08-16 04:59:07
13991889,Public Figure,WHAT THE FUCK?,187555214654442,2017-08-16 04:59:07,2017-08-16 04:59:07
13991889,Fictional Character,Nothing To Fap Here,187878981262160,2017-08-16 04:59:07,2017-08-16 04:59:07
13991889,Community,TIPICO: estoy cantando y el autor se equivoca ¬¬,187924564588697,2017-08-16 04:59:07,2017-08-16 04:59:07
13991889,Entertainment Website,Porque Dices Mamadas ¬¬,187946087978720,2017-08-16 04:59:07,2017-08-16 04:59:07
13991889,Magazine,La Billiken,188042054567683,2017-08-16 04:59:07,2017-08-16 04:59:07
13991889,Nonprofit Organization,QUE TAN Gracioso Eres?,188088094624809,2017-08-16 04:59:07,2017-08-16 04:59:07
13991889,Fictional Character,Mother of Gaga,188160167898148,2017-08-16 04:59:07,2017-08-16 04:59:07
13991889,Album,Oppa Gangnam Style~,188166814647720,2017-08-16 04:59:07,2017-08-16 04:59:07
13991889,Public Figure,Otro Show Viral,188167164576542,2017-08-16 04:59:07,2017-08-16 04:59:07
13991889,Fictional Character,Fukencio,188231497895082,2017-08-16 04:59:07,2017-08-16 04:59:07
13991889,Just For Fun,Buuuu!! te mereces esto .l.,188380527908581,2017-08-16 04:59:07,2017-08-16 04:59:07
13991889,Community,Amor Monumental,188408550237,2017-08-16 04:59:07,2017-08-16 04:59:07
13991889,Fictional Character,Fuckencio,188486207864004,2017-08-16 04:59:07,2017-08-16 04:59:07
13991889,Games/Toys,Xbox360,188610817818992,2017-08-16 04:59:07,2017-08-16 04:59:07
13991889,Comedian,Las Cronicas De Alfredito,188858317905794,2017-08-16 04:59:07,2017-08-16 04:59:07
13991889,Athlete,Nyjah Huston,188863564482990,2017-08-16 04:59:07,2017-08-16 04:59:07
13991889,Entertainment Website,eslamoda.com,189016727730,2017-08-16 04:59:07,2017-08-16 04:59:07
13991889,Public Figure,Baia Baia,189129301163323,2017-08-16 04:59:07,2017-08-16 04:59:07
13991889,Public Figure,Maximum Challenge Accepted,189133821206188,2017-08-16 04:59:07,2017-08-16 04:59:07
13991889,Community,Criaturitas Del Señor:3,189369927919380,2017-08-16 04:59:07,2017-08-16 04:59:07
13991889,Athlete,El tio nadador del chico del cereal.,189413231121455,2017-08-16 04:59:07,2017-08-16 04:59:07
13991889,Community,"""YO  LLORAR POR TI"". PORFAVOR SI TU NO VALES NADA,	MEJOR VETE AL DEMONIO.",189428261114464,2017-08-16 04:59:07,2017-08-16 04:59:07
13991889,Public Figure,MinecraftZaragoza,189555804495010,2017-08-16 04:59:07,2017-08-16 04:59:07
13991889,TV Show,American Dad,18957981609,2017-07-11 22:01:21,2017-07-11 22:01:21
13991889,Community,Chokolate para ti :3,189610594513347,2017-08-16 04:59:07,2017-08-16 04:59:07
13991889,News Personality,La Tribuna del Norte,189612511069118,2017-08-16 04:59:07,2017-08-16 04:59:07
13991889,App Page,The Sandbox,189722027758125,2017-08-16 04:59:07,2017-08-16 04:59:07
13991889,Sports Team,Skate,189897721021887,2017-08-16 04:59:07,2017-08-16 04:59:07
13991889,Movie,Ghost Rider,190107757674768,2017-08-16 04:59:07,2017-08-16 04:59:07
13991889,Athlete,"Que bonito tu pelo *-* , debe ser por Dog chow, PINCHE PERRA.",190110674390468,2017-08-16 04:59:07,2017-08-16 04:59:07
13991889,Sports Team,Club Atlético River Plate,190145714465524,2017-08-16 04:59:07,2017-08-16 04:59:07
13991889,Public Figure,Mother of Velociraptor,190184431043723,2017-08-16 04:59:07,2017-08-16 04:59:07
13991889,Just For Fun,Tipico: Te matan y te mueres,190271627736190,2017-08-16 04:59:07,2017-08-16 04:59:07
13991889,Local Business,Dañao De Fabrica,190319751027060,2017-08-16 04:59:07,2017-08-16 04:59:07
13991889,Education Website,"¿Escuela?  No, mejor vendo chicles",190508837690027,2017-08-16 04:59:07,2017-08-16 04:59:07
13991889,Comedian,Ves las pendejadas de los Memes y ries como idiota xD,190542801061429,2017-08-16 04:59:07,2017-08-16 04:59:07
13991889,Fictional Character,Stupidity face,190571261003440,2017-08-16 04:59:07,2017-08-16 04:59:07
13991889,Musician/Band,Enrique Iglesias,19061333123,2017-08-16 04:59:07,2017-08-16 04:59:07
13991889,Sports Team,"Te Caiste?, No Me Agache A Saludar A La Hormiga Atomica Estupido! :@",190668220979915,2017-08-16 04:59:07,2017-08-16 04:59:07
13991889,Musician/Band,El de arriba es gay,190708794311974,2017-08-16 04:59:07,2017-08-16 04:59:07
13991889,Personal Blog,BloggerAlnetsito,190767084296819,2017-11-28 20:46:49,2017-11-28 20:46:49
13991889,Comedian,La prima del chico cereal,190888604290432,2017-08-16 04:59:07,2017-08-16 04:59:07
13991889,Public Figure,Cuando Lo Veas o.O,190892794337259,2017-08-16 04:59:07,2017-08-16 04:59:07
13991889,TV Show,Bones,19097964496,2017-07-11 22:01:21,2017-07-11 22:01:21
13991889,Games/Toys,EA SPORTS FIFA,191027189287,2017-08-16 04:59:07,2017-08-16 04:59:07
13991889,Musician/Band,Bombita Rodríguez,19109137099,2017-08-16 04:59:07,2017-08-16 04:59:07
13991889,Travel Company,Beggia Estudiantil,191164267728244,2017-08-16 04:59:07,2017-08-16 04:59:07
13991889,Movie,Mickey Mouse,1912041195746961,2018-03-02 00:18:23,2018-03-02 00:18:23
13991889,Musician/Band,Daniel Fuentes,191266074270512,2017-08-16 04:59:07,2017-08-16 04:59:07
13991889,Community,Humor Gamer,191579497598554,2017-08-16 04:59:07,2017-08-16 04:59:07
13991889,Community,Cuando te caes y te dicen: “¿Te caiste?” -.-'' (No),191584560967706,2017-08-16 04:59:07,2017-08-16 04:59:07
13991889,Public Figure,Oh my Dior,191588967520197,2017-08-16 04:59:07,2017-08-16 04:59:07
13991889,Public Figure,Geografía al Límite,191776334245130,2017-08-16 04:59:07,2017-08-16 04:59:07
13991889,Community,"A la mierda la escuela,Yo  solo voy  para ver ala chica/o de mis sueños:3",191864694276031,2017-08-16 04:59:07,2017-08-16 04:59:07
13991889,Community,Me Gusta,191989920837819,2017-08-16 04:59:07,2017-08-16 04:59:07
13991889,Musician/Band,Xenon,192272657500267,2017-08-16 04:59:07,2017-08-16 04:59:07
13991889,Comedian,Justin Bieber andres,192288704221728,2017-08-16 04:59:07,2017-08-16 04:59:07
13991889,News & Media Website,Clickmedia.tv Español,192389497473044,2017-08-16 04:59:07,2017-08-16 04:59:07
13991889,Community,Infinito Desprecio.,192404844138603,2017-08-16 04:59:07,2017-08-16 04:59:07
13991889,Artist,Alfredito,192454217454549,2017-08-16 04:59:07,2017-08-16 04:59:07
13991889,TV Show,los simsons,192597384126776,2017-07-11 22:01:21,2017-07-11 22:01:21
13991889,Community,Escuela + profesor(a) = aburrimiento ¬¬,192724320789423,2017-08-16 04:59:07,2017-08-16 04:59:07
13991889,TV Show,Padre de Familia,192747769602,2017-07-11 22:01:21,2017-07-11 22:01:21
13991889,Product/Service,The Family Guy Block on Yardsellr,192750320741942,2017-08-16 04:59:07,2017-08-16 04:59:07
13991889,Product/Service,Facebook for Developers,19292868552,2017-08-16 04:59:07,2017-08-16 04:59:07
13991889,Product/Service,$138.80 - A5000 3.5,193069047412758,2017-08-16 04:59:07,2017-08-16 04:59:07
13991889,Just For Fun,buu ese comentario no es original .l.,193268220744401,2017-08-16 04:59:07,2017-08-16 04:59:07
13991889,News & Media Website,EsTrending,193351067350618,2017-08-16 04:59:07,2017-08-16 04:59:07
13991889,Video Game,Clash of Clans,1933882083494484,2018-03-02 00:18:23,2018-03-02 00:18:23
13991889,Website,The Verge,193742123995472,2017-08-16 04:59:07,2017-08-16 04:59:07
13991889,Entertainment Website,Notifap Oficial,194095580640375,2017-08-16 04:59:07,2017-08-16 04:59:07
13991889,Artist,Hechos Gomez,194329570614899,2017-08-16 04:59:07,2017-08-16 04:59:07
13991889,Community,"Exelente historia,faltaron ardillas zombies y 1 gallo pero fue buena",194398810675768,2017-08-16 04:59:07,2017-08-16 04:59:07
13991889,Street,Memes,194419204011406,2017-08-16 04:59:07,2017-08-16 04:59:07
13991889,App Page,Zuma Blitz,194575277304810,2017-08-16 04:59:07,2017-08-16 04:59:07
13991889,Website,Kizi,194979397186916,2017-08-16 04:59:07,2017-08-16 04:59:07
13991889,Musician,Vedito,195010920518244,2017-08-16 04:59:07,2017-08-16 04:59:07
13991889,News & Media Website,Reggae,19506269989,2017-08-16 04:59:07,2017-08-16 04:59:07
13991889,Home Decor,ALBA Pinturas,195107153844445,2017-08-16 04:59:07,2017-08-16 04:59:07
13991889,Community,Típico baile sexy que tienes que hacer para que te entre un pantalón.,195316933848082,2017-08-16 04:59:07,2017-08-16 04:59:07
13991889,Movie,Los Pitufos,195566733812833,2017-08-16 04:59:07,2017-08-16 04:59:07
13991889,Movie,Los Juegos del Hambre - La película,195576273818185,2017-08-16 04:59:07,2017-08-16 04:59:07
13991889,TV Channel,El nueve,195620063810444,2017-08-16 04:59:07,2017-08-16 04:59:07
13991889,Fictional Character,El novio del chico del cereal (Notese que es mujer),195649537147134,2017-08-16 04:59:07,2017-08-16 04:59:07
13991889,Movie,The Matrix,195843020454275,2017-08-16 04:59:07,2017-08-16 04:59:07
13991889,Public Figure,Mother of anonymous,196027653793477,2017-08-16 04:59:07,2017-08-16 04:59:07
13991889,Fictional Character,Fue mi idea,196101567148297,2017-08-16 04:59:07,2017-08-16 04:59:07
13991889,Musician/Band,Taylor Swift,19614945368,2017-08-16 04:59:07,2017-08-16 04:59:07
13991889,Blogger,Diego Trip's,196287647082929,2017-08-16 04:59:07,2017-08-16 04:59:07
13991889,Arts & Humanities Website,"Me voy a la mierda, chau",196323430402910,2017-08-16 04:59:07,2017-08-16 04:59:07
13991889,Fictional Character,Super vegetto,196403560502556,2017-08-16 04:59:07,2017-08-16 04:59:07
13991889,Community,Solo hay una explicación para esto: Espiritus Chocarreros,196406320462637,2017-08-16 04:59:07,2017-08-16 04:59:07
13991889,Personal Website,Portal Praias Brasil,196720478465,2017-08-16 04:59:07,2017-08-16 04:59:07
13991889,Movie,Metegol La Película,196812360449693,2017-08-16 04:59:07,2017-08-16 04:59:07
13991889,Personal Blog,"Paint, Paint Everywhere",196844277054437,2017-08-16 04:59:07,2017-08-16 04:59:07
13991889,Religious School,Colegio Corazón de María,196859533857066,2017-08-16 04:59:07,2017-08-16 04:59:07
13991889,Artist,I-MA-GI-NA-CIÓN! - Bob esponja,196903693679834,2017-08-16 04:59:07,2017-08-16 04:59:07
13991889,Musician/Band,Michael Jackson,19691681472,2017-08-16 04:59:07,2017-08-16 04:59:07
13991889,Other,La Familia del Barrio,196983440211,2017-07-11 22:01:21,2017-07-11 22:01:21
13991889,Community,Frases Lindas,197048586975789,2017-08-16 04:59:07,2017-08-16 04:59:07
13991889,News & Media Website,Android Central,197102911535,2017-08-16 04:59:07,2017-08-16 04:59:07
13991889,TV Show,Goku el mejor saiyajin,197169020412287,2017-07-11 22:01:21,2017-07-11 22:01:21
13991889,Interest,Uhh... Te caiste? -Nooooo!!! Senti atraccion por la tierra y le di un abrazo... IDIOTA! ¬¬,197216253629760,2017-08-16 04:59:07,2017-08-16 04:59:07
13991889,Artist,Quiero matar a todos los humanos. XD,197218340296432,2017-08-16 04:59:07,2017-08-16 04:59:07
13991889,Just For Fun,True Story,197221523659325,2017-08-16 04:59:07,2017-08-16 04:59:07
13991889,Just For Fun,El Facebook es un Vicio.,197381357032733,2017-08-16 04:59:07,2017-08-16 04:59:07
13991889,"Stadium, Arena & Sports Venue",FC Barcelona,197394889304,2017-08-16 04:59:07,2017-08-16 04:59:07
13991889,Public Figure,SI TE DIGO.,197451400364959,2017-08-16 04:59:07,2017-08-16 04:59:07
13991889,Just For Fun,Mother of Orthography,197558330293998,2017-08-16 04:59:07,2017-08-16 04:59:07
13991889,Public Figure,los simsons,197662433590349,2017-08-16 04:59:07,2017-08-16 04:59:07
13991889,Cars,Mitsubishi Lancer Evolution,19775768376,2017-08-16 04:59:07,2017-08-16 04:59:07
13991889,Website,"Te Caiste?- Nooo.!!! El Piso Me dijo Ven y Dame un Beso ¬¬""",197828093621231,2017-08-16 04:59:07,2017-08-16 04:59:07
13991889,Community,Puta te caiste?! - No es que asi me bajo yo! ¬¬,197922753577068,2017-08-16 04:59:07,2017-08-16 04:59:07
13991889,Fictional Character,Mother of Gokú SS3,198029206911179,2017-08-16 04:59:07,2017-08-16 04:59:07
13991889,Entertainment Website,MinecraftDL,198072793565010,2017-08-16 04:59:07,2017-08-16 04:59:07
13991889,Local Business,UnParceroMas,198315163651340,2017-08-16 04:59:07,2017-08-16 04:59:07
13991889,Shopping Mall,Córdoba Shopping,198405889912,2017-08-16 04:59:07,2017-08-16 04:59:07
13991889,Musician/Band,LMFAO,19855571496,2017-08-16 04:59:07,2017-08-16 04:59:07
13991889,Food & Beverage Company,3D Argentina,198576390322603,2017-08-16 04:59:07,2017-08-16 04:59:07
13991889,Website,Putarealidad.com,198709396910265,2017-08-16 04:59:07,2017-08-16 04:59:07
13991889,Athlete,Zlatan Ibrahimovic,198744036811672,2017-08-16 04:59:07,2017-08-16 04:59:07
13991889,Song,Party Rock Anthem,198838216804055,2017-08-16 04:59:07,2017-08-16 04:59:07
13991889,Community,Asdfghjklñ.,198986850244942,2017-08-16 04:59:07,2017-08-16 04:59:07
13991889,Food & Beverage Company,Levite Villa del Sur,199017930154673,2017-08-16 04:59:07,2017-08-16 04:59:07
13991889,Magazine,El hermano nerd del chico cereal,199076046801538,2017-08-16 04:59:07,2017-08-16 04:59:07
13991889,Book,Livro de codigos para o GTA SAN ANDREAS,199105203435290,2017-08-16 04:59:07,2017-08-16 04:59:07
13991889,Community,AMO AL BURRO DE SHREK,199109959439,2017-08-16 04:59:07,2017-08-16 04:59:07
13991889,Product/Service,RealD,199222022343,2017-08-16 04:59:07,2017-08-16 04:59:07
13991889,Media/News Company,Ctmsocial,199258406799153,2017-07-11 22:01:21,2017-07-11 22:01:21
13991889,Public Figure,Otakus Gamers :3,199523043454672,2017-08-16 04:59:07,2017-08-16 04:59:07
13991889,Food & Beverage Company,Starbucks Frappuccino,19958618010,2017-08-16 04:59:07,2017-08-16 04:59:07
13991889,TV Show,los simsons,199653160077737,2017-07-11 22:01:21,2017-07-11 22:01:21
13991889,Public Figure,¡¡¡¡ALA MIIIIIIIERDA¡¡¡¡,199802563415786,2017-08-16 04:59:07,2017-08-16 04:59:07
13991889,Fictional Character,Son Goku (kakarotto),199895440103542,2017-08-16 04:59:07,2017-08-16 04:59:07
13991889,Community,Por que no eres una niña normal?,199937460125436,2017-08-16 04:59:07,2017-08-16 04:59:07
13991889,Public Figure,Rage Comics,200017653436990,2017-08-16 04:59:07,2017-08-16 04:59:07
13991889,Community,La Familia de Los Memes.,200413050076200,2017-08-16 04:59:07,2017-08-16 04:59:07
13991889,Entertainment Website,POR UN MUNDO SIN MATEMATICAS,200537018994,2017-08-16 04:59:07,2017-08-16 04:59:07
13991889,Public Figure,Hay Si Voy A Llorar Por Que No Me Hablas,200571013335090,2017-08-16 04:59:07,2017-08-16 04:59:07
13991889,Community,La prima friki del chico del cereal,200739639963987,2017-08-16 04:59:07,2017-08-16 04:59:07
13991889,TV Channel,los simsons,200788863325118,2017-08-16 04:59:07,2017-08-16 04:59:07
13991889,Public Figure,Nadie,200863749971086,2017-08-16 04:59:07,2017-08-16 04:59:07
13991889,App Page,Jetpack Joyride,200924623289384,2017-08-16 04:59:07,2017-08-16 04:59:07
13991889,Brewery,Stella Artois,200952609941045,2017-08-16 04:59:07,2017-08-16 04:59:07
13991889,Athlete,Kaká,201014990178,2017-08-16 04:59:07,2017-08-16 04:59:07
13991889,Amateur Sports Team,AMO EL FUTBOL?,201132609776,2017-08-16 04:59:07,2017-08-16 04:59:07
13991889,Musician/Band,Odio a Justin Gayber,201307566548621,2017-08-16 04:59:07,2017-08-16 04:59:07
13991889,Music Video,Algùn Dìa Justina Gayber Aceptara Ser Lesbiana.,201418333229413,2017-08-16 04:59:07,2017-08-16 04:59:07
13991889,Games/Toys,Empires & Allies,201463033201766,2017-08-16 04:59:07,2017-08-16 04:59:07
13991889,Community,Como tener muchos me gusta,201500313284398,2017-08-16 04:59:07,2017-08-16 04:59:07
13991889,Community,Fapencio,201728916542539,2017-08-16 04:59:07,2017-08-16 04:59:07
13991889,TV Channel,Sudame ESTA,201773559906575,2017-08-16 04:59:07,2017-08-16 04:59:07
13991889,Entertainment Website,Prepare Your Anus,201841499876209,2017-08-16 04:59:07,2017-08-16 04:59:07
13991889,Community,Porta,20198333139,2017-08-16 04:59:07,2017-08-16 04:59:07
13991889,Community,te caiste? no vole con estilo¬¬,202118489854331,2017-08-16 04:59:07,2017-08-16 04:59:07
13991889,News Personality,Yo también estoy harto de los gifs,202211686655294,2017-08-16 04:59:07,2017-08-16 04:59:07
13991889,TV Show,Jersey Shore,202282699383,2017-07-11 22:01:21,2017-07-11 22:01:21
13991889,Website,Gaming Modz Fan Page,202298283131769,2017-08-16 04:59:07,2017-08-16 04:59:07
13991889,Monarch,El Abuelo del cereal del chico del cereal,202390873132979,2017-08-16 04:59:07,2017-08-16 04:59:07
13991889,Just For Fun,Forever Chingón,202408943175516,2017-08-16 04:59:07,2017-08-16 04:59:07
13991889,Athlete,Usain Bolt,20242388857,2017-08-16 04:59:07,2017-08-16 04:59:07
13991889,Just For Fun,¿Sabías que?,202698879841711,2017-08-16 04:59:07,2017-08-16 04:59:07
13991889,Community,Te Caiste Wey o.o?. NO Pendejo Baje A Darle Un BeSo aL suelo ¬_¬,202837383104170,2017-08-16 04:59:07,2017-08-16 04:59:07
13991889,App Page,Kiloo Games,202984226431660,2017-08-16 04:59:07,2017-08-16 04:59:07
13991889,Community,Ignoramos A Los Qe Noos Qiieren & Qeremoos A Loos Qee Noos Ignooran,203052359804690,2017-08-16 04:59:07,2017-08-16 04:59:07
13991889,Community,Minecraft-Mods.org,203113806489151,2017-08-16 04:59:07,2017-08-16 04:59:07
13991889,Public Figure,Chuck Norris,203236519715024,2017-08-16 04:59:07,2017-08-16 04:59:07
13991889,Public Figure,"15 pesos sale un paty aca, con 15 pesos me hago alto guiso",203489036371399,2017-08-16 04:59:07,2017-08-16 04:59:07
13991889,Movie,Scream Movies,203517019666346,2017-08-16 04:59:07,2017-08-16 04:59:07
13991889,Artist,Mother of E.T.,203655663061503,2017-08-16 04:59:07,2017-08-16 04:59:07
13991889,Local Business,Determined,203665229672643,2017-08-16 04:59:07,2017-08-16 04:59:07
13991889,Community,YO TAMBIEN MATE Y ROBE UN AUTO EN EL GTA,203666234481,2017-08-16 04:59:07,2017-08-16 04:59:07
13991889,Local & Travel Website,No Mames dejo tarea -Simon  -Pásamela -Esta mal - No hay pedo tu pasala.,203950426386599,2017-08-16 04:59:07,2017-08-16 04:59:07
13991889,News Personality,viciosos del face,204027592996297,2017-08-16 04:59:07,2017-08-16 04:59:07
13991889,Magazine,A Mi Tambien Me Pelliscaron Por Desir Algo Que No Debia,204125573042470,2017-08-16 04:59:07,2017-08-16 04:59:07
13991889,Local Business,Desime si no te paso estO,204165882949509,2017-08-16 04:59:07,2017-08-16 04:59:07
13991889,Community,Yo tambien quiero un Black Perry,204235922949866,2017-08-16 04:59:07,2017-08-16 04:59:07
13991889,Public Figure,Perfecto!,204299882949893,2017-08-16 04:59:07,2017-08-16 04:59:07
13991889,Video Game,Call of Duty: Modern Warfare 3,204322856262065,2017-08-16 04:59:07,2017-08-16 04:59:07
13991889,Entertainment Website,Mother of No me digas,204333706325760,2017-08-16 04:59:07,2017-08-16 04:59:07
13991889,Movie,The Notebook,204558349574109,2017-08-16 04:59:07,2017-08-16 04:59:07
13991889,Entertainment Website,Soy Gamer y que?,204582836332954,2017-08-16 04:59:07,2017-08-16 04:59:07
13991889,Public Figure,Garfield,20460375846,2017-08-16 04:59:07,2017-08-16 04:59:07
13991889,Musician,Axel,20471335282,2017-08-16 04:59:07,2017-08-16 04:59:07
13991889,Comedian,Hoy es mi cumpleaños like si te vale mierda,204885549634808,2017-08-16 04:59:07,2017-08-16 04:59:07
13991889,Personal Blog,Kakarotto,204972726305027,2017-08-16 04:59:07,2017-08-16 04:59:07
13991889,Personal Blog,Ami no me gusta la musica !!Me EnCANTA,205074379613870,2017-08-16 04:59:07,2017-08-16 04:59:07
13991889,Cause,Estoy Triste,205132946212080,2017-08-16 04:59:07,2017-08-16 04:59:07
13991889,Journalist,Cambio de votos,205160126178822,2017-08-16 04:59:07,2017-08-16 04:59:07
13991889,Fictional Character,FUUUUUUUUUUUUUUUUUUUUU,205188936186176,2017-08-16 04:59:07,2017-08-16 04:59:07
13991889,Movie,Robin Hood,205230812622,2017-08-16 04:59:07,2017-08-16 04:59:07
13991889,Fictional Character,Mother of Chavo,205270632864849,2017-08-16 04:59:07,2017-08-16 04:59:07
13991889,Artist,_-Julian Serrano-_,205326579539677,2017-08-16 04:59:07,2017-08-16 04:59:07
13991889,Album,Larga vida a la guitarra.,205336596152134,2017-08-16 04:59:07,2017-08-16 04:59:07
13991889,Fictional Character,Ghost Scream,205341429587947,2017-08-16 04:59:07,2017-08-16 04:59:07
13991889,Other,Ley Fertilizacion Asistida Nacional,205435696138995,2017-08-16 04:59:07,2017-08-16 04:59:07
13991889,Community,Estado: Forever Alone,205452052810959,2017-08-16 04:59:07,2017-08-16 04:59:07
13991889,Video Game,EA - Electronic Arts,205621129449885,2017-08-16 04:59:07,2017-08-16 04:59:07
13991889,Community,El de arriba tiene diarrea extrema ??,205845222814421,2017-08-16 04:59:07,2017-08-16 04:59:07
13991889,Athlete,ME GUSTAS y no te Das Cuenta Dx,206155339422685,2017-08-16 04:59:07,2017-08-16 04:59:07
13991889,Entertainment Website,Mr. Smile,206194229445414,2017-08-16 04:59:07,2017-08-16 04:59:07
13991889,Fictional Character,"Te caíste?. NO, solo estoy viendo si el piso tiene una mancha",206615589469273,2017-08-16 04:59:07,2017-08-16 04:59:07
13991889,Community,"Todo el mundo quiere ir al cielo, pero nadie quiere morir",206690139354704,2017-08-16 04:59:07,2017-08-16 04:59:07
13991889,Artist,Solo Hay Una Explicacion Para Esto: Wachiturros,206794709434257,2017-08-16 04:59:07,2017-08-16 04:59:07
13991889,Community,Odio No Tenerte Cerca,206894712791,2017-08-16 04:59:07,2017-08-16 04:59:07
13991889,Public Figure,Quemenlo y tirenlo al rio no merece vivir,206940352708489,2017-08-16 04:59:07,2017-08-16 04:59:07
13991889,Community,Extrañarte Yo? Jajajajaja todo el día u.u,207081502714200,2017-08-16 04:59:07,2017-08-16 04:59:07
13991889,Health/Beauty,Sedal,207214682486,2017-08-16 04:59:07,2017-08-16 04:59:07
13991889,TV Network,Jodidamente Perfecto,207443836009306,2017-07-11 22:01:21,2017-07-11 22:01:21
13991889,Other,SouthPark.de,207468192616,2017-07-11 22:01:21,2017-07-11 22:01:21
13991889,Public Figure,Reptar,207528679261013,2017-08-16 04:59:07,2017-08-16 04:59:07
13991889,TV Network,"La neta  la neta  la neta, no se, ni me interesa xD",207677959322160,2017-07-11 22:01:21,2017-07-11 22:01:21
13991889,Artist,Hija del hermano nerd del chico del cereal,207728185927376,2017-08-16 04:59:07,2017-08-16 04:59:07
13991889,Just For Fun,"Un dia de estos me aburrire, y matare a todos C:",207914379330424,2017-08-16 04:59:07,2017-08-16 04:59:07
13991889,Playlist,Alto Guiso,207970619271867,2017-08-16 04:59:07,2017-08-16 04:59:07
13991889,Movie,Te caiste ? no estoy durmiendo en el piso ¬¬,207974019277046,2017-08-16 04:59:07,2017-08-16 04:59:07
13991889,Movie Theater,Los juegos del hambre,208149609207542,2017-08-16 04:59:07,2017-08-16 04:59:07
13991889,Food & Beverage Company,Halls Argentina,208176882531529,2017-08-16 04:59:07,2017-08-16 04:59:07
13991889,Movie,Madagascar,208290099251923,2017-08-16 04:59:07,2017-08-16 04:59:07
13991889,TV Show,"15 pesos sale un paty , con 15 pesos me hago alto guiso",208437222509473,2017-07-11 22:01:21,2017-07-11 22:01:21
13991889,Public Figure,tiipico te caistes y te preguntan te dolio?,208645799200125,2017-08-16 04:59:07,2017-08-16 04:59:07
13991889,"Stadium, Arena & Sports Venue",Cordoove,208647629226344,2017-08-16 04:59:07,2017-08-16 04:59:07
13991889,Entertainment Website,Todo Revuelto,208669695962776,2017-08-16 04:59:07,2017-08-16 04:59:07
13991889,Community,Ese Superman es un loquillo,208777122523623,2017-08-16 04:59:07,2017-08-16 04:59:07
13991889,Technology Company,Unity,208821641772,2017-08-16 04:59:07,2017-08-16 04:59:07
13991889,Public Figure,Un saludo a la mama del primero que comento.,208895719229677,2017-08-16 04:59:07,2017-08-16 04:59:07
13991889,TV & Movies,Phineas & Ferb,208905702453430,2017-07-11 22:01:21,2017-07-11 22:01:21
13991889,Cars,Ford Mustang,20901384568,2017-08-16 04:59:07,2017-08-16 04:59:07
13991889,Community Organization,Greenpeace Argentina,20906273675,2017-08-16 04:59:07,2017-08-16 04:59:07
13991889,Public Figure,The Annoying Orange,209118161295,2017-08-16 04:59:07,2017-08-16 04:59:07
13991889,Fictional Character,Slufer,209188755793767,2017-08-16 04:59:07,2017-08-16 04:59:07
13991889,Community,Gay Detected ?????,209190839146739,2017-08-16 04:59:07,2017-08-16 04:59:07
13991889,Grocery Store,Chicles,209260139170558,2017-08-16 04:59:07,2017-08-16 04:59:07
13991889,Fast Food Restaurant,Pizza Futbol,209286852509932,2017-08-16 04:59:07,2017-08-16 04:59:07
13991889,Just For Fun,Quien rie de ultimo rie mejor,209534462467130,2017-08-16 04:59:07,2017-08-16 04:59:07
13991889,Comedian,-.- De eso no estamos hablando xD,209541132506588,2017-08-16 04:59:07,2017-08-16 04:59:07
13991889,Community,"Te Caiste, No Una Hormiga Me Puso Cabe ¬¬",209589032475199,2017-08-16 04:59:07,2017-08-16 04:59:07
13991889,Artist,"Leyenda urbana - L.UR, Isusko",209625742576755,2017-08-16 04:59:07,2017-08-16 04:59:07
13991889,App Page,Maldita Paloma,209635145787837,2017-08-16 04:59:07,2017-08-16 04:59:07
13991889,Comedian,"Eres un pendejo,  no te da vergüenza?",209742299050844,2017-08-16 04:59:07,2017-08-16 04:59:07
13991889,Community,Are You Serious?,209742645713020,2017-08-16 04:59:07,2017-08-16 04:59:07
13991889,Movie,Simple & Sencillamente Eres La Persona Que mas amo :$,209747345779705,2017-08-16 04:59:07,2017-08-16 04:59:07
13991889,TV Show,los simsons,209766982377585,2017-07-11 22:01:21,2017-07-11 22:01:21
13991889,Public Figure,Goku,209906845686740,2017-08-16 04:59:07,2017-08-16 04:59:07
13991889,Just For Fun,Es la PURA VERDAD!!!,209970042605,2017-08-16 04:59:07,2017-08-16 04:59:07
13991889,Community,Aser reir a una mujer es de un caballero,209977955783022,2017-08-16 04:59:07,2017-08-16 04:59:07
13991889,Book,Hahah xD,210048979088292,2017-08-16 04:59:07,2017-08-16 04:59:07
13991889,Product/Service,Ubisoft Brasil,210050789015804,2017-08-16 04:59:07,2017-08-16 04:59:07
13991889,Comedian,Eso fue un Chiste o me Estas Jodiendo? ¬¬,210248565769630,2017-08-16 04:59:07,2017-08-16 04:59:07
13991889,Website,SupraPixel,210254455805803,2017-08-16 04:59:07,2017-08-16 04:59:07
13991889,Health/Beauty,Colgate,210735655688183,2017-08-16 04:59:07,2017-08-16 04:59:07
13991889,Public Figure,Unite sii te gustta La Familia Del Chico Del Cereal xD,210778912288445,2017-08-16 04:59:07,2017-08-16 04:59:07
13991889,Community,Exelente Historia Le Hicieron Falta Putas Pero Exelente Historia,210798322334363,2017-08-16 04:59:07,2017-08-16 04:59:07
13991889,Entertainment Website,Trolled Troll,210820138943301,2017-08-16 04:59:07,2017-08-16 04:59:07
13991889,Movie/Television Studio,Uuuuu!! q tu mama tiene mas like q tu xD,210932582361167,2017-08-16 04:59:07,2017-08-16 04:59:07
13991889,Community,Te mereces algo por esa publicacion tan idiota ¬¬ un chinga tu madre .l.,210934715684794,2017-08-16 04:59:07,2017-08-16 04:59:07
13991889,Album,Te caiste!!!No es un simulacro,211024219026098,2017-08-16 04:59:07,2017-08-16 04:59:07
13991889,Public Figure,tranformice,211097995593500,2018-02-22 21:51:28,2018-02-22 21:51:28
13991889,Fictional Character,¿Dormir? ¿Qué es eso?,211117972349224,2017-08-16 04:59:07,2017-08-16 04:59:07
13991889,Community,"PUTAS HARRY, PUTAS",211316642241154,2017-08-16 04:59:07,2017-08-16 04:59:07
13991889,Musician/Band,Dread Mar I,21149161765,2017-08-16 04:59:07,2017-08-16 04:59:07
13991889,Nonprofit Organization,Que Mierda!?,211544745532346,2017-08-16 04:59:07,2017-08-16 04:59:07
13991889,Fictional Character,Mother Of Alucard,211656978867322,2017-08-16 04:59:07,2017-08-16 04:59:07
13991889,Just For Fun,Por cagar este comentario tendras que morir,211742185614562,2017-08-16 04:59:07,2017-08-16 04:59:07
13991889,Movie/Television Studio,"TE Caiste? Nooooo MRK Queria Darle UN Abrazo Al Piso!! ¬¬""",211854842270790,2017-08-16 04:59:07,2017-08-16 04:59:07
13991889,Comedian,"""""Te caiste: no esque me encantar comer pasto""."""".",211884135611865,2017-08-16 04:59:07,2017-08-16 04:59:07
13991889,Movie/Television Studio,Por Culpa de Tu Ortografía Cerraron Megaupload,212057142237625,2017-08-16 04:59:07,2017-08-16 04:59:07
13991889,TV & Movies,Austin and Ally,212186392128099,2017-07-11 22:01:21,2017-07-11 22:01:21
13991889,Healthcare Administrator,Tu Palabra Me Da Vida,212242252131795,2017-08-16 04:59:07,2017-08-16 04:59:07
13991889,Entertainment Website,"""No Hice nada Productivo en Todo el Día. Y No Me Importaa C:""",212545208874834,2017-08-16 04:59:07,2017-08-16 04:59:07
13991889,Comedian,Mother of Alf,212715952104948,2017-08-16 04:59:07,2017-08-16 04:59:07
13991889,Musician/Band,Green Day,21275344520,2017-08-16 04:59:07,2017-08-16 04:59:07
13991889,Artist,Naruto Shippuden (??????),212803562142312,2017-08-16 04:59:07,2017-08-16 04:59:07
13991889,TV Show,CSI: Crime Scene Investigation,21280704526,2017-07-11 22:01:21,2017-07-11 22:01:21
13991889,Movie,Jackass,21295715752,2017-08-16 04:59:07,2017-08-16 04:59:07
13991889,Just For Fun,A La Mierda,212972768795032,2017-08-16 04:59:07,2017-08-16 04:59:07
13991889,Just For Fun,Solo Pensamientos,213187655480883,2017-08-16 04:59:07,2017-08-16 04:59:07
13991889,Entertainment Website,YLYL.co,213365975363914,2017-08-16 04:59:07,2017-08-16 04:59:07
13991889,Public Figure,Hermano Otaku Del Chico Del Cereal,213579981994887,2017-08-16 04:59:07,2017-08-16 04:59:07
13991889,TV Show,El de arriba??? le dice GAY a todos para cubrir su homosexualidad,213592722036886,2017-07-11 22:01:21,2017-07-11 22:01:21
13991889,Organization,Feel like a pendejo,213690508745934,2017-08-16 04:59:07,2017-08-16 04:59:07
13991889,Radio Station,Radio Disney Latinoamérica,213748611987701,2017-08-16 04:59:07,2017-08-16 04:59:07
13991889,News Personality,A Tu Boca Le Falta Un Beso Mio,213779978747880,2017-08-16 04:59:07,2017-08-16 04:59:07
13991889,Local Business,"TE CAISTE, y preguntan: UH TE CAISTE? (no, juego a  romperme la rodilla¬)",213808857218,2017-08-16 04:59:07,2017-08-16 04:59:07
13991889,Movie Character,Alex,214032878671830,2017-08-16 04:59:07,2017-08-16 04:59:07
13991889,Entertainment Website,Si te digo,214065852006301,2017-08-16 04:59:07,2017-08-16 04:59:07
13991889,Community,"Si Nosotros Podemos, Vos Tambien",214307592075066,2017-08-16 04:59:07,2017-08-16 04:59:07
13991889,Company,Para los que preferimos perder tiempo con amigos..Y no amigos con el tiempo,214322852613,2017-08-16 04:59:07,2017-08-16 04:59:07
13991889,Comedian,Fap Fap Fap Fap Super Saiyajin 3,214446755318594,2017-08-16 04:59:07,2017-08-16 04:59:07
13991889,Website,AMO LA MÚSICA,214589338573635,2017-08-16 04:59:07,2017-08-16 04:59:07
13991889,Video Game,Nintendo Switch,214590785625692,2017-08-16 04:59:07,2017-08-16 04:59:07
13991889,TV & Movies,Jessie,214599841913232,2017-07-11 22:01:21,2017-07-11 22:01:21
13991889,Community,Poker Face,214665978572265,2017-08-16 04:59:07,2017-08-16 04:59:07
13991889,Games/Toys,Prince of Persia,21472235194,2017-08-16 04:59:07,2017-08-16 04:59:07
13991889,Product/Service,Nintendo Wii Console with Remote + Nunchuck Controller + Sensor Bar - Black (Korea Version) - Free Shipping - DealExtreme,214933191891230,2017-08-16 04:59:07,2017-08-16 04:59:07
13991889,Artist,El Mejor amigo Punk del Chico del Cereal,214995378525184,2017-08-16 04:59:07,2017-08-16 04:59:07
13991889,Bar,Bowling Space Bar Patio Olmos,215104561843535,2017-08-16 04:59:07,2017-08-16 04:59:07
13991889,Movie/Television Studio,Universal Studios Entertainment,215204471085,2017-08-16 04:59:07,2017-08-16 04:59:07
13991889,Public Figure,AWW YEAAAAAAA,215338185150633,2017-08-16 04:59:07,2017-08-16 04:59:07
13991889,Entertainment Website,Te dara like tu puta madre,215463418572202,2017-08-16 04:59:07,2017-08-16 04:59:07
13991889,Community Organization,"SUBNORMALES, SUBNORMALES  EVERYWHERE",215552178488299,2017-08-16 04:59:07,2017-08-16 04:59:07
13991889,Author,Llorar por ti? jajaja ni que fueras Dragon Ball cuando termina xD,215571538560219,2017-08-16 04:59:07,2017-08-16 04:59:07
13991889,Movie/Television Studio,"Queridas calificaciones, espero se mejoren pronto!!!! Atte: Yo ¬¬",215663528536394,2017-08-16 04:59:07,2017-08-16 04:59:07
13991889,Media/News Company,Radio Doble HH  Argentina,215668971821467,2017-08-16 04:59:07,2017-08-16 04:59:07
13991889,Public Figure,Mother of Anime,215684348508574,2017-08-16 04:59:07,2017-08-16 04:59:07
13991889,Fictional Character,Frases Celebres de Homer Simpson,21570069998,2017-08-16 04:59:07,2017-08-16 04:59:07
13991889,News Personality,No me Digaas? ¬¬,215857491843043,2017-08-16 04:59:07,2017-08-16 04:59:07
13991889,Movie,Friki MEME,215874345111036,2017-08-16 04:59:07,2017-08-16 04:59:07
13991889,Magazine,WTF !! Q coño?,215890551854629,2017-08-16 04:59:07,2017-08-16 04:59:07
13991889,Political Party,No se si esto me gusta o me la suda,215938898490070,2017-08-16 04:59:07,2017-08-16 04:59:07
13991889,Comedian,Tia del primo del amigo del Chico del cereal,215959525099794,2017-08-16 04:59:07,2017-08-16 04:59:07
13991889,Community,A Fuera Maduro Por Siempre Oposición,215997808587519,2017-08-16 04:59:07,2017-08-16 04:59:07
13991889,Just For Fun,Cartoon Network LA,216062911010,2017-08-16 04:59:07,2017-08-16 04:59:07
13991889,Musician/Band,Don Omar,21608835481,2017-08-16 04:59:07,2017-08-16 04:59:07
13991889,Public Figure,Bill Gates,216311481960,2017-08-16 04:59:07,2017-08-16 04:59:07
13991889,Artist,ES QUE NO ME TIENEN PACIEEEEENCIA!,216378549737,2017-08-16 04:59:07,2017-08-16 04:59:07
13991889,Computers & Internet Website,Nyan Cat,216396075039732,2017-08-16 04:59:07,2017-08-16 04:59:07
13991889,Movie,Titanic,216410885045047,2017-08-16 04:59:07,2017-08-16 04:59:07
13991889,Entertainment Website,Yo tambien eh vomitado,216419405049453,2017-08-16 04:59:07,2017-08-16 04:59:07
13991889,Album,Los simsons,216477481769345,2017-08-16 04:59:07,2017-08-16 04:59:07
13991889,TV Show,CSI: NY,21659762981,2017-07-11 22:01:21,2017-07-11 22:01:21
13991889,Community,No Me Gusta,216713925012563,2017-08-16 04:59:07,2017-08-16 04:59:07
13991889,Magazine,Supercurioso,216841275150702,2017-08-16 04:59:07,2017-08-16 04:59:07
13991889,Movie,The Incredible Hulk,21700332856,2017-08-16 04:59:07,2017-08-16 04:59:07
13991889,Website,Megafuentes,217152285054448,2017-08-16 04:59:07,2017-08-16 04:59:07
13991889,Personal Blog,Hijo Rockero,217265251635128,2017-08-16 04:59:07,2017-08-16 04:59:07
13991889,Community,TE AMO,217298388289502,2017-08-16 04:59:07,2017-08-16 04:59:07
13991889,Community,fotos pa' cagarse de la risa,217315361667058,2017-08-16 04:59:07,2017-08-16 04:59:07
13991889,Fictional Character,Mother of Kratos,217406281620720,2017-08-16 04:59:07,2017-08-16 04:59:07
13991889,Artist,Mother of Chuck Norris,217443524963081,2017-08-16 04:59:07,2017-08-16 04:59:07
13991889,Athlete,Tony Hawk,21744379694,2017-08-16 04:59:07,2017-08-16 04:59:07
13991889,TV Show,A Que Podemos Reunir Muchos Fans De Dragon Ball Z,217543408372070,2017-08-16 04:59:07,2017-08-16 04:59:07
13991889,Pet,Fans de Perry el Ornitorrinco,217644521581490,2017-12-29 17:25:38,2017-12-29 17:25:38
13991889,News & Media Website,9GAG,21785951839,2017-08-16 04:59:07,2017-08-16 04:59:07
13991889,Bookstore,pOr algoO te adOroo XD,218068221600441,2017-08-16 04:59:07,2017-08-16 04:59:07
13991889,Website,Seriesxd,218131155230525,2017-08-16 04:59:07,2017-08-16 04:59:07
13991889,Landmark & Historical Place,MOTHER OF SKRILLEX,218182498223458,2017-08-16 04:59:07,2017-08-16 04:59:07
13991889,Public Figure,LOL FAQ,218590721553792,2017-08-16 04:59:07,2017-08-16 04:59:07
13991889,Entertainment Website,Retrogcore,218689738232317,2017-08-16 04:59:07,2017-08-16 04:59:07
13991889,Movie,Avatar,218764094803,2017-08-16 04:59:07,2017-08-16 04:59:07
13991889,Fictional Character,Diria que es photoshop pero ni a paint llega,218770178221379,2017-08-16 04:59:07,2017-08-16 04:59:07
13991889,Community Organization,Sysarmy,218813981488432,2017-08-16 04:59:07,2017-08-16 04:59:07
13991889,News Personality,Kata Choez,219139931458861,2017-08-16 04:59:07,2017-08-16 04:59:07
13991889,Just For Fun,NOOOO NOOOO NOOOO NOOOO NOOO!!!! LA PUTA QUE TE PARIO,219186808133045,2017-08-16 04:59:07,2017-08-16 04:59:07
13991889,TV Show,Eres un@ rater@ porque te robaste mi corazon,219211898152883,2017-08-16 04:59:07,2017-08-16 04:59:07
13991889,Community,"Ja, ja, que risa ¬¬",219222844775920,2017-08-16 04:59:07,2017-08-16 04:59:07
13991889,Community,Tipico que tus padres te contexten los mnsjs con un OK.,219253174759442,2017-08-16 04:59:07,2017-08-16 04:59:07
13991889,Region,Pastillas Bulldog,219483584858590,2017-08-16 04:59:07,2017-08-16 04:59:07
13991889,Musician/Band,La Fiesta,219685335700,2017-08-16 04:59:07,2017-08-16 04:59:07
13991889,Hotel Resort,"Villa Carlos Paz, Argentina",219748248040797,2017-08-16 04:59:07,2017-08-16 04:59:07
13991889,Fictional Character,Como me mato el gatito del gato con botas ke dice ooooooh :O,219804558104342,2017-08-16 04:59:07,2017-08-16 04:59:07
13991889,Just For Fun,Homero,219834611523455,2017-08-16 04:59:07,2017-08-16 04:59:07
13991889,Community,Te Caiste No El Piso Queria Andar Con Migo Y Le Di UN Beso:$,220175654772155,2017-08-16 04:59:07,2017-08-16 04:59:07
13991889,Fictional Character,¿que mira? ¿me le pareci a su madre?,220204428059914,2017-08-16 04:59:07,2017-08-16 04:59:07
13991889,Public Figure,Tio Rafta Del Chico Del Cereal,220293071315280,2017-08-16 04:59:07,2017-08-16 04:59:07
13991889,News Personality,Tips For Girls,220310681375993,2017-08-16 04:59:07,2017-08-16 04:59:07
13991889,Entertainment Website,Mother of WTF,220451741370916,2017-08-16 04:59:07,2017-08-16 04:59:07
13991889,Monarch,Not Bad,220611681291318,2018-02-18 17:11:03,2018-02-18 17:11:03
13991889,Computers & Internet Website,BBM?,220749825495,2017-08-16 04:59:07,2017-08-16 04:59:07
13991889,Games/Toys,Sanits Row-The Third,220832728017693,2017-08-16 04:59:07,2017-08-16 04:59:07
13991889,Fictional Character,Monstro De El Armario Del Chico Cereal,220835251262457,2017-08-16 04:59:07,2017-08-16 04:59:07
13991889,Musician/Band,Matt Hunter,220835989226,2017-08-16 04:59:07,2017-08-16 04:59:07
13991889,Artist,El de arriba ? y El de abajo ? harán un trio con Elmo :3,220849717971850,2017-08-16 04:59:07,2017-08-16 04:59:07
13991889,TV Channel,Ay sii Ay si Tenemos un Malootee Aquii Gran Mielda :3,220873141332631,2017-08-16 04:59:07,2017-08-16 04:59:07
13991889,TV Show,Que Onda!,220887134595798,2017-07-11 22:01:21,2017-07-11 22:01:21
13991889,Radio Station,Tio abuelo Chino con barba del Chico del Cereal,220923351252188,2017-08-16 04:59:07,2017-08-16 04:59:07
13991889,Food & Beverage Company,Starbucks,22092443056,2017-08-16 04:59:07,2017-08-16 04:59:07
13991889,Website,Fotos de Portada para Biografia o Timeline FB,220965114661842,2017-08-16 04:59:07,2017-08-16 04:59:07
13991889,Company,Me gusta HD,220968167983676,2017-08-16 04:59:07,2017-08-16 04:59:07
13991889,Community,¿Qué hemos hecho para tener tantos idiotas en este mundo?,221215227987297,2017-08-16 04:59:07,2017-08-16 04:59:07
13991889,Video Game,NBA 2K,221292025304,2017-08-16 04:59:07,2017-08-16 04:59:07
13991889,Movie,Actividad Paranormal,221419704647577,2017-08-16 04:59:07,2017-08-16 04:59:07
13991889,Community,"Mierda, soy el primer comentario, esta es mi oportunidad: Hola mamá",221446431301311,2017-07-11 22:01:21,2017-07-11 22:01:21
13991889,Artist,Soy Sarcastico,221482551248077,2017-08-16 04:59:07,2017-08-16 04:59:07
13991889,Fictional Character,I Lied,221536391199468,2017-08-16 04:59:07,2017-08-16 04:59:07
13991889,Food & Beverage Company,Grido Helado,221655634531832,2017-08-16 04:59:07,2017-08-16 04:59:07
13991889,Automotive Manufacturer,Ford Motor Company,22166130048,2017-08-16 04:59:07,2017-08-16 04:59:07
13991889,Product/Service,Playfish,22175810128,2017-08-16 04:59:07,2017-08-16 04:59:07
13991889,Community,te caiste?-no pendejo taclie el suelo ¬¬,221776777864485,2017-08-16 04:59:07,2017-08-16 04:59:07
13991889,Athlete,Lionel Messi |10|,221824744612361,2017-08-16 04:59:07,2017-08-16 04:59:07
13991889,Comedian,True Story,221904857845832,2017-08-16 04:59:07,2017-08-16 04:59:07
13991889,Public Figure,Kyle Broflovski,22193014176,2017-08-16 04:59:07,2017-08-16 04:59:07
13991889,Album,"Eu pedi a Deus uma amiga, e ele me deu uma irmã""",222071214594911,2017-08-16 04:59:07,2017-08-16 04:59:07
13991889,Entertainment Website,No me digas,222231064509832,2017-08-16 04:59:07,2017-08-16 04:59:07
13991889,Fictional Character,"Te caiste?, no es que me gusta tirarme al piso de vez en cuando",222508361211912,2017-08-16 04:59:07,2017-08-16 04:59:07
13991889,Personal Blog,instituto que te importa,222947657718715,2017-08-16 04:59:07,2017-08-16 04:59:07
13991889,Artist,el chico del cereal sin cabeza,223250451022911,2017-08-16 04:59:07,2017-08-16 04:59:07
13991889,Website,Revista Horoscopo,223388741049917,2017-08-16 04:59:07,2017-08-16 04:59:07
13991889,Fictional Character,mother of drake parker,223442424373072,2017-08-16 04:59:07,2017-08-16 04:59:07
13991889,Community,Yo Tambien Jugue con el Cierre de Google Jaja XD,223472901090745,2017-08-16 04:59:07,2017-08-16 04:59:07
13991889,Comedian,El chico del cereal y su familia invaden el mundo,223716897644105,2017-08-16 04:59:07,2017-08-16 04:59:07
13991889,App Page,Bejeweled,223766074374957,2017-08-16 04:59:07,2017-08-16 04:59:07
13991889,Personal Website,Tienes Tarea mañana y en vez de hacerla estas en Face,223784990980959,2017-08-16 04:59:07,2017-08-16 04:59:07
13991889,Event Planner,Latin Music,223890767750529,2017-08-16 04:59:07,2017-08-16 04:59:07
13991889,Entertainment Website,"Matenlo por favor, Si se reproduce se nos viene el Apocalipsis.",224148471022779,2017-08-16 04:59:07,2017-08-16 04:59:07
13991889,Public Figure,Eres retrasado?,224176820958874,2017-08-16 04:59:07,2017-08-16 04:59:07
13991889,Fictional Character,"Soy el primer comentario, tengo que aprovechar esta oportunidad: Hola Lucho",224241877686072,2017-08-16 04:59:07,2017-08-16 04:59:07
13991889,Movie,Rocky,224332791564,2017-08-16 04:59:07,2017-08-16 04:59:07
13991889,Entertainment Website,Odio CuANdO Se ME corta el internet,224375534298303,2017-08-16 04:59:07,2017-08-16 04:59:07
13991889,Restaurant,Subway,224383614973,2017-08-16 04:59:07,2017-08-16 04:59:07
13991889,Arts & Entertainment,Portal Paintball Argentina,224454667613857,2017-08-16 04:59:07,2017-08-16 04:59:07
13991889,Artist,Dread Mar I,224541566232,2017-08-16 04:59:07,2017-08-16 04:59:07
13991889,Personal Blog,Suspicious,224699850878757,2017-08-16 04:59:07,2017-08-16 04:59:07
13991889,Comedian,"Si, todo es cierto",224727134222013,2017-08-16 04:59:07,2017-08-16 04:59:07
13991889,Movie Theater,Drogado yo? Naci asi,224802057552625,2017-08-16 04:59:07,2017-08-16 04:59:07
13991889,Public Figure,Jack Black,22498263800,2017-08-16 04:59:07,2017-08-16 04:59:07
13991889,Musician/Band,~ Julian Serrano ~,225019444234218,2017-08-16 04:59:07,2017-08-16 04:59:07
13991889,Fictional Character,Friki Forever Online,225047727596741,2017-08-16 04:59:07,2017-08-16 04:59:07
13991889,Community,Quemenlo y tirenlo al rio,225131990929310,2017-08-16 04:59:07,2017-08-16 04:59:07
13991889,Media/News Company,4Gamerz,225150204273589,2017-08-16 04:59:07,2017-08-16 04:59:07
13991889,Artist,Amigo Ninja del chico cereal,225219134159636,2017-08-16 04:59:07,2017-08-16 04:59:07
13991889,Just For Fun,~*Tres metros sobre el cielo*~,225230510841239,2017-08-16 04:59:07,2017-08-16 04:59:07
13991889,Community,Ala mierda!soy el Primer comentario esta es mi oportunidad : Hola goku,225246467586700,2017-08-16 04:59:07,2017-08-16 04:59:07
13991889,Food & Beverage Company,EpaHelado,225249984272106,2017-08-16 04:59:07,2017-08-16 04:59:07
13991889,Games/Toys,Cobalt,225281160832543,2017-08-16 04:59:07,2017-08-16 04:59:07
13991889,Movie,Alicia en el país de las maravillas,225506796573,2017-08-16 04:59:07,2017-08-16 04:59:07
13991889,Music Chart,Aburrimiento eXtremO,225563074168768,2017-08-16 04:59:07,2017-08-16 04:59:07
13991889,Community,Quiero matar a cupido XD,225658884197226,2017-08-16 04:59:07,2017-08-16 04:59:07
13991889,Entertainment Website,Querido viernes te extrañaba desde el lunes?,225775090845909,2017-08-16 04:59:07,2017-08-16 04:59:07
13991889,TV Show,FRIENDS (TV Show),22577904575,2017-07-11 22:01:21,2017-07-11 22:01:21
13991889,Food & Beverage Company,Sandia,22578893122,2017-12-23 18:37:29,2017-12-23 18:37:29
13991889,Food & Beverage Company,COFLER,22580558867,2017-08-16 04:59:07,2017-08-16 04:59:07
13991889,Public Figure,"Infancia arruinada en 3 , 2 , 1",225846507483421,2017-08-16 04:59:07,2017-08-16 04:59:07
13991889,Public Figure,Filosóraptor,225874137447967,2017-08-16 04:59:07,2017-08-16 04:59:07
13991889,Games/Toys,God of War,225875837532058,2017-08-16 04:59:07,2017-08-16 04:59:07
13991889,Community,Algun problema ?,225906520842082,2017-08-16 04:59:07,2017-08-16 04:59:07
13991889,Museum/Art Gallery,Nos conocimos de una manera extraña pero te amo :$,225982717524526,2017-08-16 04:59:07,2017-08-16 04:59:07
13991889,Just For Fun,Memes,226029264112488,2017-08-16 04:59:07,2017-08-16 04:59:07
13991889,Community,Desmotivaciones,226159310811604,2017-08-16 04:59:07,2017-08-16 04:59:07
13991889,Fictional Character,Luigi,226162457410985,2017-08-16 04:59:07,2017-08-16 04:59:07
13991889,Artist,MOTHER OF FAUNO,226187430745336,2017-08-16 04:59:07,2017-08-16 04:59:07
13991889,Sports Team,Instituto Atlético Central Córdoba es futbol,226267914170998,2017-08-16 04:59:07,2017-08-16 04:59:07
13991889,Artist,Mother of Panditas,226577060709565,2017-08-16 04:59:07,2017-08-16 04:59:07
13991889,TV Show,MAD,226741754050200,2017-07-11 22:01:21,2017-07-11 22:01:21
13991889,Community,"Darle a ""me gusta"" a tu propio comentario es como chocarte los 5 a ti mismo",226814890701576,2017-08-16 04:59:07,2017-08-16 04:59:07
13991889,Residence,Casa de Córdoba,226901357441743,2017-08-16 04:59:07,2017-08-16 04:59:07
13991889,Nonprofit Organization,Detén el abuso!,226934770678193,2017-08-16 04:59:07,2017-08-16 04:59:07
13991889,Product/Service,Intel,22707976849,2017-08-16 04:59:07,2017-08-16 04:59:07
13991889,Community,Forever Stone,227265877288590,2017-08-16 04:59:07,2017-08-16 04:59:07
13991889,Song,Feliz como una lombriz xD,227364240690730,2017-08-16 04:59:07,2017-08-16 04:59:07
13991889,Public Figure,Princesa Grumosa,227652204004703,2017-08-16 04:59:07,2017-08-16 04:59:07
13991889,Education,Educacion Fisica,227806050240,2017-08-16 04:59:07,2017-08-16 04:59:07
13991889,Musician/Band,Te caiste?noo solo estaba actuando,227843030670580,2017-08-16 04:59:07,2017-08-16 04:59:07
13991889,Community,"Paint, salvando mentes inocentes otra vez.",227857090636509,2017-08-16 04:59:07,2017-08-16 04:59:07
13991889,Band,Cedro banda,228250563856818,2017-08-16 04:59:07,2017-08-16 04:59:07
13991889,Entertainment Website,Mother Of LOL,228321633868487,2017-08-16 04:59:07,2017-08-16 04:59:07
13991889,Cars,BMW,22893372268,2017-08-16 04:59:07,2017-08-16 04:59:07
13991889,Education,Descripción Gráfica,228966300469592,2017-08-16 04:59:07,2017-08-16 04:59:07
13991889,Entertainment Website,Mother of Undertaker,229138843816570,2017-08-16 04:59:07,2017-08-16 04:59:07
13991889,Entertainment Website,No es necesario estar Enamorado/a para ser Feliz :$,229191513843789,2017-08-16 04:59:07,2017-08-16 04:59:07
13991889,Community,Woowplay Ok Tipico sales dos dias seguidos & para tu mama,229227577089592,2017-08-16 04:59:07,2017-08-16 04:59:07
13991889,Sports League,Juegos Olímpicos Tokyo 2020,229234713831140,2017-08-16 04:59:07,2017-08-16 04:59:07
13991889,Local Business,Vengo a Impedir Que Algun Subnormal Salude a su Madre,229238967148867,2017-08-16 04:59:07,2017-08-16 04:59:07
13991889,Book,"Mierda, Eh sido Trolleado",229280320477020,2017-08-16 04:59:07,2017-08-16 04:59:07
13991889,TV Show,The Big Bang Theory,22934684677,2017-07-11 22:01:21,2017-07-11 22:01:21
13991889,Education Website,"Si me caigo no es por mensa, es porque me le antoje a alguien",229382203804549,2017-08-16 04:59:07,2017-08-16 04:59:07
13991889,Movie,Twilight,229668807087652,2017-08-16 04:59:07,2017-08-16 04:59:07
13991889,Book,? Bien por ti Campeón,229716830408507,2017-08-16 04:59:07,2017-08-16 04:59:07
13991889,Community,"""Oye mi amor tú me quieres?:3""""Pero amor claro que te quie GOOOOOOOOL!!""xD",229765953790204,2017-08-16 04:59:07,2017-08-16 04:59:07
13991889,Fictional Character,No veo un carajo,229828627053666,2017-08-16 04:59:07,2017-08-16 04:59:07
13991889,Video Game,Call of Duty,229899403738458,2017-08-16 04:59:07,2017-08-16 04:59:07
13991889,Product/Service,$16.10 - UFO Style Remote Control Flying Toy - Black + Orange (6 x AA) - Toys,229907057022506,2017-08-16 04:59:07,2017-08-16 04:59:07
13991889,School Sports Team,Área deportes Corazón de Maria,230117347038453,2017-08-16 04:59:07,2017-08-16 04:59:07
13991889,Community,Cabeza de Coco,23025929266,2017-08-16 04:59:07,2017-08-16 04:59:07
13991889,Artist,Disculpa el atrevimiento pero. ¿Asi estas de wey o te haces? -.-',230378857067214,2017-07-11 22:01:21,2017-07-11 22:01:21
13991889,Cars,Ford Argentina,230436000410837,2017-08-16 04:59:07,2017-08-16 04:59:07
13991889,Games/Toys,Sonic The Hedgehog,23050342417,2017-08-16 04:59:07,2017-08-16 04:59:07
13991889,Community,Te Quiero,230506673726108,2017-08-16 04:59:07,2017-08-16 04:59:07
13991889,Public Figure,Yo Tampoco Entiendo Ni Quiero Usar La Paja Esa De La Biografía,231155380315010,2017-08-16 04:59:07,2017-08-16 04:59:07
13991889,Fictional Character,Naruto en español,231256813554384,2017-07-11 22:01:21,2017-07-11 22:01:21
13991889,Public Figure,El de arriba tiene arena en la vagina???,231309336950797,2017-08-16 04:59:07,2017-08-16 04:59:07
13991889,Community,"Yo tambien dije ""nose"" cuando no tenia ganas de explicar algo.",231312494959,2017-08-16 04:59:07,2017-08-16 04:59:07
13991889,Author,"Gente criticandome por que no se contar en 6,1,3",231417846958052,2017-08-16 04:59:07,2017-08-16 04:59:07
13991889,Comedian,Mother of Genius,231544203627227,2017-08-16 04:59:07,2017-08-16 04:59:07
13991889,Community,Concuerdo Con El Extraterrestre Subnormal De Arriba ??,231581916941604,2017-08-16 04:59:07,2017-08-16 04:59:07
13991889,Public Figure,Lisa Simpson,231701811949,2017-08-16 04:59:07,2017-08-16 04:59:07
13991889,Community,Soy Tan Rudo Que Me Compre Un Juego Para Mesa Y Lo Juego En El Piso xd,231718696896998,2017-08-16 04:59:07,2017-08-16 04:59:07
13991889,Public Figure,Nos vemos en Disney,232010085741,2017-08-16 04:59:07,2017-08-16 04:59:07
13991889,Artist,Mother of Mozart,232015766832878,2017-08-16 04:59:07,2017-08-16 04:59:07
13991889,Company,MercadoLibre.com,23221995011,2017-08-16 04:59:07,2017-08-16 04:59:07
13991889,Movie,The Exorcist,232430166854139,2017-08-16 04:59:07,2017-08-16 04:59:07
13991889,College & University,Escuela CARLOS N. PAZ,232576013450129,2017-11-28 20:46:49,2017-11-28 20:46:49
13991889,Religious Organization,-Te caiste?. -No solo quiero ver las hormigas!!!.,232638510113069,2017-08-16 04:59:07,2017-08-16 04:59:07
13991889,Fictional Character,Mario,232734580073604,2017-08-16 04:59:07,2017-08-16 04:59:07
13991889,Movie,Disaster Movie,23306294666,2017-08-16 04:59:07,2017-08-16 04:59:07
13991889,Food & Beverage,Ihop,233063470042607,2017-08-16 04:59:07,2017-08-16 04:59:07
13991889,Movie,Scary Movie,233224836695428,2017-08-16 04:59:07,2017-08-16 04:59:07
13991889,Local Business,Te caiste?- No Me tire al Piso para ver si era duro-,233255376796302,2017-08-16 04:59:07,2017-08-16 04:59:07
13991889,Community,Que Prefieres?,233308996761893,2017-08-16 04:59:07,2017-08-16 04:59:07
13991889,Community,Me importa un pedo Y le encimo un bollo,233334033437782,2017-08-16 04:59:07,2017-08-16 04:59:07
13991889,TV Channel,Warner Channel,23336093232,2017-08-16 04:59:07,2017-08-16 04:59:07
13991889,Travel Company,Fue mentira Guapeton,233594436748574,2017-08-16 04:59:07,2017-08-16 04:59:07
13991889,TV Channel,"Tal vez sea estúpido, pero también es tonto",233704386728019,2017-08-16 04:59:07,2017-08-16 04:59:07
13991889,Comedian,Yo vivo de la paja,233711243399916,2017-08-16 04:59:07,2017-08-16 04:59:07
13991889,Athlete,Tipico: te caístes y tu mama en vez de ayudarte se enoja! ¬¬,233755010035919,2017-08-16 04:59:07,2017-08-16 04:59:07
13991889,Telecommunication Company,Comunidad Movistar Argentina,233815212529,2017-08-16 04:59:07,2017-08-16 04:59:07
13991889,Magazine,The Berrics,233826031597,2017-08-16 04:59:07,2017-08-16 04:59:07
13991889,Musician/Band,Nene Malo (Oficial),233831140028858,2017-08-16 04:59:07,2017-08-16 04:59:07
13991889,Entertainment Website,En estado Bipolar,233874396651027,2017-08-16 04:59:07,2017-08-16 04:59:07
13991889,TV Show,Disney XD Latinoamérica,233892695386,2017-07-11 22:01:21,2017-07-11 22:01:21
13991889,News Personality,Eres lo que tanto soñe ?,234005513338989,2017-08-16 04:59:07,2017-08-16 04:59:07
13991889,Public Figure,"Pedobear,El oso pedofilo.",234120246713843,2017-08-16 04:59:07,2017-08-16 04:59:07
13991889,Community,Quiero Estar Siempre A Tu Ladooo,234160683289568,2017-08-16 04:59:07,2017-08-16 04:59:07
13991889,Album,Oww,234193393457534,2017-08-16 04:59:07,2017-08-16 04:59:07
13991889,TV/Movie Award,los simsons,234275419960589,2017-08-16 04:59:07,2017-08-16 04:59:07
13991889,Product/Service,Pendejos saludando a su puta madre en 3 2 1,234450459988210,2017-08-16 04:59:07,2017-08-16 04:59:07
13991889,Pet,Goals,234460920281544,2017-08-16 04:59:07,2017-08-16 04:59:07
13991889,Computers (Brand),Windows,234608836677033,2017-08-16 04:59:07,2017-08-16 04:59:07
13991889,Media/News Company,National Geographic,23497828950,2017-08-16 04:59:07,2017-08-16 04:59:07
13991889,Society & Culture Website,Venezuela,23498397964,2017-08-16 04:59:07,2017-08-16 04:59:07
13991889,Community,TIPICO vas por la calle encuentras un telefono y miras si hay monedas,235104426503942,2017-08-16 04:59:07,2017-08-16 04:59:07
13991889,Community,Desmotivaciones,235136236577425,2017-08-16 04:59:07,2017-08-16 04:59:07
13991889,Fictional Character,Forever Fat,235212333235210,2017-08-16 04:59:07,2017-08-16 04:59:07
13991889,Other,Japanese Anime,235463883234272,2017-08-16 04:59:07,2017-08-16 04:59:07
13991889,Music Chart,Indie Rock Forever,235663976511093,2017-08-16 04:59:07,2017-08-16 04:59:07
13991889,Paintball Center,Cordoba Paintball (Chino Paintball),235790043141646,2017-08-16 04:59:07,2017-08-16 04:59:07
13991889,Comedian,Historietas,235878526493473,2017-08-16 04:59:07,2017-08-16 04:59:07
13991889,Fictional Character,Mother of problem.,235905846424120,2017-08-16 04:59:07,2017-08-16 04:59:07
13991889,Personal Blog,Mother of Cat,235974966448652,2017-08-16 04:59:07,2017-08-16 04:59:07
13991889,Just For Fun,"Y de repente, un ajedrez salvaje aparece",236038329841778,2017-08-16 04:59:07,2017-08-16 04:59:07
13991889,Community,Si me pagaran por andar en FB sería millonario.,236051366497109,2017-08-16 04:59:07,2017-08-16 04:59:07
13991889,Musician/Band,The Beatles la mejor banda que nunca se olvida,236059326501379,2017-08-16 04:59:07,2017-08-16 04:59:07
13991889,Pet,Javi en Radio,236146289758622,2017-08-16 04:59:07,2017-08-16 04:59:07
13991889,Artist,El de arriba tiene razon ????,236630009719045,2017-08-16 04:59:07,2017-08-16 04:59:07
13991889,TV Channel,los simsons,236803299703638,2017-08-16 04:59:07,2017-08-16 04:59:07
13991889,Community,LiKe Si OdIaS lAs NoTiFiCaCiOnEs De CiTy Ville,236950179716543,2017-08-16 04:59:07,2017-08-16 04:59:07
13991889,Community,Bitch Please,237147724693,2017-08-16 04:59:07,2017-08-16 04:59:07
13991889,TV Show,Naruto Shippuden: Anime y Manga Universal,237198623028380,2017-07-11 22:01:21,2017-07-11 22:01:21
13991889,Cars,Kia Motors Argentina,237205888219,2017-08-16 04:59:07,2017-08-16 04:59:07
13991889,Entertainment Website,:O ke imagen tan Pendeja! ¬¬',237567486352299,2017-08-16 04:59:07,2017-08-16 04:59:07
13991889,Fictional Character,"Todos aquí están locos, mejor me voy. ARRE CENTAURO",237594002949519,2017-08-16 04:59:07,2017-08-16 04:59:07
13991889,TV Show,El Pochoclo 8,237696882953554,2017-07-11 22:01:21,2017-07-11 22:01:21
13991889,Entertainment Website,Peruanísimos,237717995312,2017-08-16 04:59:07,2017-08-16 04:59:07
13991889,Public Figure,Novia Psicópata,237848739665205,2017-08-16 04:59:07,2017-08-16 04:59:07
13991889,App Page,Pregunta a Pulpo Paul,238089986270072,2017-08-16 04:59:07,2017-08-16 04:59:07
13991889,Fictional Character,Mundo dragon ball z,238118609625177,2017-08-16 04:59:07,2017-08-16 04:59:07
13991889,Athlete,solo te digo que tu comentario ! ME LA SUDA,238287999556205,2017-08-16 04:59:07,2017-08-16 04:59:07
13991889,Fictional Character,El Guasón,23836388511,2017-08-16 04:59:07,2017-08-16 04:59:07
13991889,Book,Facebook OFF,238501396160411,2017-08-16 04:59:07,2017-08-16 04:59:07
13991889,Community,Par.es - Tipico: te desconectas del face y pasan 1000 cosas,238504269521127,2017-08-16 04:59:07,2017-08-16 04:59:07
13991889,Community,"Te caiste de la Bici ? , no , asi  me bajo ¬¬",238538846201642,2017-08-16 04:59:07,2017-08-16 04:59:07
13991889,Comedian,Oiii. el pendejo hablando de idiotas!!! ¬_¬,238572202896936,2017-08-16 04:59:07,2017-08-16 04:59:07
13991889,Public Figure,Photoshop Photoshop Everywhere,238826096158672,2017-08-16 04:59:07,2017-08-16 04:59:07
13991889,Just For Fun,HAPPY TREE FRIENDS,23899804548,2017-07-11 22:01:21,2017-07-11 22:01:21
13991889,Entertainment Website,"-Te robaron? - Noo,le preste mis cosas y salio corriendo de la emocion ¬¬",239340072751051,2017-08-16 04:59:07,2017-08-16 04:59:07
13991889,TV Channel,"Fans de Vegeta,Goku,Gohan y Bardock.",239405899516121,2017-08-16 04:59:07,2017-08-16 04:59:07
13991889,Community,Si tu me miras te enseñare a decir TE Quiero sin hablar,239492136149201,2017-08-16 04:59:07,2017-08-16 04:59:07
13991889,Entertainment Website,Oye Kiere Pelea?,239511509508940,2017-08-16 04:59:07,2017-08-16 04:59:07
13991889,Comedian,El morro de arriba ya no sabe ni que decir,239618039423811,2017-08-16 04:59:07,2017-08-16 04:59:07
13991889,Arts & Entertainment,Blast from the Past,239689369551964,2017-08-16 04:59:07,2017-08-16 04:59:07
13991889,Fictional Character,MR popo,240025666081880,2017-08-16 04:59:07,2017-08-16 04:59:07
13991889,Product/Service,Tus Meme Adicto,240190046078766,2017-08-16 04:59:07,2017-08-16 04:59:07
13991889,Musician/Band,sese CHUPALA! ;),240240526970,2017-08-16 04:59:07,2017-08-16 04:59:07
13991889,Fictional Character,Mother Of Pacman,240346292660842,2017-08-16 04:59:07,2017-08-16 04:59:07
13991889,Public Figure,"Cuidado chicos, estamos delante de un chico malo.",240479519358843,2017-08-16 04:59:07,2017-08-16 04:59:07
13991889,Personal Blog,Memes Memes Everywhere,240479969367903,2017-08-16 04:59:07,2017-08-16 04:59:07
13991889,TV Show,Punk'd,240773359283017,2017-07-11 22:01:21,2017-07-11 22:01:21
13991889,TV Channel,Si no te caiste alguna vez no tuviste infancia,240883569365612,2017-08-16 04:59:07,2017-08-16 04:59:07
13991889,Community,What's that,240962705953790,2017-08-16 04:59:07,2017-08-16 04:59:07
13991889,Public Figure,Carlitos Bala,24097362662,2017-08-16 04:59:07,2017-08-16 04:59:07
13991889,Entertainment Website,"Hijo apaga ya el computador, -Otro dia",241190759281985,2017-08-16 04:59:07,2017-08-16 04:59:07
13991889,Company,Sitio Web De Naruto Shippuden,241208974872,2017-08-16 04:59:07,2017-08-16 04:59:07
13991889,Community,Lo dijo el profe.,241326502727985,2017-08-16 04:59:07,2017-08-16 04:59:07
13991889,Community,A veces quisiera parecerme al tipo que tu crees que soy ?,241466169243871,2017-08-16 04:59:07,2017-08-16 04:59:07
13991889,Artist,Mother of krusty,242210925799556,2017-08-16 04:59:07,2017-08-16 04:59:07
13991889,Song,Tú Me Cambiaste La Vida =D,242242682556703,2017-08-16 04:59:07,2017-08-16 04:59:07
13991889,Public Figure,Magnus Mefisto,242332962478445,2017-08-16 04:59:07,2017-08-16 04:59:07
13991889,Musician/Band,Goku,242552335863423,2017-08-16 04:59:07,2017-08-16 04:59:07
13991889,Personal Blog,Yo tambien he dicho: ''no me vuelvo a enamorar'' y me enamoro :$,242622445810715,2017-08-16 04:59:07,2017-08-16 04:59:07
13991889,Musician/Band,Rojo,24263879057,2017-08-16 04:59:07,2017-08-16 04:59:07
13991889,Public Figure,~Yoo también Tengoo Un Sueño Quee See Vaa Hacer Realidad~,242726459108790,2017-08-16 04:59:07,2017-08-16 04:59:07
13991889,Community,Esto solo pudo ser obra de los aliens,242745479126964,2017-08-16 04:59:07,2017-08-16 04:59:07
13991889,Cars,MOTOS AL PISO.,242784556552,2017-08-16 04:59:07,2017-08-16 04:59:07
13991889,Fictional Character,Juan Carlos Batman,24284652250,2017-08-16 04:59:07,2017-08-16 04:59:07
13991889,Community,Matenla antes de que deje crías,242951105782947,2017-08-16 04:59:07,2017-08-16 04:59:07
13991889,Fictional Character,mother of patricio,243308992359723,2017-08-16 04:59:07,2017-08-16 04:59:07
13991889,TV Show,FUTBOL DE PRIMERA,24344933650,2017-07-11 22:01:21,2017-07-11 22:01:21
13991889,Entertainment Website,FAIL,243534922323616,2017-08-16 04:59:07,2017-08-16 04:59:07
13991889,Community,Hay si roban internet y ya se creen hackers,243673725730457,2017-08-16 04:59:07,2017-08-16 04:59:07
13991889,Entertainment Website,Tengo Un Sueño Que No Me Deja Dormir,243796508987699,2017-08-16 04:59:07,2017-08-16 04:59:07
13991889,Community,Yo no fui!! :P,243804374051,2017-08-16 04:59:07,2017-08-16 04:59:07
13991889,News & Media Website,No Conectado,24386634235,2017-08-16 04:59:07,2017-08-16 04:59:07
13991889,Health/Beauty,Mother Of Ortography,244009385654404,2017-08-16 04:59:07,2017-08-16 04:59:07
13991889,Company,"A tu lado? , se me pasan las horas?",244027549021899,2017-08-16 04:59:07,2017-08-16 04:59:07
13991889,Public Figure,T-Rex Okay,244325232302951,2017-08-16 04:59:07,2017-08-16 04:59:07
13991889,Artist,Lei un poco,244448985582219,2017-08-16 04:59:07,2017-08-16 04:59:07
13991889,Entertainment Website,yooo tambien le e dedicado una cancion a alguien,244483502252732,2017-08-16 04:59:07,2017-08-16 04:59:07
13991889,App Page,Candy Crush Saga,244944385603396,2017-08-16 04:59:07,2017-08-16 04:59:07
13991889,Science Website,Úsame. Atte: Tu cerebro,245048938879155,2017-08-16 04:59:07,2017-08-16 04:59:07
13991889,Community,la envidia MATA ;),245140782491,2017-08-16 04:59:07,2017-08-16 04:59:07
13991889,Community,"Bitch, Please",245198879005320,2017-08-16 04:59:07,2017-08-16 04:59:07
13991889,Athlete,Juan Martín del Potro,245291448857687,2017-08-16 04:59:07,2017-08-16 04:59:07
13991889,App Page,Ninja Saga (Español),245425318867553,2017-08-16 04:59:07,2017-08-16 04:59:07
13991889,DJ,Justin-Sane,245457388957453,2017-08-16 04:59:07,2017-08-16 04:59:07
13991889,Region,Los simpson,245776295349,2017-08-16 04:59:07,2017-08-16 04:59:07
13991889,Public Figure,"Vas a morir moe, wiiiiiiiiiiiiiiiiiiiiiiiiiiiiiiiiiiiii",245876008154,2017-08-16 04:59:07,2017-08-16 04:59:07
13991889,Comedian,Now kiss,245980268788347,2017-08-16 04:59:07,2017-08-16 04:59:07
13991889,Local Business,ELO Boost LATAM,245985705516340,2017-08-16 04:59:07,2017-08-16 04:59:07
13991889,TV Show,Family Guy,24609282673,2017-07-11 22:01:21,2017-07-11 22:01:21
13991889,Website,Between Genius and Madness,246093788875902,2017-08-16 04:59:07,2017-08-16 04:59:07
13991889,Education,Su nivel de photoshop es in detectable! D:,246103708829093,2017-08-16 04:59:07,2017-08-16 04:59:07
13991889,Household Supplies,Fravega Online,246298762055609,2017-08-16 04:59:07,2017-08-16 04:59:07
13991889,TV Show,Ridiculousness,246328698749633,2017-07-11 22:01:21,2017-07-11 22:01:21
13991889,Comedian,German Garmendia  (HolaSoyGerman *.*),246368272098051,2017-08-16 04:59:07,2017-08-16 04:59:07
13991889,Movie Character,Nemo,24642632550,2017-08-16 04:59:07,2017-08-16 04:59:07
13991889,Fictional Character,Mother Of Majin Boo,246574402025615,2017-08-16 04:59:07,2017-08-16 04:59:07
13991889,Comedian,Mas visto Pincheblog,246625268704411,2017-08-16 04:59:07,2017-08-16 04:59:07
13991889,News & Media Website,Libelula Producciones,246632872039376,2018-02-18 17:11:03,2018-02-18 17:11:03
13991889,Community,Concuerdo con el gay de arriba?,246781332024473,2017-08-16 04:59:07,2017-08-16 04:59:07
13991889,Community,ArtStatic,246801908622,2017-08-16 04:59:07,2017-08-16 04:59:07
13991889,Company,El tío Pepe :v,247016882034480,2017-08-16 04:59:07,2017-08-16 04:59:07
13991889,TV,Canal Encuentro,247060337152,2017-08-16 04:59:07,2017-08-16 04:59:07
13991889,Comedian,TIENES MAS PELIGRO QUE UNA PIRAÑA EN UNA BAÑERA,247126902006576,2017-08-16 04:59:07,2017-08-16 04:59:07
13991889,Cars,Ferrari,24712846969,2017-08-16 04:59:07,2017-08-16 04:59:07
13991889,Record Label,NAP RECORDS,247241918663247,2017-08-16 04:59:07,2017-08-16 04:59:07
13991889,Society & Culture Website,Ya no vivo yo Cristo VIVE En MI,247378225351529,2017-08-16 04:59:07,2017-08-16 04:59:07
13991889,Musician/Band,German Garmendia,247605378648054,2017-08-16 04:59:07,2017-08-16 04:59:07
13991889,News Personality,Club Atlético River Plate.?,247848095271038,2017-08-16 04:59:07,2017-08-16 04:59:07
13991889,Author,Dale me gusta si alguna vez te caiste de la bicicleta,247890261999122,2017-08-16 04:59:07,2017-08-16 04:59:07
13991889,Fictional Character,Lo estás haciendo de puta madre,248353518540434,2017-08-16 04:59:07,2017-08-16 04:59:07
13991889,Community,Sos idiota? xq yo si,248461308570648,2017-08-16 04:59:07,2017-08-16 04:59:07
13991889,Public Figure,Domo,248679260178,2017-08-16 04:59:07,2017-08-16 04:59:07
13991889,TV Show,Family Guy - Fan Page Latinoamerica,248729224502,2017-07-11 22:01:21,2017-07-11 22:01:21
13991889,Food & Beverage Company,Nutella,24932281961,2017-08-16 04:59:07,2017-08-16 04:59:07
13991889,Games/Toys,Boom Beach,249340185214120,2017-08-16 04:59:07,2017-08-16 04:59:07
13991889,TV Channel,"Vegeta Y Goku , Los Sayayines Mas Fuertes Del Universo.",249403591856787,2017-08-16 04:59:07,2017-08-16 04:59:07
13991889,Website,Desmotivaciones anime,249420175245378,2017-08-16 04:59:07,2017-08-16 04:59:07
13991889,Company,No me digas que nunca te pasó,249486081798434,2017-08-16 04:59:07,2017-08-16 04:59:07
13991889,Writer,Karl marx?,249848948406741,2017-08-16 04:59:07,2017-08-16 04:59:07
13991889,Company,concuerdo con el gay de arriba ?,250077471707267,2017-08-16 04:59:07,2017-08-16 04:59:07
13991889,Community,Smiley,250093058453389,2017-08-16 04:59:07,2017-08-16 04:59:07
13991889,Public Square / Plaza,Parque de las Naciones Cordoba,250111905079882,2017-08-16 04:59:07,2017-08-16 04:59:07
13991889,Community,Aqui esta tu pinche like puto .l.,250207378334372,2017-08-16 04:59:07,2017-08-16 04:59:07
13991889,Sports League,Football Video World,25065847507,2017-07-11 22:01:21,2017-07-11 22:01:21
13991889,Telecommunication Company,Mi,250677251634542,2018-02-08 15:47:51,2018-02-08 15:47:51
13991889,Cargo & Freight Company,Me importa un carajo,251216804933598,2017-08-16 04:59:07,2017-08-16 04:59:07
13991889,Community,tipico: me gusta un par de zapatos y no hay de mi número :@,251243605527,2017-08-16 04:59:07,2017-08-16 04:59:07
13991889,Personal Website,Creative Ideas Me,251252224973956,2017-08-16 04:59:07,2017-08-16 04:59:07
13991889,Public Figure,No sé si es jodidamente maravilloso o jodidamente perfecto.,251305141614053,2017-08-16 04:59:07,2017-08-16 04:59:07
13991889,Public Figure,Dedos Locos,251390769798,2017-08-16 04:59:07,2017-08-16 04:59:07
13991889,Public Figure,UST,251540918355128,2017-08-16 04:59:07,2017-08-16 04:59:07
13991889,Product/Service,I Love Jesus,252139058135906,2017-08-16 04:59:07,2017-08-16 04:59:07
13991889,Album,que quieres una guerra de letras azules?,252206054816413,2017-08-16 04:59:07,2017-08-16 04:59:07
13991889,Just For Fun,Putamare eres un pendejo,252211948280854,2017-08-16 04:59:07,2017-08-16 04:59:07
13991889,Public Figure,Mother Of Werevertumorro,252305041466272,2017-08-16 04:59:07,2017-08-16 04:59:07
13991889,Community,Los niños buenos estudian MATE los malos van a mi ksa,252767844797121,2017-08-16 04:59:07,2017-08-16 04:59:07
13991889,Personal Blog,Mirada rompe vaginas,252810034735799,2017-08-16 04:59:07,2017-08-16 04:59:07
13991889,Cause,JAJAJAJA!!! QUE TE PASO???? TE CAISTE??? JAJAJAJAJA,252875220196,2017-08-16 04:59:07,2017-08-16 04:59:07
13991889,Artist,Alto guiso,252900398078535,2017-08-16 04:59:07,2017-08-16 04:59:07
13991889,Fictional Character,Mother Of The Mother Of My Mother,253010118046470,2017-08-16 04:59:07,2017-08-16 04:59:07
13991889,Personal Blog,¿Y ahora que me pongo?,253141240541,2017-08-16 04:59:07,2017-08-16 04:59:07
13991889,Telecommunication Company,Claro Argentina,253622671333956,2017-08-16 04:59:07,2017-08-16 04:59:07
13991889,Business Center,Jackie chan Meme,254055957957388,2017-08-16 04:59:07,2017-08-16 04:59:07
13991889,Video Game,Pou,254140541355376,2017-08-16 04:59:07,2017-08-16 04:59:07
13991889,Community,"Soy el primer comentario , aprovechare para decir: Mierda soy huérfano D:",254226531316873,2017-08-16 04:59:07,2017-08-16 04:59:07
13991889,Company,Lacoste,25440047420,2017-08-16 04:59:07,2017-08-16 04:59:07
13991889,Movie,Pirates of the Caribbean,254445913829,2017-08-16 04:59:07,2017-08-16 04:59:07
13991889,Radio Station,Fm Córdoba,254523231340253,2017-08-16 04:59:07,2017-08-16 04:59:07
13991889,TV Show,No Molestar,25463669118,2017-07-11 22:01:21,2017-07-11 22:01:21
13991889,TV Show,Incredible Crew,254647791328367,2017-07-11 22:01:21,2017-07-11 22:01:21
13991889,Movie,Rapido y Furioso,25471010046,2017-08-16 04:59:07,2017-08-16 04:59:07
13991889,Community,Estudiar a la mierda yo me preparare para el apocalipsis zombie,254844617964048,2017-08-16 04:59:07,2017-08-16 04:59:07
13991889,Community,que rabia tengo en este momento :@,254901947856198,2017-08-16 04:59:07,2017-08-16 04:59:07
13991889,Community,El cine es mi gran pasión,255026131283118,2017-08-16 04:59:07,2017-08-16 04:59:07
13991889,Community,"Hey gata,perra y zorra por si no lo sabias mi novio no es veterinario .i.",255080974603364,2017-08-16 04:59:07,2017-08-16 04:59:07
13991889,Fictional Character,Goku Ssj 4,255125574558475,2017-08-16 04:59:07,2017-08-16 04:59:07
13991889,Community,Jeejee le dare like por que esta chevere,255287771247094,2017-08-16 04:59:07,2017-08-16 04:59:07
13991889,Games/Toys,Resident Evil 6,255307651230914,2017-08-16 04:59:07,2017-08-16 04:59:07
13991889,Musician/Band,Porta = Rap,255330054529495,2017-08-16 04:59:07,2017-08-16 04:59:07
13991889,Community,La Operadora me dijo 'Saldo Insuficiente' pero Yo Insisti xD,255384824557208,2017-08-16 04:59:07,2017-08-16 04:59:07
13991889,Entertainment Website,"Me volví a, Enamorar :$",255482231200440,2017-08-16 04:59:07,2017-08-16 04:59:07
13991889,Writer,El primero que comentó es gay.,255614711167356,2017-08-16 04:59:07,2017-08-16 04:59:07
13991889,Fictional Character,Y esto es Jackass,255731411213209,2017-08-16 04:59:07,2017-08-16 04:59:07
13991889,Just For Fun,Jajajajaja No Me Gusta Imbécil ¬¬,255962317886045,2017-08-16 04:59:07,2017-08-16 04:59:07
13991889,TV Channel,De fabula!!,256009991153964,2017-08-16 04:59:07,2017-08-16 04:59:07
13991889,Community,"Juegos, Apps y Diversión",256503751032993,2017-08-16 04:59:07,2017-08-16 04:59:07
13991889,Comedian,Espiritus Chocarreros,256560311101118,2017-08-16 04:59:07,2017-08-16 04:59:07
13991889,TV Show,Ridiculousness' MTV,256581107687591,2017-07-11 22:01:21,2017-07-11 22:01:21
13991889,Food & Beverage Company,V Energy Drink Argentina,257164944385849,2017-08-16 04:59:07,2017-08-16 04:59:07
13991889,Personal Blog,"Tipico: MAMAAÁ ESTOY ABURRIDO/A PONTE  Estudiar.  NO ESPERA , YA SE ME PASO",257309590946304,2017-08-16 04:59:07,2017-08-16 04:59:07
13991889,Comedian,Lo hemos perdido todo >.<,257445724369551,2017-08-16 04:59:07,2017-08-16 04:59:07
13991889,Movie,Chronicle,257972797573599,2017-08-16 04:59:07,2017-08-16 04:59:07
13991889,Public Figure,Mother of Coraje el perro cobarde,258030480877944,2017-08-16 04:59:07,2017-08-16 04:59:07
13991889,Community,TiipiicO aablaas cOmO iidiiOtaa cuuaandO eestaas freentee a uun beebee XDDD,258174624207519,2017-08-16 04:59:07,2017-08-16 04:59:07
13991889,Personal Blog,CENTRO AMERICA SIEMPRE ESTA CON  I.A.C.C,258199424637,2017-08-16 04:59:07,2017-08-16 04:59:07
13991889,Photographer,Promesas Falsas,258211367524396,2017-08-16 04:59:07,2017-08-16 04:59:07
13991889,Episode,"""Gary!!!! cómete todo tu postre y procura que te guste""",258347767599559,2017-07-11 22:01:21,2017-07-11 22:01:21
13991889,Community,Todos los de arriba son gays ????,258364414196731,2017-08-16 04:59:07,2017-08-16 04:59:07
13991889,Community,tipico: es el cumple de alguien y escribes en su muro xD,258366130852222,2017-08-16 04:59:07,2017-08-16 04:59:07
13991889,Community,Te Caiste? No idiota El Piso Me Queria Tragar ¬¬,258485744270043,2017-08-16 04:59:07,2017-08-16 04:59:07
13991889,Local Business,te caiste ? no! amo tanto a mi planeta que lo quise besar,258489017512441,2017-08-16 04:59:07,2017-08-16 04:59:07
13991889,Community,Tipico:-Te estas bañando? -No pendejo esta lloviendo en el baño! ¬¬,258536150843136,2017-08-16 04:59:07,2017-08-16 04:59:07
13991889,Movie Character,Rafiki,258625220443,2017-08-16 04:59:07,2017-08-16 04:59:07
13991889,Amusement & Theme Park,Super Park Córdoba (Oficial),259003277532578,2017-08-16 04:59:07,2017-08-16 04:59:07
13991889,Entertainment Website,mmm esta penetrable,259072344132798,2017-08-16 04:59:07,2017-08-16 04:59:07
13991889,Community,Contigo sin condón :3 +18,259089847624724,2017-08-16 04:59:07,2017-08-16 04:59:07
13991889,Shopping & Retail,Karma,259134790919703,2017-08-16 04:59:07,2017-08-16 04:59:07
13991889,Comedian,~ Julian Serrano ~,259186707451872,2017-08-16 04:59:07,2017-08-16 04:59:07
13991889,Comedian,A la mierda la universidad yo quiero encontrar las esferas del dragon,259253834183036,2017-08-16 04:59:07,2017-08-16 04:59:07
13991889,Fictional Character,Feel Like A Tommy Vercetti,259280640842960,2017-08-16 04:59:07,2017-08-16 04:59:07
13991889,Blogger,Jajaja buen chiste,259313944137486,2017-08-16 04:59:07,2017-08-16 04:59:07
13991889,Community,no sé si esto me gusta o esta jodidamente asqueroso.,259321764096486,2017-08-16 04:59:07,2017-08-16 04:59:07
13991889,Athlete,Carlos Tévez,259395789209,2017-08-16 04:59:07,2017-08-16 04:59:07
13991889,Public Figure,•Manuel•,259401614142928,2017-08-16 04:59:07,2017-08-16 04:59:07
13991889,Community,Te caiste? nO pendejo el sUelo estaba triiste Y Le di Un aBrazo,259487270824621,2017-08-16 04:59:07,2017-08-16 04:59:07
13991889,Entertainment Website,Siempre Pasa,259516037412517,2017-08-16 04:59:07,2017-08-16 04:59:07
13991889,App Page,Two Dots,259762040834891,2017-08-16 04:59:07,2017-08-16 04:59:07
13991889,Amateur Sports Team,Soy el primero; Hola mamá,260097474087921,2017-08-16 04:59:07,2017-08-16 04:59:07
13991889,Local Business,No lei un carajo.,260909843989753,2017-08-16 04:59:07,2017-08-16 04:59:07
13991889,TV Network,No tuviste infancia,260928037384042,2017-07-11 22:01:21,2017-07-11 22:01:21
13991889,Local Business,Pincha tu gusta,261077027280776,2017-08-16 04:59:07,2017-08-16 04:59:07
13991889,Sports Team,Lionel Messi Fan Club,261094780599872,2017-08-16 04:59:07,2017-08-16 04:59:07
13991889,Radio Station,Pero Que Coño Es Eso?,261130887314546,2017-08-16 04:59:07,2017-08-16 04:59:07
13991889,Community,AMO DORMIR,261164135873,2017-08-16 04:59:07,2017-08-16 04:59:07
13991889,Artist,La de Arriba Tiene Razon?????,261171170597172,2017-08-16 04:59:07,2017-08-16 04:59:07
13991889,Just For Fun,Mi novia es un MEME,261864870540238,2017-08-16 04:59:07,2017-08-16 04:59:07
13991889,Community,Te Caiste?Nah estoy estudiando a las hormigas!¬¬,261872320561558,2017-08-16 04:59:07,2017-08-16 04:59:07
13991889,App Page,Pirates Poker,261896473871396,2017-08-16 04:59:07,2017-08-16 04:59:07
13991889,Fictional Character,goku ssj 4,262208840464387,2017-08-16 04:59:07,2017-08-16 04:59:07
13991889,Photographer,Gary Arndt,26226185653,2017-08-16 04:59:07,2017-08-16 04:59:07
13991889,Writer,By: #jesus#,262365350501846,2017-08-16 04:59:07,2017-08-16 04:59:07
13991889,Product/Service,BMW Motorrad,262447113466,2017-08-16 04:59:07,2017-08-16 04:59:07
13991889,Entertainment Website,Yo creo que Justin Bieber es gay,262627487099568,2017-08-16 04:59:07,2017-08-16 04:59:07
13991889,Sports League,Street League Skateboarding,262636826953,2017-08-16 04:59:07,2017-08-16 04:59:07
13991889,Local Business,"Si me dieran 2$ por cada boludes qe digo, seria millonaria/o :D",263060237205,2017-08-16 04:59:07,2017-08-16 04:59:07
13991889,Community,A que Goku tiene mas fans que Justin Bieber,263088223791351,2017-08-16 04:59:07,2017-08-16 04:59:07
13991889,Community,Yo tambien tengo un anime que recuerdo con mucho cariño ?,263143940456416,2017-08-16 04:59:07,2017-08-16 04:59:07
13991889,Community,*BA DUM TSS*,263233827043348,2017-08-16 04:59:07,2017-08-16 04:59:07
13991889,Athlete,El Pelucaa sabeee,263418787020501,2017-08-16 04:59:07,2017-08-16 04:59:07
13991889,TV Channel,"-Oye we te caiste?- No we ¬¬, me baje a darle un beso al piso xD",263668090354904,2017-08-16 04:59:07,2017-08-16 04:59:07
13991889,TV Network,Alto Guiso,263902270307408,2017-07-11 22:01:21,2017-07-11 22:01:21
13991889,Just For Fun,Dragon Ball Z - DB Fans,263934443623627,2017-08-16 04:59:07,2017-08-16 04:59:07
13991889,Personal Blog,Filosofía Femenina,264006003682041,2017-08-16 04:59:07,2017-08-16 04:59:07
13991889,Community,"-Hey Amigo Te Caiste? -No, Estoy Chequeando El Piso",264072350286825,2017-08-16 04:59:07,2017-08-16 04:59:07
13991889,Movie Character,Trixie,264459741316,2017-08-16 04:59:07,2017-08-16 04:59:07
13991889,Movie Character,Peas-in-a-Pod,264568549639,2017-08-16 04:59:07,2017-08-16 04:59:07
13991889,Lawyer,MEMES,264598833583069,2017-08-16 04:59:07,2017-08-16 04:59:07
13991889,Community,Lo estas haciendo mal,264605013560586,2017-08-16 04:59:07,2017-08-16 04:59:07
13991889,Movie Character,Big Baby,264698689375,2017-08-16 04:59:07,2017-08-16 04:59:07
13991889,Just For Fun,Gol Mania,264795463557439,2017-08-16 04:59:07,2017-08-16 04:59:07
13991889,Community,TU & YO = MISION IMPOSIBLE,265028350197372,2017-08-16 04:59:07,2017-08-16 04:59:07
13991889,News & Media Website,CherLloydDaily.com,265078523562202,2017-08-16 04:59:07,2017-08-16 04:59:07
13991889,Fictional Character,Si fuera el primer comentario saludaria a mi mama u.u,265136140252326,2017-08-16 04:59:07,2017-08-16 04:59:07
13991889,Community,Le dije hola  y nunca respondió . *-*  L@ dejé sin palabras. '?,265200893545668,2017-08-16 04:59:07,2017-08-16 04:59:07
13991889,Public Figure,"El de arriba espera tener ""likes"" por su comentario de mierda.",265457286881096,2017-08-16 04:59:07,2017-08-16 04:59:07
13991889,Science Website,No le doy like a mierdas como esas  .l.,265510546847136,2017-08-16 04:59:07,2017-08-16 04:59:07
13991889,Public Figure,Wendy Testaburger,265675046897548,2017-08-16 04:59:07,2017-08-16 04:59:07
13991889,Fictional Character,mother of mother of god,265835330112418,2017-08-16 04:59:07,2017-08-16 04:59:07
13991889,Entertainment Website,El de arriba me la suda,265928786754287,2017-08-16 04:59:07,2017-08-16 04:59:07
13991889,Community,"NO ME GUSTA, ME ENCANTA :$",266152780063292,2017-08-16 04:59:07,2017-08-16 04:59:07
13991889,Public Figure,La taberna de Moe =D ¬¬' ¬¬',266290566783234,2017-08-16 04:59:07,2017-08-16 04:59:07
13991889,Artist,Lo va a hacer su puta madre .l.,266464960118286,2017-08-16 04:59:07,2017-08-16 04:59:07
13991889,TV Channel,Los Simsons,266503403410351,2017-08-16 04:59:07,2017-08-16 04:59:07
13991889,Personal Blog,Desahogándome,266505863461498,2017-08-16 04:59:07,2017-08-16 04:59:07
13991889,Games/Toys,Wonder Boy,26665942740,2017-08-16 04:59:07,2017-08-16 04:59:07
13991889,Lawyer & Law Firm,"A la mierda la universidad, sere vendedor de puerta en puerta",266751466764108,2017-08-16 04:59:07,2017-08-16 04:59:07
13991889,App Page,Triviador Mundo,266825676702142,2017-08-16 04:59:07,2017-08-16 04:59:07
13991889,Just For Fun,Clay city,266842900076246,2017-08-16 04:59:07,2017-08-16 04:59:07
13991889,Health/Beauty,Playboy Fragancias,266961506649317,2017-08-16 04:59:07,2017-08-16 04:59:07
13991889,Community,Te Amo y Daria La Vida Por Ti,267024113351605,2017-08-16 04:59:07,2017-08-16 04:59:07
13991889,App Page,Cloud Raiders,267030653460609,2017-08-16 04:59:07,2017-08-16 04:59:07
13991889,Website,The Skindex,267055893359937,2017-08-16 04:59:07,2017-08-16 04:59:07
13991889,Athlete,DE TODO UN POCO,267090323303467,2017-08-16 04:59:07,2017-08-16 04:59:07
13991889,Nonprofit Organization,"Bueno, me la sigue sudando",267150270071407,2017-08-16 04:59:07,2017-08-16 04:59:07
13991889,Internet Company,Juegos  Steam,267259043473310,2017-08-16 04:59:07,2017-08-16 04:59:07
13991889,Community,En Tribuna River,267273993083,2017-08-16 04:59:07,2017-08-16 04:59:07
13991889,Community,"Excelente historia, faltaron camisas vivientes, pero excelente historia.",267280359999276,2017-08-16 04:59:07,2017-08-16 04:59:07
13991889,Community,Esta temblando ?. ¬¬ Noooooo. Estoy en modo Vibrador,267355730025038,2017-08-16 04:59:07,2017-08-16 04:59:07
13991889,Movie Character,Lotso,267412906860,2017-08-16 04:59:07,2017-08-16 04:59:07
13991889,Artist,Megan Fox,26748225422,2017-08-16 04:59:07,2017-08-16 04:59:07
13991889,Website,Epic LOL,267645403284258,2017-08-16 04:59:07,2017-08-16 04:59:07
13991889,Fictional Character,Memes,267651183285307,2017-08-16 04:59:07,2017-08-16 04:59:07
13991889,Just For Fun,El Mugroso,267681963312978,2017-08-16 04:59:07,2017-08-16 04:59:07
13991889,Website,"""Nooo lo veean""",267991073258478,2017-08-16 04:59:07,2017-08-16 04:59:07
13991889,Local Business,Presiento que el de Bipolaridad,268048899940713,2017-08-16 04:59:07,2017-08-16 04:59:07
13991889,Community,Yo tambien sueño con que Slash me toque el solo de november rain,268502516578219,2017-08-16 04:59:07,2017-08-16 04:59:07
13991889,Entertainment Website,????El De Arriba Es Trabesti????,268535619914055,2017-08-16 04:59:07,2017-08-16 04:59:07
13991889,Community,"Perro, La Única criatura en la Tierra que te Ama más que a sí Mismo",268561589899293,2017-08-16 04:59:07,2017-08-16 04:59:07
13991889,Fictional Character,Yisus,268591469911892,2017-08-16 04:59:07,2017-08-16 04:59:07
13991889,Community,Yo Tambien Me Duermo En Clases.. xD,269206872160,2017-08-16 04:59:07,2017-08-16 04:59:07
13991889,Entertainment Website,La Amistad Sincera Dura Para Siempre,269275636439143,2017-08-16 04:59:07,2017-08-16 04:59:07
13991889,Comedian,GM:Rojas-PJ: Gore,269315416528754,2017-08-16 04:59:07,2017-08-16 04:59:07
13991889,Comedian,Forever And Always,269315869789033,2017-08-16 04:59:07,2017-08-16 04:59:07
13991889,App Page,Marketland,269427673159016,2017-08-16 04:59:07,2017-08-16 04:59:07
13991889,Artist,Cosmo,26943382046,2017-08-16 04:59:07,2017-08-16 04:59:07
13991889,Pharmaceuticals,ay ahora todos los medicamentos tienen boca y hablan .i.,269569786395377,2017-08-16 04:59:07,2017-08-16 04:59:07
13991889,Games/Toys,Ubisoft Sudamérica,269656436447136,2017-08-16 04:59:07,2017-08-16 04:59:07
13991889,Product/Service,Pringles,269689779834969,2017-08-16 04:59:07,2017-08-16 04:59:07
13991889,Entertainment Website,Me gustan las películas de terror /._./,269744506457582,2017-08-16 04:59:07,2017-08-16 04:59:07
13991889,Sports & Recreation Venue,Nike Corre,269796399914,2017-08-16 04:59:07,2017-08-16 04:59:07
13991889,Entertainment Website,Yo también he tirado de la puerta cuando debía empujar.,269880236454004,2017-08-16 04:59:07,2017-08-16 04:59:07
13991889,Fictional Character,Piccolo Psicólogo,270046899768541,2017-08-16 04:59:07,2017-08-16 04:59:07
13991889,Public Figure,casados con hijos,27006520884,2017-08-16 04:59:07,2017-08-16 04:59:07
13991889,Entertainment Website,Te CAISTE? no solo me relajaba ¬¬,270081813014987,2017-08-16 04:59:07,2017-08-16 04:59:07
13991889,TV & Movies,Graduados,270149249737855,2017-07-11 22:01:21,2017-07-11 22:01:21
13991889,Local Business,MinecraftSV,270167063056206,2017-08-16 04:59:07,2017-08-16 04:59:07
13991889,Video Game,Oculus,270208243080697,2017-08-16 04:59:07,2017-08-16 04:59:07
13991889,Community,True Story,270290076377729,2017-08-16 04:59:07,2017-08-16 04:59:07
13991889,Local Business,Primera Impresión,270320716333309,2017-08-16 04:59:07,2017-08-16 04:59:07
13991889,Monarch,[Humor polémico] Pedobear Attack,270666739631324,2017-08-16 04:59:07,2017-08-16 04:59:07
13991889,Public Figure,James bond,270698479698542,2017-08-16 04:59:07,2017-08-16 04:59:07
13991889,Musician/Band,Lady Gaga España,270762786359007,2017-08-16 04:59:07,2017-08-16 04:59:07
13991889,Fictional Character,Naruto forever lo maximo en anime,271031336270743,2017-08-16 04:59:07,2017-08-16 04:59:07
13991889,Fictional Character,Gohan ssj,271086109673247,2017-08-16 04:59:07,2017-08-16 04:59:07
13991889,Video Game,Saints Row IV,271148473026322,2017-08-16 04:59:07,2017-08-16 04:59:07
13991889,Entertainment Website,ElCris XD,271418772968587,2017-07-11 22:01:21,2017-07-11 22:01:21
13991889,Outdoor & Sporting Goods Company,Troll Esponja,271795556192517,2017-08-16 04:59:07,2017-08-16 04:59:07
13991889,Book,Titanium,271807746165732,2017-08-16 04:59:07,2017-08-16 04:59:07
13991889,TV Network,Goku y Vegeta los mejores del mundo,271848429597613,2017-07-11 22:01:21,2017-07-11 22:01:21
13991889,Shopping & Retail,Si me pagaran por pensar en ti seria Millonario :$,271951956264934,2017-08-16 04:59:07,2017-08-16 04:59:07
13991889,Community,Bob Esponja,271965250076,2017-08-16 04:59:07,2017-08-16 04:59:07
13991889,Community,Mother Of Cj,271970156166410,2017-08-16 04:59:07,2017-08-16 04:59:07
13991889,Local Business,el cole es una joda,272119852184,2017-08-16 04:59:07,2017-08-16 04:59:07
13991889,Public Figure,"¿Te caíste? No, me gusta mirar el suelo de cerca.",272649239428972,2017-08-16 04:59:07,2017-08-16 04:59:07
13991889,Public Figure,VINE A CAGAR ESTE ESTADO,272747822749570,2017-08-16 04:59:07,2017-08-16 04:59:07
13991889,Community,La escuela NO ES DE DIOS XD,272887042747544,2017-08-16 04:59:07,2017-08-16 04:59:07
13991889,App Page,Royal Revolt 2,273256826116571,2017-08-16 04:59:07,2017-08-16 04:59:07
13991889,Book & Magazine Distributor,Straight To Business,273281552526,2017-08-16 04:59:07,2017-08-16 04:59:07
13991889,Movie Character,Mufasa,273891495421,2017-08-16 04:59:07,2017-08-16 04:59:07
13991889,Food & Beverage Company,Pritty Limón,274132052699310,2017-08-16 04:59:07,2017-08-16 04:59:07
13991889,Artist,los simpson,27438146167,2017-08-16 04:59:07,2017-08-16 04:59:07
13991889,Just For Fun,Dicen ser tus amigos & se van cuando más los necesitas   U   .   U,274426186024617,2017-08-16 04:59:07,2017-08-16 04:59:07
13991889,Art,?? I love Music ??,274467715994752,2017-08-16 04:59:07,2017-08-16 04:59:07
13991889,Community,Te caistes? nooo !! vi que el suelo necesitaba cariño ¡¡,274590642653152,2017-08-16 04:59:07,2017-08-16 04:59:07
13991889,Community,Interesante. lo anotare en la lista de cosas que me importan una mrda,274959699244024,2017-08-16 04:59:07,2017-08-16 04:59:07
13991889,Book,El amor en tiempos patéticos,275275312485868,2017-08-16 04:59:07,2017-08-16 04:59:07
13991889,Public Figure,DeiGamer,275285162575281,2017-08-16 04:59:07,2017-08-16 04:59:07
13991889,Public Figure,El Ciclero,275415335872793,2017-08-16 04:59:07,2017-08-16 04:59:07
13991889,Sports Team,Te caiste? ¬¬!! NO!! Pendejo me le antoje a alguien ¬¬!! XD,275599035799381,2017-08-16 04:59:07,2017-08-16 04:59:07
13991889,Musician/Band,Martin Garrix,275648462478015,2017-08-16 04:59:07,2017-08-16 04:59:07
13991889,Community,Felicitaciones eres la pagina # 49481489 en publicar esto,275688285796570,2017-08-16 04:59:07,2017-08-16 04:59:07
13991889,Community,ya tevi,275710145801194,2017-08-16 04:59:07,2017-08-16 04:59:07
13991889,Album,Si te digo,275803215832958,2017-08-16 04:59:07,2017-08-16 04:59:07
13991889,Musician/Band,Somos mas peligrosas que un pitbull con rabia*-*?  SOMOS BELIEBERS?,275884472482538,2017-08-16 04:59:07,2017-08-16 04:59:07
13991889,Entertainment Website,Play Games Club Network,275951511937,2017-08-16 04:59:07,2017-08-16 04:59:07
13991889,Elementary School,Hortus Conclusus,276117955746675,2017-08-16 04:59:07,2017-08-16 04:59:07
13991889,Community,Vaaa ya se enojo XD,276383815761484,2017-08-16 04:59:07,2017-08-16 04:59:07
13991889,Pizza Place,Extreme Forever Alone DETECTED *-*,276468352404787,2017-08-16 04:59:07,2017-08-16 04:59:07
13991889,Community,Aweeebo que si cabrón(a)!.,276542569050958,2017-08-16 04:59:07,2017-08-16 04:59:07
13991889,Entertainment Website,La Cocina de Bender,276645218849,2017-08-16 04:59:07,2017-08-16 04:59:07
13991889,Movie Character,Simba,27665751322,2017-08-16 04:59:07,2017-08-16 04:59:07
13991889,Artist,Spiderman meme español,276851042399087,2017-08-16 04:59:07,2017-08-16 04:59:07
13991889,Community,Gokú,276873425777400,2017-08-16 04:59:07,2017-08-16 04:59:07
13991889,Local Business,aguante el corazon de mariaaaaaa,276958157543,2017-08-16 04:59:07,2017-08-16 04:59:07
13991889,TV Channel,Fox Sports,277234042778,2017-08-16 04:59:07,2017-08-16 04:59:07
13991889,Community,Salvame Jebus!!,277258273830,2017-08-16 04:59:07,2017-08-16 04:59:07
13991889,TV Show,CQC,27749619067,2017-07-11 22:01:21,2017-07-11 22:01:21
13991889,App Page,Vector The Game,277509099012208,2017-08-16 04:59:07,2017-08-16 04:59:07
13991889,Community,Buena esa campeon jajaja ?,277596955676611,2017-08-16 04:59:07,2017-08-16 04:59:07
13991889,App Page,Twitter,278029242253904,2017-08-16 04:59:07,2017-08-16 04:59:07
13991889,Games/Toys,Grand Theft Auto IV,278156865622239,2017-08-16 04:59:07,2017-08-16 04:59:07
13991889,Athlete,"el de arriba me la suda, pero tiene razón ????",278167275539946,2017-08-16 04:59:07,2017-08-16 04:59:07
13991889,Community,Te Gustan Mis Abrazos?,278271278859612,2017-08-16 04:59:07,2017-08-16 04:59:07
13991889,Company,Cajitas Amazon *-*,278417052180117,2017-08-16 04:59:07,2017-08-16 04:59:07
13991889,Just For Fun,SIN Comentarios O:,278454775553479,2017-08-16 04:59:07,2017-08-16 04:59:07
13991889,Arts & Entertainment,Gracias por aparecer en mi vida..(:,278487782879,2017-08-16 04:59:07,2017-08-16 04:59:07
13991889,Community,Ver más,278520935559614,2017-08-16 04:59:07,2017-08-16 04:59:07
13991889,Clothing (Brand),Son Sólo; Cósas De Chicás,278675368896829,2017-08-16 04:59:07,2017-08-16 04:59:07
13991889,Comedian,Alfredito Mineros Ramos Pastore,278953352119277,2017-08-16 04:59:07,2017-08-16 04:59:07
13991889,App Page,The Simpsons: Tapped Out,279157528820356,2017-08-16 04:59:07,2017-08-16 04:59:07
13991889,Movie Character,Dolly,279164653616,2017-08-16 04:59:07,2017-08-16 04:59:07
13991889,News & Media Website,La Oreja De Van Gogh,27919820854,2017-08-16 04:59:07,2017-08-16 04:59:07
13991889,Community,Maxfroid Corporations C.A.,279231712202134,2017-08-16 04:59:07,2017-08-16 04:59:07
13991889,Fictional Character,Troll Face,279298825468664,2017-08-16 04:59:07,2017-08-16 04:59:07
13991889,Public Figure,"Excelente historia, le hicieron falta pokemones, pero excelente historia",279317618816219,2017-08-16 04:59:07,2017-08-16 04:59:07
13991889,Interest,Rocko's Modern Life,27936144375,2017-07-11 22:01:21,2017-07-11 22:01:21
13991889,Movie Character,Timon and Pumbaa,27937189122,2017-08-16 04:59:07,2017-08-16 04:59:07
13991889,Community,voi hacer la tarea....... na ke weba mañana la copio xDDD,279621959423,2017-08-16 04:59:07,2017-08-16 04:59:07
13991889,Community,"""Haha Tube un orgasmo de tanta risa XD XD"".",279657865430840,2017-08-16 04:59:07,2017-08-16 04:59:07
13991889,News & Media Website,Hora 22,279680135391700,2017-08-16 04:59:07,2017-08-16 04:59:07
13991889,Entertainment Website,Ser Feliz,279805222031923,2017-08-16 04:59:07,2017-08-16 04:59:07
13991889,Comedian,La misma mierda de siempre,279888832086940,2017-08-16 04:59:07,2017-08-16 04:59:07
13991889,Artist,Fui Al Baño A Hacer Reggeton :$,279895025395001,2017-08-16 04:59:07,2017-08-16 04:59:07
13991889,Musician/Band,Tan Bionica,28009034064,2017-08-16 04:59:07,2017-08-16 04:59:07
13991889,Artist,German Garmendia Mi Alegria De Los Viernes,280119782108445,2017-08-16 04:59:07,2017-08-16 04:59:07
13991889,Artist,Valio la pena,280186292030285,2017-08-16 04:59:07,2017-08-16 04:59:07
13991889,Public Figure,Santi Cueli,280344158716998,2018-03-02 00:18:23,2018-03-02 00:18:23
13991889,Book,Notes For Steve Jobs,280507861980989,2017-08-16 04:59:07,2017-08-16 04:59:07
13991889,Video Game,Pro Evolution Soccer,280573964326,2017-08-16 04:59:07,2017-08-16 04:59:07
13991889,Comedian,A La mierda los estudios! jajaja Yo kiero estudiar Bago-Logia C':,280638248704827,2017-08-16 04:59:07,2017-08-16 04:59:07
13991889,Nonprofit Organization,Mil Manos,280694755346386,2017-08-16 04:59:07,2017-08-16 04:59:07
13991889,Comedian,YaoMing,280717968611896,2017-08-16 04:59:07,2017-08-16 04:59:07
13991889,Education Website,El Rincón del Vago,280728224540,2017-08-16 04:59:07,2017-08-16 04:59:07
13991889,News Personality,Mi Vida Siempre Seras Tú,281189111958557,2017-08-16 04:59:07,2017-08-16 04:59:07
13991889,Movie,"Aliens, Aliens Everywhere",281274435269806,2017-08-16 04:59:07,2017-08-16 04:59:07
13991889,Community,GreenBoy,281542815236277,2017-08-16 04:59:07,2017-08-16 04:59:07
13991889,TV Channel,"15 pesos sale un paty aca, con 15 pesos,  me hago alto guiso",282152471796875,2017-08-16 04:59:07,2017-08-16 04:59:07
13991889,Community,Anti Corruptos,282357978441115,2017-08-16 04:59:07,2017-08-16 04:59:07
13991889,Fictional Character,EXITO meme,282384251795726,2017-08-16 04:59:07,2017-08-16 04:59:07
13991889,Product/Service,CyanogenMod,282458735424,2017-08-16 04:59:07,2017-08-16 04:59:07
13991889,Games/Toys,SEGA,28248536795,2017-08-16 04:59:07,2017-08-16 04:59:07
13991889,Movie Character,Stretch,282525287496,2017-08-16 04:59:07,2017-08-16 04:59:07
13991889,Community,"Si no fumas, unite.",282818277022,2017-08-16 04:59:07,2017-08-16 04:59:07
13991889,Fictional Character,Me la suda en tantas formas,283323998369285,2017-08-16 04:59:07,2017-08-16 04:59:07
13991889,Community,Sanits row 2,283508105001948,2017-08-16 04:59:07,2017-08-16 04:59:07
13991889,Community,Loco Momento,283554411690976,2017-08-16 04:59:07,2017-08-16 04:59:07
13991889,Musician/Band,Isusko,283677708413781,2017-08-16 04:59:07,2017-08-16 04:59:07
13991889,Local Business,FAP! FAP! FAP!,283682815358,2017-08-16 04:59:07,2017-08-16 04:59:07
13991889,Local Service,Naruto Shippuden - Naruto Vs Sasuke,283846118316285,2017-08-16 04:59:07,2017-08-16 04:59:07
13991889,Album,Dale me gusta si te aburre el colegio,283981015035720,2017-08-16 04:59:07,2017-08-16 04:59:07
13991889,Comedian,"8 letras, 3 palabras, 1 sentimiento ME La SUDA",283986521674892,2017-08-16 04:59:07,2017-08-16 04:59:07
13991889,Playground,Maldito LAN Center,284019898339566,2017-08-16 04:59:07,2017-08-16 04:59:07
13991889,Community,"Gente burlandose porque no se contar en 7,2,9.",284264228281726,2017-08-16 04:59:07,2017-08-16 04:59:07
13991889,Community,Si eres noob weon ¬¬,284364934924233,2017-08-16 04:59:07,2017-08-16 04:59:07
13991889,Food & Beverage Company,"Danette, Irresistible!",284657484818,2017-08-16 04:59:07,2017-08-16 04:59:07
13991889,Musician/Band,El Hermano Metalero de cereal guy,284846524866964,2017-08-16 04:59:07,2017-08-16 04:59:07
13991889,Video Game,Metal Gear Solid,285152375985,2017-08-16 04:59:07,2017-08-16 04:59:07
13991889,Entertainment Website,"Soy el primero comentario, debo aprovechar esta oportunidad: Hola mamá",285168844909634,2017-07-11 22:01:21,2017-07-11 22:01:21
13991889,Musician/Band,Makano,28544962290,2017-08-16 04:59:07,2017-08-16 04:59:07
13991889,Fictional Character,Te Caiste? NÖoo queria ver el piso de cerca :'D,285640938191945,2017-08-16 04:59:07,2017-08-16 04:59:07
13991889,Fictional Character,"Dragon Ball Z, Super",285674344810472,2017-08-16 04:59:07,2017-08-16 04:59:07
13991889,Public Figure,Tu Madre la Chichi suelta.,285718654860416,2017-08-16 04:59:07,2017-08-16 04:59:07
13991889,Fictional Character,TrollDance,285818378125303,2017-08-16 04:59:07,2017-08-16 04:59:07
13991889,TV Show,MythBusters,28627688223,2017-07-11 22:01:21,2017-07-11 22:01:21
13991889,Local Business,Tortas valeria,286423794774090,2017-08-16 04:59:07,2017-08-16 04:59:07
13991889,TV Show,Kdabra Latinoamerica Fan Page,286492304316,2017-07-11 22:01:21,2017-07-11 22:01:21
13991889,Author,William Shakespeare,286588754736563,2017-08-16 04:59:07,2017-08-16 04:59:07
13991889,Company,Frizze Evolution Blue?,286745064773,2017-08-16 04:59:07,2017-08-16 04:59:07
13991889,Just For Fun,Si Te Digo,286880531387152,2018-02-24 18:53:12,2018-02-24 18:53:12
13991889,Product/Service,App Store,286893159420,2017-08-16 04:59:07,2017-08-16 04:59:07
13991889,Entertainment Website,Sisi Ajaaam!!.,286979974660643,2017-08-16 04:59:07,2017-08-16 04:59:07
13991889,Comedian,"Amor sin beso , Pizza sin queso ?",287004178065731,2017-08-16 04:59:07,2017-08-16 04:59:07
13991889,Community,El Amor Duele Pero Vale La Pena,287327391326096,2017-08-16 04:59:07,2017-08-16 04:59:07
13991889,TV Show,Level Up,287617144601522,2017-07-11 22:01:21,2017-07-11 22:01:21
13991889,Community,Ay si. Ay si,287666454625690,2017-08-16 04:59:07,2017-08-16 04:59:07
13991889,Movie Character,Bookworm,287792428827,2017-08-16 04:59:07,2017-08-16 04:59:07
13991889,Entertainment Website,Crees que soy tan subnormal para reirme de eso?,288002774589386,2017-08-16 04:59:07,2017-08-16 04:59:07
13991889,Blogger,Vaso Rojo,288179956537,2017-08-16 04:59:07,2017-08-16 04:59:07
13991889,App Page,GodsWar: El Mejor 3D Juego De Fantasía,288235134564677,2017-08-16 04:59:07,2017-08-16 04:59:07
13991889,Public Figure,Lucas Castel,288375191238283,2017-08-16 04:59:07,2017-08-16 04:59:07
13991889,TV Show,Un Mundo Perfecto,288414759648,2017-07-11 22:01:21,2017-07-11 22:01:21
13991889,Clothing (Brand),COMPLOT,28853880714,2017-08-16 04:59:07,2017-08-16 04:59:07
13991889,Journalist,Y que le vay a poner color? ctm,288602884532122,2017-08-16 04:59:07,2017-08-16 04:59:07
13991889,Sports & Recreation,Eres tan Forever Alone que hasta Rexona te abandona.,288681081185764,2017-08-16 04:59:07,2017-08-16 04:59:07
13991889,Fictional Character,Shut up and take my like,288732154541136,2017-08-16 04:59:07,2017-08-16 04:59:07
13991889,Community,te caiste!!!! nooo estoy saludando el piso daaa XD,288796841134442,2017-08-16 04:59:07,2017-08-16 04:59:07
13991889,Public Figure,Si las putas brillaran tu serias el sol,288939571184951,2017-08-16 04:59:07,2017-08-16 04:59:07
13991889,Journalist,Mario Pergolini,28915848399,2017-08-16 04:59:07,2017-08-16 04:59:07
13991889,Fashion,Moda para Princesas ?,289286744425295,2017-08-16 04:59:07,2017-08-16 04:59:07
13991889,Musician/Band,Beyoncé,28940545600,2017-08-16 04:59:07,2017-08-16 04:59:07
13991889,TV Channel,TN Todo Noticias,28963119862,2017-08-16 04:59:07,2017-08-16 04:59:07
13991889,Just For Fun,"Gaspar, hay tabla",28978724699,2017-08-16 04:59:07,2017-08-16 04:59:07
13991889,Community,Yo Amo A Mi Mascota,289831238533,2017-11-28 20:46:49,2017-11-28 20:46:49
13991889,Community,Su Puta Madre Mañana Es Lunes,290037361020509,2017-08-16 04:59:07,2017-08-16 04:59:07
13991889,Musician/Band,« Reggae LØve »,290088837747966,2017-08-16 04:59:07,2017-08-16 04:59:07
13991889,Doctor,Solo hay una explicacion para esto: Drogas,290094877712547,2017-08-16 04:59:07,2017-08-16 04:59:07
13991889,Community,Lo hemos perdido todo ?_?.,290173187731868,2017-08-16 04:59:07,2017-08-16 04:59:07
13991889,Media/News Company,Éramos tan felices -¿Y qué pasó? Pasó una puta.,290313591115864,2018-02-24 18:53:12,2018-02-24 18:53:12
13991889,Public Figure,Solo hay una respuesta Aliens,290341254363745,2017-08-16 04:59:07,2017-08-16 04:59:07
13991889,Comedian,Me Gustan los Chistes,290717604384391,2017-08-16 04:59:07,2017-08-16 04:59:07
13991889,Fictional Character,Mother of Alien,290894087587885,2017-08-16 04:59:07,2017-08-16 04:59:07
13991889,Athlete,Carlitos Tevez,290952985460,2017-08-16 04:59:07,2017-08-16 04:59:07
13991889,Food & Beverage Company,Pirulin,291051134360061,2017-08-16 04:59:07,2017-08-16 04:59:07
13991889,Athlete,Memes,291185954288237,2017-08-16 04:59:07,2017-08-16 04:59:07
13991889,Musician/Band,El chico del cereal versión Porta,291214030938794,2017-08-16 04:59:07,2017-08-16 04:59:07
13991889,Fictional Character,Inspector de mochilas,291265567743389,2017-08-16 04:59:07,2017-08-16 04:59:07
13991889,Entertainment Website,Germaniters,291480244300917,2017-08-16 04:59:07,2017-08-16 04:59:07
13991889,Computers (Brand),Alienware,291490404264385,2017-08-16 04:59:07,2017-08-16 04:59:07
13991889,Community,"Tranquilos,he venido a prevenir que el 1º comentario sea saludar a su mama",291694647583290,2017-08-16 04:59:07,2017-08-16 04:59:07
13991889,Comedian,WEREVERTUMORRO,291729159657,2017-08-16 04:59:07,2017-08-16 04:59:07
13991889,Community,Skrillex Argentina,291747834214936,2017-08-16 04:59:07,2017-08-16 04:59:07
13991889,Movie/Television Studio,CACA Everywhere,291949670918068,2017-08-16 04:59:07,2017-08-16 04:59:07
13991889,Album,"-te caiste? - no pendejo tengo sexo con el piso ¬¬""",292082550887532,2017-08-16 04:59:07,2017-08-16 04:59:07
13991889,Musician/Band,Aveces Yoo Gomiitooo,292224530824041,2017-08-16 04:59:07,2017-08-16 04:59:07
13991889,Just For Fun,Moriras de risa,292603107466941,2017-08-16 04:59:07,2017-08-16 04:59:07
13991889,TV Show,Nivel X,29262784682,2017-07-11 22:01:21,2017-07-11 22:01:21
13991889,Community,"Te caiste ? - No si el piso me tiro onda, y le quise dar un beso ¬¬",292684184092126,2017-08-16 04:59:07,2017-08-16 04:59:07
13991889,Movie Character,Chatter Telephone,292740575228,2017-08-16 04:59:07,2017-08-16 04:59:07
13991889,Product/Service,Skype,29282006975,2017-08-16 04:59:07,2017-08-16 04:59:07
13991889,Magazine,Revista Imagina 1,292845030773871,2017-08-16 04:59:07,2017-08-16 04:59:07
13991889,Local Business,Vas en la calle vez un zombie y te tomas una foto con el para el face,292892300812804,2017-07-11 22:01:21,2017-07-11 22:01:21
13991889,Musician/Band,Santa RM,292907083981,2017-08-16 04:59:07,2017-08-16 04:59:07
13991889,Transportation Service,Aleex Hw Import,292937101105571,2017-08-16 04:59:07,2017-08-16 04:59:07
13991889,News Personality,Ronaldinho 10 ?,292992614060439,2017-08-16 04:59:07,2017-08-16 04:59:07
13991889,Bookstore,"A Falta De Amor, Amigos, Fiesta y Alcohol",293176350803044,2017-08-16 04:59:07,2017-08-16 04:59:07
13991889,Product/Service,Doritos,293308870716416,2017-08-16 04:59:07,2017-08-16 04:59:07
13991889,Movie,WALL•E,29349922628,2017-08-16 04:59:07,2017-08-16 04:59:07
13991889,Community,"SPAM, SPAM Everywhere",293854064030271,2017-08-16 04:59:07,2017-08-16 04:59:07
13991889,Electronics,CataTronic,294335674265871,2018-02-24 18:53:12,2018-02-24 18:53:12
13991889,Community,COCACOLICOS ANONIMOS,294373273184,2017-08-16 04:59:07,2017-08-16 04:59:07
13991889,Games/Toys,Guitar Hero,29438478619,2017-08-16 04:59:07,2017-08-16 04:59:07
13991889,Athlete,Motocross,294424590143,2017-08-16 04:59:07,2017-08-16 04:59:07
13991889,Arts & Entertainment,N A R U T O --- S H I P P U D E N,294564326428,2017-08-16 04:59:07,2017-08-16 04:59:07
13991889,Community,Zarek,294577107315599,2017-11-28 20:46:49,2017-11-28 20:46:49
13991889,Video Game,Dynamic Elo Boost,294772730635545,2017-08-16 04:59:07,2017-08-16 04:59:07
13991889,Community,te caiste ?!?!?! no estoii bailando breakdance pff! xc,294833592674,2017-08-16 04:59:07,2017-08-16 04:59:07
13991889,Travel Company,Turismo Ahuacatlán,294841250581561,2017-08-16 04:59:07,2017-08-16 04:59:07
13991889,Community,¿Sabías que..? con Memes,294905613916154,2017-08-16 04:59:07,2017-08-16 04:59:07
13991889,TV Show,Il Pulcino Pio Radio Globo,295067257266956,2017-07-11 22:01:21,2017-07-11 22:01:21
13991889,Comedian,"Trolleado en 3,2,1.",295087900566566,2017-08-16 04:59:07,2017-08-16 04:59:07
13991889,Company,Estoy completamente de acuerdo con el comentario de arriba.,295173147174783,2017-08-16 04:59:07,2017-08-16 04:59:07
13991889,Community,Gracias por aparecer en mi vida,295260497152569,2017-08-16 04:59:07,2017-08-16 04:59:07
13991889,TV Show,The Simpsons,29534858696,2017-07-11 22:01:21,2017-07-11 22:01:21
13991889,Book,Trollface,295356847167632,2017-08-16 04:59:07,2017-08-16 04:59:07
13991889,Amateur Sports Team,Chuck norris es la ley xdddd,295545897169546,2017-08-16 04:59:07,2017-08-16 04:59:07
13991889,Community,Que clase de alíen es este ?,295826793812583,2017-08-16 04:59:07,2017-08-16 04:59:07
13991889,Community,Soy Todo Un Loquillo,296072697091364,2017-08-16 04:59:07,2017-08-16 04:59:07
13991889,Public Figure,Tu y yo 3 dias de oscuridad piensalo :3,296205373833291,2017-08-16 04:59:07,2017-08-16 04:59:07
13991889,Entertainment Website,NO ME DIGAS,296268377054814,2017-08-16 04:59:07,2017-08-16 04:59:07
13991889,Community,Tipico:pones un estado y te arrechas xq no le dan me gusta,296396873730415,2017-08-16 04:59:07,2017-08-16 04:59:07
13991889,Artist,Goku ssj mas fuerte,296426953788446,2017-08-16 04:59:07,2017-08-16 04:59:07
13991889,Community,las cosas más simples. son las que te hacen ser tan especial :3,296637727015525,2017-08-16 04:59:07,2017-08-16 04:59:07
13991889,TV Show,Policias en accion,29673976809,2017-07-11 22:01:21,2017-07-11 22:01:21
13991889,Local Business,"Trolls,Trolls Everywhere",296776510342632,2017-08-16 04:59:07,2017-08-16 04:59:07
13991889,Literary Editor,~*Sire*~,296945837063925,2017-08-16 04:59:07,2017-08-16 04:59:07
13991889,News Personality,Justiin see laa Koomeeeee!.,297099257021769,2017-08-16 04:59:07,2017-08-16 04:59:07
13991889,Community,"Ni vergas, toma tu pinche like .l.(-_-) .l.",297245286992829,2017-08-16 04:59:07,2017-08-16 04:59:07
13991889,Community,"Hola, vengo a Trollear",297267743640434,2017-08-16 04:59:07,2017-08-16 04:59:07
13991889,Fictional Character,Chicazombie,297495003690151,2017-08-16 04:59:07,2017-08-16 04:59:07
13991889,Musician/Band,.PORTA.,297564691539,2017-08-16 04:59:07,2017-08-16 04:59:07
13991889,TV Network,Si tuviera mi pokeball ya te atraparía ??,297658656958188,2017-07-11 22:01:21,2017-07-11 22:01:21
13991889,Public Figure,Quemenlo y tirenlo al rio,297712240250218,2017-08-16 04:59:07,2017-08-16 04:59:07
13991889,Product/Service,Barritas Kinder,29771533154,2017-08-16 04:59:07,2017-08-16 04:59:07
13991889,TV Show,PeterCapusotto.tv,297898972957,2017-07-11 22:01:21,2017-07-11 22:01:21
13991889,Movie Character,Buttercup,297939498464,2017-08-16 04:59:07,2017-08-16 04:59:07
13991889,Fictional Character,Bella Swan,298163656866444,2017-08-16 04:59:07,2017-08-16 04:59:07
13991889,Organization,Gif Dreams,298191329780,2017-08-16 04:59:07,2017-08-16 04:59:07
13991889,Musician/Band,Feeling Every Sunset,298204555422,2017-08-16 04:59:07,2017-08-16 04:59:07
13991889,Comedian,Quien se comio mi chocolate?,298267203577713,2017-08-16 04:59:07,2017-08-16 04:59:07
13991889,Entertainment Website,"Oh margo! llegaste a mi vida volando, y te quite las alas",298356730187220,2017-07-11 22:01:21,2017-07-11 22:01:21
13991889,TV Show,Mi niñera es una vampira,298441403518569,2017-07-11 22:01:21,2017-07-11 22:01:21
13991889,Community,El hecho de que no te vea no quiere decir que no seas linda,298474113555536,2017-08-16 04:59:07,2017-08-16 04:59:07
13991889,Public Figure,Where's Wally?,29848278059,2017-08-16 04:59:07,2017-08-16 04:59:07
13991889,Personal Blog,Matenlo antes de que deje crías,298533443517537,2017-08-16 04:59:07,2017-08-16 04:59:07
13991889,TV Show,Ridículos MTV,298539526862441,2017-07-11 22:01:21,2017-07-11 22:01:21
13991889,Entertainment Website,"Te caíste? no boludo, el piso me pidió un abrazo",298610110177206,2017-08-16 04:59:07,2017-08-16 04:59:07
13991889,Movie Theater,cine,298808540138241,2017-08-16 04:59:07,2017-08-16 04:59:07
13991889,Entertainment Website,Memes para chat de face (grandes y chicos),298813753487965,2017-08-16 04:59:07,2017-08-16 04:59:07
13991889,Cause,Ese Chabelo es todo un loquillo,298883060240430,2017-08-16 04:59:07,2017-08-16 04:59:07
13991889,Musician/Band,DJ Just M,298933773598442,2017-08-16 04:59:07,2017-08-16 04:59:07
13991889,Community,River mi buen amigo,299285170136873,2017-08-16 04:59:07,2017-08-16 04:59:07
13991889,Community,No te deseo el mal pero ojala que cuando vayas al baño no haya papel,299357836800183,2017-08-16 04:59:07,2017-08-16 04:59:07
13991889,Community,Factoryvevo,299634173472586,2017-08-16 04:59:07,2017-08-16 04:59:07
13991889,Fictional Character,Raaaawwwwr Yeeeaaaaaahh,299664780114195,2017-08-16 04:59:07,2017-08-16 04:59:07
13991889,Entertainment Website,Video juegos Play,299672813462396,2017-08-16 04:59:07,2017-08-16 04:59:07
13991889,Personal Website,"Don't Fk with her feelings, Bro.",300010027088879,2017-08-16 04:59:07,2017-08-16 04:59:07
13991889,Community,Oh! Mira! Un unicornio,300031030027780,2017-08-16 04:59:07,2017-08-16 04:59:07
13991889,Monument,Tengo un sueño,300062933468264,2017-08-16 04:59:07,2017-08-16 04:59:07
13991889,Bookstore,Crisitano Ronaldo Lovers,300123307819,2017-08-16 04:59:07,2017-08-16 04:59:07
13991889,Movie Theater,"Animes, animes everywhere",300141143402028,2017-08-16 04:59:07,2017-08-16 04:59:07
13991889,Entertainment Website,"Ya chupala'!! ¬_¬""",300547770003554,2017-08-16 04:59:07,2017-08-16 04:59:07
13991889,Entertainment Website,Forever alone al infinito y mas alla,300597970009177,2017-08-16 04:59:07,2017-08-16 04:59:07
13991889,Comedian,Al carajo yo me voy ¡¡,300756216647021,2017-08-16 04:59:07,2017-08-16 04:59:07
13991889,News & Media Website,Rise of the Planet of the Backpackerz,300769279936087,2017-08-16 04:59:07,2017-08-16 04:59:07
13991889,Artist,Numero 18,300844160029456,2017-08-16 04:59:07,2017-08-16 04:59:07
13991889,Community,Podría comer una sopa de letras y cagar un argumento mejor que ese.,300994443290385,2017-08-16 04:59:07,2017-08-16 04:59:07
13991889,Nonprofit Organization,"Me eliimiinaste, miira como me duele .l.",301142506617686,2017-08-16 04:59:07,2017-08-16 04:59:07
13991889,Landmark & Historical Place,Típico te van a robar y sacas un nokia y el ladrón corre.,301332526601779,2017-08-16 04:59:07,2017-08-16 04:59:07
13991889,Artist,*WILDSTAR*,301347019961692,2017-08-16 04:59:07,2017-08-16 04:59:07
13991889,Musician/Band,Musica Jamaiquina Para Descargar Y Escuchar,301497413243779,2017-08-16 04:59:07,2017-08-16 04:59:07
13991889,Comedian,Lo hemos perdido todo,301618463201011,2017-08-16 04:59:07,2017-08-16 04:59:07
13991889,Author,- Krlo,301681133220797,2017-08-16 04:59:07,2017-08-16 04:59:07
13991889,Community,Genkidama,301866346531692,2017-12-23 18:37:29,2017-12-23 18:37:29
13991889,Medical Company,Umbrella Corporation,301892766570468,2017-08-16 04:59:07,2017-08-16 04:59:07
13991889,Community Organization,Naruto Shippuden,302024486515173,2017-07-11 22:01:21,2017-07-11 22:01:21
13991889,Community,Esta es mi oportunidad: Hola Chuck Norris,302281449854983,2017-08-16 04:59:07,2017-08-16 04:59:07
13991889,Community,Hola Lucho,302711359814023,2017-08-16 04:59:07,2017-08-16 04:59:07
13991889,Comedian,Hola soy Germán / Grupo Official,303035249746535,2017-08-16 04:59:07,2017-08-16 04:59:07
13991889,Entertainment Website,"Si la vida te sonríe, Sonríele Tu a Ella",303180646406886,2017-08-16 04:59:07,2017-08-16 04:59:07
13991889,Public Figure,Viernes : Voy a Hacer Las Tareas Hoy ... Domingo : Hpta La Tareas!! :|,303422039751,2017-08-16 04:59:07,2017-08-16 04:59:07
13991889,Community,El comentario de arriba la cago ?????,303573416387923,2017-08-16 04:59:07,2017-08-16 04:59:07
13991889,Media/News Company,Revista  THC,303678172591,2017-08-16 04:59:07,2017-08-16 04:59:07
13991889,Sports League,Dafaq,303685719693821,2017-08-16 04:59:07,2017-08-16 04:59:07
13991889,Entertainment Website,El que hizo esta imagen merece un grammy,303802743001288,2017-08-16 04:59:07,2017-08-16 04:59:07
13991889,Film Director,?? Jackie Chan,30382852317,2017-08-16 04:59:07,2017-08-16 04:59:07
13991889,Community,Natura - Ayúdame  a salvar el medio ambiente,303863803043847,2017-08-16 04:59:07,2017-08-16 04:59:07
13991889,Personal Blog,"Te caíste? - no, el piso me quería decir un secreto ¬¬",304258522972378,2017-08-16 04:59:07,2017-08-16 04:59:07
13991889,Sports & Recreation,Exelente historia deberia salir en Discovery Kids,304337589644130,2017-08-16 04:59:07,2017-08-16 04:59:07
13991889,Community,Soy Virgen Te Lo Juro Por Mis Hijos,304413362986828,2017-08-16 04:59:07,2017-08-16 04:59:07
13991889,Artist,El chico del portico,30447764255,2017-08-16 04:59:07,2017-08-16 04:59:07
13991889,Comedian,S.Cat FilosoRaptor,304809356270449,2017-08-16 04:59:07,2017-08-16 04:59:07
13991889,Entertainment Website,burro!!,30485613263,2017-08-16 04:59:07,2017-08-16 04:59:07
13991889,Fictional Character,Me la suda al cuadrado²,305055889526819,2017-08-16 04:59:07,2017-08-16 04:59:07
13991889,Community,? Piropos,305112062970579,2017-08-16 04:59:07,2017-08-16 04:59:07
13991889,Photography Videography,CLICK Fotos Divertidas,305620752877575,2017-08-16 04:59:07,2017-08-16 04:59:07
13991889,Public Figure,HelldogMadness,305632799545481,2017-08-16 04:59:07,2017-08-16 04:59:07
13991889,Community,Portadores,30603814039,2017-08-16 04:59:07,2017-08-16 04:59:07
13991889,Movie,Shrek,306140043444,2017-08-16 04:59:07,2017-08-16 04:59:07
13991889,Company,Pochoclo,30634673411,2017-08-16 04:59:07,2017-08-16 04:59:07
13991889,Food & Beverage Company,M&M'S U.S.A.,30634981956,2017-08-16 04:59:07,2017-08-16 04:59:07
13991889,TV Network,Mtv Hits,306359471350,2017-07-11 22:01:21,2017-07-11 22:01:21
13991889,TV Show,Casi Angeles Fans,306450295815,2017-07-11 22:01:21,2017-07-11 22:01:21
13991889,Public Figure,Sebastian sarmiento,306575672735686,2017-08-16 04:59:07,2017-08-16 04:59:07
13991889,Musician/Band,Tito el Bambino,30657831221,2017-08-16 04:59:07,2017-08-16 04:59:07
13991889,Public Figure,Juan Roman Riquelme,30663478314,2017-08-16 04:59:07,2017-08-16 04:59:07
13991889,TV Network,DBZ,306650842721635,2017-07-11 22:01:21,2017-07-11 22:01:21
13991889,Entertainment Website,Enchufe.tv,307093412636526,2017-08-16 04:59:07,2017-08-16 04:59:07
13991889,Movie,Nacho Libre,307113062707615,2017-08-16 04:59:07,2017-08-16 04:59:07
13991889,Social Club,Malvados y Asociados,30716286911,2017-08-16 04:59:07,2017-08-16 04:59:07
13991889,Home Decor,"Te caiste? No boludo, estoy barriendo el piso con la cara...",307227647180,2017-08-16 04:59:07,2017-08-16 04:59:07
13991889,Community,Brindo por las hipocritas,307227952727964,2017-08-16 04:59:07,2017-08-16 04:59:07
13991889,Fictional Character,Te caiste? nO senti atraccion pOr la tiierra y quiCe abrazarla,307764892594816,2017-08-16 04:59:07,2017-08-16 04:59:07
13991889,Fictional Character,El Papa Espacial,307943842599484,2017-08-16 04:59:07,2017-08-16 04:59:07
13991889,Comedian,DEMENCIA,308125722559674,2017-08-16 04:59:07,2017-08-16 04:59:07
13991889,Entertainment Website,"ALA MIERDA, MATENL@ ANTES DE QUE SE REPRODUZCA",308265115890309,2017-08-16 04:59:07,2017-08-16 04:59:07
13991889,Community,"A pesar de mis heridas, siempre reire como si no pasara nada",308663869222967,2017-08-16 04:59:07,2017-08-16 04:59:07
13991889,Local Business,Mas porfiada que Mula Tuerta,308727462504085,2017-08-16 04:59:07,2017-08-16 04:59:07
13991889,Entertainment Website,Yo te vi,308901582511761,2017-08-16 04:59:07,2017-08-16 04:59:07
13991889,Movie,By: Goten,308947572560152,2017-08-16 04:59:07,2017-08-16 04:59:07
13991889,Entertainment Website,Tu broma es tan mala ?_?,308964839177672,2017-08-16 04:59:07,2017-08-16 04:59:07
13991889,Album,¿Trabajar? ¿Que es eso?,309093062467096,2017-08-16 04:59:07,2017-08-16 04:59:07
13991889,Movie,Romeo and Juliet,309161482444256,2017-08-16 04:59:07,2017-08-16 04:59:07
13991889,Community,EXITO,309289065754131,2017-08-16 04:59:07,2017-08-16 04:59:07
13991889,Community,REMERA VIEJA= PIJAMA NUEVO,309293226220,2017-08-16 04:59:07,2017-08-16 04:59:07
13991889,TV Channel,Canal FX Brasil,309359619494,2017-08-16 04:59:07,2017-08-16 04:59:07
13991889,Athlete,My Psycho Girlfriend,309650909124834,2017-08-16 04:59:07,2017-08-16 04:59:07
13991889,Artist,Ay si! fui un primer comentario gracioso y ya tengo chorros de likes,309656179099932,2017-08-16 04:59:07,2017-08-16 04:59:07
13991889,Artist,Chico Zombie,310317622407035,2017-08-16 04:59:07,2017-08-16 04:59:07
13991889,Album,No me digas,310394545721037,2017-08-16 04:59:07,2017-08-16 04:59:07
13991889,Public Figure,Lo va hacer tu puta madre,310482422335859,2017-08-16 04:59:07,2017-08-16 04:59:07
13991889,Fictional Character,Donkey,31061022037,2017-08-16 04:59:07,2017-08-16 04:59:07
13991889,News Personality,Típico: Te Gustó Alguien Y Nunca Fuiste Capaz De Decírselo :'),310784942334099,2017-08-16 04:59:07,2017-08-16 04:59:07
13991889,Community,El de arriva es Pendejo .l. ?????,310823105631373,2017-08-16 04:59:07,2017-08-16 04:59:07
13991889,App Page,App Builder,311420195568171,2017-08-16 04:59:07,2017-08-16 04:59:07
13991889,Comedian,By: Dyland,311466378959536,2017-08-16 04:59:07,2017-08-16 04:59:07
13991889,Movie,Cars,31159065182,2017-08-16 04:59:07,2017-08-16 04:59:07
13991889,Community,"Te caist?? Noo,,Pase a Saludar al piso¬¬",311787635935,2017-08-16 04:59:07,2017-08-16 04:59:07
13991889,Monarch,Stivf,312023492219019,2017-08-16 04:59:07,2017-08-16 04:59:07
13991889,Community,"TE CAISTE???, no weon keria ver mas de cerca el suelo ¬¬",312040552626,2017-08-16 04:59:07,2017-08-16 04:59:07
13991889,App Page,Mi Pecera,312045875498199,2017-08-16 04:59:07,2017-08-16 04:59:07
13991889,Community,Tipico de niñas: oiee..Y como vas a ir Vestida??,312137226746,2017-08-16 04:59:07,2017-08-16 04:59:07
13991889,TV Network,Disney XD,312170355491069,2017-08-16 04:59:07,2017-08-16 04:59:07
13991889,Journalist,Ojala Que Te Viole Un Teletubi ¬_¬',312358788795627,2017-07-11 22:01:21,2017-07-11 22:01:21
13991889,Community,Feel Like a Rockstar,312683702114807,2017-08-16 04:59:07,2017-08-16 04:59:07
13991889,Internet Company,Abcdesigner.com.br,312746905427772,2017-08-16 04:59:07,2017-08-16 04:59:07
13991889,Just For Fun,Los Guapos somos Gamers,313219255480506,2017-08-16 04:59:07,2017-08-16 04:59:07
13991889,TV Channel,El percebe feo,313315772152586,2017-08-16 04:59:07,2017-08-16 04:59:07
13991889,Writer,Hola soy un perrito. y sabo escribir,313524768723862,2017-08-16 04:59:07,2017-08-16 04:59:07
13991889,Community,¡¡ TE CAISTE??... NO MK ES Q ME ENCANTA TIRARME AL PISO DE VEZ EN CUANDO !!,313950328564,2017-08-16 04:59:07,2017-08-16 04:59:07
13991889,Community,"Gente riéndose de que no se contar en 5, 7, 2",314461981962441,2017-08-16 04:59:07,2017-08-16 04:59:07
13991889,Video Game,Angry Birds,314467614927,2017-08-16 04:59:07,2017-08-16 04:59:07
13991889,Community,Hijo de Fuckencio,314677218587987,2017-08-16 04:59:07,2017-08-16 04:59:07
13991889,Personal Blog,Yo Tambien Llore Al Ver Morir A Goku,314686485316961,2017-07-11 22:01:21,2017-07-11 22:01:21
13991889,Fictional Character,Genius Meme,314893665242776,2017-08-16 04:59:07,2017-08-16 04:59:07
13991889,Community,JaJaJaJaJaJaJaJa No Entendi :/,315180345183442,2017-08-16 04:59:07,2017-08-16 04:59:07
13991889,Just For Fun,Solo hay una explicación para esto: Asiáticos,315311488515046,2017-08-16 04:59:07,2017-08-16 04:59:07
13991889,Games/Toys,Ninja Saga,315390295169855,2017-08-16 04:59:07,2017-08-16 04:59:07
13991889,Community,Te Caíste? - no weon habían 10 lucas botadas aweonao ¬¬,316097666100,2017-08-16 04:59:07,2017-08-16 04:59:07
13991889,Event Planner,TORO LOCO,316238435125766,2017-08-16 04:59:07,2017-08-16 04:59:07
13991889,Athlete,Tirenle un nokia a ese hijo de puta,316262035098346,2017-08-16 04:59:07,2017-08-16 04:59:07
13991889,TV Show,CSI: Miami,31649251356,2017-07-11 22:01:21,2017-07-11 22:01:21
13991889,Musician/Band,Es rock o nada,316507815126611,2017-08-16 04:59:07,2017-08-16 04:59:07
13991889,Games/Toys,Spil Fun,316673398700167,2017-08-16 04:59:07,2017-08-16 04:59:07
13991889,Community,Eso no es contra la ley?,316758191751049,2017-08-16 04:59:07,2017-08-16 04:59:07
13991889,Community,Mi ñero Es Como Todo Sapo No?,316798288382870,2017-08-16 04:59:07,2017-08-16 04:59:07
13991889,Community,TE AMO,316906925102202,2017-08-16 04:59:07,2017-08-16 04:59:07
13991889,Movie Theater,Aaah hice la pagina para no estar tan forever alone,317003741722343,2017-08-16 04:59:07,2017-08-16 04:59:07
13991889,Arts & Entertainment,Yo Tambien Amo Los Viernes ;D,317209961712250,2017-08-16 04:59:07,2017-08-16 04:59:07
13991889,Fictional Character,El Payaso Eso,31723409266,2017-08-16 04:59:07,2017-08-16 04:59:07
13991889,Comedian,¿Lo está sintiendo ahora Don Cangrejo?,317244105098545,2017-08-16 04:59:07,2017-08-16 04:59:07
13991889,Entertainment Website,Un estúpido comentario más.??????,317261431690130,2017-08-16 04:59:07,2017-08-16 04:59:07
13991889,Movie,King Kong,317391334952902,2017-08-16 04:59:07,2017-08-16 04:59:07
13991889,Food & Beverage Company,Toddy,317660588281581,2017-08-16 04:59:07,2017-08-16 04:59:07
13991889,Dancer,FUCK YEAH Michael Jackson,317705484995258,2017-08-16 04:59:07,2017-08-16 04:59:07
13991889,Actor,Elba Jiménez,317817211993838,2017-09-13 18:28:28,2017-09-13 18:28:28
13991889,Comedian,By/JFA,317874561597940,2017-08-16 04:59:07,2017-08-16 04:59:07
13991889,TV Show,FREAK SHOW TV,318104798234038,2017-07-11 22:01:21,2017-07-11 22:01:21
13991889,Community,YO TAMBIEN DIJE ''AHHH!'' CUANDO EL PROFE ME EXPLICO Y AL FINAL NO ENTENDI,318118217149,2017-08-16 04:59:07,2017-08-16 04:59:07
13991889,Community,te caistes? -no lo qe pasa es qe me gusta acostarme de repente... ¬¬,318171482384,2017-08-16 04:59:07,2017-08-16 04:59:07
13991889,Professional Service,Unlock Cell,318487961576951,2017-08-16 04:59:07,2017-08-16 04:59:07
13991889,Community,Por los que tienen la tele prendida y estan en la computadora,318574601518310,2017-08-16 04:59:07,2017-08-16 04:59:07
13991889,Comedian,Estoy completamente seguro que el de abajo dira una estupidez,318598701545571,2017-08-16 04:59:07,2017-08-16 04:59:07
13991889,News Personality,Que tipo de magia negra es esta?,318661494817687,2017-08-16 04:59:07,2017-08-16 04:59:07
13991889,News & Media Website,"Ni te Borro, Ni te Bloqueo Te Dejo ahi Para Que Veas Lo Feliz que soy",318692188226079,2017-08-16 04:59:07,2017-08-16 04:59:07
13991889,Comedian,Quien dice,318710024877808,2017-08-16 04:59:07,2017-08-16 04:59:07
13991889,Education,Me cagan los profes,318799011530323,2017-08-16 04:59:07,2017-08-16 04:59:07
13991889,Entertainment Website,Sonrie Mierda xD,318921478166792,2017-08-16 04:59:07,2017-08-16 04:59:07
13991889,Public Figure,Filosofo raptor,319197818143940,2017-08-16 04:59:07,2017-08-16 04:59:07
13991889,Community,??.l.??el de arriba la cago con su comentario??.l.??,319320728083151,2017-08-16 04:59:07,2017-08-16 04:59:07
13991889,Other,Facebook Security,31987371885,2017-08-16 04:59:07,2017-08-16 04:59:07
13991889,Website,Armá tu Coso,320006734723646,2017-08-16 04:59:07,2017-08-16 04:59:07
13991889,Games/Toys,Dragon Ball Z: Infinite World,32010722286,2017-08-16 04:59:07,2017-08-16 04:59:07
13991889,Fictional Character,Odio cuando Hitler se roba mi Nutella,320113051372153,2017-08-16 04:59:07,2017-08-16 04:59:07
13991889,Community,"yo tambien fui a hacer tarea en equipo, Y NUNCA HICIMOS NADAA!!!",320362271622,2017-08-16 04:59:07,2017-08-16 04:59:07
13991889,Movie,Chucky,320459264704717,2017-08-16 04:59:07,2017-08-16 04:59:07
13991889,Community,Que Pendejoo?,320483027984705,2017-08-16 04:59:07,2017-08-16 04:59:07
13991889,Movie,Napoleon Dynamite,320488617976339,2017-08-16 04:59:07,2017-08-16 04:59:07
13991889,Community,"Tu amor me inspira, tu ternura me conmueve y tus besos me enloquecen :*",320540961351786,2017-08-16 04:59:07,2017-08-16 04:59:07
13991889,Community,Diseños y Estilos Z&M,320737138003461,2017-08-16 04:59:07,2017-08-16 04:59:07
13991889,TV Show,Adventure Time,321031023382,2017-07-11 22:01:21,2017-07-11 22:01:21
13991889,Politician,Eres la honra de un pueblo,321230024605391,2017-08-16 04:59:07,2017-08-16 04:59:07
13991889,Community,Me Gusta,321487481226226,2017-08-16 04:59:07,2017-08-16 04:59:07
13991889,Software,Google Chrome,321662419491,2017-08-16 04:59:07,2017-08-16 04:59:07
13991889,Public Figure,"De Jamaica Limon o Tamarindo, Dame una de piña",321740527921004,2017-08-16 04:59:07,2017-08-16 04:59:07
13991889,Book,Memes,321815464598925,2017-08-16 04:59:07,2017-08-16 04:59:07
13991889,Event Planner,Cumpleaños Feliz,322260731203791,2017-08-16 04:59:07,2017-08-16 04:59:07
13991889,Electronics,Nintendo Console Gaming,322374604497086,2017-08-16 04:59:07,2017-08-16 04:59:07
13991889,Magazine,"Yo tambien le dije a mi maestra ""mamá""",322395377843827,2017-08-16 04:59:07,2017-08-16 04:59:07
13991889,Movie,"Mierda, esta es mi oportunidad: Saludame a tu puta madre.",322514187817585,2017-08-16 04:59:07,2017-08-16 04:59:07
13991889,Writer,Me la suda mas que a los fans de esta página,322565817825161,2017-08-16 04:59:07,2017-08-16 04:59:07
13991889,Entertainment Website,No se si quieres un like? o que te mande a la mierda,322664984445945,2017-08-16 04:59:07,2017-08-16 04:59:07
13991889,Religious Organization,Pues a mi me la suda,323246874439286,2017-08-16 04:59:07,2017-08-16 04:59:07
13991889,Community,"Mierda, soy el primer comentario, esta es mi oportunidad: Hola mamá",323394801006505,2017-08-16 04:59:07,2017-08-16 04:59:07
13991889,Website,Clientes Del Infierno,323395411191666,2017-08-16 04:59:07,2017-08-16 04:59:07
13991889,Fictional Character,Super Gogeta SSJ 4,323416771044258,2017-08-16 04:59:07,2017-08-16 04:59:07
13991889,Public Figure,If you know what I mean,323658721006724,2017-08-16 04:59:07,2017-08-16 04:59:07
13991889,Community,-te caiste??? no pendejo me puse a buscar hormigas,323776938649,2017-08-16 04:59:07,2017-08-16 04:59:07
13991889,Magazine,Memes ¬¬,323784577708295,2017-08-16 04:59:07,2017-08-16 04:59:07
13991889,Teens & Kids Website,Soy un dinosaurio RAWR :3,323843834296519,2017-08-16 04:59:07,2017-08-16 04:59:07
13991889,Public Figure,Chuck Rules,324147664280568,2017-08-16 04:59:07,2017-08-16 04:59:07
13991889,Community,Me IdentificO con un Meme xDD,324188260960754,2017-08-16 04:59:07,2017-08-16 04:59:07
13991889,Website,alaMaula,324429573717,2017-08-16 04:59:07,2017-08-16 04:59:07
13991889,Musician/Band,"Mierda no soy el primer comentario, pero me vale madres Hola mama",324431384296208,2017-08-16 04:59:07,2017-08-16 04:59:07
13991889,Fictional Character,Pon esa cosa horrorosa ahí o verás,324743900884,2017-08-16 04:59:07,2017-08-16 04:59:07
13991889,Sports League,Futbol 11,325122997572737,2017-08-16 04:59:07,2017-08-16 04:59:07
13991889,Company,Carrefour Argentina,325136260912360,2017-08-16 04:59:07,2017-08-16 04:59:07
13991889,Community,YO TAMPOCO HE VISTO UN CEPILLO DE DIENTES NEGRO :|,325202051390,2017-08-16 04:59:07,2017-08-16 04:59:07
13991889,Public Figure,Nemo,325279294198,2017-08-16 04:59:07,2017-08-16 04:59:07
13991889,Fictional Character,William Watafak,325613887458897,2017-08-16 04:59:07,2017-08-16 04:59:07
13991889,Company,CAF,325760629137,2017-08-16 04:59:07,2017-08-16 04:59:07
13991889,Entertainment Website,Me dejas violarte? Qué? Que si me dejas amarte?,325820377467641,2017-08-16 04:59:07,2017-08-16 04:59:07
13991889,Public Figure,Mother Of GTA V,325833660793065,2017-08-16 04:59:07,2017-08-16 04:59:07
13991889,Cause,Hola mamá?,326002494140166,2017-08-16 04:59:07,2017-08-16 04:59:07
13991889,Public Figure,DOMO KUN,32607640613,2017-08-16 04:59:07,2017-08-16 04:59:07
13991889,Entertainment Website,minijuegos.com,326158494346,2017-08-16 04:59:07,2017-08-16 04:59:07
13991889,Community,"TE, AMO",326252084096485,2017-08-16 04:59:07,2017-08-16 04:59:07
13991889,Community,Sueños de Algodon?,326334954085654,2017-08-16 04:59:07,2017-08-16 04:59:07
13991889,Community,"A la mierda universidad , voy a prostituir a mis amigas y a las tuyas",326573204103692,2017-08-16 04:59:07,2017-08-16 04:59:07
13991889,Magazine,Chistes Pero Bien Contados,326618317521113,2017-08-16 04:59:07,2017-08-16 04:59:07
13991889,Elementary School,Escuela Carlos Nicandro Paz,326702527455097,2017-08-16 04:59:07,2017-08-16 04:59:07
13991889,TV Channel,Cinecanal,326727555673,2017-08-16 04:59:07,2017-08-16 04:59:07
13991889,Public Figure,El Bananero,32673933984,2017-08-16 04:59:07,2017-08-16 04:59:07
13991889,Community,Da Truth,326988170735150,2017-08-16 04:59:07,2017-08-16 04:59:07
13991889,Artist,Quieres Memes En TU Chat? Entra AQUI Y TE Daremos Los Codigos,327100390709408,2017-08-16 04:59:07,2017-08-16 04:59:07
13991889,Local Business,La única respuesta lógica para esto seria:Aliens,327266420671406,2017-08-16 04:59:07,2017-08-16 04:59:07
13991889,Artist,Killercreeper55,327422220663916,2017-08-16 04:59:07,2017-08-16 04:59:07
13991889,Public Figure,Stoner Stanley (chico drogado),327450484011339,2017-08-16 04:59:07,2017-08-16 04:59:07
13991889,Comedian,El de abajo me masturba ??? & El de arriba se bebe el semen ???,327967880584172,2017-08-16 04:59:07,2017-08-16 04:59:07
13991889,Games/Toys,Deep Silver,327980644135,2017-08-16 04:59:07,2017-08-16 04:59:07
13991889,App Page,Pool Live Tour (Español),328214737194001,2017-08-16 04:59:07,2017-08-16 04:59:07
13991889,Community,Como se veía Google en 1998,328215333896586,2017-08-16 04:59:07,2017-08-16 04:59:07
13991889,Computers & Internet Website,Minecraft Server Finder,328493067244008,2017-08-16 04:59:07,2017-08-16 04:59:07
13991889,Community,trolling.inc,328532507192645,2017-08-16 04:59:07,2017-08-16 04:59:07
13991889,Public Figure,Elmo,328733590263,2017-08-16 04:59:07,2017-08-16 04:59:07
13991889,Food & Beverage Company,Cindor,32898391295,2017-08-16 04:59:07,2017-08-16 04:59:07
13991889,Interest,Bangarang (disambiguation),329016983787084,2017-08-16 04:59:07,2017-08-16 04:59:07
13991889,TV Show,Sex and the City,329320336203,2017-07-11 22:01:21,2017-07-11 22:01:21
13991889,Fictional Character,Tú a nadie le importas,329560087132938,2017-08-16 04:59:07,2017-08-16 04:59:07
13991889,Community,"Si no estas Conmigo en las 'malas', Tampoco estaras en las 'buenas'",329605607100937,2017-08-16 04:59:07,2017-08-16 04:59:07
13991889,Public Figure,Jajajajajajajajajajajaa 0? ??,330064937033876,2017-08-16 04:59:07,2017-08-16 04:59:07
13991889,Food & Beverage Company,Bubbaloo Argentina,330089567010136,2017-08-16 04:59:07,2017-08-16 04:59:07
13991889,Candy Store,Milka,330348743673815,2017-08-16 04:59:07,2017-08-16 04:59:07
13991889,Movie,Miamor! Que? Te amoooooo  *-* :$,330786333625089,2017-08-16 04:59:07,2017-08-16 04:59:07
13991889,Community,Chistes y humor a lo maximo,330835100343086,2017-08-16 04:59:07,2017-08-16 04:59:07
13991889,Games/Toys,StarCraft,331121873585913,2017-08-16 04:59:07,2017-08-16 04:59:07
13991889,Public Figure,Mr.h98,331519306885439,2017-08-16 04:59:07,2017-08-16 04:59:07
13991889,Community Organization,"Aqui no hay porno , solo dulces",332030406891904,2017-08-16 04:59:07,2017-08-16 04:59:07
13991889,Book,"""Por esas mamadas que ases con tus amigos""",332060360196826,2017-08-16 04:59:07,2017-08-16 04:59:07
13991889,App Page,My City,332287640125021,2017-08-16 04:59:07,2017-08-16 04:59:07
13991889,Sports League,VOLLEY,33239809381,2017-08-16 04:59:07,2017-08-16 04:59:07
13991889,Community,Los insultos Argentinos son los mejores ?,332461778438,2017-08-16 04:59:07,2017-08-16 04:59:07
13991889,Entertainment Website,"Eres cambiante como la luna, y hermoso en todas sus fases.",332615910152328,2017-11-28 20:46:49,2017-11-28 20:46:49
13991889,Public Figure,Pinky y Cerebro,33273251325,2017-08-16 04:59:07,2017-08-16 04:59:07
13991889,Magazine,!Oye te caiste? No pendejo me baje a darle un cabezazo a una hormiga ¬¬,332745530126012,2017-08-16 04:59:07,2017-08-16 04:59:07
13991889,Fictional Character,Pibe Play,333015290112,2017-08-16 04:59:07,2017-08-16 04:59:07
13991889,Musician/Band,Una Voz Especial? La de Selena Gomez,333165033363108,2017-08-16 04:59:07,2017-08-16 04:59:07
13991889,Community,Te Quiero Cosita :$,333516280003135,2017-08-16 04:59:07,2017-08-16 04:59:07
13991889,Artist,:O,333913173308515,2017-08-16 04:59:07,2017-08-16 04:59:07
13991889,Games/Toys,Konami,33404976120,2017-08-16 04:59:07,2017-08-16 04:59:07
13991889,Movie,Proyecto X,334088133283589,2017-08-16 04:59:07,2017-08-16 04:59:07
13991889,TV Show,iCarlylatino,334659317578,2017-07-11 22:01:21,2017-07-11 22:01:21
13991889,Community,TU sonrisa?.,334921956733,2017-08-16 04:59:07,2017-08-16 04:59:07
13991889,TV Show,Estan Listos,335137679902763,2017-07-11 22:01:21,2017-07-11 22:01:21
13991889,Musician/Band,El Cantante Enmascarado (Oficial),335296521374,2017-08-16 04:59:07,2017-08-16 04:59:07
13991889,Community,VACACIONES .,33536774276,2017-08-16 04:59:07,2017-08-16 04:59:07
13991889,News & Media Website,Mashable - Tech,335422937918,2017-08-16 04:59:07,2017-08-16 04:59:07
13991889,TV Show,La Voz Argentina Telefe,335541369803149,2017-07-11 22:01:21,2017-07-11 22:01:21
13991889,Product/Service,VAIO Latinoamérica,335574863819,2017-12-23 18:37:29,2017-12-23 18:37:29
13991889,Public Figure,Guillermo Francella,33582281168,2017-08-16 04:59:07,2017-08-16 04:59:07
13991889,Nonprofit Organization,". YO JUGABA EN LA CALLE, A LAS ESCONDIDAS, ANDABAMOS EN BICI, TIRABAMOS BOMBITAS. A LA HORA DE IRME A CASA CUANDO OSCURECIA Y MI MAMÁ NO ME LLAMABA AL CELU, SINO QUE ME GRITABA: -ADENTROOOOO! JUGABA CON MIS AMIGOS EN VEZ DE CHATEAR, QUISIERA VOLVER TODO",335934023136179,2017-09-13 18:28:28,2017-09-13 18:28:28
13991889,Entertainment Website,Links Divertidos,336121226452137,2017-08-16 04:59:07,2017-08-16 04:59:07
13991889,Album,Te caiste o.o? -no wey me tire al piso para besarlo ¬¬,336144386450665,2017-08-16 04:59:07,2017-08-16 04:59:07
13991889,Community,I Love You:3,336166429833464,2017-08-16 04:59:07,2017-08-16 04:59:07
13991889,Public Figure,Otra vez por aquí,336213583093513,2017-08-16 04:59:07,2017-08-16 04:59:07
13991889,News Personality,No me importa cuantos años tenga siempre seguire viendo dragon ball z,336783989750982,2017-08-16 04:59:07,2017-08-16 04:59:07
13991889,Sports,Pos Amo El Futbol,336832423126420,2017-08-16 04:59:07,2017-08-16 04:59:07
13991889,Community,Oppa Gangnam style,337358123025105,2017-08-16 04:59:07,2017-08-16 04:59:07
13991889,Video Game,Raym - Development,337434052942880,2017-08-16 04:59:07,2017-08-16 04:59:07
13991889,Community,Mother of photoshop,337753582914919,2017-08-16 04:59:07,2017-08-16 04:59:07
13991889,Comedian,Yo tambien quiero ser un meme,337839392966574,2017-08-16 04:59:07,2017-08-16 04:59:07
13991889,Public Figure,ElrubiusOMG,337992166223323,2017-08-16 04:59:07,2017-08-16 04:59:07
13991889,Fictional Character,Te caiste? no el piso dijo ven y dame un beso,338028832959602,2017-08-16 04:59:07,2017-08-16 04:59:07
13991889,Martial Arts School,Vegeta.,338218202935798,2017-08-16 04:59:07,2017-08-16 04:59:07
13991889,Record Label,ADN MUSIC LABEL,338241912991753,2017-08-16 04:59:07,2017-08-16 04:59:07
13991889,TV Show,Dragon ball Ova,338849606125196,2017-07-11 22:01:21,2017-07-11 22:01:21
13991889,Community,Yo tambien solo voy ala escuela para ver ala chica/o de mis sueños:3,339158829445091,2017-08-16 04:59:07,2017-08-16 04:59:07
13991889,Community,-PUM!! - Te caíste?!!?  - NO! SI QUERÍA VER LA HORMIGA DE CERCA NOMAS! }:@,339168138455,2017-08-16 04:59:07,2017-08-16 04:59:07
13991889,Comedian,Y luego dice que no es puta! ¬¬,339192639508696,2017-08-16 04:59:07,2017-08-16 04:59:07
13991889,Movie,Charlie and the Chocolate Factory,339441176067945,2017-08-16 04:59:07,2017-08-16 04:59:07
13991889,Musician/Band,Attaque 77,33996147675,2017-08-16 04:59:07,2017-08-16 04:59:07
13991889,Public Figure,Mother Of GTA San Andreas,339990346030264,2017-08-16 04:59:07,2017-08-16 04:59:07
13991889,Community,Te Caistee...??.  ¬¬ Noooooo... Es Un Simulacro,340145781978,2017-08-16 04:59:07,2017-08-16 04:59:07
13991889,Media/News Company,Polygon,340327135979921,2017-08-16 04:59:07,2017-08-16 04:59:07
13991889,App Page,Friend Matrix,340411242653703,2017-08-16 04:59:07,2017-08-16 04:59:07
13991889,Video Game,Resident Evil 6,340522052633949,2017-08-16 04:59:07,2017-08-16 04:59:07
13991889,Author,Te Hará Admin Tu Puta Madre,340563326012442,2017-08-16 04:59:07,2017-08-16 04:59:07
13991889,Website,TheFreeDictionary,340660446629,2017-08-16 04:59:07,2017-08-16 04:59:07
13991889,Movie Character,Ted's Memes,341292902612841,2017-08-16 04:59:07,2017-08-16 04:59:07
13991889,News Personality,Quico,341862439177009,2017-08-16 04:59:07,2017-08-16 04:59:07
13991889,Company,GOMITAS,34187698470,2017-08-16 04:59:07,2017-08-16 04:59:07
13991889,Comedian,Vale.,341937839206385,2017-08-16 04:59:07,2017-08-16 04:59:07
13991889,Community,O.o WTF?,342052709177386,2017-08-16 04:59:07,2017-08-16 04:59:07
13991889,Community,Mother Of Harlem Shake,342178645893464,2017-08-16 04:59:07,2017-08-16 04:59:07
13991889,TV Show,Doug,34242499792,2017-07-11 22:01:21,2017-07-11 22:01:21
13991889,Personal Blog,DuGam,342492005790669,2017-08-16 04:59:07,2017-08-16 04:59:07
13991889,Record Label,Nunca Piso Freno Records,342544592484854,2017-08-16 04:59:07,2017-08-16 04:59:07
13991889,Artist,Dragon ball el mejor manga y anime,343044715769874,2017-07-11 22:01:21,2017-07-11 22:01:21
13991889,Public Figure,"Te caiste? -No hijo de puta, estoy mirando el piso de cerquita",343071548640,2017-08-16 04:59:07,2017-08-16 04:59:07
13991889,News Personality,By:-Rosa'Stewart Cullen?,343081852447615,2017-08-16 04:59:07,2017-08-16 04:59:07
13991889,Community,Cosito de la Pizza,34328702485,2017-08-16 04:59:07,2017-08-16 04:59:07
13991889,Cars,Honda Automóviles Argentina,343372545682067,2017-08-16 04:59:07,2017-08-16 04:59:07
13991889,Community,Puro Hueso ?,34340774209,2017-08-16 04:59:07,2017-08-16 04:59:07
13991889,Artist,Alejandro Szykula,34352051781,2017-08-16 04:59:07,2017-08-16 04:59:07
13991889,Comedian,Te caiste ? Noo el piso me pidio un abrazo ¬¬,343594729064401,2017-08-16 04:59:07,2017-08-16 04:59:07
13991889,Community,Emoticones,343839077583,2017-08-16 04:59:07,2017-08-16 04:59:07
13991889,TV Show,Malparida,343857196297,2017-07-11 22:01:21,2017-07-11 22:01:21
13991889,Album,No se si darle like o mandarle a la mierda,344026245674527,2017-08-16 04:59:07,2017-08-16 04:59:07
13991889,Community,Willy Wonka Dice:,344283142295142,2017-08-16 04:59:07,2017-08-16 04:59:07
13991889,Community,El típico profesor que intenta hacer gracia ...,344300197433,2017-08-16 04:59:07,2017-08-16 04:59:07
13991889,TV Show,Dragon Ball z,344429648998193,2017-07-11 22:01:21,2017-07-11 22:01:21
13991889,News Personality,Tus Mamadas¬¬,344587248970892,2017-08-16 04:59:07,2017-08-16 04:59:07
13991889,Just For Fun,Qué pasa ctm?,344713288975281,2017-08-16 04:59:07,2017-08-16 04:59:07
13991889,Community,"A la mierda la universidad , me voy a vender bonice",344743415607283,2017-08-16 04:59:07,2017-08-16 04:59:07
13991889,News & Media Website,RS,344868473296,2017-11-28 20:46:49,2017-11-28 20:46:49
13991889,Sports Team,TE CAISTE... ¡¡ NO MK YO VIVO AQUI !!! :@,344953416883,2017-08-16 04:59:07,2017-08-16 04:59:07
13991889,Electronics,Sony Argentina,345039598150,2017-08-16 04:59:07,2017-08-16 04:59:07
13991889,Entertainment Website,MindFuck De Terror,345246475515885,2017-08-16 04:59:07,2017-08-16 04:59:07
13991889,Community,"No estoy Gordo, mi madre dice que estoy fuertecito",345599878798521,2017-08-16 04:59:07,2017-08-16 04:59:07
13991889,Business Center,Espero que tu publicación se autodestruya,345610705506012,2017-08-16 04:59:07,2017-08-16 04:59:07
13991889,Album,La Mente Bizarra,345851445450094,2017-08-16 04:59:07,2017-08-16 04:59:07
13991889,Teens & Kids Website,Memes para el chat de FB,345927755472755,2017-08-16 04:59:07,2017-08-16 04:59:07
13991889,Community,-PT TE CAISTE?! o.o... -NO WEON ME GUSTA ESTAR TIRADO EN EL PISO ¬¬,346015571114,2017-08-16 04:59:07,2017-08-16 04:59:07
13991889,News Personality,Bueno Pero No Te Enojes,347104605366473,2017-08-16 04:59:07,2017-08-16 04:59:07
13991889,Public Figure,Oye te caiste no wey asi camino hahaha O.O,347241632029725,2017-08-16 04:59:07,2017-08-16 04:59:07
13991889,Community,Te caíste? —¡no! el suelo estaba triste y fui a darle un abrazo ¬¬',347272825301104,2017-08-16 04:59:07,2017-08-16 04:59:07
13991889,Personal Blog,El sande,347568802003332,2017-08-16 04:59:07,2017-08-16 04:59:07
13991889,Public Figure,Sí Te Digo .l.,347602968623592,2017-08-16 04:59:07,2017-08-16 04:59:07
13991889,Public Figure,Si supieras como duele el no tenerte aqui a mi lado,347736698586926,2017-08-16 04:59:07,2017-08-16 04:59:07
13991889,Appliances,¡No me llames gordo de mierda!. soy una mierda fuerte,347942391931580,2017-08-16 04:59:07,2017-08-16 04:59:07
13991889,Website,xda-developers.com,348072501301,2017-08-16 04:59:07,2017-08-16 04:59:07
13991889,Album,Yo Nunca Vi Correr Al Profe de Educación Fisica.,348496548544485,2017-08-16 04:59:07,2017-08-16 04:59:07
13991889,Comedian,?ener ?an?o a?or para dar & e??ar ?ol?ero,348665988518128,2017-08-16 04:59:07,2017-08-16 04:59:07
13991889,Community,Me La Suda Y Me La Sudara Hasta Que Tom Se Coma  A Jerry,348923118464861,2017-08-16 04:59:07,2017-08-16 04:59:07
13991889,Community,Los Padrinos Magicos,34928869840,2017-08-16 04:59:07,2017-08-16 04:59:07
13991889,Community,Memes FB,349316588419193,2017-08-16 04:59:07,2017-08-16 04:59:07
13991889,Movie,Los simsons,349578655076699,2017-08-16 04:59:07,2017-08-16 04:59:07
13991889,Community,Te amo pero no sé como decírtelo :c,349583991798860,2017-08-16 04:59:07,2017-08-16 04:59:07
13991889,Community,"Hola , puedo ser el amor de tu vida ? *-*",349751395065389,2018-01-16 07:20:16,2018-01-16 07:20:16
13991889,Food & Beverage Company,Postrecito Fity,34981483936,2017-08-16 04:59:07,2017-08-16 04:59:07
13991889,Community,Comprarse ropa (L),34995922021,2017-08-16 04:59:07,2017-08-16 04:59:07
13991889,Artist,Oriana Sabatini,350500501767493,2017-08-16 04:59:07,2017-08-16 04:59:07
13991889,Athlete,Tonsto ¡¡¡¡ idiosta ¡¡¡¡ estuspido ¡¡¡¡,350603691676624,2017-08-16 04:59:07,2017-08-16 04:59:07
13991889,Musician/Band,*Porta* Oficial Fans,350830474994983,2017-08-16 04:59:07,2017-08-16 04:59:07
13991889,Nonprofit Organization,Fierro Golpeador de Parejas Felices,350834674938936,2017-08-16 04:59:07,2017-08-16 04:59:07
13991889,Food & Beverage Company,Pico Dulce,350899699166,2017-08-16 04:59:07,2017-08-16 04:59:07
13991889,Movie Character,Dory,35098570694,2017-08-16 04:59:07,2017-08-16 04:59:07
13991889,Comedian,Las Peliculas Pornograficas Se Concideran Peliculas De Accion?,351276438235547,2017-08-16 04:59:07,2017-08-16 04:59:07
13991889,Community,9Minecraft - World of Minecraft,351323621621659,2017-08-16 04:59:07,2017-08-16 04:59:07
13991889,Community,Yo Soy Todo Un Loquillo ?,351432081643630,2017-08-16 04:59:07,2017-08-16 04:59:07
13991889,Community,Típico: sonreir como idiota cuando recibis un mensaje lindo.,351448947270,2017-08-16 04:59:07,2017-08-16 04:59:07
13991889,Musician/Band,Showtek,351857577343,2017-08-16 04:59:07,2017-08-16 04:59:07
13991889,Writer,Lucho mira esto wueon.,352201478161239,2017-08-16 04:59:07,2017-08-16 04:59:07
13991889,Community,Por Los Que Ya Quieren Ver A Esa Persona Tan Especial.,352282621493768,2017-08-16 04:59:07,2017-08-16 04:59:07
13991889,Comedian,"Yo tambien soy un ""sinquehacer"" ¬¬'",352369598107237,2017-08-16 04:59:07,2017-08-16 04:59:07
13991889,Wine/Spirits,Fernet Branca,352431311560295,2017-08-16 04:59:07,2017-08-16 04:59:07
13991889,Movie Theater,"Dragon Ball,Z y Super",352771711435830,2017-07-11 22:01:21,2017-07-11 22:01:21
13991889,Product/Service,Sony Mobile,35313373389,2017-08-16 04:59:07,2017-08-16 04:59:07
13991889,Bookstore,"Si hablar contigo me pone feliz, imagínate verte :$",353279264766843,2017-08-16 04:59:07,2017-08-16 04:59:07
13991889,Company,SI AL ALCOHOL!,35333190754,2017-08-16 04:59:07,2017-08-16 04:59:07
13991889,App Page,Bubble Island 2,353585251325532,2017-08-16 04:59:07,2017-08-16 04:59:07
13991889,Sports & Fitness Instruction,Club Atlético Talleres de Córdoba,35367855525,2017-08-16 04:59:07,2017-08-16 04:59:07
13991889,Local Service,Fotoshopregalos,353859528000269,2017-08-16 04:59:07,2017-08-16 04:59:07
13991889,Comedian,No Tienes OtrO EstaDo Q' JoDeR !! ¬¬.,354201514603358,2017-08-16 04:59:07,2017-08-16 04:59:07
13991889,Clothing (Brand),Concuerdo con el transexual mal operado de arriba?,354461267906160,2017-08-16 04:59:07,2017-08-16 04:59:07
13991889,Computer Company,Subnormales saludando a su mama en 3 2 1.,354470837950777,2017-11-28 20:46:49,2017-11-28 20:46:49
13991889,Comedian,Jugando Con Natalia,354558022868,2017-08-16 04:59:07,2017-08-16 04:59:07
13991889,Comedian,Este probablemente morira virgen,354570411299646,2017-08-16 04:59:07,2017-08-16 04:59:07
13991889,Public Figure,Fuckencio,354588034554579,2017-08-16 04:59:07,2017-08-16 04:59:07
13991889,Entertainment Website,Like on like,354738864599243,2017-08-16 04:59:07,2017-08-16 04:59:07
13991889,Actor,Debby Ryan,354972845657,2017-08-16 04:59:07,2017-08-16 04:59:07
13991889,Community,La Naturaleza,355066367973176,2017-08-16 04:59:07,2017-08-16 04:59:07
13991889,Community,Te caiste? no imbecil el suelo me dijo ven amor te quiero dar un beso ¬¬,355081551183068,2017-08-16 04:59:07,2017-08-16 04:59:07
13991889,Community,Te caíste? No tonto fue un simulacro,355155874494792,2017-08-16 04:59:07,2017-08-16 04:59:07
13991889,Entertainment Website,Lunes de Mierda,355182027858071,2017-08-16 04:59:07,2017-08-16 04:59:07
13991889,Movie/Television Studio,Eres mi 11:11,355187531215061,2017-08-16 04:59:07,2017-08-16 04:59:07
13991889,Community,Estoy aqui para impedir que el primer comentario salude a su puta madre,355497351177280,2017-08-16 04:59:07,2017-08-16 04:59:07
13991889,Monarch,Te Reto A que No Resistes Ni 1 Minuto Viendo Este Video,355999001080500,2017-08-16 04:59:07,2017-08-16 04:59:07
13991889,Writer,No Me Digas,356290084473476,2017-08-16 04:59:07,2017-08-16 04:59:07
13991889,Movie,Everything Exorcist: A fan resource,35650298912,2017-08-16 04:59:07,2017-08-16 04:59:07
13991889,Personal Website,Tipico que pones los signos de admiracion y se te va un uno,356569053313,2017-08-16 04:59:07,2017-08-16 04:59:07
13991889,Community,Estoy malito cuentame un cuento,356569571080686,2017-08-16 04:59:07,2017-08-16 04:59:07
13991889,Public Figure,Alfredito Mineros Ramos Pastore,356585141021408,2017-08-16 04:59:07,2017-08-16 04:59:07
13991889,Public Figure,Leer viejos mensajes y sonreir como la primera vez que lo leíste,356648204353332,2017-08-16 04:59:07,2017-08-16 04:59:07
13991889,Movie,Artur Y Los Minimoys,356695346785,2017-08-16 04:59:07,2017-08-16 04:59:07
13991889,TV Network,Los simsons,356821551016924,2017-07-11 22:01:21,2017-07-11 22:01:21
13991889,Local Business,-Te Caiste? -No estoy abrazando el suelo,357058547711821,2017-08-16 04:59:07,2017-08-16 04:59:07
13991889,Fictional Character,ME Gustas! donde te hago click? :3,357343567643303,2017-08-16 04:59:07,2017-08-16 04:59:07
13991889,Fictional Character,AQUI ESTA Lucho,357404837641290,2017-08-16 04:59:07,2017-08-16 04:59:07
13991889,Food & Beverage Company,Mielsitas argentinas las mejores,357472197687236,2017-08-16 04:59:07,2017-08-16 04:59:07
13991889,Entertainment Website,BLive,357580587660639,2017-08-16 04:59:07,2017-08-16 04:59:07
13991889,Community,RAFA,35766439520,2017-08-16 04:59:07,2017-08-16 04:59:07
13991889,Games/Toys,Para los que se hacen sonar los dedos,35779246148,2017-08-16 04:59:07,2017-08-16 04:59:07
13991889,Company,Greenheart Games,357959907608503,2017-08-16 04:59:07,2017-08-16 04:59:07
13991889,Community,Que clase de brujeria es esta?,358267610882155,2017-08-16 04:59:07,2017-08-16 04:59:07
13991889,Public Figure,Y que coño quieres que haga yo'-,358438160895465,2017-08-16 04:59:07,2017-08-16 04:59:07
13991889,Community,Te caiste no mk es un simulacro,358549964232486,2017-08-16 04:59:07,2017-08-16 04:59:07
13991889,Community,Mierda C:,358554604167007,2017-08-16 04:59:07,2017-08-16 04:59:07
13991889,Movie Theater,Cinéma Bleu,358574840848988,2017-08-16 04:59:07,2017-08-16 04:59:07
13991889,Comedian,Memes locos! XD,358610284208836,2017-08-16 04:59:07,2017-08-16 04:59:07
13991889,Fictional Character,Pero todo cambio cuando la nacion del fuego ataco,358651107523240,2017-08-16 04:59:07,2017-08-16 04:59:07
13991889,Website,Jajaja XD ?,358702787864753,2017-08-16 04:59:07,2017-08-16 04:59:07
13991889,Bookstore,TE AMO MUCHO ?,358709590892827,2017-08-16 04:59:07,2017-08-16 04:59:07
13991889,Public Figure,Dulce a Go Go xD,358936700856218,2017-08-16 04:59:07,2017-08-16 04:59:07
13991889,Comedian,El precio de la historia (meme),358937560807785,2017-08-16 04:59:07,2017-08-16 04:59:07
13991889,Community,El mob :3,359110290777232,2017-08-16 04:59:07,2017-08-16 04:59:07
13991889,Community,Sports on Facebook,359129892456,2017-08-16 04:59:07,2017-08-16 04:59:07
13991889,Education,Hagale un favor al mundo deje de ser tan estupido,359442074073787,2017-08-16 04:59:07,2017-08-16 04:59:07
13991889,TV Show,"Like si crees que HolasoyGerman no usa ""Bots""",359470740849512,2017-07-11 22:01:21,2017-07-11 22:01:21
13991889,Athlete,Soy El Primero En Comentar:Hola Mama,359800707408613,2017-08-16 04:59:07,2017-08-16 04:59:07
13991889,Dancer,Michael Jackson un hombre demasiado sexy,360200394007588,2017-08-16 04:59:07,2017-08-16 04:59:07
13991889,Fictional Character,Salem,36036114767,2017-08-16 04:59:07,2017-08-16 04:59:07
13991889,Community,Facepalm,360413377553,2017-08-16 04:59:07,2017-08-16 04:59:07
13991889,Album,"Todo Bien, Te Podes Ir a La Puta Que Te Pario, Pero Todo Bien",360764783975559,2017-08-16 04:59:07,2017-08-16 04:59:07
13991889,Just For Fun,"Lo que no sé, Tampoco creó saberlo.",361053490648178,2017-08-16 04:59:07,2017-08-16 04:59:07
13991889,Community,odio que pongan tarea el viernes,361064687354,2017-08-16 04:59:07,2017-08-16 04:59:07
13991889,Comedian,"Tu publicación me llega a las ""pokebolas""",361647080549732,2017-08-16 04:59:07,2017-08-16 04:59:07
13991889,Entertainment Website,#Te Amo,361658097208010,2017-08-16 04:59:07,2017-08-16 04:59:07
13991889,Community,Equisde equisde xD,361861587235732,2017-08-16 04:59:07,2017-08-16 04:59:07
13991889,Community,Oe saes que? matate,361921823837373,2017-08-16 04:59:07,2017-08-16 04:59:07
13991889,Company,Topper,362074487505,2017-08-16 04:59:07,2017-08-16 04:59:07
13991889,TV Show,Two and a Half Men,36211311648,2017-07-11 22:01:21,2017-07-11 22:01:21
13991889,Organization,PURO ROCK NACIONAL,362212173338,2017-08-16 04:59:07,2017-08-16 04:59:07
13991889,Company,Te dolio cuando te caiste del cielo?;$,362352173778155,2017-08-16 04:59:07,2017-08-16 04:59:07
13991889,Community,:siclaro:,362487157099950,2017-08-16 04:59:07,2017-08-16 04:59:07
13991889,Community,"Claro que sí, campeón.",362501026965,2017-08-16 04:59:07,2017-08-16 04:59:07
13991889,Computers & Internet Website,Humor Chileno,362598523821843,2017-08-16 04:59:07,2017-08-16 04:59:07
13991889,Community,"Felicidades, eres la página Nº 736458347 en publicar esto ¬¬",362664930426040,2017-08-16 04:59:07,2017-08-16 04:59:07
13991889,Cars,Kia Motors Worldwide,362744887557,2017-08-16 04:59:07,2017-08-16 04:59:07
13991889,Community,TU SI Sabes ERES Fantastic@ (Y),362806600403453,2017-08-16 04:59:07,2017-08-16 04:59:07
13991889,Public Figure,Llevo años viendo el chavo y don ramon nunca paga la renta,362943890382978,2017-08-16 04:59:07,2017-08-16 04:59:07
13991889,Community,"amo google, es como el cerebro que nunca tube",363992038064,2017-08-16 04:59:07,2017-08-16 04:59:07
13991889,Author,No le daré like a tu pinche imagen porque tu me lo pidas ¬¬,364070267006239,2017-08-16 04:59:07,2017-08-16 04:59:07
13991889,Public Figure,Te Crees Mas Pendejo Que Ricolas,364643086897820,2017-08-16 04:59:07,2017-08-16 04:59:07
13991889,Community,Que clase de maleficio satánico es esto,364743776899606,2017-08-16 04:59:07,2017-08-16 04:59:07
13991889,Artist,Tipico:-Te Caiste? -No Solo Dejé De Flotar¬¬,365773256826484,2017-08-16 04:59:07,2017-08-16 04:59:07
13991889,TV Show,De12a14,365968062148,2017-07-11 22:01:21,2017-07-11 22:01:21
13991889,TV Show,A la mierda la preparatoria seré un maestro pókemon.,366093216777671,2017-07-11 22:01:21,2017-07-11 22:01:21
13991889,Community,"""Come arroz con huevo,con un trozo de mortadela""",366242903393056,2017-08-16 04:59:07,2017-08-16 04:59:07
13991889,Just For Fun,Lo estas haciendo jodidamente bien,366264333384935,2017-08-16 04:59:07,2017-08-16 04:59:07
13991889,Musician/Band,Isusko_oficial,366326816810363,2017-08-16 04:59:07,2017-08-16 04:59:07
13991889,Community,te caiste wey? -no pendejo me baje a rezar!! ¬¬,366342696718,2017-08-16 04:59:07,2017-08-16 04:59:07
13991889,Community,Solo por que soy negro Verdad? ._.,366488690063829,2017-08-16 04:59:07,2017-08-16 04:59:07
13991889,Public Figure,Santos laguna Mi pasion y mi amor,366648093345597,2017-08-16 04:59:07,2017-08-16 04:59:07
13991889,Fictional Character,Ing. Israel .-.,366847813336919,2017-08-16 04:59:07,2017-08-16 04:59:07
13991889,Just For Fun,Memes en español,366970373314850,2017-08-16 04:59:07,2017-08-16 04:59:07
13991889,Book,I'm a real Saiyan,367283873407444,2017-08-16 04:59:07,2017-08-16 04:59:07
13991889,Movie,"I, Robot",367418479997300,2017-08-16 04:59:07,2017-08-16 04:59:07
13991889,Entertainment Website,Tipico: Se te acaba el shampo y le echas agua al embase xD,367647583271146,2017-08-16 04:59:07,2017-08-16 04:59:07
13991889,Musician/Band,Admito ser adicto al FaaceBook :$,367776079899933,2017-08-16 04:59:07,2017-08-16 04:59:07
13991889,Community,Porque estudiar es tan difícil y aprenderse una canción es tan fácil ? xD,368793629812562,2017-08-16 04:59:07,2017-08-16 04:59:07
13991889,Album,"Te caiste?, no me encanta abrasar el suelo *-*",368875566513553,2017-08-16 04:59:07,2017-08-16 04:59:07
13991889,Public Figure,Oliver,368971896629028,2017-08-16 04:59:07,2017-08-16 04:59:07
13991889,Electronics,Nokia,36922302396,2017-08-16 04:59:07,2017-08-16 04:59:07
13991889,Just For Fun,WEY te caiste??.... NO weyy!.. ando viendo hormigas .... PENDEJOO ¬¬,369668961520,2017-08-16 04:59:07,2017-08-16 04:59:07
13991889,Community,Flanders SI EXISTE!,369793861318,2017-08-16 04:59:07,2017-08-16 04:59:07
13991889,Appliances,Odio que me despierten preguntando si estoy dormido,369952189687036,2017-08-16 04:59:07,2017-08-16 04:59:07
13991889,Community,¿No entiendes que me gustas?,370060599710501,2017-08-16 04:59:07,2017-08-16 04:59:07
13991889,Community,Amor,370262899723929,2017-08-16 04:59:07,2017-08-16 04:59:07
13991889,Comedian,El de arriba es gay ??? y el de abajo ??? lo violo un Negro xD,370658519669387,2017-08-16 04:59:07,2017-08-16 04:59:07
13991889,Fictional Character,Troll Life,370875112965919,2017-08-16 04:59:07,2017-08-16 04:59:07
13991889,Artist,SI TE DIGO,370980472952611,2017-08-16 04:59:07,2017-08-16 04:59:07
13991889,Magazine,Diply Español,371148641977,2017-08-16 04:59:07,2017-08-16 04:59:07
13991889,Company,Insert Coin Ecuador,371149772938310,2017-08-16 04:59:07,2017-08-16 04:59:07
13991889,Just For Fun,Osea que Pedo?,371154969645183,2017-08-16 04:59:07,2017-08-16 04:59:07
13991889,Fictional Character,"""Eres un ser Increible diste Lo mejor de ti Y  por eso te Admiro""",371299169626839,2017-08-16 04:59:07,2017-08-16 04:59:07
13991889,TV Show,Perry  El Ornitorinco,37137967839,2017-07-11 22:01:21,2017-07-11 22:01:21
13991889,Sports Team,Chicago Bulls,37152881613,2017-08-16 04:59:07,2017-08-16 04:59:07
13991889,Community,¿Ven eso? Por eso se debe utilizar condón ._.,372032499474821,2017-08-16 04:59:07,2017-08-16 04:59:07
13991889,Public Figure,Ver Traducciión,372075499557032,2017-08-16 04:59:07,2017-08-16 04:59:07
13991889,Musician/Band,Yo también soy hijo de la ira y el amor,372169479480307,2017-08-16 04:59:07,2017-08-16 04:59:07
13991889,TV Network,Que clase de manifestación demoniaca es esta,372868959412412,2017-07-11 22:01:21,2017-07-11 22:01:21
13991889,TV Channel,Goku vs vegeta,372952152775393,2017-08-16 04:59:07,2017-08-16 04:59:07
13991889,News Personality,Dragon Ball Z,373196306097826,2017-07-11 22:01:21,2017-07-11 22:01:21
13991889,Fictional Character,Magikarp,373206156128177,2017-08-16 04:59:07,2017-08-16 04:59:07
13991889,Concert Tour,Te Caiste ?. No Marica Es Un Simulacro -_-,373488212663009,2017-08-16 04:59:07,2017-08-16 04:59:07
13991889,Interest,Jugar Plantas vs Zombies,373939084735,2017-08-16 04:59:07,2017-08-16 04:59:07
13991889,Community,Fuego de Seduccción,373969739282115,2017-08-16 04:59:07,2017-08-16 04:59:07
13991889,Public Figure,Mierda,374764655871489,2017-08-16 04:59:07,2017-08-16 04:59:07
13991889,Fictional Character,Brian mala suerte,374878409214851,2017-08-16 04:59:07,2017-08-16 04:59:07
13991889,Musician/Band,Amo Mi Vida ¿Sabes Porque? Porque tu estas en ella c:,374942439204555,2017-08-16 04:59:07,2017-08-16 04:59:07
13991889,Internet Company,"Si no pones ""Me Gusta"" sos gay",374952955896583,2017-08-16 04:59:07,2017-08-16 04:59:07
13991889,Community,EXITO ?,375613479159547,2017-08-16 04:59:07,2017-08-16 04:59:07
13991889,Concert Tour,Te caistes !!!noo estaba practicando para una obra ¡¡,375884305779996,2017-08-16 04:59:07,2017-08-16 04:59:07
13991889,Comedian,He viajado por todo el mundo con Google Earth xDD,375966005749760,2017-08-16 04:59:07,2017-08-16 04:59:07
13991889,Entertainment Website,Ni vergas,376040712411967,2017-08-16 04:59:07,2017-08-16 04:59:07
13991889,Community,A Que No Tienes Cerebro Pa Poner Cosas Buenas,376138332404502,2017-08-16 04:59:07,2017-08-16 04:59:07
13991889,Recreation & Sports Website,Skate!,37618234598,2017-08-16 04:59:07,2017-08-16 04:59:07
13991889,Entertainment Website,"Tendra muchos ""Me gusta"" decian",376516472435657,2017-08-16 04:59:07,2017-08-16 04:59:07
13991889,Artist,"""Soy un genio millonario playboy filantropo""",376545492380631,2017-08-16 04:59:07,2017-08-16 04:59:07
13991889,Community,Te caíste?-No pelotudo solo quise besar al piso por lo sexy que es,376821959051160,2017-08-16 04:59:07,2017-08-16 04:59:07
13991889,TV Network,By:goku SSJ 3 el mejor,376847909070220,2017-07-11 22:01:21,2017-07-11 22:01:21
13991889,Just For Fun,Todos los que comentaron en esta publicacion me la sudan infinitamente,376904052342242,2017-08-16 04:59:07,2017-08-16 04:59:07
13991889,Community,*~Tipico: que vas al cine y se acaban todos los boletos de la función,376926759026115,2017-08-16 04:59:07,2017-08-16 04:59:07
13991889,Artist,Madurar?Si lo primero que madura es lo primero que se pudre,376982055702273,2017-08-16 04:59:07,2017-08-16 04:59:07
13991889,Movie,Amor Venga? No! Ni Mierda Ud Mucho Chinga,377067919019288,2017-08-16 04:59:07,2017-08-16 04:59:07
13991889,Fast Food Restaurant,Lomitos!!,37707156169,2017-08-16 04:59:07,2017-08-16 04:59:07
13991889,Cause,"AMÉRICA ES UN CONTINENTE, NO UN PAÍS...!!!",377135419551,2017-08-16 04:59:07,2017-08-16 04:59:07
13991889,Video Game,Traffic Racer,377315775674578,2017-08-16 04:59:07,2017-08-16 04:59:07
13991889,Education,Super Extreme Splash,377531392261946,2017-08-16 04:59:07,2017-08-16 04:59:07
13991889,TV Channel,Ridiculos-MTV,377628928919785,2017-08-16 04:59:07,2017-08-16 04:59:07
13991889,Wine/Spirits,Smirnoff,37767313915,2017-08-16 04:59:07,2017-08-16 04:59:07
13991889,Community,No Me Digas,378744805477074,2017-08-16 04:59:07,2017-08-16 04:59:07
13991889,Community,TE ACORDAS DE ESTO??,378780381600,2017-08-16 04:59:07,2017-08-16 04:59:07
13991889,Personal Blog,Vamos Goku,378847948811915,2017-08-16 04:59:07,2017-08-16 04:59:07
13991889,Community,Interesante! Me rascare el culo y pensare en ello,378960755464719,2017-08-16 04:59:07,2017-08-16 04:59:07
13991889,Entertainment Website,Madafaka,379038052152519,2017-08-16 04:59:07,2017-08-16 04:59:07
13991889,Movie,El Diablo Viste a la Moda,37937029414,2017-08-16 04:59:07,2017-08-16 04:59:07
13991889,TV Channel,Te regalo un like porke soy bueno,379959228686673,2017-08-16 04:59:07,2017-08-16 04:59:07
13991889,Clothing (Brand),Planeta de chicas,380864748661281,2017-08-16 04:59:07,2017-08-16 04:59:07
13991889,Community,??? Presiento que el el Abajo dira algo estupido  ???,380976735263206,2017-08-16 04:59:07,2017-08-16 04:59:07
13991889,Fast Food Restaurant,McDonald's,381004951928238,2017-08-16 04:59:07,2017-08-16 04:59:07
13991889,Food & Beverage Company,Fanta,381366675370881,2017-08-16 04:59:07,2017-08-16 04:59:07
13991889,TV Channel,Goku ssj 4,381443168615431,2017-08-16 04:59:07,2017-08-16 04:59:07
13991889,Fictional Character,Estudiar ? no. sere un super sayayin,381446821926354,2017-11-28 20:46:49,2017-11-28 20:46:49
13991889,History Museum,Museo de Informática de la República Argentina,381603558617312,2017-08-16 04:59:07,2017-08-16 04:59:07
13991889,Community,Internet Explorer trolleando desde tiempos inmemorables,381701125185710,2017-08-16 04:59:07,2017-08-16 04:59:07
13991889,TV Show,TVR,381874896941,2017-07-11 22:01:21,2017-07-11 22:01:21
13991889,TV Show,Naruto shippuden (Mundial),381929881824131,2017-08-16 04:59:07,2017-08-16 04:59:07
13991889,Entertainment Website,"Mientras tu me ignoras, un albañil me desea",381988691824257,2017-08-16 04:59:07,2017-08-16 04:59:07
13991889,Local Business,dayana mendoza,38217626993,2017-08-16 04:59:07,2017-08-16 04:59:07
13991889,Fictional Character,Mother of Luffy,382239698484650,2017-08-16 04:59:07,2017-08-16 04:59:07
13991889,Movie Theater,?te amo?,382335321907666,2017-08-16 04:59:07,2017-08-16 04:59:07
13991889,Musician/Band,Victoria Justice,382355050831,2017-08-16 04:59:07,2017-08-16 04:59:07
13991889,Sports Team,Motivaciones leprosas,382945448396289,2017-08-16 04:59:07,2017-08-16 04:59:07
13991889,Arts & Entertainment,Yo nunca he visto un CHINO NEGRO :S,383229761367,2017-08-16 04:59:07,2017-08-16 04:59:07
13991889,Fictional Character,"Afro Circo, Afro Circo",383270215045018,2017-08-16 04:59:07,2017-08-16 04:59:07
13991889,Media/News Company,Gomitas,38330023174,2017-08-16 04:59:07,2017-08-16 04:59:07
13991889,TV Show,Tablón Es Mi Mejor Amigo,383320858355468,2017-07-11 22:01:21,2017-07-11 22:01:21
13991889,Artist,Te caiste? No asi camino¬¬,383705128333383,2017-08-16 04:59:07,2017-08-16 04:59:07
13991889,Artist,"!!!Mk Te Caiste , No parc me gusta besar el suelo",383750938361730,2017-08-16 04:59:07,2017-08-16 04:59:07
13991889,Comedian,Mira el suelo esta duro -Neta?T juro k no me habia dado cuenta.¬¬,384113841629660,2017-08-16 04:59:07,2017-08-16 04:59:07
13991889,Nonprofit Organization,"A la mierda la Escuela, Quiero ser Administrador de Paginas",384156084959801,2017-08-16 04:59:07,2017-08-16 04:59:07
13991889,Sports Team,Wynd League,384499174997020,2017-08-16 04:59:07,2017-08-16 04:59:07
13991889,Producer,Jajaja te caiste !! no estupido estoy contando cuantas piedritas ai .i.,384604528259667,2017-08-16 04:59:07,2017-08-16 04:59:07
13991889,Local Business,=O Te Caistes? No Estupido SoLo Me Quise Lansar Al Suelo -.-!,384659461674,2017-08-16 04:59:07,2017-08-16 04:59:07
13991889,News Personality,Chupa el perro,385113894910132,2017-08-16 04:59:07,2017-08-16 04:59:07
13991889,Landmark & Historical Place,Forever alone :,385213434830180,2017-08-16 04:59:07,2017-08-16 04:59:07
13991889,Blogger,Un Pendejo Intelectual,385680818446583,2017-08-16 04:59:07,2017-08-16 04:59:07
13991889,Comedian,Tu Comentario Es Mas Feo Que la Verruga de Mi culo,385723441495665,2017-08-16 04:59:07,2017-08-16 04:59:07
13991889,Music Chart,"A la mierda la escuela, mejor me dedico a rockear lml",386075394743595,2017-08-16 04:59:07,2017-08-16 04:59:07
13991889,TV Show,Generator Rex,386604998928,2017-07-11 22:01:21,2017-07-11 22:01:21
13991889,Community,Lolololololo,386610598018609,2017-08-16 04:59:07,2017-08-16 04:59:07
13991889,Musician/Band,Primantes,386735191394436,2017-08-16 04:59:07,2017-08-16 04:59:07
13991889,Event Planner,Piedra Libre,386818171329725,2017-08-16 04:59:07,2017-08-16 04:59:07
13991889,Website,Grand Theft Auto V,386842011373067,2017-08-16 04:59:07,2017-08-16 04:59:07
13991889,TV Channel,MTV2,387054055873,2017-08-16 04:59:07,2017-08-16 04:59:07
13991889,TV Show,Los Simuladores,38753004918,2017-07-11 22:01:21,2017-07-11 22:01:21
13991889,Ice Cream Shop,Helados Grido,38755459716,2017-08-16 04:59:07,2017-08-16 04:59:07
13991889,Health & Wellness Website,ME ENCANTA EL CHOCOLATE,387651835570,2017-08-16 04:59:07,2017-08-16 04:59:07
13991889,Community,Mods para Minecraft Español,387784157919706,2017-08-16 04:59:07,2017-08-16 04:59:07
13991889,Literary Editor,Te Caiste? No Volé Con Estilo,387948667945091,2017-08-16 04:59:07,2017-08-16 04:59:07
13991889,Nonprofit Organization,Memes Legion NFL,388192234528595,2017-08-16 04:59:07,2017-08-16 04:59:07
13991889,Comedian,German Garmendia,388299811183307,2017-08-16 04:59:07,2017-08-16 04:59:07
13991889,Company,TERERÉ,38833408113,2017-08-16 04:59:07,2017-08-16 04:59:07
13991889,Public Figure,Roberto Gómez Bolaños,38896209741,2017-08-16 04:59:07,2017-08-16 04:59:07
13991889,Community,"LA ""12""",38952975501,2017-08-16 04:59:07,2017-08-16 04:59:07
13991889,Community,No lo se,390387427681488,2017-08-16 04:59:07,2017-08-16 04:59:07
13991889,Community,Minecraft Argentina Servers,390534881033713,2017-08-16 04:59:07,2017-08-16 04:59:07
13991889,Personal Website,"Te caiste? no, estoy ensayando para un concurso de caidas estupidas¬¬""",390593987643425,2017-08-16 04:59:07,2017-08-16 04:59:07
13991889,Community,Teniendote tan cerca y no te puedo dezir lo q ziento x ti,390661270958271,2017-08-16 04:59:07,2017-08-16 04:59:07
13991889,Artist,Forever Alone Happy,391494720902271,2017-08-16 04:59:07,2017-08-16 04:59:07
13991889,Fictional Character,Claudio Velocidad,391579230938534,2017-08-16 04:59:07,2017-08-16 04:59:07
13991889,Entertainment Website,._. Por *Ti* Me La Paso En FB d Noche Y d Dia ._.,392015070826710,2017-08-16 04:59:07,2017-08-16 04:59:07
13991889,Website,Meme Encanta (Página Oficial),392154174141728,2017-08-16 04:59:07,2017-08-16 04:59:07
13991889,Community,"Te Amo, & que ?",392174064222213,2017-08-16 04:59:07,2017-08-16 04:59:07
13991889,Internet Company,Programo Por Comida,392320150845824,2017-08-16 04:59:07,2017-08-16 04:59:07
13991889,Public Figure,Mariano Bondar,393080234140776,2017-08-16 04:59:07,2017-08-16 04:59:07
13991889,Artist,Para que te dijo que no si si,393129950720488,2017-08-16 04:59:07,2017-08-16 04:59:07
13991889,Comedian,El hecho chuchas,393275670738186,2017-08-16 04:59:07,2017-08-16 04:59:07
13991889,Artist,Piedra,393329440720862,2017-08-16 04:59:07,2017-08-16 04:59:07
13991889,Fictional Character,Goten,393434784053628,2017-08-16 04:59:07,2017-08-16 04:59:07
13991889,Entertainment Website,A La Mierda Todos,393541407369806,2017-08-16 04:59:07,2017-08-16 04:59:07
13991889,Community,Maestro Karin,393720600739989,2017-08-16 04:59:07,2017-08-16 04:59:07
13991889,Personal Blog,Creo que tu MAMA no tomo acidofolico !!a pero si ya eres asi,393753853997792,2017-08-16 04:59:07,2017-08-16 04:59:07
13991889,Fictional Character,"Te Caiste? No, me gusta abrazar al piso ¬¬",393875200677766,2017-08-16 04:59:07,2017-08-16 04:59:07
13991889,Artist,Nah! No me jodas,394247890590020,2017-08-16 04:59:07,2017-08-16 04:59:07
13991889,Artist,Memes,394254687340279,2017-08-16 04:59:07,2017-08-16 04:59:07
13991889,Comedian,Me La Suda Pero En 3D !!! xD,394482213930353,2017-08-16 04:59:07,2017-08-16 04:59:07
13991889,Just For Fun,SOY UN AMOR :$,394527520645836,2017-08-16 04:59:07,2017-08-16 04:59:07
13991889,Comedian,Ciro procuna sabes algo,395080277175288,2017-08-16 04:59:07,2017-08-16 04:59:07
13991889,Food & Beverage Company,Pepitos!,395123099771,2017-08-16 04:59:07,2017-08-16 04:59:07
13991889,News Personality,Yo también vi el video de las Negras Wachiturras peliando.,395675463837560,2017-08-16 04:59:07,2017-08-16 04:59:07
13991889,Artist,College 11,395720353796571,2017-08-16 04:59:07,2017-08-16 04:59:07
13991889,Pet,Bort Sampson,395864203866171,2017-08-16 04:59:07,2017-08-16 04:59:07
13991889,Public Figure,Princesa Flama,395961677133206,2017-08-16 04:59:07,2017-08-16 04:59:07
13991889,Musician/Band,I love reggaeton,396050033823344,2017-08-16 04:59:07,2017-08-16 04:59:07
13991889,Artist,Uy! Que Malota,396196417071243,2017-08-16 04:59:07,2017-08-16 04:59:07
13991889,Album,Te Caiste No Fallo La Gravedad,396346180419670,2017-08-16 04:59:07,2017-08-16 04:59:07
13991889,Personal Blog,4ever Friends,396695580376479,2017-08-16 04:59:07,2017-08-16 04:59:07
13991889,Musician/Band,Britney Spears,39677118233,2017-08-16 04:59:07,2017-08-16 04:59:07
13991889,Musician/Band,Negro MAN,397259917058695,2017-08-16 04:59:07,2017-08-16 04:59:07
13991889,Nonprofit Organization,WTF?,39784478212,2017-08-16 04:59:07,2017-08-16 04:59:07
13991889,Organization,UBA,39800999713,2017-08-16 04:59:07,2017-08-16 04:59:07
13991889,Community,"Mierda, soy el primer comentario, esta es mi oportunidad: Hola mamá",398311523563166,2017-08-16 04:59:07,2017-08-16 04:59:07
13991889,Public Figure,El Block Del Yucateco,398322666896522,2017-08-16 04:59:07,2017-08-16 04:59:07
13991889,Artist,Señor Pan,398589600202266,2017-08-16 04:59:07,2017-08-16 04:59:07
13991889,Athlete,Cristiano,398754286900782,2017-08-16 04:59:07,2017-08-16 04:59:07
13991889,Arts & Entertainment,A&J Entertainments,398923226832723,2017-08-16 04:59:07,2017-08-16 04:59:07
13991889,Athlete,"Fabio ""La Mole"" Moli",40054037279,2017-08-16 04:59:07,2017-08-16 04:59:07
13991889,Personal Blog,Tipico:,400549496650442,2017-08-16 04:59:07,2017-08-16 04:59:07
13991889,Comedian,Fred,40071240909,2017-08-16 04:59:07,2017-08-16 04:59:07
13991889,Community,la siesta,40109509487,2017-08-16 04:59:07,2017-08-16 04:59:07
13991889,Musician/Band,Michel Teló,401295836613504,2017-08-16 04:59:07,2017-08-16 04:59:07
13991889,Comedian,Estamos Jòdidos,401759919863762,2017-08-16 04:59:07,2017-08-16 04:59:07
13991889,Artist,¿Demi Gorda? Te recomiendo que uses anteojos,401811119844562,2017-08-16 04:59:07,2017-08-16 04:59:07
13991889,Artist,Mother Of Cholo,401916219884785,2017-08-16 04:59:07,2017-08-16 04:59:07
13991889,Sports & Recreation,El miguepe,40195015484,2017-08-16 04:59:07,2017-08-16 04:59:07
13991889,Community,"Usar ""OK"" para abreviar infinitas de manifestaciones de enfado y celos ._.",402079139867628,2017-08-16 04:59:07,2017-08-16 04:59:07
13991889,Education,Yo tambn soy adicto al face y los memes xD,402354066489557,2017-08-16 04:59:07,2017-08-16 04:59:07
13991889,Company,Pipas,40259907651,2017-08-16 04:59:07,2017-08-16 04:59:07
13991889,Public Figure,CARLITOX,40275975688,2017-08-16 04:59:07,2017-08-16 04:59:07
13991889,Community,"Vete a Mendigar ""Likes"" a otro lado Hijo de Puta.",402784399750996,2017-08-16 04:59:07,2017-08-16 04:59:07
13991889,Musician/Band,Yo Tengo 5 Amantes Harry Liam Zayn Louis y Niall,404090199603110,2017-08-16 04:59:07,2017-08-16 04:59:07
13991889,News & Media Website,Trololol,404111486318867,2017-08-16 04:59:07,2017-08-16 04:59:07
13991889,Fictional Character,Wtf!?. Fingire que no he visto esta publicacion,404334642933571,2017-08-16 04:59:07,2017-08-16 04:59:07
13991889,Community,A mi tambien me asusta la Universidad,404491502916170,2017-08-16 04:59:07,2017-08-16 04:59:07
13991889,Community,Fap fap fap fap fap fap fap fap fap fap fap fap fap fap fap fap,404571836236689,2017-08-16 04:59:07,2017-08-16 04:59:07
13991889,Comedian,"Mierda, No soy el primer comentario pero aun asi: Hola Mama",404763376222774,2017-08-16 04:59:07,2017-08-16 04:59:07
13991889,Public Figure,Que Bonito Se Siente Donar A Tu *EX* A Los Mas Nesecitados.,405742242798942,2017-08-16 04:59:07,2017-08-16 04:59:07
13991889,Website,Hola Soy Mimi,405794239530695,2017-08-16 04:59:07,2017-08-16 04:59:07
13991889,Artist,La Abuela De Sid,405855429472389,2017-08-16 04:59:07,2017-08-16 04:59:07
13991889,Community,Tu eres y seras mi mejor historia de amor ?,405934689851831,2018-02-24 18:53:12,2018-02-24 18:53:12
13991889,Movie/Television Studio,Con Mucho Respeto Digo Que Tu Pagina Es Una Completa Mierda¡¡¡¡,406283356072716,2017-08-16 04:59:07,2017-08-16 04:59:07
13991889,Tour Guide,Charlotte caniggia page official,406589726053174,2017-08-16 04:59:07,2017-08-16 04:59:07
13991889,Community,Te Caiste?-No Idiota Estudio El Piso ¬¬,407200129327336,2017-08-16 04:59:07,2017-08-16 04:59:07
13991889,TV Show,NEXT,40765593608,2017-07-11 22:01:21,2017-07-11 22:01:21
13991889,TV Show,Dragon Ball L'Unica Ragione Di Vita,408193652551797,2017-07-11 22:01:21,2017-07-11 22:01:21
13991889,Just For Fun,ODIO que me despierten cuando estaba soñando algo lindo ~_~,408410552546441,2017-08-16 04:59:07,2017-08-16 04:59:07
13991889,Public Figure,Dustin Luke,408709829145113,2017-08-16 04:59:07,2017-08-16 04:59:07
13991889,Fictional Character,Soy memesexual. Problem? =],409068245794074,2017-08-16 04:59:07,2017-08-16 04:59:07
13991889,Personal Blog,"Te Digo Algo, Me Encanto Conocerte :$",409216465791204,2017-08-16 04:59:07,2017-08-16 04:59:07
13991889,Community,Un Dia Para Sonreir,409597669076999,2017-08-16 04:59:07,2017-08-16 04:59:07
13991889,Website,"""Te Amo , pero me da miedo de que me rechazes "".",409891862374112,2017-08-16 04:59:07,2017-08-16 04:59:07
13991889,Fictional Character,Goku y Vegeta los mejores gerreros de mi infancia,410091392395922,2017-08-16 04:59:07,2017-08-16 04:59:07
13991889,"Stadium, Arena & Sports Venue",Te caiste? no we el suelo estaba triste y fui a darle un abrazo ¬¬,410136739040855,2017-07-11 22:01:21,2017-07-11 22:01:21
13991889,Musician/Band,Pulcino PIO - Il Pulcino Pio (ufficiale),410780635626502,2017-08-16 04:59:07,2017-08-16 04:59:07
13991889,Community,Desmotivaciones ¬_¬,411183685573777,2017-08-16 04:59:07,2017-08-16 04:59:07
13991889,Entertainment Website,Larga vida a Lucho,411509575526451,2017-08-16 04:59:07,2017-08-16 04:59:07
13991889,Artist,Lenay,411765791280,2017-08-16 04:59:07,2017-08-16 04:59:07
13991889,Comedian,"Dijeron, Será divertido Dijeron",411937172179553,2017-08-16 04:59:07,2017-08-16 04:59:07
13991889,Sports Team,sk8,41194651055,2017-08-16 04:59:07,2017-08-16 04:59:07
13991889,Community,"Estudiar jaja,yo sere batman",411993228832854,2017-08-16 04:59:07,2017-08-16 04:59:07
13991889,Entertainment Website,Happy Derp Meme,412915722075039,2017-08-16 04:59:07,2017-08-16 04:59:07
13991889,Community,Tipico: te caistete y todavia t preguntan ¿TE Caiste?,413360615386980,2017-08-16 04:59:07,2017-08-16 04:59:07
13991889,Public Figure,Juanse Salazar,414270308619818,2017-08-16 04:59:07,2017-08-16 04:59:07
13991889,Literary Editor,El hermano super sayayin del chico cereal,414481155230093,2017-08-16 04:59:07,2017-08-16 04:59:07
13991889,Comedian,Ver más,414501785269501,2017-08-16 04:59:07,2017-08-16 04:59:07
13991889,Product/Service,Sharpie Argentina,414823728591602,2017-08-16 04:59:07,2017-08-16 04:59:07
13991889,Athlete,El Gran Krilin,415293278566261,2017-08-16 04:59:07,2017-08-16 04:59:07
13991889,Fictional Character,"Un ""coso"" vale mas que mil palabras",415587328461005,2017-08-16 04:59:07,2017-08-16 04:59:07
13991889,Media/News Company,Red Bull Skateboarding,415624298541702,2017-08-16 04:59:07,2017-08-16 04:59:07
13991889,Public Figure,Te caiste?- No idiota estudio el piso ¬¬,415797381788120,2017-08-16 04:59:07,2017-08-16 04:59:07
13991889,Fictional Character,Goku y milk & vegeta y bulma & videl y gohan & trunks y pan & goten y bra,415923991799630,2017-08-16 04:59:07,2017-08-16 04:59:07
13991889,Blogger,Comunidad Todo Windows,416177488523656,2017-08-16 04:59:07,2017-08-16 04:59:07
13991889,Games/Toys,El Gran DT,41641965776,2017-08-16 04:59:07,2017-08-16 04:59:07
13991889,Song,Continuar Leyendo,416469218404525,2017-08-16 04:59:07,2017-08-16 04:59:07
13991889,Arts & Entertainment,Eduman Network,416910201671082,2017-08-16 04:59:07,2017-08-16 04:59:07
13991889,Movie,Resident Evil Movie,417038868708,2017-08-16 04:59:07,2017-08-16 04:59:07
13991889,Album,"Mierda, no soy el primer comentario, no importa todos me la sudan",417124631644927,2017-08-16 04:59:07,2017-08-16 04:59:07
13991889,Public Figure,Quesito' Counter Strike 1.6,417166465022721,2017-08-16 04:59:07,2017-08-16 04:59:07
13991889,Entertainment Website,"A la mierda la escuela,Prostituire a mis amigas",417212988386259,2017-08-16 04:59:07,2017-08-16 04:59:07
13991889,Bookstore,"Prefiero Ser Loco Y Feliz, Que Normal Y Amargado?",417439381629972,2017-08-16 04:59:07,2017-08-16 04:59:07
13991889,Community,"Me la suda, Me la sigue sudando, Y Me la sigue sudando",417773341584003,2017-08-16 04:59:07,2017-08-16 04:59:07
13991889,Video Game,Los machos somos gamers,418113711642245,2017-08-16 04:59:07,2017-08-16 04:59:07
13991889,Comedian,Mother Of tu Tuu Puta Madre ???????,418187101578116,2017-08-16 04:59:07,2017-08-16 04:59:07
13991889,Company,Uno solo quiere ser popular,418233961533059,2017-08-16 04:59:07,2017-08-16 04:59:07
13991889,News Personality,Soy un Forever Alone,418612234833466,2017-08-16 04:59:07,2017-08-16 04:59:07
13991889,Website,Todo el Gran DT (Gran DT  blog),41863969496,2017-08-16 04:59:07,2017-08-16 04:59:07
13991889,TV Show,Mc Izen Cadena ?,418733234863193,2017-08-16 04:59:07,2017-08-16 04:59:07
13991889,Public Figure,Fry meme (Oficial),419119114784361,2017-08-16 04:59:07,2017-08-16 04:59:07
13991889,TV Show,A Que Juntamos 1.000.000 De Fans De Naruto Shippuden,419255538117131,2017-08-16 04:59:07,2017-08-16 04:59:07
13991889,Community,Lady Fierros. Clinica Autos,41942815842,2017-08-16 04:59:07,2017-08-16 04:59:07
13991889,TV Show,Hora de Aventura,419827474738574,2017-07-11 22:01:21,2017-07-11 22:01:21
13991889,Nonprofit Organization,Solo hay una explicación para esto: Zombies,420675534618330,2017-08-16 04:59:07,2017-08-16 04:59:07
13991889,Public Figure,Shenglong,420929684661207,2017-08-16 04:59:07,2017-08-16 04:59:07
13991889,Community,Te Caiste?- No Estaba Midiendo La Gravedad ¬_¬,421094047949137,2017-08-16 04:59:07,2017-08-16 04:59:07
13991889,Movie/Television Studio,Su nivel de putaso es impresionante,421159714574610,2017-08-16 04:59:07,2017-08-16 04:59:07
13991889,Personal Blog,Tìpico: Te Enamoras ? & Te Parten El Corazòn u.u,421319784559132,2017-08-16 04:59:07,2017-08-16 04:59:07
13991889,Clothing (Brand),Levi's,421333304672505,2017-08-16 04:59:07,2017-08-16 04:59:07
13991889,Just For Fun,Un dedo más,422047281162417,2017-08-16 04:59:07,2017-08-16 04:59:07
13991889,Artist,Jajjajajajajajajajaja!! Q mierda fue esto,422138967807999,2017-07-11 22:01:21,2017-07-11 22:01:21
13991889,Journalist,Eres tan gay como una triple penetracion de justin bieber,422494467784312,2017-08-16 04:59:07,2017-08-16 04:59:07
13991889,Public Figure,Impediré que el primer comentario salude a su puta madre,422594701099167,2017-08-16 04:59:07,2017-08-16 04:59:07
13991889,Community,Todo Lo Que Una Pagina Debe Tener,422622461099689,2017-08-16 04:59:07,2017-08-16 04:59:07
13991889,Community,Uyy Que Malote ._.,422760204439515,2017-08-16 04:59:07,2017-08-16 04:59:07
13991889,Just For Fun,Tu Horóscopo y más,422801887763740,2017-08-16 04:59:07,2017-08-16 04:59:07
13991889,"Stadium, Arena & Sports Venue",Deigamer fans,422880511114085,2017-08-16 04:59:07,2017-08-16 04:59:07
13991889,Product/Service,Awesome Face,42316387225,2017-08-16 04:59:07,2017-08-16 04:59:07
13991889,Fictional Character,Tutte le migliori frasi,423763367666475,2017-08-16 04:59:07,2017-08-16 04:59:07
13991889,Artist,Fap-bulous,423975557646713,2017-08-16 04:59:07,2017-08-16 04:59:07
13991889,Entertainment Website,intoxicados,42397908046,2017-08-16 04:59:07,2017-08-16 04:59:07
13991889,Movie/Television Studio,"Yo Amo Dragon ball Z,GT,AF",424027434340267,2017-08-16 04:59:07,2017-08-16 04:59:07
13991889,Personal Blog,Te caistes Noo!! solo queria besar el suelo ¬¬,424078577627693,2017-08-16 04:59:07,2017-08-16 04:59:07
13991889,Local & Travel Website,"Córdoba, Argentina",424186970934179,2017-08-16 04:59:07,2017-08-16 04:59:07
13991889,Community,Me importa un culo lo que piensen de mi,424315607598348,2017-08-16 04:59:07,2017-08-16 04:59:07
13991889,Vitamins/Supplements,Concuerdo con el marihuano de arriba ? ?,424358830916797,2017-08-16 04:59:07,2017-08-16 04:59:07
13991889,Community,Tu meme según tu fecha de nacimiento,424583360898460,2017-08-16 04:59:07,2017-08-16 04:59:07
13991889,Album,Sin Música Moriría :S,424795794224768,2017-08-16 04:59:07,2017-08-16 04:59:07
13991889,Musician/Band,Morirme por ti? bah ser. Ni que fueras Oxigeno,425198724203455,2017-08-16 04:59:07,2017-08-16 04:59:07
13991889,Sports Team,"Pokemons, pokemons everywhere :3",425791237474666,2017-08-16 04:59:07,2017-08-16 04:59:07
13991889,Local Business,Caballos,42628264610,2017-08-16 04:59:07,2017-08-16 04:59:07
13991889,Website,tuas.es,426643197352098,2017-08-16 04:59:07,2017-08-16 04:59:07
13991889,Computers (Brand),Microsoft Surface,427017100655129,2017-08-16 04:59:07,2017-08-16 04:59:07
13991889,Comedian,Oh por Dio',427276674036007,2017-08-16 04:59:07,2017-08-16 04:59:07
13991889,Games/Toys,The Sims,427650353997450,2017-08-16 04:59:07,2017-08-16 04:59:07
13991889,Community,:O Te Caistes? No Pendejo Solo Vole Con Estilo e.e .l.,427725930584998,2017-08-16 04:59:07,2017-08-16 04:59:07
13991889,Appliances,MUSIMUNDO,42830641197,2017-08-16 04:59:07,2017-08-16 04:59:07
13991889,Comedian,Mangel,428337850571256,2017-08-16 04:59:07,2017-08-16 04:59:07
13991889,Artist,Mother of Flanders,428508923867221,2017-08-16 04:59:07,2017-08-16 04:59:07
13991889,Entertainment Website,Universe Infinitø_ß.,428683740523650,2017-08-16 04:59:07,2017-08-16 04:59:07
13991889,Movie,Rápido Y Furioso,428948047148207,2017-08-16 04:59:07,2017-08-16 04:59:07
13991889,Electronics,Microlab Argentina,429652640463966,2017-08-16 04:59:07,2017-08-16 04:59:07
13991889,Book,Tu publicacion o comentario me lo paso por los huevos,430266287002591,2017-08-16 04:59:07,2017-08-16 04:59:07
13991889,Cause,Mother of gato,430763966954751,2017-08-16 04:59:07,2017-08-16 04:59:07
13991889,Entertainment Website,Por que coño publican sus paginas en los comentarios?,431736883545677,2017-08-16 04:59:07,2017-08-16 04:59:07
13991889,Writer,Goku Nos Cambio La Vida,431886266877863,2017-08-16 04:59:07,2017-08-16 04:59:07
13991889,Fictional Character,"Eres una puta, a mi no me engañas.",432092586809193,2017-08-16 04:59:07,2017-08-16 04:59:07
13991889,Community,Borrachencio,432265413496839,2017-08-16 04:59:07,2017-08-16 04:59:07
13991889,Public Figure,El chico de la mala suerte,432746423405181,2017-08-16 04:59:07,2017-08-16 04:59:07
13991889,Community,Mostacho,432947866726476,2017-08-16 04:59:07,2017-08-16 04:59:07
13991889,Website,unocero.com,433186750056788,2017-08-16 04:59:07,2017-08-16 04:59:07
13991889,Fictional Character,Ajajaja Eso Si Me Hizo Reír! xD,433307086720388,2017-08-16 04:59:07,2017-08-16 04:59:07
13991889,Community,Te caiste para abajo? no wey me cai para arriba XD,433452040044218,2017-08-16 04:59:07,2017-08-16 04:59:07
13991889,Community,Ni far tha life follow,433652106683097,2017-08-16 04:59:07,2017-08-16 04:59:07
13991889,Movie,THIS IS SPARTA!!!,43372670955,2017-08-16 04:59:07,2017-08-16 04:59:07
13991889,Community,Pinche chistosit@ ¬¬'' .l.,434103356623869,2017-08-16 04:59:07,2017-08-16 04:59:07
13991889,Community,"""Me caían bien mis vecinos hasta que cambiaron la contraseña del Wi-Fi XD""",434159483277409,2017-08-16 04:59:07,2017-08-16 04:59:07
13991889,Movie,Mi Villano Favorito,434565103252102,2017-08-16 04:59:07,2017-08-16 04:59:07
13991889,Local Business,Garbarino,434879440323,2017-08-16 04:59:07,2017-08-16 04:59:07
13991889,TV Show,Un Show Más,434906066534391,2017-07-11 22:01:21,2017-07-11 22:01:21
13991889,TV Channel,TyC Sports,43523778875,2017-08-16 04:59:07,2017-08-16 04:59:07
13991889,TV Show,The Cleveland Show,43532171891,2017-07-11 22:01:21,2017-07-11 22:01:21
13991889,TV,MDQ Para Todo el Mundo,43582202221,2017-07-11 22:01:21,2017-07-11 22:01:21
13991889,TV Network,Fuck Yeah'-',435885979756237,2017-07-11 22:01:21,2017-07-11 22:01:21
13991889,Community,Dee todoo,435915579777908,2017-08-16 04:59:07,2017-08-16 04:59:07
13991889,Entertainment Website,Humor Informático,436152903135878,2017-08-16 04:59:07,2017-08-16 04:59:07
13991889,Comedian,LuzuVlogs,436196949757430,2017-08-16 04:59:07,2017-08-16 04:59:07
13991889,Bar,Amo La  Música,436248686449608,2017-08-16 04:59:07,2017-08-16 04:59:07
13991889,Public Figure,Crepusculo,43643198530,2017-08-16 04:59:07,2017-08-16 04:59:07
13991889,Camera/Photo,FriendsForever #Lbs,437442062955311,2017-08-16 04:59:07,2017-08-16 04:59:07
13991889,TV Show,Goku gt,437718876281493,2017-07-11 22:01:21,2017-07-11 22:01:21
13991889,Grocery Store,"""Delizzia - Fábrica de Sandwichs Artesanales"".",437961086243542,2017-11-28 20:46:49,2017-11-28 20:46:49
13991889,Website,Oiesamamada,438556935642,2017-11-28 20:46:49,2017-11-28 20:46:49
13991889,TV Show,Go to Sleep,438586956218827,2017-07-11 22:01:21,2017-07-11 22:01:21
13991889,Entertainment Website,Fale Ferga La Fida,438804306156871,2017-08-16 04:59:07,2017-08-16 04:59:07
13991889,Community,Te caistes ¿ noo ? estaba recojiendo ese chicle . lol,438877832798400,2017-08-16 04:59:07,2017-08-16 04:59:07
13991889,Movie Theater,305graffdotcom,439152579469919,2017-08-16 04:59:07,2017-08-16 04:59:07
13991889,Video Game,Forsaken,439566209434876,2017-08-16 04:59:07,2017-08-16 04:59:07
13991889,Community,Esconde El Tlf  Hay  Viene Un Tuky,439622722750491,2017-08-16 04:59:07,2017-08-16 04:59:07
13991889,TV Network,Dragon Ball Z Es Mi Infancia Y No Me Importa Lo Que Digan ?,439932832736787,2017-07-11 22:01:21,2017-07-11 22:01:21
13991889,Doctor,El Profe:v,440115256014477,2017-08-16 04:59:07,2017-08-16 04:59:07
13991889,Cause,"Te voy a dar 2 medallas, 1 de idiota y el otro por si la pierdes, ¡idiota!.",440545302628676,2017-08-16 04:59:07,2017-08-16 04:59:07
13991889,Other,FM no puedo vivir sin música,440634342631499,2017-08-16 04:59:07,2017-08-16 04:59:07
13991889,Computers & Internet Website,Saber La Respuesta Pero No Saber Como Explicarla D;,440752999287123,2017-08-16 04:59:07,2017-08-16 04:59:07
13991889,Public Figure,Y tu que pedo?' .i.,440757395945736,2017-08-16 04:59:07,2017-08-16 04:59:07
13991889,Community Organization,OTRO GATO :3,441043085963999,2017-08-16 04:59:07,2017-08-16 04:59:07
13991889,Public Figure,pero vos sos loco!!,44104359388,2017-08-16 04:59:07,2017-08-16 04:59:07
13991889,Cause,La Nueva Cultura Pop Es Pura Mi3rda,441148355919209,2017-08-16 04:59:07,2017-08-16 04:59:07
13991889,Community,»Sweet Nothing«,441558395903991,2017-08-16 04:59:07,2017-08-16 04:59:07
13991889,Sports Event,Nitro Circus,44263599741,2017-08-16 04:59:07,2017-08-16 04:59:07
13991889,Computer Company,Microsoft Edge,442800052561465,2017-08-16 04:59:07,2017-08-16 04:59:07
13991889,Community,yo tambien pienso que los zombies tomaran el mundo :S'',442925069093309,2017-08-16 04:59:07,2017-08-16 04:59:07
13991889,Movie,Catching Fire Movie,442962972411793,2017-08-16 04:59:07,2017-08-16 04:59:07
13991889,Community,Dota Pasion Que Nos Une,443186969054157,2017-08-16 04:59:07,2017-08-16 04:59:07
13991889,Radio Station,Radio Mushroom,443244995730960,2017-08-16 04:59:07,2017-08-16 04:59:07
13991889,Restaurant,"La ley del cobarde, 5 contra 1",443465022334993,2017-08-16 04:59:07,2017-08-16 04:59:07
13991889,Public Figure,Mother Of Hora De Aventura,443529099048381,2017-08-16 04:59:07,2017-08-16 04:59:07
13991889,News Personality,Tipico: llevar una semana de clases y ya perdiste tu lapiz :l,443757938989173,2017-08-16 04:59:07,2017-08-16 04:59:07
13991889,Government Official,Atendedor de boludos,443758252408019,2017-08-16 04:59:07,2017-08-16 04:59:07
13991889,Entertainment Website,T?n?o ??n?s d? ll?m?rt? y d?cirt? : M? h?ces f?lt? ?_?,444631108912610,2017-08-16 04:59:07,2017-08-16 04:59:07
13991889,Writer,Eres el amor de mi Vida ¡,445284838822465,2017-08-16 04:59:07,2017-08-16 04:59:07
13991889,Phone/Tablet,XDA  Memes,445311248893420,2017-08-16 04:59:07,2017-08-16 04:59:07
13991889,Clothing Store,Gucci,44596321012,2017-08-16 04:59:07,2017-08-16 04:59:07
13991889,Artist,La gente anda diciendo,446303612080908,2017-08-16 04:59:07,2017-08-16 04:59:07
13991889,Comedian,Mother of Gandalf,446450938711368,2017-08-16 04:59:07,2017-08-16 04:59:07
13991889,Comedian,La caca mato al perro,446933785354543,2017-08-16 04:59:07,2017-08-16 04:59:07
13991889,Community,"Recordando infancia en 3, 2, 1.",446965025320068,2017-08-16 04:59:07,2017-08-16 04:59:07
13991889,Company,VIAJAR,447007730533,2017-08-16 04:59:07,2017-08-16 04:59:07
13991889,Food & Beverage Company,Alfajores Jorgito,447279448646113,2017-08-16 04:59:07,2017-08-16 04:59:07
13991889,Community,Plaza 24,447544035314821,2017-08-16 04:59:07,2017-08-16 04:59:07
13991889,TV Show,""" Unagui """,44759692162,2017-07-11 22:01:21,2017-07-11 22:01:21
13991889,Comedian,No tuvo infancia su puta madre,448287641880514,2017-08-16 04:59:07,2017-08-16 04:59:07
13991889,News Personality,"O Sea, Qué Pedo.",448512265183509,2017-08-16 04:59:07,2017-08-16 04:59:07
13991889,Public Figure,-Serranistas- M.E,448675271847011,2017-08-16 04:59:07,2017-08-16 04:59:07
13991889,Artist,-¿Te dolio Justin? -¿Cuando? -Cuando caiste del cielo.,448773731840461,2017-08-16 04:59:07,2017-08-16 04:59:07
13991889,News Personality,I Love Videojuegos,448943135176671,2017-08-16 04:59:07,2017-08-16 04:59:07
13991889,Artist,Jumanji FTW,449280471756920,2017-08-16 04:59:07,2017-08-16 04:59:07
13991889,TV Show,Ohhhhhhhh,450751868290090,2017-07-11 22:01:21,2017-07-11 22:01:21
13991889,Community,Uy te caiste? no senti una atraxion x el piso XD,450856868300002,2017-08-16 04:59:07,2017-08-16 04:59:07
13991889,Landmark & Historical Place,Admitelo tu tambien eres fan de goku,450903771597462,2017-08-16 04:59:07,2017-08-16 04:59:07
13991889,Personal Blog,?Tu Mundo & El mio Cx?,451371558227086,2017-08-16 04:59:07,2017-08-16 04:59:07
13991889,Food & Beverage Company,Fernet 1882,45207221144,2017-08-16 04:59:07,2017-08-16 04:59:07
13991889,Community,"""ANDA LA OSA """,45207630387,2017-08-16 04:59:07,2017-08-16 04:59:07
13991889,News Personality,"Uhhh!, ¿Te gusta? ¡Que pena!, Me ama a mi  :3",452246741463180,2017-08-16 04:59:07,2017-08-16 04:59:07
13991889,Magazine,Por Ti de J-14,45243935631,2017-08-16 04:59:07,2017-08-16 04:59:07
13991889,Artist,Solo hay una explicación para esto: Rubias,452479894785177,2017-08-16 04:59:07,2017-08-16 04:59:07
13991889,Community,Un Polvito y a Dormir,45301023011,2017-08-16 04:59:07,2017-08-16 04:59:07
13991889,Musician/Band,Eminem,45309870078,2017-08-16 04:59:07,2017-08-16 04:59:07
13991889,Games/Toys,Xbox Argentina,453707144658973,2017-08-16 04:59:07,2017-08-16 04:59:07
13991889,Local Business,"Villa carlos paz,Cordoba",45388203954,2017-08-16 04:59:07,2017-08-16 04:59:07
13991889,Recreation & Sports Website,Hockey,45412139764,2017-08-16 04:59:07,2017-08-16 04:59:07
13991889,Writer,Nana Calistar horoscopos,454583211289144,2017-08-16 04:59:07,2017-08-16 04:59:07
13991889,Entertainment Website,La Gente esta loca O.o,454747127894759,2017-08-16 04:59:07,2017-08-16 04:59:07
13991889,Comedian,Yo tambien escuche una cancion y dije esa es la historia de mi vida,454819974547751,2017-08-16 04:59:07,2017-08-16 04:59:07
13991889,Musician/Band,Maná,454972255187,2017-08-16 04:59:07,2017-08-16 04:59:07
13991889,Public Figure,Cocun,455378917846421,2017-08-16 04:59:07,2017-08-16 04:59:07
13991889,Comedian,Odio cuando se algo pero no se como explicarlo,455380494508941,2017-08-16 04:59:07,2017-08-16 04:59:07
13991889,Album,Te Amo Cosita,455797434480513,2017-08-16 04:59:07,2017-08-16 04:59:07
13991889,TV Show,El mundo de Beakman,45607311952,2017-07-11 22:01:21,2017-07-11 22:01:21
13991889,Community,Ver más,456406884388073,2017-08-16 04:59:07,2017-08-16 04:59:07
13991889,Literary Editor,A la mierda la gente mi mami cree que soy sexy,456474621038393,2017-08-16 04:59:07,2017-08-16 04:59:07
13991889,Entertainment Website,Gamer Station,456675937719356,2017-08-16 04:59:07,2017-08-16 04:59:07
13991889,TV Show,Kim Possible,456957587648193,2017-07-11 22:01:21,2017-07-11 22:01:21
13991889,Artist,Jebus,457725097576144,2017-08-16 04:59:07,2017-08-16 04:59:07
13991889,Just For Fun,Te quiero re mucho,458264430852797,2017-08-16 04:59:07,2017-08-16 04:59:07
13991889,Musician,Santaflow,45873612594,2017-08-16 04:59:07,2017-08-16 04:59:07
13991889,TV Show,Jackass,45967527114,2017-11-28 20:46:49,2017-11-28 20:46:49
13991889,Community,SMOOK,459826007472094,2017-08-16 04:59:07,2017-08-16 04:59:07
13991889,TV Show,Planeta Gol,46029524771,2017-07-11 22:01:21,2017-07-11 22:01:21
13991889,TV Show,Dragón ball Z,460688657301940,2017-07-11 22:01:21,2017-07-11 22:01:21
13991889,Community,"::yo tambien abro la boca cuando miro al techo::."".",460876770596228,2017-08-16 04:59:07,2017-08-16 04:59:07
13991889,Sports Team,La Albiceleste,461240825441,2017-08-16 04:59:07,2017-08-16 04:59:07
13991889,Comedian,The Slender Man,461559653877979,2017-08-16 04:59:07,2017-08-16 04:59:07
13991889,News Personality,"Solo Tu Y Yo Sabemos, Lo Que Paso Y Sigue Pasando.",461984487158946,2017-08-16 04:59:07,2017-08-16 04:59:07
13991889,Artist,Cabeza de coco,462035883852498,2017-08-16 04:59:07,2017-08-16 04:59:07
13991889,Food & Beverage Company,Palitos de la Selva,462756630470336,2017-08-16 04:59:07,2017-08-16 04:59:07
13991889,Community,Estado:Tengo Hambre,462776400451820,2017-08-16 04:59:07,2017-08-16 04:59:07
13991889,TV,Lie to Me,46293362240,2017-07-11 22:01:21,2017-07-11 22:01:21
13991889,Entertainment Website,"Jajajaja,te ganaste el oscar por imbecil ¬¬",463423113669152,2017-08-16 04:59:07,2017-08-16 04:59:07
13991889,Computer Company,SupraPlay,463860127080364,2017-08-16 04:59:07,2017-08-16 04:59:07
13991889,Artist,Goku,464447806958077,2017-08-16 04:59:07,2017-08-16 04:59:07
13991889,Artist,Visionsil,464491390241323,2017-08-16 04:59:07,2017-08-16 04:59:07
13991889,Community,Te caistes? -Noooo!!!le digo un secreto al piso,465238116833841,2017-08-16 04:59:07,2017-08-16 04:59:07
13991889,Community,"Ala mierda la universidad, yo quiero ser metalero",465382930152983,2017-08-16 04:59:07,2017-08-16 04:59:07
13991889,Fictional Character,Goku llevame con tigo,466724620013076,2017-08-16 04:59:07,2017-08-16 04:59:07
13991889,Movie/Television Studio,Gohan,466819600054374,2017-08-16 04:59:07,2017-08-16 04:59:07
13991889,Entertainment Website,Uy que Malote,467018993311162,2017-08-16 04:59:07,2017-08-16 04:59:07
13991889,Company,Quilmes HELADA!,46751215844,2017-08-16 04:59:07,2017-08-16 04:59:07
13991889,TV Show,One piece,46793365034,2017-07-11 22:01:21,2017-07-11 22:01:21
13991889,Games/Toys,Grand Theft Auto: San Andreas,468348723183537,2017-08-16 04:59:07,2017-08-16 04:59:07
13991889,Dance & Night Club,Molino Rojo,46915502270,2017-08-16 04:59:07,2017-08-16 04:59:07
13991889,Community,A La Mierda La Universidad; Yo Sere Hokage,469721516390606,2017-08-16 04:59:07,2017-08-16 04:59:07
13991889,Community Organization,Whats Amigos,470384176332189,2017-08-16 04:59:07,2017-08-16 04:59:07
13991889,Cause,"¿Que seria de mi, si no existieras tú?",470638992947585,2017-08-16 04:59:07,2017-08-16 04:59:07
13991889,Performing Arts,Los Redondos,47141405783,2017-12-23 18:37:29,2017-12-23 18:37:29
13991889,Games/Toys,EA SPORTS,47151801650,2017-08-16 04:59:07,2017-08-16 04:59:07
13991889,Public Figure,Carolina Gatica,471760919594641,2017-08-16 04:59:07,2017-08-16 04:59:07
13991889,Community,"Te caiste ? No, vole con estilo xd",472979886052557,2017-08-16 04:59:07,2017-08-16 04:59:07
13991889,Local Business,ak 47,47303859433,2017-08-16 04:59:07,2017-08-16 04:59:07
13991889,Personal Blog,Somos Gays y nos gusta PENE ?,473110796037503,2017-08-16 04:59:07,2017-08-16 04:59:07
13991889,Public Figure,Tipico: te caes y te preguntan te caiste no el suelo me susurro algo,474137812611981,2017-08-16 04:59:07,2017-08-16 04:59:07
13991889,Video Game,Plants vs. Zombies,474445826092282,2017-08-16 04:59:07,2017-08-16 04:59:07
13991889,TV Show,TN Tecno,47446451981,2017-07-11 22:01:21,2017-07-11 22:01:21
13991889,Public Figure,Suit,474767745904945,2017-08-16 04:59:07,2017-08-16 04:59:07
13991889,Community,skate,47503209972,2017-08-16 04:59:07,2017-08-16 04:59:07
13991889,Organization,The Grove Street Families,475239652509299,2017-08-16 04:59:07,2017-08-16 04:59:07
13991889,Computers (Brand),Minecrafteo.com,475316715875180,2017-08-16 04:59:07,2017-08-16 04:59:07
13991889,Arts & Entertainment,Saint Seiya,475494869140854,2017-08-16 04:59:07,2017-08-16 04:59:07
13991889,Community,Tipico:un compañero de clases te hace reir y te culpan a ti,475521222475945,2017-08-16 04:59:07,2017-08-16 04:59:07
13991889,Games/Toys,Killer is Dead - Deep Silver,475553005820934,2017-08-16 04:59:07,2017-08-16 04:59:07
13991889,Optometrist,Óptica MEGA Visión,476089815735091,2017-08-16 04:59:07,2017-08-16 04:59:07
13991889,Entertainment Website,De Curioso,476178349221350,2018-01-16 07:20:16,2018-01-16 07:20:16
13991889,Footwear Store,Pezuñas niKe-Zapatillas Cordoba,476740215682826,2017-08-16 04:59:07,2017-08-16 04:59:07
13991889,Event,"Dragon ball z la, verdadera infancia",477182972303606,2017-07-11 22:01:21,2017-07-11 22:01:21
13991889,Shopping & Retail,Casa Chica,477704368948093,2017-08-16 04:59:07,2017-08-16 04:59:07
13991889,TV Show,Niñas Mal,478665815555621,2017-07-11 22:01:21,2017-07-11 22:01:21
13991889,Community,Genius Detected,478814918812488,2017-08-16 04:59:07,2017-08-16 04:59:07
13991889,Community,Fundas de celulares,480583262069117,2017-08-16 04:59:07,2017-08-16 04:59:07
13991889,Community,Eres especial,480960378672137,2017-08-16 04:59:07,2017-08-16 04:59:07
13991889,Community,ODIO que me despierten cuando estaba soñando algo lindo,48117822484,2017-08-16 04:59:07,2017-08-16 04:59:07
13991889,Community,Yo también soy amante del café,481402208537028,2017-08-16 04:59:07,2017-08-16 04:59:07
13991889,Public Figure,Piropos,482197185213961,2017-08-16 04:59:07,2017-08-16 04:59:07
13991889,Song,Eh sexy lady oppa oppa Gangnam style,482315015122379,2017-08-16 04:59:07,2017-08-16 04:59:07
13991889,Education Website,A que :poop: tiene mas fans que Justin bieber,483574851672246,2017-08-16 04:59:07,2017-08-16 04:59:07
13991889,Musician,Kaze Rap Cartagena,483746025086249,2017-08-16 04:59:07,2017-08-16 04:59:07
13991889,Entertainment Website,TKM,48402454721,2017-08-16 04:59:07,2017-08-16 04:59:07
13991889,Health/Beauty,Dove,484185711646092,2017-08-16 04:59:07,2017-08-16 04:59:07
13991889,TV Show,"Dragon Ball, Z, GT oficial",484296371610086,2017-07-11 22:01:21,2017-07-11 22:01:21
13991889,TV Show,Telefe Noticias,484779765384,2017-07-11 22:01:21,2017-07-11 22:01:21
13991889,Telecommunication Company,Cablevisión Fibertel,48488128806,2017-08-16 04:59:07,2017-08-16 04:59:07
13991889,Amateur Sports Team,"¿Matemáticas? Que es eso, se come?",486752154721056,2017-08-16 04:59:07,2017-08-16 04:59:07
13991889,Musician/Band,Slash,48706027438,2017-08-16 04:59:07,2017-08-16 04:59:07
13991889,Entertainment Website,El de arriba es adoptado,487758117907918,2017-08-16 04:59:07,2017-08-16 04:59:07
13991889,Community Organization,"Si Hablo Todo El Dia Me Dicen Callate, Si No Hablo Me Dicen Que Te Pasa?",487773291245375,2017-08-16 04:59:07,2017-08-16 04:59:07
13991889,Fictional Character,Si Claro,488097271217287,2017-08-16 04:59:07,2017-08-16 04:59:07
13991889,Sports Team,Fútbol.,488285741207047,2017-08-16 04:59:07,2017-08-16 04:59:07
13991889,Artist,El de arriba es gay??Y el de abajo su novio??,489281891097581,2017-08-16 04:59:07,2017-08-16 04:59:07
13991889,Community,HoLLe.? te caiste :3 NO weyy ando viendo piedritas. Pendejoo ¬¬,489370811075321,2017-08-16 04:59:07,2017-08-16 04:59:07
13991889,Album,Te caiste? Noooooo solo vine a visitar a las hormigas,489541184389747,2017-08-16 04:59:07,2017-08-16 04:59:07
13991889,Video Game,GTA,49048946522,2017-08-16 04:59:07,2017-08-16 04:59:07
13991889,Food & Beverage,Launcherfenix Minecraft,490693621001211,2017-08-16 04:59:07,2017-08-16 04:59:07
13991889,Entertainment Website,PoOr los q dicen ya me voyy y siguen conectadosss!!!! ¬¬,490729044288346,2017-08-16 04:59:07,2017-08-16 04:59:07
13991889,Community,Te Caiste ? ¡No vole con estilo !.,490754180944125,2017-08-16 04:59:07,2017-08-16 04:59:07
13991889,Community,Handball,49087293608,2017-08-16 04:59:07,2017-08-16 04:59:07
13991889,Community,"Si no te caíste del banco de la escuela, no tuviste infancia",492258057463853,2017-08-16 04:59:07,2017-08-16 04:59:07
13991889,TV Show,Chowder,49239575354,2017-07-11 22:01:21,2017-07-11 22:01:21
13991889,News Personality,Unete Si eres Sexy,492572604216775,2017-08-16 04:59:07,2017-08-16 04:59:07
13991889,Fictional Character,Madurar? Eso es de frutas:3,492720430781088,2017-08-16 04:59:07,2017-08-16 04:59:07
13991889,Coach,Imemus,493262427368125,2017-08-16 04:59:07,2017-08-16 04:59:07
13991889,Other,Tuas.es,493422877348919,2017-08-16 04:59:07,2017-08-16 04:59:07
13991889,Grocery Store,Rapido & Rico,493882940625776,2017-08-16 04:59:07,2017-08-16 04:59:07
13991889,Musician/Band,Nirvana,49436315526,2017-08-16 04:59:07,2017-08-16 04:59:07
13991889,App Page,Themer,494461260608836,2017-08-16 04:59:07,2017-08-16 04:59:07
13991889,Public Figure,Te caiste? Nooo estoy besando el piso,494732193893744,2017-08-16 04:59:07,2017-08-16 04:59:07
13991889,Public Figure,Bardock,495193090508098,2017-08-16 04:59:07,2017-08-16 04:59:07
13991889,Community,????? ????????,495710483776503,2017-08-16 04:59:07,2017-08-16 04:59:07
13991889,Musician,Poesía Erótica,495925557188782,2017-08-16 04:59:07,2017-08-16 04:59:07
13991889,Album,Camaleón S.A.,496182973739490,2017-08-16 04:59:07,2017-08-16 04:59:07
13991889,Fictional Character,Gwen Tennyson,49760537385,2017-08-16 04:59:07,2017-08-16 04:59:07
13991889,Fictional Character,Tus pesadillas comienzan aqui,498077603583424,2017-08-16 04:59:07,2017-08-16 04:59:07
13991889,Athlete,Pau Gasol,49824215862,2017-08-16 04:59:07,2017-08-16 04:59:07
13991889,Just For Fun,Me Pasó En Sistemas,498352890308904,2017-08-16 04:59:07,2017-08-16 04:59:07
13991889,Product/Service,edding Argentina,499157713458535,2017-08-16 04:59:07,2017-08-16 04:59:07
13991889,Movie/Television Studio,$ino te caiste de tu bici no tubiste infacia,499360893426568,2017-08-16 04:59:07,2017-08-16 04:59:07
13991889,Local Business,estar al pedo todo el dia,50047910956,2017-08-16 04:59:07,2017-08-16 04:59:07
13991889,TV Show,Qitapenas Telefe,500833943277266,2017-07-11 22:01:21,2017-07-11 22:01:21
13991889,Food & Beverage Company,Aguila,501089499907893,2017-08-16 04:59:07,2017-08-16 04:59:07
13991889,Movie,Ted,501263619891209,2017-08-16 04:59:07,2017-08-16 04:59:07
13991889,Musician/Band,Shakira,5027904559,2017-08-16 04:59:07,2017-08-16 04:59:07
13991889,Community,Ver más,502816096429600,2017-08-16 04:59:07,2017-08-16 04:59:07
13991889,Community,Los que levantaron las manos para ayudar a Goku a hacer la última Genkidama,502850949729967,2017-08-16 04:59:07,2017-08-16 04:59:07
13991889,Fictional Character,Patrick Star,50403195950,2017-08-16 04:59:07,2017-08-16 04:59:07
13991889,Food & Beverage Company,TITA,505675372840348,2017-08-16 04:59:07,2017-08-16 04:59:07
13991889,Album,TE Caiste? no wn quería ver si estaba firme el camino.,506719199340347,2017-08-16 04:59:07,2017-08-16 04:59:07
13991889,Public Figure,Admin :Rv15:,507710362587998,2017-08-16 04:59:07,2017-08-16 04:59:07
13991889,Public Figure,Mr. Hipo,50783147600,2017-08-16 04:59:07,2017-08-16 04:59:07
13991889,TV Show,Tenis Pro,50822852424,2017-07-11 22:01:21,2017-07-11 22:01:21
13991889,TV Show,Fans de The Walking Dead,509121145765401,2017-07-11 22:01:21,2017-07-11 22:01:21
13991889,Fictional Character,Perry El Ornitorrinco,51125171624,2017-08-16 04:59:07,2017-08-16 04:59:07
13991889,Restaurant,Comentarios feos de Xvideos,511283748917655,2017-08-16 04:59:07,2017-08-16 04:59:07
13991889,Product/Service,Nike Football,51212153078,2017-08-16 04:59:07,2017-08-16 04:59:07
13991889,Community,Sr. cara de Papa,51220026369,2017-08-16 04:59:07,2017-08-16 04:59:07
13991889,Travel & Transportation,Polaris Turismo,51258892691,2017-08-16 04:59:07,2017-08-16 04:59:07
13991889,Tattoo & Piercing Shop,Piercing,51264743612,2017-08-16 04:59:07,2017-08-16 04:59:07
13991889,Public Figure,INFAMA,51395406259,2017-07-11 22:01:21,2017-07-11 22:01:21
13991889,Mobile Phone Shop,Grupotec,514588085368171,2018-02-03 20:18:32,2018-02-03 20:18:32
13991889,Community,Saints Row IV,514687465239243,2017-08-16 04:59:07,2017-08-16 04:59:07
13991889,Magazine,DSPORT Magazine,51474321532,2017-08-16 04:59:07,2017-08-16 04:59:07
13991889,Community,Forever alone,514945851912411,2017-08-16 04:59:07,2017-08-16 04:59:07
13991889,Fictional Character,"Tu tranquila, yo nerviosa",515156488528745,2017-08-16 04:59:07,2017-08-16 04:59:07
13991889,Games/Toys,Grand Theft Auto III,515190741829867,2017-08-16 04:59:07,2017-08-16 04:59:07
13991889,Community Organization,S?n?fta Bir ?nciyim,516274475095563,2017-08-16 04:59:07,2017-08-16 04:59:07
13991889,Broadcasting & Media Production Company,Mega 98.3,51631931862,2017-08-16 04:59:07,2017-08-16 04:59:07
13991889,Musician/Band,Jennifer Lopez,5170395767,2017-08-16 04:59:07,2017-08-16 04:59:07
13991889,Games/Toys,Rockstar Games,51752540096,2017-08-16 04:59:07,2017-08-16 04:59:07
13991889,Community,GoD OF WaR,51800648975,2017-08-16 04:59:07,2017-08-16 04:59:07
13991889,Comedian,Burak Aktürk,518223374898831,2017-08-16 04:59:07,2017-08-16 04:59:07
13991889,Recreation & Sports Website,WWE ELITE Wrestling,518579258324050,2017-08-16 04:59:07,2017-08-16 04:59:07
13991889,Movie,Oppa gannam style,518868394806815,2017-08-16 04:59:07,2017-08-16 04:59:07
13991889,Art,Weapond N Wheels LCM,520221481324054,2017-08-16 04:59:07,2017-08-16 04:59:07
13991889,Games/Toys,Saints Row IV Trainer,521233831281944,2017-08-16 04:59:07,2017-08-16 04:59:07
13991889,Athlete,Lebron James #6,521574424562889,2017-08-16 04:59:07,2017-08-16 04:59:07
13991889,Community,"Estudiando tu pff, Hasta mi gato se orina de la risa :3",522344734490712,2017-08-16 04:59:07,2017-08-16 04:59:07
13991889,Public Figure,Te caiste no me puse a checar el piso,522853644397462,2017-08-16 04:59:07,2017-08-16 04:59:07
13991889,Public Figure,"Otakus y Gamer,Dominando todo el Mundo :3",523432711001320,2017-08-16 04:59:07,2017-08-16 04:59:07
13991889,Public Figure,Sergio Morales,524340230917631,2017-08-16 04:59:07,2017-08-16 04:59:07
13991889,Artist,G3rman117,524628097547194,2017-08-16 04:59:07,2017-08-16 04:59:07
13991889,Arts & Entertainment,9GAG Geeky,524875554251304,2017-08-16 04:59:07,2017-08-16 04:59:07
13991889,Entertainment Website,Memes,527507080600217,2017-11-28 20:46:49,2017-11-28 20:46:49
13991889,Magazine,Si para Ti Solo Soy Un Juego Entonce game Over,527511383979349,2017-08-16 04:59:07,2017-08-16 04:59:07
13991889,Ice Cream Shop,Lugares que ver Antes de Morir,527770350649873,2017-08-16 04:59:07,2017-08-16 04:59:07
13991889,Movie,DreamWorks Animation,528117403965069,2017-08-16 04:59:07,2017-08-16 04:59:07
13991889,Fictional Character,Vegeta es mejor que justin,528201287199754,2017-08-16 04:59:07,2017-08-16 04:59:07
13991889,Recreation & Sports Website,"Te Caíste, No wey ¬¬ El Suelo Me Dijo Ven & Dame Un Beso.",528399193840785,2017-08-16 04:59:07,2017-08-16 04:59:07
13991889,Community,No pinches mames we,528976740461121,2017-08-16 04:59:07,2017-08-16 04:59:07
13991889,Community,Lugares Maravillosos Del Mundo,532308826859987,2017-07-11 22:01:21,2017-07-11 22:01:21
13991889,Entertainment Website,Adictos a 24 cuadros,53391785030,2017-08-16 04:59:07,2017-08-16 04:59:07
13991889,App Page,Instagram,534492139900843,2017-08-16 04:59:07,2017-08-16 04:59:07
13991889,Community,Naruto Shipp?den,534501596639114,2017-08-16 04:59:07,2017-08-16 04:59:07
13991889,Community,Ok No ._.,534671943289874,2017-08-16 04:59:07,2017-08-16 04:59:07
13991889,Footwear Store,Reef Argentina,53495042571,2017-08-16 04:59:07,2017-08-16 04:59:07
13991889,Other,iCarly,53523601754,2017-07-11 22:01:21,2017-07-11 22:01:21
13991889,Musician/Band,Sie7e,53591382315,2017-08-16 04:59:07,2017-08-16 04:59:07
13991889,Community,Los popus fresh de GDL,537546702926989,2017-08-16 04:59:07,2017-08-16 04:59:07
13991889,Cars,Porsche,53855227667,2017-08-16 04:59:07,2017-08-16 04:59:07
13991889,Work Position,Model,538617796242899,2017-08-16 04:59:07,2017-08-16 04:59:07
13991889,News Personality,Ola k ase,539633869382495,2017-08-16 04:59:07,2017-08-16 04:59:07
13991889,Community,"""No discrimino, los insulto a todos por igual"".",539845972695697,2017-08-16 04:59:07,2017-08-16 04:59:07
13991889,Artist,Leandro Zuccoli,539927122689834,2017-08-16 04:59:07,2017-08-16 04:59:07
13991889,Product/Service,Element,54044411030,2017-08-16 04:59:07,2017-08-16 04:59:07
13991889,Games/Toys,Worms,54059728475,2017-08-16 04:59:07,2017-08-16 04:59:07
13991889,Movie,Crepúsculo,54122706952,2017-08-16 04:59:07,2017-08-16 04:59:07
13991889,TV/Movie Award,Fans De Dragon Ball Z - GT - AF,543299585687000,2017-08-16 04:59:07,2017-08-16 04:59:07
13991889,Community,Amor a la naturaleza,544224555587666,2017-08-16 04:59:07,2017-08-16 04:59:07
13991889,Shopping & Retail,Caramelos Sugus - Sugus manía,54426770241,2017-08-16 04:59:07,2017-08-16 04:59:07
13991889,Software Company,Avast Software,544831375570388,2017-08-16 04:59:07,2017-08-16 04:59:07
13991889,Movie Character,Illuminati.,546043815525607,2017-08-16 04:59:07,2017-08-16 04:59:07
13991889,Community,Me Gusta Virals,546350045379831,2017-08-16 04:59:07,2017-08-16 04:59:07
13991889,Sports Team,Hola! Soy cara,54666547139,2017-07-11 22:01:21,2017-07-11 22:01:21
13991889,Computers & Internet Website,Héroes del código,546863128829363,2017-08-16 04:59:07,2017-08-16 04:59:07
13991889,Community,Yo Soy Gamer,546964862010954,2017-08-16 04:59:07,2017-08-16 04:59:07
13991889,Library,Crepypastas,547224018708991,2017-08-16 04:59:07,2017-08-16 04:59:07
13991889,Community,Swag,547591821934600,2017-08-16 04:59:07,2017-08-16 04:59:07
13991889,Pub,Me Da Igual,549661235074653,2017-08-16 04:59:07,2017-08-16 04:59:07
13991889,Community,Jebús,55151763932,2017-08-16 04:59:07,2017-08-16 04:59:07
13991889,Fictional Character,Jeff The Killer.,551656134856642,2017-08-16 04:59:07,2017-08-16 04:59:07
13991889,Movie,2012,55200621163,2017-08-16 04:59:07,2017-08-16 04:59:07
13991889,Public Figure,Dj Simao,552520548122257,2017-08-16 04:59:07,2017-08-16 04:59:07
13991889,TV Show,Los Simpson FOX,552967951410372,2017-07-11 22:01:21,2017-07-11 22:01:21
13991889,TV Channel,Definitivamente eres el amor de mi vida :3,553056211406342,2017-08-16 04:59:07,2017-08-16 04:59:07
13991889,Writer,Infinity ?,553751341307558,2017-08-16 04:59:07,2017-08-16 04:59:07
13991889,TV Show,Glee,55482772043,2017-07-11 22:01:21,2017-07-11 22:01:21
13991889,Media/News Company,CNN,5550296508,2017-08-16 04:59:07,2017-08-16 04:59:07
13991889,Video Game,Grand Theft Auto Online,559353980787304,2017-08-16 04:59:07,2017-08-16 04:59:07
13991889,Comedian,Un abrazo psicológico,560878443956605,2017-08-16 04:59:07,2017-08-16 04:59:07
13991889,Brand,Sony,56232316996,2017-08-16 04:59:07,2017-08-16 04:59:07
13991889,Movie Character,Captain Jack Sparrow,56368119740,2017-08-16 04:59:07,2017-08-16 04:59:07
13991889,Community,Proyecto GANAS,564139547019379,2017-08-16 04:59:07,2017-08-16 04:59:07
13991889,Games/Toys,Juguetes de Colección,56465969291,2017-08-16 04:59:07,2017-08-16 04:59:07
13991889,Video Game,Texas HoldEm Poker,56531631380,2017-08-16 04:59:07,2017-08-16 04:59:07
13991889,Musician/Band,Pink Floyd,5660597307,2017-08-16 04:59:07,2017-08-16 04:59:07
13991889,News & Media Website,GiveMeSport,566760030037879,2017-08-16 04:59:07,2017-08-16 04:59:07
13991889,Artist,Ashton Kutcher,56759922819,2017-08-16 04:59:07,2017-08-16 04:59:07
13991889,Arts & Entertainment,Bob Esponja ?,567722133295515,2017-08-16 04:59:07,2017-08-16 04:59:07
13991889,Games/Toys,Moshi Monsters,5680169908,2017-08-16 04:59:07,2017-08-16 04:59:07
13991889,Comedian,Patatas Felices,569399969845298,2017-08-16 04:59:07,2017-08-16 04:59:07
13991889,Public Figure,El adm. Niko,570638879632961,2017-08-16 04:59:07,2017-08-16 04:59:07
13991889,TV Show,Casi Angeles,57170559808,2017-08-16 04:59:07,2017-08-16 04:59:07
13991889,Musician/Band,Justin Timberlake,5718732097,2017-08-16 04:59:07,2017-08-16 04:59:07
13991889,TV Network,MUCH,5719294062,2017-08-16 04:59:07,2017-08-16 04:59:07
13991889,Fictional Character,Tipico:estas jugando un juego de carreras y mueves el mando ¬¬ ¬¬,572940936054873,2017-11-28 20:46:49,2017-11-28 20:46:49
13991889,Website,eBay Latinoamérica,574822949211930,2017-08-16 04:59:07,2017-08-16 04:59:07
13991889,Sports League,MLB,5768707450,2017-08-16 04:59:07,2017-08-16 04:59:07
13991889,Musician/Band,50 Cent,5769333796,2017-08-16 04:59:07,2017-08-16 04:59:07
13991889,Nonprofit Organization,DedSec,577372229043090,2017-08-16 04:59:07,2017-08-16 04:59:07
13991889,Fictional Character,Skrollex,577386839050322,2017-08-16 04:59:07,2017-08-16 04:59:07
13991889,Pet,Giru,577685155598984,2017-08-16 04:59:07,2017-08-16 04:59:07
13991889,Software,AVG,57851763662,2017-08-16 04:59:07,2017-08-16 04:59:07
13991889,Community,Interesting Facts,580222812027049,2017-08-16 04:59:07,2017-08-16 04:59:07
13991889,Movie,Team Twilight,58168456696,2017-08-16 04:59:07,2017-08-16 04:59:07
13991889,Entertainment Website,Jugar Minecraft,582738681739781,2017-08-16 04:59:07,2017-08-16 04:59:07
13991889,Musician/Band,Black Eyed Peas,58332338082,2017-08-16 04:59:07,2017-08-16 04:59:07
13991889,Mobile Phone Shop,NYC Mobile,584497931610727,2018-01-23 21:40:07,2018-01-23 21:40:07
13991889,Musician/Band,Miley Cyrus,5845317146,2017-08-16 04:59:07,2017-08-16 04:59:07
13991889,Community,Los feos Somos Mas,58484147271,2017-08-16 04:59:07,2017-08-16 04:59:07
13991889,Comedian,Mica Suarez :B,585341244894106,2017-08-16 04:59:07,2017-08-16 04:59:07
13991889,TV Show,Conejo Pepito,58696037100,2017-07-11 22:01:21,2017-07-11 22:01:21
13991889,News Personality,Millo De Mi Vida,587992151216070,2017-09-13 18:28:28,2017-09-13 18:28:28
13991889,TV Show,The Hills,5910423916,2017-07-11 22:01:21,2017-07-11 22:01:21
13991889,Public Figure,Gohan,591532320856970,2017-08-16 04:59:07,2017-08-16 04:59:07
13991889,Musician/Band,Belinda,591723750888699,2017-08-16 04:59:07,2017-08-16 04:59:07
13991889,TV Network,Cartoon Network Spain,59253304652,2017-07-11 22:01:21,2017-07-11 22:01:21
13991889,Education Website,Jesus Takers,593407864023663,2017-07-11 22:01:21,2017-07-11 22:01:21
13991889,Product/Service,Nike Basketball,5941596308,2017-08-16 04:59:07,2017-08-16 04:59:07
13991889,TV Network,Discovery,6002238585,2017-07-11 22:01:21,2017-07-11 22:01:21
13991889,Company,UMBRELLA CORPORATION,60482450110,2017-08-16 04:59:07,2017-08-16 04:59:07
13991889,Local Business,Amor hacia la moda ?,604927772950708,2017-08-16 04:59:07,2017-08-16 04:59:07
13991889,Education,Next U,605980402757458,2017-08-16 04:59:07,2017-08-16 04:59:07
13991889,Musician/Band,Kendall Schmidt,609270705796932,2017-08-16 04:59:07,2017-08-16 04:59:07
13991889,Community,Rita Pires,611220515620132,2017-08-16 04:59:07,2017-08-16 04:59:07
13991889,Just For Fun,Los mal portados,611627805550033,2017-08-16 04:59:07,2017-08-16 04:59:07
13991889,Games/Toys,Assassin's Creed,6119163067,2017-08-16 04:59:07,2017-08-16 04:59:07
13991889,Interest,LO DEJO A TU CRITERIO,61314364823,2017-08-16 04:59:07,2017-08-16 04:59:07
13991889,TV Show,Beavis and Butt-Head,6133443836,2017-07-11 22:01:21,2017-07-11 22:01:21
13991889,Software,Adobe Photoshop,6147239684,2017-08-16 04:59:07,2017-08-16 04:59:07
13991889,Brand,Mike AR.,616350211841355,2017-08-16 04:59:07,2017-08-16 04:59:07
13991889,College & University,Stanford University,6192688417,2017-08-16 04:59:07,2017-08-16 04:59:07
13991889,Public Figure,Otra vez Lunes Show,620520747976621,2017-08-16 04:59:07,2017-08-16 04:59:07
13991889,Advertising Agency,Vacaciones,623319331068434,2017-08-16 04:59:07,2017-08-16 04:59:07
13991889,Public Figure,Gah! el super modelo noruego,62456160775,2017-08-16 04:59:07,2017-08-16 04:59:07
13991889,Musician/Band,Nickelback,6248267085,2017-08-16 04:59:07,2017-08-16 04:59:07
13991889,Mobile Phone Shop,Gamjoy - Accesorios de Celulares y Tablets,626306787505006,2018-02-05 17:21:09,2018-02-05 17:21:09
13991889,Local Service,Playboy,6280019085,2017-08-16 04:59:07,2017-08-16 04:59:07
13991889,Public Figure,Superman,6281148998,2017-08-16 04:59:07,2017-08-16 04:59:07
13991889,Public Figure,Alli Smith,628510287176821,2017-08-16 04:59:07,2017-08-16 04:59:07
13991889,TV Show,Married with Children,631108990293615,2017-07-11 22:01:21,2017-07-11 22:01:21
13991889,Media/News Company,Qué Andan Diciendo - Programadores,631166600368378,2017-08-16 04:59:07,2017-08-16 04:59:07
13991889,Politician,Mantequilla,632932513461222,2017-08-16 04:59:07,2017-08-16 04:59:07
13991889,Musician/Band,Chris Brown,6329881653,2017-08-16 04:59:07,2017-08-16 04:59:07
13991889,Local Business,adictos a los buenos momentos con los amigos,63385115535,2017-08-16 04:59:07,2017-08-16 04:59:07
13991889,Community,Vevoo Vee,634394380001562,2017-08-16 04:59:07,2017-08-16 04:59:07
13991889,Personal Blog,Los Simpsons Argentina,637577146310991,2017-07-11 22:01:21,2017-07-11 22:01:21
13991889,Movie,Transformers,639015582821354,2017-08-16 04:59:07,2017-08-16 04:59:07
13991889,Public Figure,Vuelve Nacho Máster,639543679495966,2017-12-23 18:37:29,2017-12-23 18:37:29
13991889,Retail Company,AND1 BASKETBALL,6422223812,2017-08-16 04:59:07,2017-08-16 04:59:07
13991889,Radio Station,Ola K Ase?,643070919054582,2017-08-16 04:59:07,2017-08-16 04:59:07
13991889,Community,Contigo donde sea '?',643156802409546,2017-08-16 04:59:07,2017-08-16 04:59:07
13991889,Just For Fun,Portadas para face,645080612205683,2017-08-16 04:59:07,2017-08-16 04:59:07
13991889,Personal Blog,Infinity,645505218915446,2017-08-16 04:59:07,2017-08-16 04:59:07
13991889,Fictional Character,Creepypastas,646598098768506,2017-08-16 04:59:07,2017-08-16 04:59:07
13991889,Movie,Hannah Montana,6467276946,2017-08-16 04:59:07,2017-08-16 04:59:07
13991889,Athlete,Roger Federer,64760994940,2017-08-16 04:59:07,2017-08-16 04:59:07
13991889,Athlete,Rafa Nadal,64822581025,2017-08-16 04:59:07,2017-08-16 04:59:07
13991889,Product/Service,BABA,64916227560,2017-08-16 04:59:07,2017-08-16 04:59:07
13991889,Games/Toys,TechDeck,65095093608,2017-08-16 04:59:07,2017-08-16 04:59:07
13991889,Games/Toys,Left 4 Dead,65298394801,2017-08-16 04:59:07,2017-08-16 04:59:07
13991889,Landmark & Historical Place,Beautiful Amazing World ?,654996377878435,2017-09-13 18:28:28,2017-09-13 18:28:28
13991889,Musician/Band,Usher,6564142497,2017-08-16 04:59:07,2017-08-16 04:59:07
13991889,App Page,Rival Stars Basketball,657119417729308,2017-08-16 04:59:07,2017-08-16 04:59:07
13991889,Computer Store,Reed,659343134180981,2017-08-16 04:59:07,2017-08-16 04:59:07
13991889,News & Media Website,Mercedes-Benz,6604386669,2017-08-16 04:59:07,2017-08-16 04:59:07
13991889,Website,Viral Stuff,662339067268501,2018-02-22 21:51:28,2018-02-22 21:51:28
13991889,Local Business,"I Broke Up With My Gym, We Were Just Not Working Out.",664817440249934,2017-08-16 04:59:07,2017-08-16 04:59:07
13991889,Album,Destruyendo Tu Infancia En 3 2 1,664870586924323,2017-08-16 04:59:07,2017-08-16 04:59:07
13991889,TV Show,Spartacus,66533446146,2017-07-11 22:01:21,2017-07-11 22:01:21
13991889,Artist,Philip J. Fry,66576910104,2017-08-16 04:59:07,2017-08-16 04:59:07
13991889,Entertainment Website,Yo amo México ?,666985996666466,2017-08-16 04:59:07,2017-08-16 04:59:07
13991889,Public Figure,La Vida Sin Rubius no es una vida bien vivida,668981176499698,2017-08-16 04:59:07,2017-08-16 04:59:07
13991889,TV Show,South Park,6708787004,2017-07-11 22:01:21,2017-07-11 22:01:21
13991889,Public Figure,Nadie sabe lo que tiene hasta que ordena su cuarto,673094902718792,2017-08-16 04:59:07,2017-08-16 04:59:07
13991889,Musician/Band,AC/DC,6750402929,2017-08-16 04:59:07,2017-08-16 04:59:07
13991889,News & Media Website,LADY-GAGA EN CHILE,67673312094,2017-08-16 04:59:07,2017-08-16 04:59:07
13991889,Movie,Matilda,677319605708727,2017-08-16 04:59:07,2017-08-16 04:59:07
13991889,Games/Toys,PAC-MAN,67801540927,2017-08-16 04:59:07,2017-08-16 04:59:07
13991889,Product/Service,Steam,67919847338,2017-08-16 04:59:07,2017-08-16 04:59:07
13991889,Just For Fun,Awwww,679809075391350,2017-08-16 04:59:07,2017-08-16 04:59:07
13991889,Entertainment Website,Indirectas ?,680699738705554,2017-09-13 18:28:28,2017-09-13 18:28:28
13991889,Business Service,Julian Serrano,680833842062175,2017-08-16 04:59:07,2017-08-16 04:59:07
13991889,Politician,Barack Obama,6815841748,2017-08-16 04:59:07,2017-08-16 04:59:07
13991889,Entertainment Website,Viral,681717271861596,2017-08-16 04:59:07,2017-08-16 04:59:07
13991889,Recreation & Sports Website,La Página Millonaria - River Plate,68439456135,2017-08-16 04:59:07,2017-08-16 04:59:07
13991889,Lawyer,"¡Oye , tranquilo viejo ¬¬",684645654934165,2017-08-16 04:59:07,2017-08-16 04:59:07
13991889,Public Figure,Solo Para Mujeres,686496041362585,2017-08-16 04:59:07,2017-08-16 04:59:07
13991889,Nonprofit Organization,UNICEF,68793499001,2017-08-16 04:59:07,2017-08-16 04:59:07
13991889,Musician/Band,Lil Wayne,6885814958,2017-08-16 04:59:07,2017-08-16 04:59:07
13991889,Food & Beverage Company,Cerveza Brahma,69004099657,2017-08-16 04:59:07,2017-08-16 04:59:07
13991889,Musician/Band,The Beatles,69116329538,2017-08-16 04:59:07,2017-08-16 04:59:07
13991889,Website,Facebook Site Governance,69178204322,2017-08-16 04:59:07,2017-08-16 04:59:07
13991889,News & Media Website,Demasiado Cine!,69348148329,2017-08-16 04:59:07,2017-08-16 04:59:07
13991889,Public Figure,Batman,6939574006,2017-08-16 04:59:07,2017-08-16 04:59:07
13991889,Artist,Andrés Calamaro,698282953533290,2017-08-16 04:59:07,2017-08-16 04:59:07
13991889,Community,Thu & Yo a 3 metros sobre el cielo :3,699873543356500,2017-08-16 04:59:07,2017-08-16 04:59:07
13991889,Media/News Company,Diario Olé,70254297877,2017-08-16 04:59:07,2017-08-16 04:59:07
13991889,Community,YO AMO A MI ABUELA,70309613464,2017-08-16 04:59:07,2017-08-16 04:59:07
13991889,TV Show,Daria,7038313551,2017-07-11 22:01:21,2017-07-11 22:01:21
13991889,Fictional Character,Iron Man,7057882289,2017-08-16 04:59:07,2017-08-16 04:59:07
13991889,Media/News Company,TransWorld SKATEboarding,70659199626,2017-08-16 04:59:07,2017-08-16 04:59:07
13991889,Arts & Entertainment,No te metas ¬¬,706707236025664,2017-08-16 04:59:07,2017-08-16 04:59:07
13991889,Movie/Television Studio,Corazón Films,71052483486,2017-08-16 04:59:07,2017-08-16 04:59:07
13991889,Musician/Band,Katy Perry,7126051465,2017-08-16 04:59:07,2017-08-16 04:59:07
13991889,Entertainment Website,Ordure Bizarre,713689745393371,2017-08-16 04:59:07,2017-08-16 04:59:07
13991889,Public Figure,Ari Gameplays,715083851878643,2017-08-16 04:59:07,2017-08-16 04:59:07
13991889,Wine/Spirits,Branca Menta Argentina,715736988482978,2017-08-16 04:59:07,2017-08-16 04:59:07
13991889,Radio Station,Un dia perfecto - 100.5,71605847208,2017-08-16 04:59:07,2017-08-16 04:59:07
13991889,Athlete,Manu Ginobili,71769686933,2017-08-16 04:59:07,2017-08-16 04:59:07
13991889,App Page,Mafia Wars,71775107787,2017-08-16 04:59:07,2017-08-16 04:59:07
13991889,Politician,Mary Melgarejo,720197587997967,2017-11-28 20:46:49,2017-11-28 20:46:49
13991889,Government Organization,FBI – Federal Bureau of Investigation,72092591211,2017-08-16 04:59:07,2017-08-16 04:59:07
13991889,Fictional Character,Queso Foster,72153168648,2017-08-16 04:59:07,2017-08-16 04:59:07
13991889,Musician/Band,Bon Jovi,7220821999,2017-08-16 04:59:07,2017-08-16 04:59:07
13991889,Product/Service,Samsung Mobile USA,7224956785,2017-08-16 04:59:07,2017-08-16 04:59:07
13991889,Retail Company,DealeXtreme,722696277754313,2017-08-16 04:59:07,2017-08-16 04:59:07
13991889,Entertainment Website,Asco de vida,72398355894,2017-08-16 04:59:07,2017-08-16 04:59:07
13991889,News & Media Website,MTV,7245371700,2017-07-11 22:01:21,2017-07-11 22:01:21
13991889,Games/Toys,CounterStrike,72493026282,2017-08-16 04:59:07,2017-08-16 04:59:07
13991889,Product/Service,YouTube,7270241753,2017-08-16 04:59:07,2017-08-16 04:59:07
13991889,App Page,CM Browser,729666967100885,2017-08-16 04:59:07,2017-08-16 04:59:07
13991889,Community,Matematicas Que Es Eso Se Come?,733471413341113,2017-08-16 04:59:07,2017-08-16 04:59:07
13991889,Community,ODIO A BOCA JUNIORS,73675101358,2017-08-16 04:59:07,2017-08-16 04:59:07
13991889,Athlete,Juan Román Riquelme,74234201082,2017-08-16 04:59:07,2017-08-16 04:59:07
13991889,Games/Toys,The Sims,7427438063,2018-02-22 21:51:28,2018-02-22 21:51:28
13991889,Website,Showcase Cinemas,74482856042,2017-08-16 04:59:07,2017-08-16 04:59:07
13991889,TV Show,Rugrats,74504773843,2017-07-11 22:01:21,2017-07-11 22:01:21
13991889,Nonprofit Organization,Cute Dogs,746009545416798,2017-08-16 04:59:07,2017-08-16 04:59:07
13991889,Non-Governmental Organization (NGO),Negroserias.,746268515414747,2017-08-16 04:59:07,2017-08-16 04:59:07
13991889,Public Figure,Me lo dijo un forro,751618288220396,2017-08-16 04:59:07,2017-08-16 04:59:07
13991889,Personal Blog,Retrica Adolescentes ?,751718301551706,2017-08-16 04:59:07,2017-08-16 04:59:07
13991889,TV Show,Teleocho Noticias,75245572106,2017-07-11 22:01:21,2017-07-11 22:01:21
13991889,Fictional Character,QUE PASA ACAAAA!!,75291284165,2017-08-16 04:59:07,2017-08-16 04:59:07
13991889,News & Media Website,1320Video.com,75402982111,2017-08-16 04:59:07,2017-08-16 04:59:07
13991889,Community,One In Windows,757664120955134,2017-08-16 04:59:07,2017-08-16 04:59:07
13991889,Fictional Character,Chistes bromas y un poco mas.,758685157499866,2017-08-16 04:59:07,2017-08-16 04:59:07
13991889,TV Show,House,7608631709,2017-07-11 22:01:21,2017-07-11 22:01:21
13991889,Musician/Band,David Guetta,7619396355,2017-08-16 04:59:07,2017-08-16 04:59:07
13991889,Community,Imágenes Pendejas,762077853854962,2017-08-16 04:59:07,2017-08-16 04:59:07
13991889,Community,Extreme Meals,76364537996,2017-08-16 04:59:07,2017-08-16 04:59:07
13991889,Artist,Dr. Doofenshmirtz,76505801341,2017-08-16 04:59:07,2017-08-16 04:59:07
13991889,Education Website,Me Gustan Los Tacos,766133373399207,2017-08-16 04:59:07,2017-08-16 04:59:07
13991889,Musician/Band,JesseyJoy,76872482823,2017-08-16 04:59:07,2017-08-16 04:59:07
13991889,Entertainment Website,Sabías que?,769860109692136,2017-08-16 04:59:07,2017-08-16 04:59:07
13991889,Product/Service,Ares,76993610127,2017-08-16 04:59:07,2017-08-16 04:59:07
13991889,Athlete,Steve Nash,77922840249,2017-08-16 04:59:07,2017-08-16 04:59:07
13991889,Local Business,MTV Latinoamerica,78059950981,2017-08-16 04:59:07,2017-08-16 04:59:07
13991889,Electronics,LG Electronics Argentina,78123669437,2017-08-16 04:59:07,2017-08-16 04:59:07
13991889,Public Figure,LaTipica,782722018431765,2017-08-16 04:59:07,2017-08-16 04:59:07
13991889,Athlete,Skater,78332024845,2017-08-16 04:59:07,2017-08-16 04:59:07
13991889,Community,Minecrafteros,786998804650200,2017-08-16 04:59:07,2017-08-16 04:59:07
13991889,Food & Beverage Company,Skittles,7914733474,2017-08-16 04:59:07,2017-08-16 04:59:07
13991889,Company,Frizze Evolution,79148358394,2017-08-16 04:59:07,2017-08-16 04:59:07
13991889,Local Business,LOVE,79261534203,2017-08-16 04:59:07,2017-08-16 04:59:07
13991889,Athlete,Andrés Iniesta,79298470625,2017-08-16 04:59:07,2017-08-16 04:59:07
13991889,Clothing (Brand),PUMA,795253457175086,2017-08-16 04:59:07,2017-08-16 04:59:07
13991889,Community,I ? THE WEEKEND,79560796181,2017-08-16 04:59:07,2017-08-16 04:59:07
13991889,Artist,Selena Gomez,7961985974,2017-08-16 04:59:07,2017-08-16 04:59:07
13991889,Region,McDonald's,79667539019,2017-08-16 04:59:07,2017-08-16 04:59:07
13991889,Public Figure,"Bromas, chistes, imágenes locas y mucho mas.",800287380017674,2017-08-16 04:59:07,2017-08-16 04:59:07
13991889,Community,Me importa un carajo,80230453796,2017-08-16 04:59:07,2017-08-16 04:59:07
13991889,News & Media Website,Playa,80595211562,2017-08-16 04:59:07,2017-08-16 04:59:07
13991889,TV Channel,Animal Planet,8059908374,2017-08-16 04:59:07,2017-08-16 04:59:07
13991889,Software,ctOS,811054975572555,2017-08-16 04:59:07,2017-08-16 04:59:07
13991889,Games/Toys,Ubisoft,81174647292,2017-08-16 04:59:07,2017-08-16 04:59:07
13991889,Athlete,Cristiano Ronaldo,81221197163,2017-08-16 04:59:07,2017-08-16 04:59:07
13991889,Band,Hernan y La Champions Liga,81655245504,2017-08-16 04:59:07,2017-08-16 04:59:07
13991889,Amateur Sports Team,Correr,81676534913,2017-08-16 04:59:07,2017-08-16 04:59:07
13991889,Athlete,Martin Palermo,81819279466,2017-08-16 04:59:07,2017-08-16 04:59:07
13991889,Product/Service,Microsoft Lumia,8195378771,2017-08-16 04:59:07,2017-08-16 04:59:07
13991889,Video Game,Hitman,82040998986,2017-08-16 04:59:07,2017-08-16 04:59:07
13991889,Games/Toys,League of Legends,82061850555,2017-08-16 04:59:07,2017-08-16 04:59:07
13991889,Musician/Band,Linkin Park,8210451787,2017-08-16 04:59:07,2017-08-16 04:59:07
13991889,App Page,Puteapp,821897144660870,2018-02-22 21:51:28,2018-02-22 21:51:28
13991889,Community,Te amo cielo,822695021129148,2017-08-16 04:59:07,2017-08-16 04:59:07
13991889,Sports League,NBA,8245623462,2017-08-16 04:59:07,2017-08-16 04:59:07
13991889,Community,Dogs: The Woof Works,82955505846,2017-08-16 04:59:07,2017-08-16 04:59:07
13991889,Musician/Band,The Rolling Stones,8305888286,2017-08-16 04:59:07,2017-08-16 04:59:07
13991889,Community,Memes que te haran cagarte de la risa +21,830676886952719,2017-08-16 04:59:07,2017-08-16 04:59:07
13991889,Musician/Band,Avenged Sevenfold,8308655582,2017-08-16 04:59:07,2017-08-16 04:59:07
13991889,Musician/Band,Red Hot Chili Peppers,8335563918,2017-08-16 04:59:07,2017-08-16 04:59:07
13991889,Community,Chistes de Programadores,835133816563977,2017-08-16 04:59:07,2017-08-16 04:59:07
13991889,Community,Clash of clan Magos,839357782774503,2017-08-16 04:59:07,2017-08-16 04:59:07
13991889,Movie Theater,Cinemex,83988183288,2017-08-16 04:59:07,2017-08-16 04:59:07
13991889,Movie,Jurassic World,841194385932816,2017-08-16 04:59:07,2017-08-16 04:59:07
13991889,Athlete,David Beckham,84218631570,2017-08-16 04:59:07,2017-08-16 04:59:07
13991889,Outdoor & Sporting Goods Company,adidas Football,84237528530,2017-08-16 04:59:07,2017-08-16 04:59:07
13991889,Games/Toys,Half-Life 2,84296203938,2017-08-16 04:59:07,2017-08-16 04:59:07
13991889,Mobile Phone Shop,Mi Store Argentina,843193955850671,2017-12-23 18:37:29,2017-12-23 18:37:29
13991889,Food & Beverage Company,Starbucks Argentina,84730729750,2017-08-16 04:59:07,2017-08-16 04:59:07
13991889,Company,Cartoon Network,84917688371,2017-07-11 22:01:21,2017-07-11 22:01:21
13991889,Movie,The Twilight Saga,8526405673,2017-08-16 04:59:07,2017-08-16 04:59:07
13991889,Nonprofit Organization,Patitas de Perros,85338239351,2017-08-16 04:59:07,2017-08-16 04:59:07
13991889,Entertainment Website,ESTA ES PARA VOS,85741842141,2017-08-16 04:59:07,2017-08-16 04:59:07
13991889,Library,Elias Sonyplaystation,859296267461124,2017-08-16 04:59:07,2017-08-16 04:59:07
13991889,Media,Líderes del Fútbol,863121030431112,2017-08-16 04:59:07,2017-08-16 04:59:07
13991889,Public Figure,15 pesos,86460789710,2017-08-16 04:59:07,2017-08-16 04:59:07
13991889,Food & Beverage Company,Rockstar Energy Drink US,86517341059,2017-08-16 04:59:07,2017-08-16 04:59:07
13991889,Clothing (Brand),Forever 21,86746184549,2017-08-16 04:59:07,2017-08-16 04:59:07
13991889,Electronics,BlackBerry,86782854288,2017-08-16 04:59:07,2017-08-16 04:59:07
13991889,TV Show,Total Drama,86875138148,2017-07-11 22:01:21,2017-07-11 22:01:21
13991889,TV Channel,C5N,87545580838,2017-08-16 04:59:07,2017-08-16 04:59:07
13991889,News & Media Website,LN Deportes,88057207788,2017-08-16 04:59:07,2017-08-16 04:59:07
13991889,Fictional Character,Pepe Argento,88641385623,2017-08-16 04:59:07,2017-08-16 04:59:07
13991889,Artist,Vin Diesel,89562268312,2017-08-16 04:59:07,2017-08-16 04:59:07
13991889,TV Network,CNN en Español,89613772643,2017-07-11 22:01:21,2017-07-11 22:01:21
13991889,TV Channel,Nickelodeon,89749451775,2017-08-16 04:59:07,2017-08-16 04:59:07
13991889,Musician/Band,Chino & Nacho,89820615325,2017-08-16 04:59:07,2017-08-16 04:59:07
13991889,Musician/Band,Daddy Yankee,89833162489,2017-08-16 04:59:07,2017-08-16 04:59:07
13991889,Public Figure,"Kenneth ""Kenny"" McCormick",8989836574,2017-08-16 04:59:07,2017-08-16 04:59:07
13991889,Games/Toys,CounterStrike: Source,89946695959,2017-08-16 04:59:07,2017-08-16 04:59:07
13991889,TV Show,678,90091503815,2017-07-11 22:01:21,2017-07-11 22:01:21
13991889,Social Media Agency,Full Stop,901347263357671,2018-02-01 06:01:14,2018-02-01 06:01:14
13991889,Mobile Phone Shop,Smart Owl,902881093192720,2018-02-04 12:19:21,2018-02-04 12:19:21
13991889,Community,mi hijo es una caja!,90797631304,2017-07-11 22:01:21,2017-07-11 22:01:21
13991889,Product/Service,AXE,9097174289,2017-08-16 04:59:07,2017-08-16 04:59:07
13991889,Artist,Adam Sandler,9098498615,2017-08-16 04:59:07,2017-08-16 04:59:07
13991889,Food & Beverage Company,Powerade,912191465513159,2017-08-16 04:59:07,2017-08-16 04:59:07
13991889,Clothing (Brand),KOSIUKO,91256202789,2017-08-16 04:59:07,2017-08-16 04:59:07
13991889,Artist,Juan Topo,91985425376,2017-08-16 04:59:07,2017-08-16 04:59:07
13991889,Musician/Band,Demi Lovato,9208539755,2017-08-16 04:59:07,2017-08-16 04:59:07
13991889,Artist,Will Smith,92304305160,2017-08-16 04:59:07,2017-08-16 04:59:07
13991889,Clothing (Brand),Billabong Womens,9234817714,2017-08-16 04:59:07,2017-08-16 04:59:07
13991889,Community,EPIC FAIL,92454812141,2017-08-16 04:59:07,2017-08-16 04:59:07
13991889,Public Figure,Big metra,92919163428,2017-08-16 04:59:07,2017-08-16 04:59:07
13991889,Company,adidas Originals,9328458887,2017-08-16 04:59:07,2017-08-16 04:59:07
13991889,Clothing (Brand),47 STREET,93489819208,2017-08-16 04:59:07,2017-08-16 04:59:07
13991889,TV Show,Dr. Goku,94070562956,2017-07-11 22:01:21,2017-07-11 22:01:21
13991889,Musician/Band,Sabroso,94462322560,2017-08-16 04:59:07,2017-08-16 04:59:07
13991889,Musician/Band,Pitbull,95051637400,2017-08-16 04:59:07,2017-08-16 04:59:07
13991889,Clothing (Brand),CONVERSE,95194430663,2017-08-16 04:59:07,2017-08-16 04:59:07
13991889,TV Show,Padre de Familia,95674575704,2017-07-11 22:01:21,2017-07-11 22:01:21
13991889,Company,Mantecol,95824644006,2017-08-16 04:59:07,2017-08-16 04:59:07
13991889,TV Show,Futurama,9588466619,2017-07-11 22:01:21,2017-07-11 22:01:21
13991889,Musician/Band,El Cosito de la Pizza,95998897421,2017-08-16 04:59:07,2017-08-16 04:59:07
13991889,Cars,Audi USA,96585976469,2017-08-16 04:59:07,2017-08-16 04:59:07
13991889,Movie,Disney Alice,96787126667,2017-08-16 04:59:07,2017-08-16 04:59:07
13991889,Musician/Band,Miranda en vivo,968883216539340,2017-08-16 04:59:07,2017-08-16 04:59:07
13991889,Public Figure,Jennette McCurdy,96981971171,2017-08-16 04:59:07,2017-08-16 04:59:07
13991889,Airport,Señor Sarcasmo no oficial,974228565923721,2017-08-16 04:59:07,2017-08-16 04:59:07
13991889,Fictional Character,Lione Hutz. Abogado - También se repara calzado.,97719066094,2017-08-16 04:59:07,2017-08-16 04:59:07
13991889,Entertainment Website,Daniel G.,977552078951104,2017-08-16 04:59:07,2017-08-16 04:59:07
13991889,Community,Quien anda ahí? Otro Gato,97893586274,2017-08-16 04:59:07,2017-08-16 04:59:07
13991889,Blogger,Topes de Gama,981869011917001,2017-08-16 04:59:07,2017-08-16 04:59:07
13991889,Food & Beverage Company,Heineken,982987615055004,2017-08-16 04:59:07,2017-08-16 04:59:07
13991889,Local Business,Unicorns,99095380846,2017-08-16 04:59:07,2017-08-16 04:59:07
13991889,Musician/Band,Miranda Cosgrove,9934379006,2017-08-16 04:59:07,2017-08-16 04:59:07
13991889,Movie,Tron,99792857339,2017-08-16 04:59:07,2017-08-16 04:59:07
13991889,Musician/Band,deadmau5,9980651805,2017-08-16 04:59:07,2017-08-16 04:59:07
13991889,TV Show,Animales Sueltos,99858203250,2017-07-11 22:01:21,2017-07-11 22:01:21
