range_key,id,created_at,network_platform,episode_id,type,user_id,vote_type,hash_key,series_name,season_number,episode_number
13991889,eed1f1de-b135-46c1-b137-92d8a229f356,2020-10-25 04:06:23,map[app_bundle_id:<nil> app_download_link:<nil> app_link:<nil> app_name:<nil> country:<nil> created_at:-6.21355968e+10 display_name:<nil> external_id:<nil> logo_color:<nil> logo_name:<nil> logo_url:<nil> logos:map[selected_dark_mode:<nil> selected_light_mode:<nil> unselected_dark_mode:<nil> unselected_light_mode:<nil>] name_slug:<nil> network_id:<nil> platform:<nil> platform_type:<nil> type:<nil> updated_at:-6.21355968e+10],0,selection,13991889,how-did-you,e2c79312-ca01-40fc-bd7a-002fb5bbf34b,,,
13991889,fc0a5692-e7bc-4f1f-8071-7473ec5ba1e2,2021-07-13 02:56:25,map[app_bundle_id:<nil> app_download_link:<nil> app_link:<nil> app_name:<nil> country:<nil> created_at:-6.21355968e+10 display_name:<nil> external_id:<nil> external_source_type:<nil> is_cascaded:false logo_color:<nil> logo_name:<nil> logo_url:<nil> logos:map[selected_dark_mode:<nil> selected_light_mode:<nil> unselected_dark_mode:<nil> unselected_light_mode:<nil>] name_slug:<nil> network_id:<nil> platform:<nil> platform_type:<nil> type:<nil> updated_at:-6.21355968e+10],0,selection,13991889,how-did-you,fb7709c5-f9c9-4838-8970-3c4b517989cb,,,
13991889,98d1214a-2d45-48d5-b4ef-10de8410b177,2020-10-11 19:14:48,map[app_bundle_id:<nil> app_download_link:<nil> app_link:<nil> app_name:<nil> country:<nil> created_at:-6.21355968e+10 display_name:<nil> external_id:<nil> logo_color:<nil> logo_name:<nil> logo_url:<nil> logos:map[selected_dark_mode:<nil> selected_light_mode:<nil> unselected_dark_mode:<nil> unselected_light_mode:<nil>] name_slug:<nil> network_id:<nil> platform:<nil> platform_type:<nil> type:<nil> updated_at:-6.21355968e+10],0,selection,13991889,how-did-you,b9734307-c575-4c85-bd3d-19457fade50d,,,
13991889,0350f6b5-53f3-48c7-8189-bddccccf44cf,2021-11-23 06:09:41,map[app_bundle_id:<nil> app_download_link:<nil> app_link:<nil> app_name:<nil> country:<nil> created_at:-6.21355968e+10 display_name:<nil> external_id:<nil> external_source_type:<nil> is_cascaded:false logo_color:<nil> logo_name:<nil> logo_url:<nil> logos:map[selected_dark_mode:<nil> selected_light_mode:<nil> unselected_dark_mode:<nil> unselected_light_mode:<nil>] name_slug:<nil> network_id:<nil> platform:<nil> platform_type:<nil> type:<nil> updated_at:-6.21355968e+10],0,selection,13991889,how-did-you,367e1269-4e8e-4e79-80a0-5246091803cf,,,
13991889,614238c8-6f13-4d0f-a579-8dc4304538d1,2021-05-30 02:57:54,map[app_bundle_id:<nil> app_download_link:<nil> app_link:<nil> app_name:<nil> country:<nil> created_at:-6.21355968e+10 display_name:<nil> external_id:<nil> logo_color:<nil> logo_name:<nil> logo_url:<nil> logos:map[selected_dark_mode:<nil> selected_light_mode:<nil> unselected_dark_mode:<nil> unselected_light_mode:<nil>] name_slug:<nil> network_id:<nil> platform:<nil> platform_type:<nil> type:<nil> updated_at:-6.21355968e+10],0,selection,13991889,how-did-you,c9084c2b-bea2-4bbb-8e29-bdf22245d23b,,,
13991889,4dab81d3-f16a-4161-9c2b-6881df1ec294,2021-06-06 01:15:24,map[app_bundle_id:<nil> app_download_link:<nil> app_link:<nil> app_name:<nil> country:<nil> created_at:-6.21355968e+10 display_name:<nil> external_id:<nil> logo_color:<nil> logo_name:<nil> logo_url:<nil> logos:map[selected_dark_mode:<nil> selected_light_mode:<nil> unselected_dark_mode:<nil> unselected_light_mode:<nil>] name_slug:<nil> network_id:<nil> platform:<nil> platform_type:<nil> type:<nil> updated_at:-6.21355968e+10],0,selection,13991889,how-did-you,30589ea9-67c9-4898-96cb-95891ab80fbe,,,
13991889,05e8d632-b46c-44ee-ad54-e092da840f91,2021-12-08 03:53:04,map[app_bundle_id:<nil> app_download_link:<nil> app_link:<nil> app_name:<nil> country:<nil> created_at:-6.21355968e+10 display_name:<nil> external_id:<nil> external_source_type:<nil> is_cascaded:false logo_color:<nil> logo_name:<nil> logo_url:<nil> logos:map[selected_dark_mode:<nil> selected_light_mode:<nil> unselected_dark_mode:<nil> unselected_light_mode:<nil>] name_slug:<nil> network_id:<nil> platform:<nil> platform_type:<nil> type:<nil> updated_at:-6.21355968e+10],0,selection,13991889,how-did-you,974fcd5c-26fd-4068-bbbd-437317265f58,,,
13991889,8eb8786e-c850-444e-b2a5-2c6498ec65c3,2021-08-16 04:07:30,map[app_bundle_id:<nil> app_download_link:<nil> app_link:<nil> app_name:<nil> country:<nil> created_at:-6.21355968e+10 display_name:<nil> external_id:<nil> external_source_type:<nil> is_cascaded:false logo_color:<nil> logo_name:<nil> logo_url:<nil> logos:map[selected_dark_mode:<nil> selected_light_mode:<nil> unselected_dark_mode:<nil> unselected_light_mode:<nil>] name_slug:<nil> network_id:<nil> platform:<nil> platform_type:<nil> type:<nil> updated_at:-6.21355968e+10],0,selection,13991889,how-did-you,42814c39-07fe-4c44-a315-0ba14342384f,,,
13991889,eaf99231-af28-4841-a759-1f80385deb9b,2021-01-02 04:09:21,map[app_bundle_id:<nil> app_download_link:<nil> app_link:<nil> app_name:<nil> country:<nil> created_at:-6.21355968e+10 display_name:<nil> external_id:<nil> logo_color:<nil> logo_name:<nil> logo_url:<nil> logos:map[selected_dark_mode:<nil> selected_light_mode:<nil> unselected_dark_mode:<nil> unselected_light_mode:<nil>] name_slug:<nil> network_id:<nil> platform:<nil> platform_type:<nil> type:<nil> updated_at:-6.21355968e+10],0,selection,13991889,how-did-you,91e579c9-7b9f-49a2-b63b-1e165f79d50b,,,
13991889,c22ade60-0ca4-439c-aeb3-b8fbd65055ae,2020-10-12 05:17:56,map[app_bundle_id:<nil> app_download_link:<nil> app_link:<nil> app_name:<nil> country:<nil> created_at:-6.21355968e+10 display_name:<nil> external_id:<nil> logo_color:<nil> logo_name:<nil> logo_url:<nil> logos:map[selected_dark_mode:<nil> selected_light_mode:<nil> unselected_dark_mode:<nil> unselected_light_mode:<nil>] name_slug:<nil> network_id:<nil> platform:<nil> platform_type:<nil> type:<nil> updated_at:-6.21355968e+10],0,selection,13991889,how-did-you,443eb839-2bb0-4743-9116-55b37647c102,,,
13991889,3e19baca-f2df-4ded-b838-f52945ba8a09,2022-07-23 02:40:17,map[app_bundle_id:<nil> app_download_link:<nil> app_link:<nil> app_name:Other country:US created_at:1.559112773e+09 display_name:Other external_id:tvtime-other-US external_source_type:<nil> is_cascaded:false logo_color:#777777 logo_name:* logo_url:<nil> logos:map[selected_dark_mode:https://d36rlb2fgh8cjd.cloudfront.net/logos/networks/other/selected-dark-mode.png selected_light_mode:https://d36rlb2fgh8cjd.cloudfront.net/logos/networks/other/selected-light-mode.png unselected_dark_mode:https://d36rlb2fgh8cjd.cloudfront.net/logos/networks/other/unselected-dark-mode.png unselected_light_mode:https://d36rlb2fgh8cjd.cloudfront.net/logos/networks/other/unselected-light-mode.png] name_slug:other-01109d08-7513-4ddd-8990-6799d11004b8 network_id:01109d08-7513-4ddd-8990-6799d11004b8 platform:other platform_type:other type:network_platform_source updated_at:1.559112773e+09],0,selection,13991889,where-did-you,f5da9638-06c6-4cf1-9d9d-3faf5dd0950f,,,
8153163-13991889,41eba0c2-9b87-4396-bb0c-ef214b3962cc,2023-04-21 23:21:41,map[app_bundle_id:com.amazon.avod.thirdpartyclient app_download_link:<nil> app_link:https://app.primevideo.com/detail?gti=amzn1.dv.gti.1cbc0a58-1550-0566-2d81-44104eca34db app_name:Amazon Prime Video country:AR created_at:1.682119298e+09 display_name:Amazon Prime Video external_id:6f0be1d1-4db0-48e3-a8ac-7dbd7e023295 external_source_type:SVOD is_cascaded:false logo_color:#00A8E1 logo_name:A logo_url:<nil> logos:map[selected_dark_mode:https://d36rlb2fgh8cjd.cloudfront.net/logos/networks/amazonprimevideo/selected-dark-mode.png selected_light_mode:https://d36rlb2fgh8cjd.cloudfront.net/logos/networks/amazonprimevideo/selected-light-mode.png unselected_dark_mode:https://d36rlb2fgh8cjd.cloudfront.net/logos/networks/amazonprimevideo/unselected-dark-mode.png unselected_light_mode:https://d36rlb2fgh8cjd.cloudfront.net/logos/networks/amazonprimevideo/unselected-light-mode.png] name_slug:amazon-prime-video-6f0be1d1-4db0-48e3-a8ac-7dbd7e023295 network_id:6f0be1d1-4db0-48e3-a8ac-7dbd7e023295 platform:<nil> platform_type:purchase type:network_platform_source updated_at:1.682119298e+09],8153163,selection,13991889,where-did-you,368207,INVINCIBLE (2021),1,5
13991889,99ab54d1-3aa2-4ed7-b303-8595d4d8abf7,2023-07-24 02:29:16,map[app_bundle_id:com.netflix.mediaclient app_download_link:<nil> app_link:https://www.netflix.com/ar/title/81404810 app_name:Netflix country:AR created_at:1.690162373e+09 display_name:Netflix external_id:dc1c9ef7-2d49-49fa-a86b-a78152e3b71b external_source_type:SVOD is_cascaded:false logo_color:#e80000 logo_name:N logo_url:https://d36rlb2fgh8cjd.cloudfront.net/logos/networks/network-netflix-logo.png logos:map[selected_dark_mode:https://d36rlb2fgh8cjd.cloudfront.net/logos/networks/netflix/selected-dark-mode.png selected_light_mode:https://d36rlb2fgh8cjd.cloudfront.net/logos/networks/netflix/selected-light-mode.png unselected_dark_mode:https://d36rlb2fgh8cjd.cloudfront.net/logos/networks/netflix/unselected-dark-mode.png unselected_light_mode:https://d36rlb2fgh8cjd.cloudfront.net/logos/networks/netflix/unselected-light-mode.png] name_slug:netflix-dc1c9ef7-2d49-49fa-a86b-a78152e3b71b network_id:dc1c9ef7-2d49-49fa-a86b-a78152e3b71b platform:<nil> platform_type:purchase type:network_platform_source updated_at:1.690162373e+09],0,selection,13991889,where-did-you,9a07c179-dfff-4c7d-b48c-b885484751ab,,,
13991889,feabcad5-6b3e-4dbe-b3b9-5ee60c079457,2023-08-14 22:28:29,map[app_bundle_id:com.hbo.hbonow app_download_link:<nil> app_link:https://play.hbomax.com/page/urn:hbo:page:GZINxUgDydsPCLwEAABrI:type:feature app_name:HBO Max country:AR created_at:1.692052104e+09 display_name:HBO Max external_id:0293a0c1-9ab0-48e8-9e8f-eb7c59755e99 external_source_type:TVE is_cascaded:false logo_color:#5f1ebe logo_name:H logo_url:<nil> logos:map[selected_dark_mode:https://d36rlb2fgh8cjd.cloudfront.net/logos/networks/hbomax/selected-dark-mode.png selected_light_mode:https://d36rlb2fgh8cjd.cloudfront.net/logos/networks/hbomax/selected-light-mode.png unselected_dark_mode:https://d36rlb2fgh8cjd.cloudfront.net/logos/networks/hbomax/unselected-dark-mode.png unselected_light_mode:https://d36rlb2fgh8cjd.cloudfront.net/logos/networks/hbomax/unselected-light-mode.png] name_slug:hbo-max-0293a0c1-9ab0-48e8-9e8f-eb7c59755e99 network_id:0293a0c1-9ab0-48e8-9e8f-eb7c59755e99 platform:<nil> platform_type:tv_everywhere type:network_platform_source updated_at:1.692052104e+09],0,selection,13991889,where-did-you,59232668-55b9-4a20-ad88-e6e009600e08,,,
8974642-13991889,3e1147ce-4412-4e2d-ac1d-126e97762de1,2022-05-16 04:16:03,map[app_bundle_id:<nil> app_download_link:<nil> app_link:<nil> app_name:Unofficial country:us created_at:1.559112773e+09 display_name:Unofficial external_id:tvtime-unofficial external_source_type:<nil> is_cascaded:false logo_color:#777777 logo_name:* logo_url:<nil> logos:map[selected_dark_mode:https://d36rlb2fgh8cjd.cloudfront.net/logos/networks/unofficial/selected-dark-mode.png selected_light_mode:https://d36rlb2fgh8cjd.cloudfront.net/logos/networks/unofficial/selected-light-mode.png unselected_dark_mode:https://d36rlb2fgh8cjd.cloudfront.net/logos/networks/unofficial/unselected-dark-mode.png unselected_light_mode:https://d36rlb2fgh8cjd.cloudfront.net/logos/networks/unofficial/unselected-light-mode.png] name_slug:unofficial-5dea16e9-fe85-4c85-83a1-b3ba4dc14a30 network_id:5dea16e9-fe85-4c85-83a1-b3ba4dc14a30 platform:unofficial platform_type:unofficial type:network_platform_source updated_at:1.559112773e+09],8974642,selection,13991889,where-did-you,366524,Halo,1,4
13991889,7d42be9f-98f3-49cc-9d06-8724e4165686,2026-06-08 04:00:38,map[app_bundle_id:<nil> app_download_link:<nil> app_link:<nil> app_name:Theater country:US created_at:1.559112773e+09 display_name:Theater external_id:tvtime-theater-US external_source_type:<nil> full_logo_url:<nil> is_cascaded:false logo_color:#777777 logo_name:* logo_url:<nil> logos:map[selected_dark_mode:https://d36rlb2fgh8cjd.cloudfront.net/logos/networks/theater/selected-dark-mode.png selected_light_mode:https://d36rlb2fgh8cjd.cloudfront.net/logos/networks/theater/selected-light-mode.png unselected_dark_mode:https://d36rlb2fgh8cjd.cloudfront.net/logos/networks/theater/unselected-dark-mode.png unselected_light_mode:https://d36rlb2fgh8cjd.cloudfront.net/logos/networks/theater/unselected-light-mode.png] name_slug:theater-2f1147ab-2503-45e7-bb42-15a1446ca897 network_id:2f1147ab-2503-45e7-bb42-15a1446ca897 platform:theater platform_type:theater type:network_platform_source updated_at:1.559112773e+09],0,selection,13991889,where-did-you,75f84f81-4ab5-48fc-bee4-6a9763329e50,,,
13991889,a4575385-08d2-44ae-a343-9fc0d92bf94c,2026-01-18 08:40:57,map[app_bundle_id:<nil> app_download_link:<nil> app_link:<nil> app_name:Theater country:US created_at:1.559112773e+09 display_name:Theater external_id:tvtime-theater-US external_source_type:<nil> full_logo_url:<nil> is_cascaded:false logo_color:#777777 logo_name:* logo_url:<nil> logos:map[selected_dark_mode:https://d36rlb2fgh8cjd.cloudfront.net/logos/networks/theater/selected-dark-mode.png selected_light_mode:https://d36rlb2fgh8cjd.cloudfront.net/logos/networks/theater/selected-light-mode.png unselected_dark_mode:https://d36rlb2fgh8cjd.cloudfront.net/logos/networks/theater/unselected-dark-mode.png unselected_light_mode:https://d36rlb2fgh8cjd.cloudfront.net/logos/networks/theater/unselected-light-mode.png] name_slug:theater-2f1147ab-2503-45e7-bb42-15a1446ca897 network_id:2f1147ab-2503-45e7-bb42-15a1446ca897 platform:theater platform_type:theater type:network_platform_source updated_at:1.559112773e+09],0,selection,13991889,where-did-you,55efe63e-5e95-4b14-b8c6-c6e31c8bb561,,,
13991889,49c17db8-2af5-47fd-a39c-bfec7f3f1038,2020-08-23 03:33:43,map[app_bundle_id:<nil> app_download_link:<nil> app_link:http://www.netflix.com/title/81023636 app_name:Netflix country:US created_at:1.597691571e+09 display_name:Netflix external_id:us.netflix logo_color:#e80000 logo_name:N logo_url:https://d36rlb2fgh8cjd.cloudfront.net/logos/networks/network-netflix-logo.png logos:map[selected_dark_mode:https://d36rlb2fgh8cjd.cloudfront.net/logos/networks/netflix/selected-dark-mode.png selected_light_mode:https://d36rlb2fgh8cjd.cloudfront.net/logos/networks/netflix/selected-light-mode.png unselected_dark_mode:https://d36rlb2fgh8cjd.cloudfront.net/logos/networks/netflix/unselected-dark-mode.png unselected_light_mode:https://d36rlb2fgh8cjd.cloudfront.net/logos/networks/netflix/unselected-light-mode.png] name_slug:netflix-1d33411c-0c2a-46fa-8b6c-8cd0ea6f53ef network_id:1d33411c-0c2a-46fa-8b6c-8cd0ea6f53ef platform:<nil> platform_type:subscription type:network_platform_source updated_at:1.597691571e+09],0,selection,13991889,where-did-you,421f69c1-195e-433f-a64b-6191a3db7524,,,
13991889,e20ad162-5c27-48bc-96d1-ad52a2dddd10,2021-06-21 02:43:12,map[app_bundle_id:<nil> app_download_link:<nil> app_link:<nil> app_name:Unofficial country:us created_at:1.559112773e+09 display_name:Unofficial external_id:tvtime-unofficial logo_color:#777777 logo_name:* logo_url:<nil> logos:map[selected_dark_mode:https://d36rlb2fgh8cjd.cloudfront.net/logos/networks/unofficial/selected-dark-mode.png selected_light_mode:https://d36rlb2fgh8cjd.cloudfront.net/logos/networks/unofficial/selected-light-mode.png unselected_dark_mode:https://d36rlb2fgh8cjd.cloudfront.net/logos/networks/unofficial/unselected-dark-mode.png unselected_light_mode:https://d36rlb2fgh8cjd.cloudfront.net/logos/networks/unofficial/unselected-light-mode.png] name_slug:unofficial-5dea16e9-fe85-4c85-83a1-b3ba4dc14a30 network_id:5dea16e9-fe85-4c85-83a1-b3ba4dc14a30 platform:unofficial platform_type:unofficial type:network_platform_source updated_at:1.559112773e+09],0,selection,13991889,where-did-you,f084d17f-34c2-4e5e-a8db-e7c995c438d0,,,
13991889,5b247f36-b946-4005-b55a-666f8349d650,2021-07-30 00:43:34,map[app_bundle_id:com.netflix.mediaclient app_download_link:<nil> app_link:https://www.netflix.com/title/81325689 app_name:Netflix country:AR created_at:1.627605798e+09 display_name:Netflix external_id:ar.netflix external_source_type:SVOD is_cascaded:false logo_color:#e80000 logo_name:N logo_url:https://d36rlb2fgh8cjd.cloudfront.net/logos/networks/network-netflix-logo.png logos:map[selected_dark_mode:https://d36rlb2fgh8cjd.cloudfront.net/logos/networks/netflix/selected-dark-mode.png selected_light_mode:https://d36rlb2fgh8cjd.cloudfront.net/logos/networks/netflix/selected-light-mode.png unselected_dark_mode:https://d36rlb2fgh8cjd.cloudfront.net/logos/networks/netflix/unselected-dark-mode.png unselected_light_mode:https://d36rlb2fgh8cjd.cloudfront.net/logos/networks/netflix/unselected-light-mode.png] name_slug:netflix-bd8d92ed-4d31-4630-b6b8-1e7254aa5cfc network_id:bd8d92ed-4d31-4630-b6b8-1e7254aa5cfc platform:<nil> platform_type:purchase type:network_platform_source updated_at:1.627605798e+09],0,selection,13991889,where-did-you,80b741e4-5e30-4426-b4fc-e5625cbb3fba,,,
10040710-13991889,bc9a2159-cbe2-42e2-9da5-eb152d957ab7,2024-01-05 02:25:38,map[app_bundle_id:com.netflix.mediaclient app_download_link:<nil> app_link:https://www.netflix.com/watch/81586788 app_name:Netflix country:AR created_at:1.704414145e+09 display_name:Netflix external_id:dc1c9ef7-2d49-49fa-a86b-a78152e3b71b external_source_type:SVOD is_cascaded:false logo_color:#e80000 logo_name:N logo_url:https://d36rlb2fgh8cjd.cloudfront.net/logos/networks/network-netflix-logo.png logos:map[selected_dark_mode:https://d36rlb2fgh8cjd.cloudfront.net/logos/networks/netflix/selected-dark-mode.png selected_light_mode:https://d36rlb2fgh8cjd.cloudfront.net/logos/networks/netflix/selected-light-mode.png unselected_dark_mode:https://d36rlb2fgh8cjd.cloudfront.net/logos/networks/netflix/unselected-dark-mode.png unselected_light_mode:https://d36rlb2fgh8cjd.cloudfront.net/logos/networks/netflix/unselected-light-mode.png] name_slug:netflix-dc1c9ef7-2d49-49fa-a86b-a78152e3b71b network_id:dc1c9ef7-2d49-49fa-a86b-a78152e3b71b platform:web platform_type:purchase type:network_platform_source updated_at:1.704414145e+09],10040710,selection,13991889,where-did-you,413033,Berlin (2023),1,3
13991889,31db66f1-374a-4e28-bc67-e349b6cbea64,2024-08-04 01:37:49,map[app_bundle_id:com.amazon.avod.thirdpartyclient app_download_link:<nil> app_link:https://www.amazon.com/gp/video/detail/B08QMMTBBZ app_name:Amazon Prime Video country:US created_at:1.722662068e+09 display_name:Amazon Prime Video external_id:e9df6e8e-f08a-484a-9957-6f8a76950df1 external_source_type:SVOD full_logo_url:<nil> is_cascaded:false logo_color:#00A8E1 logo_name:A logo_url:<nil> logos:map[selected_dark_mode:https://d36rlb2fgh8cjd.cloudfront.net/logos/networks/amazonprimevideo/selected-dark-mode.png selected_light_mode:https://d36rlb2fgh8cjd.cloudfront.net/logos/networks/amazonprimevideo/selected-light-mode.png unselected_dark_mode:https://d36rlb2fgh8cjd.cloudfront.net/logos/networks/amazonprimevideo/unselected-dark-mode.png unselected_light_mode:https://d36rlb2fgh8cjd.cloudfront.net/logos/networks/amazonprimevideo/unselected-light-mode.png] name_slug:amazon-prime-video-e9df6e8e-f08a-484a-9957-6f8a76950df1 network_id:e9df6e8e-f08a-484a-9957-6f8a76950df1 platform:web platform_type:purchase type:network_platform_source updated_at:1.722662068e+09],0,selection,13991889,where-did-you,0c56835d-66c4-4710-b033-524403a27c50,,,
5978808-13991889,0a599954-fd0e-4700-b46b-8bbf753a2798,2023-03-27 00:26:45,map[app_bundle_id:com.crunchyroll.crunchyroid app_download_link:<nil> app_link:https://www.crunchyroll.com/watch/GR75QX11Y/beast-titan app_name:Crunchyroll country:AR created_at:1.679876802e+09 display_name:Crunchyroll external_id:910b5ad1-dfc7-46ed-a28a-861754e6a8b5 external_source_type:SVOD is_cascaded:false logo_color:<nil> logo_name:C logo_url:https://d36rlb2fgh8cjd.cloudfront.net/logos/networks/network-crackle-logo.png logos:map[selected_dark_mode:https://d36rlb2fgh8cjd.cloudfront.net/logos/networks/crunchyroll/selected-dark-mode.png selected_light_mode:https://d36rlb2fgh8cjd.cloudfront.net/logos/networks/crunchyroll/selected-light-mode.png unselected_dark_mode:https://d36rlb2fgh8cjd.cloudfront.net/logos/networks/crunchyroll/unselected-dark-mode.png unselected_light_mode:https://d36rlb2fgh8cjd.cloudfront.net/logos/networks/crunchyroll/unselected-light-mode.png] name_slug:crunchyroll-910b5ad1-dfc7-46ed-a28a-861754e6a8b5 network_id:910b5ad1-dfc7-46ed-a28a-861754e6a8b5 platform:<nil> platform_type:purchase type:network_platform_source updated_at:1.679876802e+09],5978808,selection,13991889,where-did-you,267440,Attack on Titan,2,1
361887-13991889,3ae3ba94-5b74-41bd-8219-4ad84e902dd6,2026-02-08 17:06:26,map[app_bundle_id:com.crunchyroll.crunchyroid app_download_link:<nil> app_link:https://www.crunchyroll.com/watch/GR3VWXP96/im-luffy-the-man-whos-gonna-be-king-of-the-pirates app_name:Crunchyroll country:US created_at:1.77056292e+09 display_name:Crunchyroll external_id:c35a5d61-83ed-4195-9524-d566842908fe external_source_type:SVOD full_logo_url:<nil> is_cascaded:false logo_color:f66b11 logo_name:C logo_url:<nil> logos:map[selected_dark_mode:https://d36rlb2fgh8cjd.cloudfront.net/logos/networks/crunchyroll/selected-dark-mode.png selected_light_mode:https://d36rlb2fgh8cjd.cloudfront.net/logos/networks/crunchyroll/selected-light-mode.png unselected_dark_mode:https://d36rlb2fgh8cjd.cloudfront.net/logos/networks/crunchyroll/unselected-dark-mode.png unselected_light_mode:https://d36rlb2fgh8cjd.cloudfront.net/logos/networks/crunchyroll/unselected-light-mode.png] name_slug:crunchyroll-c35a5d61-83ed-4195-9524-d566842908fe network_id:c35a5d61-83ed-4195-9524-d566842908fe platform:web platform_type:purchase type:network_platform_source updated_at:1.77056292e+09],361887,selection,13991889,where-did-you,81797,One Piece,1,1
13991889,fc481dbf-08e0-4570-b199-dede33a948c9,2020-10-10 18:16:59,map[app_bundle_id:<nil> app_download_link:<nil> app_link:<nil> app_name:Other country:US created_at:1.559112773e+09 display_name:Other external_id:tvtime-other-US logo_color:#777777 logo_name:* logo_url:<nil> logos:map[selected_dark_mode:https://d36rlb2fgh8cjd.cloudfront.net/logos/networks/other/selected-dark-mode.png selected_light_mode:https://d36rlb2fgh8cjd.cloudfront.net/logos/networks/other/selected-light-mode.png unselected_dark_mode:https://d36rlb2fgh8cjd.cloudfront.net/logos/networks/other/unselected-dark-mode.png unselected_light_mode:https://d36rlb2fgh8cjd.cloudfront.net/logos/networks/other/unselected-light-mode.png] name_slug:other-01109d08-7513-4ddd-8990-6799d11004b8 network_id:01109d08-7513-4ddd-8990-6799d11004b8 platform:other platform_type:other type:network_platform_source updated_at:1.559112773e+09],0,selection,13991889,where-did-you,3067f4f8-c34d-4a10-a869-6c08557e869c,,,
13991889,4575376a-cc21-4943-ae49-50be31d11b34,2022-08-21 02:56:44,map[app_bundle_id:<nil> app_download_link:<nil> app_link:<nil> app_name:Other country:US created_at:1.559112773e+09 display_name:Other external_id:tvtime-other-US external_source_type:<nil> is_cascaded:false logo_color:#777777 logo_name:* logo_url:<nil> logos:map[selected_dark_mode:https://d36rlb2fgh8cjd.cloudfront.net/logos/networks/other/selected-dark-mode.png selected_light_mode:https://d36rlb2fgh8cjd.cloudfront.net/logos/networks/other/selected-light-mode.png unselected_dark_mode:https://d36rlb2fgh8cjd.cloudfront.net/logos/networks/other/unselected-dark-mode.png unselected_light_mode:https://d36rlb2fgh8cjd.cloudfront.net/logos/networks/other/unselected-light-mode.png] name_slug:other-01109d08-7513-4ddd-8990-6799d11004b8 network_id:01109d08-7513-4ddd-8990-6799d11004b8 platform:other platform_type:other type:network_platform_source updated_at:1.559112773e+09],0,selection,13991889,where-did-you,40b96671-4bc7-490a-afc8-ef6812dd317e,,,
13991889,7d7fccd2-008c-4547-98da-c13d16502593,2026-05-18 01:28:11,map[app_bundle_id:<nil> app_download_link:<nil> app_link:<nil> app_name:Theater country:US created_at:1.559112773e+09 display_name:Theater external_id:tvtime-theater-US external_source_type:<nil> full_logo_url:<nil> is_cascaded:false logo_color:#777777 logo_name:* logo_url:<nil> logos:map[selected_dark_mode:https://d36rlb2fgh8cjd.cloudfront.net/logos/networks/theater/selected-dark-mode.png selected_light_mode:https://d36rlb2fgh8cjd.cloudfront.net/logos/networks/theater/selected-light-mode.png unselected_dark_mode:https://d36rlb2fgh8cjd.cloudfront.net/logos/networks/theater/unselected-dark-mode.png unselected_light_mode:https://d36rlb2fgh8cjd.cloudfront.net/logos/networks/theater/unselected-light-mode.png] name_slug:theater-2f1147ab-2503-45e7-bb42-15a1446ca897 network_id:2f1147ab-2503-45e7-bb42-15a1446ca897 platform:theater platform_type:theater type:network_platform_source updated_at:1.559112773e+09],0,selection,13991889,where-did-you,9101d670-0e18-4b3b-846a-e1134fe557cb,,,
13991889,313e003d-a5bb-4b28-8300-2a0f34454b3e,2025-07-26 03:39:55,map[app_bundle_id:<nil> app_download_link:<nil> app_link:<nil> app_name:Theater country:US created_at:1.559112773e+09 display_name:Theater external_id:tvtime-theater-US external_source_type:<nil> full_logo_url:<nil> is_cascaded:false logo_color:#777777 logo_name:* logo_url:<nil> logos:map[selected_dark_mode:https://d36rlb2fgh8cjd.cloudfront.net/logos/networks/theater/selected-dark-mode.png selected_light_mode:https://d36rlb2fgh8cjd.cloudfront.net/logos/networks/theater/selected-light-mode.png unselected_dark_mode:https://d36rlb2fgh8cjd.cloudfront.net/logos/networks/theater/unselected-dark-mode.png unselected_light_mode:https://d36rlb2fgh8cjd.cloudfront.net/logos/networks/theater/unselected-light-mode.png] name_slug:theater-2f1147ab-2503-45e7-bb42-15a1446ca897 network_id:2f1147ab-2503-45e7-bb42-15a1446ca897 platform:theater platform_type:theater type:network_platform_source updated_at:1.559112773e+09],0,selection,13991889,where-did-you,d5d472c0-8bf0-483b-b2ab-6378aa6c96fa,,,
13991889,0a0defb6-4ccc-4687-becb-704a90a2da95,2025-11-30 14:27:24,map[app_bundle_id:<nil> app_download_link:<nil> app_link:<nil> app_name:Theater country:US created_at:1.559112773e+09 display_name:Theater external_id:tvtime-theater-US external_source_type:<nil> full_logo_url:<nil> is_cascaded:false logo_color:#777777 logo_name:* logo_url:<nil> logos:map[selected_dark_mode:https://d36rlb2fgh8cjd.cloudfront.net/logos/networks/theater/selected-dark-mode.png selected_light_mode:https://d36rlb2fgh8cjd.cloudfront.net/logos/networks/theater/selected-light-mode.png unselected_dark_mode:https://d36rlb2fgh8cjd.cloudfront.net/logos/networks/theater/unselected-dark-mode.png unselected_light_mode:https://d36rlb2fgh8cjd.cloudfront.net/logos/networks/theater/unselected-light-mode.png] name_slug:theater-2f1147ab-2503-45e7-bb42-15a1446ca897 network_id:2f1147ab-2503-45e7-bb42-15a1446ca897 platform:theater platform_type:theater type:network_platform_source updated_at:1.559112773e+09],0,selection,13991889,where-did-you,78079d78-9387-4cbe-9adf-8ded6b6decc4,,,
7555478-13991889,c5df73e8-d5f8-4612-b9c8-c423eeffc326,2022-04-30 18:25:02,map[app_bundle_id:com.netflix.mediaclient app_download_link:<nil> app_link:https://www.netflix.com/watch/81232209 app_name:Netflix country:US created_at:1.651340959e+09 display_name:Netflix external_id:018b6a69-a6dc-43a9-b39f-d81ab255c30a external_source_type:SVOD is_cascaded:false logo_color:#e80000 logo_name:N logo_url:https://d36rlb2fgh8cjd.cloudfront.net/logos/networks/network-netflix-logo.png logos:map[selected_dark_mode:https://d36rlb2fgh8cjd.cloudfront.net/logos/networks/netflix/selected-dark-mode.png selected_light_mode:https://d36rlb2fgh8cjd.cloudfront.net/logos/networks/netflix/selected-light-mode.png unselected_dark_mode:https://d36rlb2fgh8cjd.cloudfront.net/logos/networks/netflix/unselected-dark-mode.png unselected_light_mode:https://d36rlb2fgh8cjd.cloudfront.net/logos/networks/netflix/unselected-light-mode.png] name_slug:netflix-018b6a69-a6dc-43a9-b39f-d81ab255c30a network_id:018b6a69-a6dc-43a9-b39f-d81ab255c30a platform:<nil> platform_type:purchase type:network_platform_source updated_at:1.651340959e+09],7555478,selection,13991889,where-did-you,273181,Better Call Saul,5,10
7501872-13991889,5fbcd5d1-3694-4a22-9400-4613f54e36dd,2023-03-28 21:00:14,map[app_bundle_id:<nil> app_download_link:<nil> app_link:https://tv.apple.com/ar/episode/personaje-no-jugable/umc.cmc.3g1mczg6brq5iifcrw6jyfzgh?showId=umc.cmc.1nfdfd5zlk05fo1bwwetzldy3 app_name:Apple TV+ country:AR created_at:1.680037203e+09 display_name:Apple TV+ external_id:81d9ea47-4e1d-4d29-9248-d5eafca28f85 external_source_type:SVOD is_cascaded:false logo_color:<nil> logo_name:A logo_url:https://d36rlb2fgh8cjd.cloudfront.net/logos/networks/network-apple-logo.png logos:map[selected_dark_mode:https://d36rlb2fgh8cjd.cloudfront.net/logos/networks/appletv/selected-dark-mode.png selected_light_mode:https://d36rlb2fgh8cjd.cloudfront.net/logos/networks/appletv/selected-light-mode.png unselected_dark_mode:https://d36rlb2fgh8cjd.cloudfront.net/logos/networks/appletv/unselected-dark-mode.png unselected_light_mode:https://d36rlb2fgh8cjd.cloudfront.net/logos/networks/appletv/unselected-light-mode.png] name_slug:apple-tv+-81d9ea47-4e1d-4d29-9248-d5eafca28f85 network_id:81d9ea47-4e1d-4d29-9248-d5eafca28f85 platform:<nil> platform_type:purchase type:network_platform_source updated_at:1.680037203e+09],7501872,selection,13991889,where-did-you,362829,Mythic Quest,1,6
8996829-13991889,26b8a061-7f47-4cd2-be2e-c02f2488e871,2022-04-30 18:24:54,map[app_bundle_id:<nil> app_download_link:<nil> app_link:<nil> app_name:Other country:US created_at:1.559112773e+09 display_name:Other external_id:tvtime-other-US external_source_type:<nil> is_cascaded:false logo_color:#777777 logo_name:* logo_url:<nil> logos:map[selected_dark_mode:https://d36rlb2fgh8cjd.cloudfront.net/logos/networks/other/selected-dark-mode.png selected_light_mode:https://d36rlb2fgh8cjd.cloudfront.net/logos/networks/other/selected-light-mode.png unselected_dark_mode:https://d36rlb2fgh8cjd.cloudfront.net/logos/networks/other/unselected-dark-mode.png unselected_light_mode:https://d36rlb2fgh8cjd.cloudfront.net/logos/networks/other/unselected-light-mode.png] name_slug:other-01109d08-7513-4ddd-8990-6799d11004b8 network_id:01109d08-7513-4ddd-8990-6799d11004b8 platform:other platform_type:other type:network_platform_source updated_at:1.559112773e+09],8996829,selection,13991889,where-did-you,273181,Better Call Saul,6,1
13991889,ad39d5dd-eb58-4a39-8860-9af793bddaef,2023-09-17 04:13:44,map[app_bundle_id:<nil> app_download_link:<nil> app_link:<nil> app_name:Other country:AR created_at:1.559112773e+09 display_name:Other external_id:tvtime-other-AR external_source_type:<nil> is_cascaded:false logo_color:#777777 logo_name:* logo_url:<nil> logos:map[selected_dark_mode:https://d36rlb2fgh8cjd.cloudfront.net/logos/networks/other/selected-dark-mode.png selected_light_mode:https://d36rlb2fgh8cjd.cloudfront.net/logos/networks/other/selected-light-mode.png unselected_dark_mode:https://d36rlb2fgh8cjd.cloudfront.net/logos/networks/other/unselected-dark-mode.png unselected_light_mode:https://d36rlb2fgh8cjd.cloudfront.net/logos/networks/other/unselected-light-mode.png] name_slug:other-01109d08-7513-4ddd-8990-6799d11004b8 network_id:01109d08-7513-4ddd-8990-6799d11004b8 platform:other platform_type:other type:network_platform_source updated_at:1.559112773e+09],0,selection,13991889,where-did-you,a9c5e5f9-4b9d-4263-a494-df1e0307adaa,,,
7979142-13991889,5acfae0a-b53d-418e-a819-a21f482da5de,2024-09-29 22:03:17,map[app_bundle_id:com.crunchyroll.crunchyroid app_download_link:<nil> app_link:https://www.crunchyroll.com/watch/G14U415QM/im-used-to-it app_name:Crunchyroll country:AR created_at:1.727586439e+09 display_name:Crunchyroll external_id:910b5ad1-dfc7-46ed-a28a-861754e6a8b5 external_source_type:AVOD full_logo_url:<nil> is_cascaded:false logo_color:f66b11 logo_name:C logo_url:<nil> logos:map[selected_dark_mode:https://d36rlb2fgh8cjd.cloudfront.net/logos/networks/crunchyroll/selected-dark-mode.png selected_light_mode:https://d36rlb2fgh8cjd.cloudfront.net/logos/networks/crunchyroll/selected-light-mode.png unselected_dark_mode:https://d36rlb2fgh8cjd.cloudfront.net/logos/networks/crunchyroll/unselected-dark-mode.png unselected_light_mode:https://d36rlb2fgh8cjd.cloudfront.net/logos/networks/crunchyroll/unselected-light-mode.png] name_slug:crunchyroll-910b5ad1-dfc7-46ed-a28a-861754e6a8b5 network_id:910b5ad1-dfc7-46ed-a28a-861754e6a8b5 platform:web platform_type:free type:network_platform_source updated_at:1.727586439e+09],7979142,selection,13991889,where-did-you,389597,Solo Leveling,1,1
9971637-13991889,237876ae-7767-4251-978e-2f474a973d28,2023-10-16 06:59:48,map[app_bundle_id:com.hbo.hbonow app_download_link:<nil> app_link:<nil> app_name:HBO Max country:AR created_at:1.697439588e+09 display_name:HBO Max external_id:tvtime-hbomax external_source_type:<nil> is_cascaded:false logo_color:#5f1ebe logo_name:H logo_url:<nil> logos:map[selected_dark_mode:https://d36rlb2fgh8cjd.cloudfront.net/logos/networks/hbomax/selected-dark-mode.png selected_light_mode:https://d36rlb2fgh8cjd.cloudfront.net/logos/networks/hbomax/selected-light-mode.png unselected_dark_mode:https://d36rlb2fgh8cjd.cloudfront.net/logos/networks/hbomax/unselected-dark-mode.png unselected_light_mode:https://d36rlb2fgh8cjd.cloudfront.net/logos/networks/hbomax/unselected-light-mode.png] name_slug:hbomax-7ada0484-a815-4716-8e68-f49de2b071d0 network_id:7ada0484-a815-4716-8e68-f49de2b071d0 platform:other platform_type:other type:network_platform_source updated_at:1.697439588e+09],9971637,selection,13991889,where-did-you,275274,Rick and Morty,7,1
13991889,6201bcfe-4a3d-4855-80b2-a7d090cbd6bd,2023-07-21 03:04:56,map[app_bundle_id:<nil> app_download_link:<nil> app_link:https://www.starplus.com/es-419/movies/una-loca-pelicula-de-vampiros/421yGaQ18cHJ app_name:Star+ country:AR created_at:1.689908691e+09 display_name:Star+ external_id:2659d246-e31b-4981-ba8a-1721c84040fa external_source_type:SVOD is_cascaded:false logo_color:<nil> logo_name:S logo_url:<nil> logos:map[selected_dark_mode:https://d36rlb2fgh8cjd.cloudfront.net/logos/networks/star/selected-dark-mode.png selected_light_mode:https://d36rlb2fgh8cjd.cloudfront.net/logos/networks/star/selected-light-mode.png unselected_dark_mode:https://d36rlb2fgh8cjd.cloudfront.net/logos/networks/star/unselected-dark-mode.png unselected_light_mode:https://d36rlb2fgh8cjd.cloudfront.net/logos/networks/star/unselected-light-mode.png] name_slug:star+-2659d246-e31b-4981-ba8a-1721c84040fa network_id:2659d246-e31b-4981-ba8a-1721c84040fa platform:<nil> platform_type:purchase type:network_platform_source updated_at:1.689908691e+09],0,selection,13991889,where-did-you,bdb1ca3e-5529-4045-b8fd-f9671e3402f5,,,
9879037-13991889,688f33b1-575b-47b7-a0ff-77ab514f2151,2023-11-18 15:14:31,map[app_bundle_id:com.crunchyroll.crunchyroid app_download_link:<nil> app_link:https://www.crunchyroll.com/watch/G0DUNJ2JP/hidden-inventory app_name:Crunchyroll country:AR created_at:1.700320468e+09 display_name:Crunchyroll external_id:910b5ad1-dfc7-46ed-a28a-861754e6a8b5 external_source_type:SVOD is_cascaded:true logo_color:f66b11 logo_name:C logo_url:<nil> logos:map[selected_dark_mode:https://d36rlb2fgh8cjd.cloudfront.net/logos/networks/crunchyroll/selected-dark-mode.png selected_light_mode:https://d36rlb2fgh8cjd.cloudfront.net/logos/networks/crunchyroll/selected-light-mode.png unselected_dark_mode:https://d36rlb2fgh8cjd.cloudfront.net/logos/networks/crunchyroll/unselected-dark-mode.png unselected_light_mode:https://d36rlb2fgh8cjd.cloudfront.net/logos/networks/crunchyroll/unselected-light-mode.png] name_slug:crunchyroll-910b5ad1-dfc7-46ed-a28a-861754e6a8b5 network_id:910b5ad1-dfc7-46ed-a28a-861754e6a8b5 platform:<nil> platform_type:purchase type:network_platform_source updated_at:1.700320468e+09],9879037,selection,13991889,where-did-you,377543,JUJUTSU KAISEN,2,17
9642740-13991889,f004d1d0-b3f3-4021-b3d8-7505dc9e64bb,2023-03-18 02:26:14,map[app_bundle_id:com.amazon.avod.thirdpartyclient app_download_link:<nil> app_link:<nil> app_name:Amazon Prime Video country:AR created_at:1.679106374e+09 display_name:Amazon Prime Video external_id:tvtime-amazonprimevideo external_source_type:<nil> is_cascaded:false logo_color:#f79833 logo_name:A logo_url:<nil> logos:map[selected_dark_mode:https://d36rlb2fgh8cjd.cloudfront.net/logos/networks/amazonprimevideo/selected-dark-mode.png selected_light_mode:https://d36rlb2fgh8cjd.cloudfront.net/logos/networks/amazonprimevideo/selected-light-mode.png unselected_dark_mode:https://d36rlb2fgh8cjd.cloudfront.net/logos/networks/amazonprimevideo/unselected-dark-mode.png unselected_light_mode:https://d36rlb2fgh8cjd.cloudfront.net/logos/networks/amazonprimevideo/unselected-light-mode.png] name_slug:amazonprimevideo-05fdfe9e-3184-4fbe-aff5-33b07a836c1e network_id:05fdfe9e-3184-4fbe-aff5-33b07a836c1e platform:other platform_type:other type:network_platform_source updated_at:1.679106374e+09],9642740,selection,13991889,where-did-you,431713,LOL: Last One Laughing Argentina,1,1
7318462-13991889,d28eca60-d2b4-4830-bf3e-910c766f7478,2022-05-16 04:16:18,map[app_bundle_id:<nil> app_download_link:<nil> app_link:<nil> app_name:Unofficial country:us created_at:1.559112773e+09 display_name:Unofficial external_id:tvtime-unofficial external_source_type:<nil> is_cascaded:false logo_color:#777777 logo_name:* logo_url:<nil> logos:map[selected_dark_mode:https://d36rlb2fgh8cjd.cloudfront.net/logos/networks/unofficial/selected-dark-mode.png selected_light_mode:https://d36rlb2fgh8cjd.cloudfront.net/logos/networks/unofficial/selected-light-mode.png unselected_dark_mode:https://d36rlb2fgh8cjd.cloudfront.net/logos/networks/unofficial/unselected-dark-mode.png unselected_light_mode:https://d36rlb2fgh8cjd.cloudfront.net/logos/networks/unofficial/unselected-light-mode.png] name_slug:unofficial-5dea16e9-fe85-4c85-83a1-b3ba4dc14a30 network_id:5dea16e9-fe85-4c85-83a1-b3ba4dc14a30 platform:unofficial platform_type:unofficial type:network_platform_source updated_at:1.559112773e+09],7318462,selection,13991889,where-did-you,366524,Halo,1,1
13991889,fa4b47cf-04f6-4cdd-be7e-498c80c1428c,2025-08-03 18:36:12,map[app_bundle_id:<nil> app_download_link:<nil> app_link:https://www.disneyplus.com/movies/captain-america-brave-new-world/66bQZq1fcAeN app_name:Disney+ country:US created_at:1.754168137e+09 display_name:Disney+ external_id:6abf87a8-1e24-4fa3-a96f-6b2012ef0758 external_source_type:SVOD full_logo_url:<nil> is_cascaded:false logo_color:#1C4451 logo_name:D logo_url:https://d36rlb2fgh8cjd.cloudfront.net/logos/networks/disney/wtw_logo.png logos:map[selected_dark_mode:https://d36rlb2fgh8cjd.cloudfront.net/logos/networks/disney/selected-dark-mode.png selected_light_mode:https://d36rlb2fgh8cjd.cloudfront.net/logos/networks/disney/selected-light-mode.png unselected_dark_mode:https://d36rlb2fgh8cjd.cloudfront.net/logos/networks/disney/unselected-dark-mode.png unselected_light_mode:https://d36rlb2fgh8cjd.cloudfront.net/logos/networks/disney/unselected-light-mode.png] name_slug:disney+-6abf87a8-1e24-4fa3-a96f-6b2012ef0758 network_id:6abf87a8-1e24-4fa3-a96f-6b2012ef0758 platform:web platform_type:purchase type:network_platform_source updated_at:1.754168137e+09],0,selection,13991889,where-did-you,9d6cd3ef-452c-4f98-b7fe-29eaa2d64e47,,,
9580006-13991889,fd3b36c2-851f-42ff-b221-8519e663e5b4,2023-03-11 02:03:18,map[app_bundle_id:com.netflix.mediaclient app_download_link:<nil> app_link:https://www.netflix.com/watch/81520491 app_name:Netflix country:AR created_at:1.678500194e+09 display_name:Netflix external_id:dc1c9ef7-2d49-49fa-a86b-a78152e3b71b external_source_type:SVOD is_cascaded:false logo_color:#e80000 logo_name:N logo_url:https://d36rlb2fgh8cjd.cloudfront.net/logos/networks/network-netflix-logo.png logos:map[selected_dark_mode:https://d36rlb2fgh8cjd.cloudfront.net/logos/networks/netflix/selected-dark-mode.png selected_light_mode:https://d36rlb2fgh8cjd.cloudfront.net/logos/networks/netflix/selected-light-mode.png unselected_dark_mode:https://d36rlb2fgh8cjd.cloudfront.net/logos/networks/netflix/unselected-dark-mode.png unselected_light_mode:https://d36rlb2fgh8cjd.cloudfront.net/logos/networks/netflix/unselected-light-mode.png] name_slug:netflix-dc1c9ef7-2d49-49fa-a86b-a78152e3b71b network_id:dc1c9ef7-2d49-49fa-a86b-a78152e3b71b platform:<nil> platform_type:purchase type:network_platform_source updated_at:1.678500194e+09],9580006,selection,13991889,where-did-you,430233,Community Squad,1,1
10167212-13991889,44abe113-d680-465c-bbd5-49c940b7e313,2023-12-06 03:09:17,map[app_bundle_id:<nil> app_download_link:<nil> app_link:https://www.starplus.com/es-419/video/711f5fd6-6705-469d-aa03-b4b990d11f20 app_name:Star+ country:AR created_at:1.701830992e+09 display_name:Star+ external_id:2659d246-e31b-4981-ba8a-1721c84040fa external_source_type:SVOD is_cascaded:false logo_color:<nil> logo_name:S logo_url:<nil> logos:map[selected_dark_mode:https://d36rlb2fgh8cjd.cloudfront.net/logos/networks/star/selected-dark-mode.png selected_light_mode:https://d36rlb2fgh8cjd.cloudfront.net/logos/networks/star/selected-light-mode.png unselected_dark_mode:https://d36rlb2fgh8cjd.cloudfront.net/logos/networks/star/unselected-dark-mode.png unselected_light_mode:https://d36rlb2fgh8cjd.cloudfront.net/logos/networks/star/unselected-light-mode.png] name_slug:star+-2659d246-e31b-4981-ba8a-1721c84040fa network_id:2659d246-e31b-4981-ba8a-1721c84040fa platform:<nil> platform_type:purchase type:network_platform_source updated_at:1.701830992e+09],10167212,selection,13991889,where-did-you,425416,The Boss,2,5
13991889,3a50531b-9633-4078-930b-ff288f3f726d,2023-02-05 20:48:07,map[app_bundle_id:<nil> app_download_link:<nil> app_link:<nil> app_name:Theater country:AR created_at:1.559112773e+09 display_name:Theater external_id:tvtime-theater-AR external_source_type:<nil> is_cascaded:false logo_color:#777777 logo_name:* logo_url:<nil> logos:map[selected_dark_mode:https://d36rlb2fgh8cjd.cloudfront.net/logos/networks/theater/selected-dark-mode.png selected_light_mode:https://d36rlb2fgh8cjd.cloudfront.net/logos/networks/theater/selected-light-mode.png unselected_dark_mode:https://d36rlb2fgh8cjd.cloudfront.net/logos/networks/theater/unselected-dark-mode.png unselected_light_mode:https://d36rlb2fgh8cjd.cloudfront.net/logos/networks/theater/unselected-light-mode.png] name_slug:theater-2f1147ab-2503-45e7-bb42-15a1446ca897 network_id:2f1147ab-2503-45e7-bb42-15a1446ca897 platform:theater platform_type:theater type:network_platform_source updated_at:1.559112773e+09],0,selection,13991889,where-did-you,e1ae9a89-1954-4c61-a108-20b52b0a97ae,,,
13991889,bed87395-1e58-42da-a30c-b1410bc6bb3f,2022-07-30 01:51:05,map[app_bundle_id:<nil> app_download_link:<nil> app_link:<nil> app_name:Other country:US created_at:1.559112773e+09 display_name:Other external_id:tvtime-other-US external_source_type:<nil> is_cascaded:false logo_color:#777777 logo_name:* logo_url:<nil> logos:map[selected_dark_mode:https://d36rlb2fgh8cjd.cloudfront.net/logos/networks/other/selected-dark-mode.png selected_light_mode:https://d36rlb2fgh8cjd.cloudfront.net/logos/networks/other/selected-light-mode.png unselected_dark_mode:https://d36rlb2fgh8cjd.cloudfront.net/logos/networks/other/unselected-dark-mode.png unselected_light_mode:https://d36rlb2fgh8cjd.cloudfront.net/logos/networks/other/unselected-light-mode.png] name_slug:other-01109d08-7513-4ddd-8990-6799d11004b8 network_id:01109d08-7513-4ddd-8990-6799d11004b8 platform:other platform_type:other type:network_platform_source updated_at:1.559112773e+09],0,selection,13991889,where-did-you,12dc85e6-701e-4c10-8d16-87e0846ebf3d,,,
13991889,897f27db-d190-4357-bb7e-e8fe762518fc,2023-08-14 00:28:01,map[app_bundle_id:com.hbo.hbonow app_download_link:<nil> app_link:https://play.hbomax.com/page/urn:hbo:page:GZKSeog8ed7GYsAEAAA8V:type:feature app_name:HBO Max country:AR created_at:1.691970028e+09 display_name:HBO Max external_id:0293a0c1-9ab0-48e8-9e8f-eb7c59755e99 external_source_type:TVE is_cascaded:false logo_color:#5f1ebe logo_name:H logo_url:<nil> logos:map[selected_dark_mode:https://d36rlb2fgh8cjd.cloudfront.net/logos/networks/hbomax/selected-dark-mode.png selected_light_mode:https://d36rlb2fgh8cjd.cloudfront.net/logos/networks/hbomax/selected-light-mode.png unselected_dark_mode:https://d36rlb2fgh8cjd.cloudfront.net/logos/networks/hbomax/unselected-dark-mode.png unselected_light_mode:https://d36rlb2fgh8cjd.cloudfront.net/logos/networks/hbomax/unselected-light-mode.png] name_slug:hbo-max-0293a0c1-9ab0-48e8-9e8f-eb7c59755e99 network_id:0293a0c1-9ab0-48e8-9e8f-eb7c59755e99 platform:<nil> platform_type:tv_everywhere type:network_platform_source updated_at:1.691970028e+09],0,selection,13991889,where-did-you,986ce017-4a8b-413d-95ae-ab7bff682969,,,
8845872-13991889,7ef102d5-497c-4a81-82d4-4b6f2aac212e,2023-03-03 01:33:23,map[app_bundle_id:com.amazon.avod.thirdpartyclient app_download_link:<nil> app_link:<nil> app_name:Amazon Prime Video country:AR created_at:1.677807203e+09 display_name:Amazon Prime Video external_id:tvtime-amazonprimevideo external_source_type:<nil> is_cascaded:false logo_color:#f79833 logo_name:A logo_url:<nil> logos:map[selected_dark_mode:https://d36rlb2fgh8cjd.cloudfront.net/logos/networks/amazonprimevideo/selected-dark-mode.png selected_light_mode:https://d36rlb2fgh8cjd.cloudfront.net/logos/networks/amazonprimevideo/selected-light-mode.png unselected_dark_mode:https://d36rlb2fgh8cjd.cloudfront.net/logos/networks/amazonprimevideo/unselected-dark-mode.png unselected_light_mode:https://d36rlb2fgh8cjd.cloudfront.net/logos/networks/amazonprimevideo/unselected-light-mode.png] name_slug:amazonprimevideo-05fdfe9e-3184-4fbe-aff5-33b07a836c1e network_id:05fdfe9e-3184-4fbe-aff5-33b07a836c1e platform:other platform_type:other type:network_platform_source updated_at:1.677807203e+09],8845872,selection,13991889,where-did-you,412634,The Consultant (2023),1,1
13991889,0fbc69a2-164f-47a8-81ad-ddaf5a87e8a3,2024-05-25 04:10:11,map[app_bundle_id:com.amazon.avod.thirdpartyclient app_download_link:<nil> app_link:https://www.amazon.com/gp/video/detail/B0CQCFG7V6 app_name:Amazon Prime Video country:US created_at:1.71654297e+09 display_name:Amazon Prime Video external_id:e9df6e8e-f08a-484a-9957-6f8a76950df1 external_source_type:TVOD full_logo_url:<nil> is_cascaded:false logo_color:#00A8E1 logo_name:A logo_url:<nil> logos:map[selected_dark_mode:https://d36rlb2fgh8cjd.cloudfront.net/logos/networks/amazonprimevideo/selected-dark-mode.png selected_light_mode:https://d36rlb2fgh8cjd.cloudfront.net/logos/networks/amazonprimevideo/selected-light-mode.png unselected_dark_mode:https://d36rlb2fgh8cjd.cloudfront.net/logos/networks/amazonprimevideo/unselected-dark-mode.png unselected_light_mode:https://d36rlb2fgh8cjd.cloudfront.net/logos/networks/amazonprimevideo/unselected-light-mode.png] name_slug:amazon-prime-video-e9df6e8e-f08a-484a-9957-6f8a76950df1 network_id:e9df6e8e-f08a-484a-9957-6f8a76950df1 platform:web platform_type:purchase type:network_platform_source updated_at:1.71654297e+09],0,selection,13991889,where-did-you,38588dcf-3073-4d37-ba66-c3dc740621be,,,
7501873-13991889,1793b38f-a4f8-42d4-8c8a-9738eb0911b4,2023-03-28 21:00:17,map[app_bundle_id:<nil> app_download_link:<nil> app_link:https://tv.apple.com/ar/episode/muerte-permanente/umc.cmc.6025meprcydb4dwfmfyiilhqf?showId=umc.cmc.1nfdfd5zlk05fo1bwwetzldy3 app_name:Apple TV+ country:AR created_at:1.680037203e+09 display_name:Apple TV+ external_id:81d9ea47-4e1d-4d29-9248-d5eafca28f85 external_source_type:SVOD is_cascaded:false logo_color:<nil> logo_name:A logo_url:https://d36rlb2fgh8cjd.cloudfront.net/logos/networks/network-apple-logo.png logos:map[selected_dark_mode:https://d36rlb2fgh8cjd.cloudfront.net/logos/networks/appletv/selected-dark-mode.png selected_light_mode:https://d36rlb2fgh8cjd.cloudfront.net/logos/networks/appletv/selected-light-mode.png unselected_dark_mode:https://d36rlb2fgh8cjd.cloudfront.net/logos/networks/appletv/unselected-dark-mode.png unselected_light_mode:https://d36rlb2fgh8cjd.cloudfront.net/logos/networks/appletv/unselected-light-mode.png] name_slug:apple-tv+-81d9ea47-4e1d-4d29-9248-d5eafca28f85 network_id:81d9ea47-4e1d-4d29-9248-d5eafca28f85 platform:<nil> platform_type:purchase type:network_platform_source updated_at:1.680037203e+09],7501873,selection,13991889,where-did-you,362829,Mythic Quest,1,7
11572737-13991889,a42a5e21-aab8-4722-aa72-766e79f007d0,2026-04-18 18:20:10,map[app_bundle_id:<nil> app_download_link:<nil> app_link:<nil> app_name:Prime Video country:US created_at:1.77653641e+09 display_name:Prime Video external_id:tvtime-primevideo external_source_type:<nil> full_logo_url:<nil> is_cascaded:false logo_color:#ff000000 logo_name:P logo_url:<nil> logos:map[selected_dark_mode:https://d36rlb2fgh8cjd.cloudfront.net/logos/networks/primevideo/selected-dark-mode.png selected_light_mode:https://d36rlb2fgh8cjd.cloudfront.net/logos/networks/primevideo/selected-light-mode.png unselected_dark_mode:https://d36rlb2fgh8cjd.cloudfront.net/logos/networks/primevideo/unselected-dark-mode.png unselected_light_mode:https://d36rlb2fgh8cjd.cloudfront.net/logos/networks/primevideo/unselected-light-mode.png] name_slug:primevideo-2b1cca7c-cc18-4332-b74e-82ca77041903 network_id:2b1cca7c-cc18-4332-b74e-82ca77041903 platform:other platform_type:other type:network_platform_source updated_at:1.77653641e+09],11572737,selection,13991889,where-did-you,368207,INVINCIBLE (2021),4,6
7327831-13991889,a06f5eb5-9375-4bc3-a85c-1b7bd67c5653,2020-09-30 04:27:47,map[app_bundle_id:com.netflix.mediaclient app_download_link:<nil> app_link:https://www.netflix.com/watch/80993062 app_name:Netflix country:US created_at:-6.21355968e+10 display_name:Netflix external_id:us.netflix logo_color:#e80000 logo_name:N logo_url:https://d36rlb2fgh8cjd.cloudfront.net/logos/networks/network-netflix-logo.png logos:map[selected_dark_mode:https://d36rlb2fgh8cjd.cloudfront.net/logos/networks/netflix/selected-dark-mode.png selected_light_mode:https://d36rlb2fgh8cjd.cloudfront.net/logos/networks/netflix/selected-light-mode.png unselected_dark_mode:https://d36rlb2fgh8cjd.cloudfront.net/logos/networks/netflix/unselected-dark-mode.png unselected_light_mode:https://d36rlb2fgh8cjd.cloudfront.net/logos/networks/netflix/unselected-light-mode.png] name_slug:netflix-1d33411c-0c2a-46fa-8b6c-8cd0ea6f53ef network_id:1d33411c-0c2a-46fa-8b6c-8cd0ea6f53ef platform:<nil> platform_type:subscription type:network_platform_source updated_at:1.600226337e+09],7327831,selection,13991889,where-did-you,368387,The I-Land,1,3
8153165-13991889,318c2f36-f06f-44e3-905f-f51f09ff0f3d,2023-04-21 23:21:23,map[app_bundle_id:com.amazon.avod.thirdpartyclient app_download_link:<nil> app_link:https://app.primevideo.com/detail?gti=amzn1.dv.gti.9abc0a58-1c1d-e831-7b66-3e4b0f665647 app_name:Amazon Prime Video country:AR created_at:1.68211928e+09 display_name:Amazon Prime Video external_id:6f0be1d1-4db0-48e3-a8ac-7dbd7e023295 external_source_type:SVOD is_cascaded:false logo_color:#00A8E1 logo_name:A logo_url:<nil> logos:map[selected_dark_mode:https://d36rlb2fgh8cjd.cloudfront.net/logos/networks/amazonprimevideo/selected-dark-mode.png selected_light_mode:https://d36rlb2fgh8cjd.cloudfront.net/logos/networks/amazonprimevideo/selected-light-mode.png unselected_dark_mode:https://d36rlb2fgh8cjd.cloudfront.net/logos/networks/amazonprimevideo/unselected-dark-mode.png unselected_light_mode:https://d36rlb2fgh8cjd.cloudfront.net/logos/networks/amazonprimevideo/unselected-light-mode.png] name_slug:amazon-prime-video-6f0be1d1-4db0-48e3-a8ac-7dbd7e023295 network_id:6f0be1d1-4db0-48e3-a8ac-7dbd7e023295 platform:<nil> platform_type:purchase type:network_platform_source updated_at:1.68211928e+09],8153165,selection,13991889,where-did-you,368207,INVINCIBLE (2021),1,7
13991889,bef37b34-220e-47f7-8645-0981323b8ae6,2026-01-27 17:40:50,map[app_bundle_id:com.hbo.hbonow app_download_link:<nil> app_link:https://play.max.com/movie/48674b82-9076-4080-a40c-379efad5eb89 app_name:HBO Max country:US created_at:1.769458885e+09 display_name:HBO Max external_id:97984653-8115-4114-acfe-4c9d4156bfde external_source_type:SVOD full_logo_url:<nil> is_cascaded:false logo_color:#5f1ebe logo_name:H logo_url:<nil> logos:map[selected_dark_mode:https://d36rlb2fgh8cjd.cloudfront.net/logos/networks/hbomax/selected-dark-mode.png selected_light_mode:https://d36rlb2fgh8cjd.cloudfront.net/logos/networks/hbomax/selected-light-mode.png unselected_dark_mode:https://d36rlb2fgh8cjd.cloudfront.net/logos/networks/hbomax/unselected-dark-mode.png unselected_light_mode:https://d36rlb2fgh8cjd.cloudfront.net/logos/networks/hbomax/unselected-light-mode.png] name_slug:hbo-max-97984653-8115-4114-acfe-4c9d4156bfde network_id:97984653-8115-4114-acfe-4c9d4156bfde platform:web platform_type:purchase type:network_platform_source updated_at:1.769458885e+09],0,selection,13991889,where-did-you,5a432bdc-e493-410b-bee8-af93095c6fcf,,,
13991889,c574aad7-8f13-479d-b0d3-b856a51a07f1,2023-06-15 01:44:41,map[app_bundle_id:<nil> app_download_link:<nil> app_link:https://www.disneyplus.com/movies/los-increibles-2/4Le2C4pyeB3J app_name:Disney+ country:AR created_at:1.686793471e+09 display_name:Disney+ external_id:77b1d11f-f3f1-4aa9-b5c0-4a1de1835b90 external_source_type:SVOD is_cascaded:false logo_color:<nil> logo_name:D logo_url:<nil> logos:map[selected_dark_mode:https://d36rlb2fgh8cjd.cloudfront.net/logos/networks/disney/selected-dark-mode.png selected_light_mode:https://d36rlb2fgh8cjd.cloudfront.net/logos/networks/disney/selected-light-mode.png unselected_dark_mode:https://d36rlb2fgh8cjd.cloudfront.net/logos/networks/disney/unselected-dark-mode.png unselected_light_mode:https://d36rlb2fgh8cjd.cloudfront.net/logos/networks/disney/unselected-light-mode.png] name_slug:disney+-77b1d11f-f3f1-4aa9-b5c0-4a1de1835b90 network_id:77b1d11f-f3f1-4aa9-b5c0-4a1de1835b90 platform:<nil> platform_type:purchase type:network_platform_source updated_at:1.686793471e+09],0,selection,13991889,where-did-you,e86ad74f-3e3d-45cf-8c55-c5a5f8938748,,,
9882278-13991889,53d8906e-6e51-400e-9269-71f822ee747a,2023-10-09 05:03:08,map[app_bundle_id:com.netflix.mediaclient app_download_link:<nil> app_link:https://www.netflix.com/watch/81562899 app_name:Netflix country:AR created_at:1.696827785e+09 display_name:Netflix external_id:dc1c9ef7-2d49-49fa-a86b-a78152e3b71b external_source_type:SVOD is_cascaded:false logo_color:#e80000 logo_name:N logo_url:https://d36rlb2fgh8cjd.cloudfront.net/logos/networks/network-netflix-logo.png logos:map[selected_dark_mode:https://d36rlb2fgh8cjd.cloudfront.net/logos/networks/netflix/selected-dark-mode.png selected_light_mode:https://d36rlb2fgh8cjd.cloudfront.net/logos/networks/netflix/selected-light-mode.png unselected_dark_mode:https://d36rlb2fgh8cjd.cloudfront.net/logos/networks/netflix/unselected-dark-mode.png unselected_light_mode:https://d36rlb2fgh8cjd.cloudfront.net/logos/networks/netflix/unselected-light-mode.png] name_slug:netflix-dc1c9ef7-2d49-49fa-a86b-a78152e3b71b network_id:dc1c9ef7-2d49-49fa-a86b-a78152e3b71b platform:<nil> platform_type:purchase type:network_platform_source updated_at:1.696827785e+09],9882278,selection,13991889,where-did-you,356317,Sex Education,4,5
9762475-13991889,ed551c60-39d7-43ee-9252-24adb96113d5,2025-11-02 18:25:29,map[app_bundle_id:<nil> app_download_link:<nil> app_link:https://www.disneyplus.com/browse/entity-05eb6a8e-90ed-4947-8c0b-e6536cbddd5f app_name:Disney+ country:US created_at:1.762089388e+09 display_name:Disney+ external_id:6abf87a8-1e24-4fa3-a96f-6b2012ef0758 external_source_type:SVOD full_logo_url:<nil> is_cascaded:false logo_color:#1C4451 logo_name:D logo_url:https://d36rlb2fgh8cjd.cloudfront.net/logos/networks/disney/wtw_logo.png logos:map[selected_dark_mode:https://d36rlb2fgh8cjd.cloudfront.net/logos/networks/disney/selected-dark-mode.png selected_light_mode:https://d36rlb2fgh8cjd.cloudfront.net/logos/networks/disney/selected-light-mode.png unselected_dark_mode:https://d36rlb2fgh8cjd.cloudfront.net/logos/networks/disney/unselected-dark-mode.png unselected_light_mode:https://d36rlb2fgh8cjd.cloudfront.net/logos/networks/disney/unselected-light-mode.png] name_slug:disney+-6abf87a8-1e24-4fa3-a96f-6b2012ef0758 network_id:6abf87a8-1e24-4fa3-a96f-6b2012ef0758 platform:web platform_type:purchase type:network_platform_source updated_at:1.762089388e+09],9762475,selection,13991889,where-did-you,403294,The Bear,2,6
13991889,0068ed5a-9e38-4964-9971-9ffbd1cd4943,2023-07-30 05:29:25,map[app_bundle_id:<nil> app_download_link:<nil> app_link:https://tv.apple.com/ar/movie/la-fiebre-de-los-peluches-beanie/umc.cmc.4byzgw44377yxyjsl85rhn8vq app_name:Apple TV+ country:AR created_at:1.690694963e+09 display_name:Apple TV+ external_id:81d9ea47-4e1d-4d29-9248-d5eafca28f85 external_source_type:SVOD is_cascaded:false logo_color:<nil> logo_name:A logo_url:https://d36rlb2fgh8cjd.cloudfront.net/logos/networks/network-apple-logo.png logos:map[selected_dark_mode:https://d36rlb2fgh8cjd.cloudfront.net/logos/networks/appletv/selected-dark-mode.png selected_light_mode:https://d36rlb2fgh8cjd.cloudfront.net/logos/networks/appletv/selected-light-mode.png unselected_dark_mode:https://d36rlb2fgh8cjd.cloudfront.net/logos/networks/appletv/unselected-dark-mode.png unselected_light_mode:https://d36rlb2fgh8cjd.cloudfront.net/logos/networks/appletv/unselected-light-mode.png] name_slug:apple-tv+-81d9ea47-4e1d-4d29-9248-d5eafca28f85 network_id:81d9ea47-4e1d-4d29-9248-d5eafca28f85 platform:<nil> platform_type:purchase type:network_platform_source updated_at:1.690694963e+09],0,selection,13991889,where-did-you,362ba83b-37da-45b8-b597-0816b2b02d3c,,,
13991889,161ae22a-994d-4893-9707-96ebb55bbe72,2023-04-23 02:40:35,map[app_bundle_id:com.amazon.avod.thirdpartyclient app_download_link:<nil> app_link:https://app.primevideo.com/detail?gti=amzn1.dv.gti.33cb7f8c-213d-4e1d-bbbf-98e27cb9d9d2 app_name:Amazon Prime Video country:AR created_at:1.682217629e+09 display_name:Amazon Prime Video external_id:6f0be1d1-4db0-48e3-a8ac-7dbd7e023295 external_source_type:SVOD is_cascaded:false logo_color:#00A8E1 logo_name:A logo_url:<nil> logos:map[selected_dark_mode:https://d36rlb2fgh8cjd.cloudfront.net/logos/networks/amazonprimevideo/selected-dark-mode.png selected_light_mode:https://d36rlb2fgh8cjd.cloudfront.net/logos/networks/amazonprimevideo/selected-light-mode.png unselected_dark_mode:https://d36rlb2fgh8cjd.cloudfront.net/logos/networks/amazonprimevideo/unselected-dark-mode.png unselected_light_mode:https://d36rlb2fgh8cjd.cloudfront.net/logos/networks/amazonprimevideo/unselected-light-mode.png] name_slug:amazon-prime-video-6f0be1d1-4db0-48e3-a8ac-7dbd7e023295 network_id:6f0be1d1-4db0-48e3-a8ac-7dbd7e023295 platform:<nil> platform_type:purchase type:network_platform_source updated_at:1.682217629e+09],0,selection,13991889,where-did-you,83efdedf-6e68-4546-a738-372cf0495ddb,,,
13991889,a56ed628-126f-4837-b9c1-47ac01fb9809,2026-04-19 02:51:55,map[app_bundle_id:<nil> app_download_link:<nil> app_link:<nil> app_name:Unofficial country:us created_at:1.559112773e+09 display_name:Unofficial external_id:tvtime-unofficial external_source_type:<nil> full_logo_url:<nil> is_cascaded:false logo_color:#777777 logo_name:* logo_url:<nil> logos:map[selected_dark_mode:https://d36rlb2fgh8cjd.cloudfront.net/logos/networks/unofficial/selected-dark-mode.png selected_light_mode:https://d36rlb2fgh8cjd.cloudfront.net/logos/networks/unofficial/selected-light-mode.png unselected_dark_mode:https://d36rlb2fgh8cjd.cloudfront.net/logos/networks/unofficial/unselected-dark-mode.png unselected_light_mode:https://d36rlb2fgh8cjd.cloudfront.net/logos/networks/unofficial/unselected-light-mode.png] name_slug:unofficial-5dea16e9-fe85-4c85-83a1-b3ba4dc14a30 network_id:5dea16e9-fe85-4c85-83a1-b3ba4dc14a30 platform:unofficial platform_type:unofficial type:network_platform_source updated_at:1.559112773e+09],0,selection,13991889,where-did-you,4144a76e-38a3-4554-8249-46178d60713a,,,
7553216-13991889,ee3778e9-2d07-4f17-bfd4-828a29238aa7,2021-05-22 03:58:27,map[app_bundle_id:<nil> app_download_link:<nil> app_link:<nil> app_name:Unofficial country:us created_at:1.559112773e+09 display_name:Unofficial external_id:tvtime-unofficial logo_color:#777777 logo_name:* logo_url:<nil> logos:map[selected_dark_mode:https://d36rlb2fgh8cjd.cloudfront.net/logos/networks/unofficial/selected-dark-mode.png selected_light_mode:https://d36rlb2fgh8cjd.cloudfront.net/logos/networks/unofficial/selected-light-mode.png unselected_dark_mode:https://d36rlb2fgh8cjd.cloudfront.net/logos/networks/unofficial/unselected-dark-mode.png unselected_light_mode:https://d36rlb2fgh8cjd.cloudfront.net/logos/networks/unofficial/unselected-light-mode.png] name_slug:unofficial-5dea16e9-fe85-4c85-83a1-b3ba4dc14a30 network_id:5dea16e9-fe85-4c85-83a1-b3ba4dc14a30 platform:unofficial platform_type:unofficial type:network_platform_source updated_at:1.559112773e+09],7553216,selection,13991889,where-did-you,305074,My Hero Academia,4,25
13991889,64f934db-cfd6-45e4-adea-66fd275c9ec5,2025-05-27 00:08:01,map[app_bundle_id:<nil> app_download_link:<nil> app_link:<nil> app_name:Theater country:US created_at:1.559112773e+09 display_name:Theater external_id:tvtime-theater-US external_source_type:<nil> full_logo_url:<nil> is_cascaded:false logo_color:#777777 logo_name:* logo_url:<nil> logos:map[selected_dark_mode:https://d36rlb2fgh8cjd.cloudfront.net/logos/networks/theater/selected-dark-mode.png selected_light_mode:https://d36rlb2fgh8cjd.cloudfront.net/logos/networks/theater/selected-light-mode.png unselected_dark_mode:https://d36rlb2fgh8cjd.cloudfront.net/logos/networks/theater/unselected-dark-mode.png unselected_light_mode:https://d36rlb2fgh8cjd.cloudfront.net/logos/networks/theater/unselected-light-mode.png] name_slug:theater-2f1147ab-2503-45e7-bb42-15a1446ca897 network_id:2f1147ab-2503-45e7-bb42-15a1446ca897 platform:theater platform_type:theater type:network_platform_source updated_at:1.559112773e+09],0,selection,13991889,where-did-you,951b225b-6740-40f9-b15d-4b970466b283,,,
9421308-13991889,da4670a2-bb77-4a11-9b2b-66bee0b4e831,2024-07-15 02:03:45,map[app_bundle_id:com.amazon.avod.thirdpartyclient app_download_link:<nil> app_link:https://www.amazon.com/gp/video/detail/B0D339VBZ9 app_name:Amazon Prime Video country:US created_at:1.721000672e+09 display_name:Amazon Prime Video external_id:e9df6e8e-f08a-484a-9957-6f8a76950df1 external_source_type:SVOD full_logo_url:<nil> is_cascaded:false logo_color:#00A8E1 logo_name:A logo_url:<nil> logos:map[selected_dark_mode:https://d36rlb2fgh8cjd.cloudfront.net/logos/networks/amazonprimevideo/selected-dark-mode.png selected_light_mode:https://d36rlb2fgh8cjd.cloudfront.net/logos/networks/amazonprimevideo/selected-light-mode.png unselected_dark_mode:https://d36rlb2fgh8cjd.cloudfront.net/logos/networks/amazonprimevideo/unselected-dark-mode.png unselected_light_mode:https://d36rlb2fgh8cjd.cloudfront.net/logos/networks/amazonprimevideo/unselected-light-mode.png] name_slug:amazon-prime-video-e9df6e8e-f08a-484a-9957-6f8a76950df1 network_id:e9df6e8e-f08a-484a-9957-6f8a76950df1 platform:web platform_type:purchase type:network_platform_source updated_at:1.721000672e+09],9421308,selection,13991889,where-did-you,426452,Sausage Party: Foodtopia,1,1
9841719-13991889,3e9e2d6a-e32d-4847-8dcd-278844027d3c,2023-07-25 23:37:52,map[app_bundle_id:<nil> app_download_link:<nil> app_link:<nil> app_name:Other country:AR created_at:1.559112773e+09 display_name:Other external_id:tvtime-other-AR external_source_type:<nil> is_cascaded:false logo_color:#777777 logo_name:* logo_url:<nil> logos:map[selected_dark_mode:https://d36rlb2fgh8cjd.cloudfront.net/logos/networks/other/selected-dark-mode.png selected_light_mode:https://d36rlb2fgh8cjd.cloudfront.net/logos/networks/other/selected-light-mode.png unselected_dark_mode:https://d36rlb2fgh8cjd.cloudfront.net/logos/networks/other/unselected-dark-mode.png unselected_light_mode:https://d36rlb2fgh8cjd.cloudfront.net/logos/networks/other/unselected-light-mode.png] name_slug:other-01109d08-7513-4ddd-8990-6799d11004b8 network_id:01109d08-7513-4ddd-8990-6799d11004b8 platform:other platform_type:other type:network_platform_source updated_at:1.559112773e+09],9841719,selection,13991889,where-did-you,347734,Super Dragon Ball Heroes,0,0
7458772-13991889,b9d8739b-a655-4e8c-add6-41b55a7d2429,2022-04-30 18:26:37,map[app_bundle_id:com.netflix.mediaclient app_download_link:<nil> app_link:https://www.netflix.com/watch/81232201 app_name:Netflix country:US created_at:1.651341353e+09 display_name:Netflix external_id:018b6a69-a6dc-43a9-b39f-d81ab255c30a external_source_type:SVOD is_cascaded:false logo_color:#e80000 logo_name:N logo_url:https://d36rlb2fgh8cjd.cloudfront.net/logos/networks/network-netflix-logo.png logos:map[selected_dark_mode:https://d36rlb2fgh8cjd.cloudfront.net/logos/networks/netflix/selected-dark-mode.png selected_light_mode:https://d36rlb2fgh8cjd.cloudfront.net/logos/networks/netflix/selected-light-mode.png unselected_dark_mode:https://d36rlb2fgh8cjd.cloudfront.net/logos/networks/netflix/unselected-dark-mode.png unselected_light_mode:https://d36rlb2fgh8cjd.cloudfront.net/logos/networks/netflix/unselected-light-mode.png] name_slug:netflix-018b6a69-a6dc-43a9-b39f-d81ab255c30a network_id:018b6a69-a6dc-43a9-b39f-d81ab255c30a platform:<nil> platform_type:purchase type:network_platform_source updated_at:1.651341353e+09],7458772,selection,13991889,where-did-you,273181,Better Call Saul,5,2
13991889,082c6c9f-f7c5-4749-8fd5-be598cd76072,2022-09-24 03:05:05,map[app_bundle_id:<nil> app_download_link:<nil> app_link:<nil> app_name:Unofficial country:us created_at:1.559112773e+09 display_name:Unofficial external_id:tvtime-unofficial external_source_type:<nil> is_cascaded:false logo_color:#777777 logo_name:* logo_url:<nil> logos:map[selected_dark_mode:https://d36rlb2fgh8cjd.cloudfront.net/logos/networks/unofficial/selected-dark-mode.png selected_light_mode:https://d36rlb2fgh8cjd.cloudfront.net/logos/networks/unofficial/selected-light-mode.png unselected_dark_mode:https://d36rlb2fgh8cjd.cloudfront.net/logos/networks/unofficial/unselected-dark-mode.png unselected_light_mode:https://d36rlb2fgh8cjd.cloudfront.net/logos/networks/unofficial/unselected-light-mode.png] name_slug:unofficial-5dea16e9-fe85-4c85-83a1-b3ba4dc14a30 network_id:5dea16e9-fe85-4c85-83a1-b3ba4dc14a30 platform:unofficial platform_type:unofficial type:network_platform_source updated_at:1.559112773e+09],0,selection,13991889,where-did-you,50c97269-c341-4cce-b7ea-8d6a4b0a4005,,,
13991889,a6c21ef7-43f5-4764-8983-a72041af8cf3,2023-01-22 03:58:17,map[app_bundle_id:<nil> app_download_link:<nil> app_link:<nil> app_name:Unofficial country:us created_at:1.559112773e+09 display_name:Unofficial external_id:tvtime-unofficial external_source_type:<nil> is_cascaded:false logo_color:#777777 logo_name:* logo_url:<nil> logos:map[selected_dark_mode:https://d36rlb2fgh8cjd.cloudfront.net/logos/networks/unofficial/selected-dark-mode.png selected_light_mode:https://d36rlb2fgh8cjd.cloudfront.net/logos/networks/unofficial/selected-light-mode.png unselected_dark_mode:https://d36rlb2fgh8cjd.cloudfront.net/logos/networks/unofficial/unselected-dark-mode.png unselected_light_mode:https://d36rlb2fgh8cjd.cloudfront.net/logos/networks/unofficial/unselected-light-mode.png] name_slug:unofficial-5dea16e9-fe85-4c85-83a1-b3ba4dc14a30 network_id:5dea16e9-fe85-4c85-83a1-b3ba4dc14a30 platform:unofficial platform_type:unofficial type:network_platform_source updated_at:1.559112773e+09],0,selection,13991889,where-did-you,16e91281-6914-47f5-aeb9-ed9633aded3d,,,
13991889,351a7ece-cc42-4b12-b9d7-c9f577eed169,2023-04-06 03:04:44,map[app_bundle_id:<nil> app_download_link:<nil> app_link:https://tv.apple.com/ar/movie/tetris/umc.cmc.4evmgcam356pzgxs2l7a18d7b app_name:Apple TV+ country:AR created_at:1.680747381e+09 display_name:Apple TV+ external_id:81d9ea47-4e1d-4d29-9248-d5eafca28f85 external_source_type:SVOD is_cascaded:false logo_color:<nil> logo_name:A logo_url:https://d36rlb2fgh8cjd.cloudfront.net/logos/networks/network-apple-logo.png logos:map[selected_dark_mode:https://d36rlb2fgh8cjd.cloudfront.net/logos/networks/appletv/selected-dark-mode.png selected_light_mode:https://d36rlb2fgh8cjd.cloudfront.net/logos/networks/appletv/selected-light-mode.png unselected_dark_mode:https://d36rlb2fgh8cjd.cloudfront.net/logos/networks/appletv/unselected-dark-mode.png unselected_light_mode:https://d36rlb2fgh8cjd.cloudfront.net/logos/networks/appletv/unselected-light-mode.png] name_slug:apple-tv+-81d9ea47-4e1d-4d29-9248-d5eafca28f85 network_id:81d9ea47-4e1d-4d29-9248-d5eafca28f85 platform:<nil> platform_type:purchase type:network_platform_source updated_at:1.680747381e+09],0,selection,13991889,where-did-you,1bd5f8f7-e114-49c8-aad3-3d649b86e832,,,
2062411-13991889,c304f8c3-a96f-451f-9cf5-bb82ae03a61b,2021-10-22 00:55:39,map[app_bundle_id:com.netflix.mediaclient app_download_link:<nil> app_link:https://www.netflix.com/watch/70196281 app_name:Netflix country:AR created_at:1.634864135e+09 display_name:Netflix external_id:ar.netflix external_source_type:SVOD is_cascaded:false logo_color:#e80000 logo_name:N logo_url:https://d36rlb2fgh8cjd.cloudfront.net/logos/networks/network-netflix-logo.png logos:map[selected_dark_mode:https://d36rlb2fgh8cjd.cloudfront.net/logos/networks/netflix/selected-dark-mode.png selected_light_mode:https://d36rlb2fgh8cjd.cloudfront.net/logos/networks/netflix/selected-light-mode.png unselected_dark_mode:https://d36rlb2fgh8cjd.cloudfront.net/logos/networks/netflix/unselected-dark-mode.png unselected_light_mode:https://d36rlb2fgh8cjd.cloudfront.net/logos/networks/netflix/unselected-light-mode.png] name_slug:netflix-bd8d92ed-4d31-4630-b6b8-1e7254aa5cfc network_id:bd8d92ed-4d31-4630-b6b8-1e7254aa5cfc platform:<nil> platform_type:purchase type:network_platform_source updated_at:1.634864135e+09],2062411,selection,13991889,where-did-you,81189,Breaking Bad,3,10
13991889,7022bde9-fd52-469c-98f6-accdad28f257,2024-11-21 03:45:52,map[app_bundle_id:<nil> app_download_link:<nil> app_link:<nil> app_name:Theater country:AR created_at:1.559112773e+09 display_name:Theater external_id:tvtime-theater-AR external_source_type:<nil> full_logo_url:<nil> is_cascaded:false logo_color:#777777 logo_name:* logo_url:<nil> logos:map[selected_dark_mode:https://d36rlb2fgh8cjd.cloudfront.net/logos/networks/theater/selected-dark-mode.png selected_light_mode:https://d36rlb2fgh8cjd.cloudfront.net/logos/networks/theater/selected-light-mode.png unselected_dark_mode:https://d36rlb2fgh8cjd.cloudfront.net/logos/networks/theater/unselected-dark-mode.png unselected_light_mode:https://d36rlb2fgh8cjd.cloudfront.net/logos/networks/theater/unselected-light-mode.png] name_slug:theater-2f1147ab-2503-45e7-bb42-15a1446ca897 network_id:2f1147ab-2503-45e7-bb42-15a1446ca897 platform:theater platform_type:theater type:network_platform_source updated_at:1.559112773e+09],0,selection,13991889,where-did-you,58e24522-bc2d-43a5-bc4c-142388b82e95,,,
13991889,4ee62861-633f-4e6a-a33c-030c49e06fd4,2022-07-16 03:31:50,map[app_bundle_id:<nil> app_download_link:<nil> app_link:<nil> app_name:Other country:US created_at:1.559112773e+09 display_name:Other external_id:tvtime-other-US external_source_type:<nil> is_cascaded:false logo_color:#777777 logo_name:* logo_url:<nil> logos:map[selected_dark_mode:https://d36rlb2fgh8cjd.cloudfront.net/logos/networks/other/selected-dark-mode.png selected_light_mode:https://d36rlb2fgh8cjd.cloudfront.net/logos/networks/other/selected-light-mode.png unselected_dark_mode:https://d36rlb2fgh8cjd.cloudfront.net/logos/networks/other/unselected-dark-mode.png unselected_light_mode:https://d36rlb2fgh8cjd.cloudfront.net/logos/networks/other/unselected-light-mode.png] name_slug:other-01109d08-7513-4ddd-8990-6799d11004b8 network_id:01109d08-7513-4ddd-8990-6799d11004b8 platform:other platform_type:other type:network_platform_source updated_at:1.559112773e+09],0,selection,13991889,where-did-you,25b44cdb-2be6-4b08-8d81-5f6588b768ef,,,
13991889,a1bafa67-fc33-4063-93ef-6821e6b9be77,2023-08-28 23:03:14,map[app_bundle_id:<nil> app_download_link:<nil> app_link:<nil> app_name:Other country:AR created_at:1.559112773e+09 display_name:Other external_id:tvtime-other-AR external_source_type:<nil> is_cascaded:false logo_color:#777777 logo_name:* logo_url:<nil> logos:map[selected_dark_mode:https://d36rlb2fgh8cjd.cloudfront.net/logos/networks/other/selected-dark-mode.png selected_light_mode:https://d36rlb2fgh8cjd.cloudfront.net/logos/networks/other/selected-light-mode.png unselected_dark_mode:https://d36rlb2fgh8cjd.cloudfront.net/logos/networks/other/unselected-dark-mode.png unselected_light_mode:https://d36rlb2fgh8cjd.cloudfront.net/logos/networks/other/unselected-light-mode.png] name_slug:other-01109d08-7513-4ddd-8990-6799d11004b8 network_id:01109d08-7513-4ddd-8990-6799d11004b8 platform:other platform_type:other type:network_platform_source updated_at:1.559112773e+09],0,selection,13991889,where-did-you,94d3fa95-f83d-42ad-ba65-06bfa022feb0,,,
13991889,6b2b7f77-c255-4743-ac14-385ca950a56e,2020-10-17 04:28:52,map[app_bundle_id:<nil> app_download_link:<nil> app_link:<nil> app_name:Other country:US created_at:1.559112773e+09 display_name:Other external_id:tvtime-other-US logo_color:#777777 logo_name:* logo_url:<nil> logos:map[selected_dark_mode:https://d36rlb2fgh8cjd.cloudfront.net/logos/networks/other/selected-dark-mode.png selected_light_mode:https://d36rlb2fgh8cjd.cloudfront.net/logos/networks/other/selected-light-mode.png unselected_dark_mode:https://d36rlb2fgh8cjd.cloudfront.net/logos/networks/other/unselected-dark-mode.png unselected_light_mode:https://d36rlb2fgh8cjd.cloudfront.net/logos/networks/other/unselected-light-mode.png] name_slug:other-01109d08-7513-4ddd-8990-6799d11004b8 network_id:01109d08-7513-4ddd-8990-6799d11004b8 platform:other platform_type:other type:network_platform_source updated_at:1.559112773e+09],0,selection,13991889,where-did-you,e3ae9a97-fdf0-44cf-b941-5b7a441fb23b,,,
10167213-13991889,4ec8d699-8cdf-4477-94a9-9e882efa5594,2023-12-06 03:09:25,map[app_bundle_id:<nil> app_download_link:<nil> app_link:https://www.starplus.com/es-419/video/811d4cce-cbaa-43c5-a97d-e491c783173e app_name:Star+ country:AR created_at:1.701829787e+09 display_name:Star+ external_id:2659d246-e31b-4981-ba8a-1721c84040fa external_source_type:SVOD is_cascaded:false logo_color:<nil> logo_name:S logo_url:<nil> logos:map[selected_dark_mode:https://d36rlb2fgh8cjd.cloudfront.net/logos/networks/star/selected-dark-mode.png selected_light_mode:https://d36rlb2fgh8cjd.cloudfront.net/logos/networks/star/selected-light-mode.png unselected_dark_mode:https://d36rlb2fgh8cjd.cloudfront.net/logos/networks/star/unselected-dark-mode.png unselected_light_mode:https://d36rlb2fgh8cjd.cloudfront.net/logos/networks/star/unselected-light-mode.png] name_slug:star+-2659d246-e31b-4981-ba8a-1721c84040fa network_id:2659d246-e31b-4981-ba8a-1721c84040fa platform:<nil> platform_type:purchase type:network_platform_source updated_at:1.701829787e+09],10167213,selection,13991889,where-did-you,425416,The Boss,2,6
13991889,b0ae1725-ef7c-47c3-a7e1-78696cf2ec1f,2024-06-29 02:42:20,map[app_bundle_id:<nil> app_download_link:<nil> app_link:<nil> app_name:Other country:US created_at:1.71962894e+09 display_name:Other external_id:tvtime-other-US external_source_type:<nil> full_logo_url:<nil> is_cascaded:false logo_color:#ff777777 logo_name:* logo_url:<nil> logos:map[selected_dark_mode:https://d36rlb2fgh8cjd.cloudfront.net/logos/networks/other/selected-dark-mode.png selected_light_mode:https://d36rlb2fgh8cjd.cloudfront.net/logos/networks/other/selected-light-mode.png unselected_dark_mode:https://d36rlb2fgh8cjd.cloudfront.net/logos/networks/other/unselected-dark-mode.png unselected_light_mode:https://d36rlb2fgh8cjd.cloudfront.net/logos/networks/other/unselected-light-mode.png] name_slug:other-01109d08-7513-4ddd-8990-6799d11004b8 network_id:01109d08-7513-4ddd-8990-6799d11004b8 platform:other platform_type:other type:network_platform_source updated_at:1.71962894e+09],0,selection,13991889,where-did-you,4fd35bdd-64d9-495a-96d8-2833fb5a8a1a,,,
9226297-13991889,4de93234-75f6-45f2-8e6a-fd60ecffc660,2024-03-08 19:02:04,map[app_bundle_id:<nil> app_download_link:<nil> app_link:<nil> app_name:Other country:AR created_at:1.559112773e+09 display_name:Other external_id:tvtime-other-AR external_source_type:<nil> is_cascaded:false logo_color:#777777 logo_name:* logo_url:<nil> logos:map[selected_dark_mode:https://d36rlb2fgh8cjd.cloudfront.net/logos/networks/other/selected-dark-mode.png selected_light_mode:https://d36rlb2fgh8cjd.cloudfront.net/logos/networks/other/selected-light-mode.png unselected_dark_mode:https://d36rlb2fgh8cjd.cloudfront.net/logos/networks/other/unselected-dark-mode.png unselected_light_mode:https://d36rlb2fgh8cjd.cloudfront.net/logos/networks/other/unselected-light-mode.png] name_slug:other-01109d08-7513-4ddd-8990-6799d11004b8 network_id:01109d08-7513-4ddd-8990-6799d11004b8 platform:other platform_type:other type:network_platform_source updated_at:1.559112773e+09],9226297,selection,13991889,where-did-you,404604,ted,1,1
13991889,1ae176fe-3a07-49c0-bd67-6738dee0f1da,2024-06-25 03:36:06,map[app_bundle_id:<nil> app_download_link:<nil> app_link:<nil> app_name:Theater country:US created_at:1.559112773e+09 display_name:Theater external_id:tvtime-theater-US external_source_type:<nil> full_logo_url:<nil> is_cascaded:false logo_color:#777777 logo_name:* logo_url:<nil> logos:map[selected_dark_mode:https://d36rlb2fgh8cjd.cloudfront.net/logos/networks/theater/selected-dark-mode.png selected_light_mode:https://d36rlb2fgh8cjd.cloudfront.net/logos/networks/theater/selected-light-mode.png unselected_dark_mode:https://d36rlb2fgh8cjd.cloudfront.net/logos/networks/theater/unselected-dark-mode.png unselected_light_mode:https://d36rlb2fgh8cjd.cloudfront.net/logos/networks/theater/unselected-light-mode.png] name_slug:theater-2f1147ab-2503-45e7-bb42-15a1446ca897 network_id:2f1147ab-2503-45e7-bb42-15a1446ca897 platform:theater platform_type:theater type:network_platform_source updated_at:1.559112773e+09],0,selection,13991889,where-did-you,bb52ce42-a7e5-482c-8127-8a53283965ac,,,
6757078-13991889,0b012693-47e6-48a9-ad53-a4342e370d9b,2022-04-30 18:27:24,map[app_bundle_id:com.netflix.mediaclient app_download_link:<nil> app_link:https://www.netflix.com/watch/80235112 app_name:Netflix country:US created_at:1.651341323e+09 display_name:Netflix external_id:018b6a69-a6dc-43a9-b39f-d81ab255c30a external_source_type:SVOD is_cascaded:false logo_color:#e80000 logo_name:N logo_url:https://d36rlb2fgh8cjd.cloudfront.net/logos/networks/network-netflix-logo.png logos:map[selected_dark_mode:https://d36rlb2fgh8cjd.cloudfront.net/logos/networks/netflix/selected-dark-mode.png selected_light_mode:https://d36rlb2fgh8cjd.cloudfront.net/logos/networks/netflix/selected-light-mode.png unselected_dark_mode:https://d36rlb2fgh8cjd.cloudfront.net/logos/networks/netflix/unselected-dark-mode.png unselected_light_mode:https://d36rlb2fgh8cjd.cloudfront.net/logos/networks/netflix/unselected-light-mode.png] name_slug:netflix-018b6a69-a6dc-43a9-b39f-d81ab255c30a network_id:018b6a69-a6dc-43a9-b39f-d81ab255c30a platform:<nil> platform_type:purchase type:network_platform_source updated_at:1.651341323e+09],6757078,selection,13991889,where-did-you,273181,Better Call Saul,4,4
9027007-13991889,f5643887-0cc1-4e35-90e3-ba1d0406d9cc,2024-04-19 02:57:06,map[app_bundle_id:<nil> app_download_link:<nil> app_link:<nil> app_name:Prime Video country:US created_at:1.713495426e+09 display_name:Prime Video external_id:tvtime-primevideo external_source_type:<nil> is_cascaded:false logo_color:#000000 logo_name:P logo_url:<nil> logos:map[selected_dark_mode:https://d36rlb2fgh8cjd.cloudfront.net/logos/networks/primevideo/selected-dark-mode.png selected_light_mode:https://d36rlb2fgh8cjd.cloudfront.net/logos/networks/primevideo/selected-light-mode.png unselected_dark_mode:https://d36rlb2fgh8cjd.cloudfront.net/logos/networks/primevideo/unselected-dark-mode.png unselected_light_mode:https://d36rlb2fgh8cjd.cloudfront.net/logos/networks/primevideo/unselected-light-mode.png] name_slug:primevideo-2b1cca7c-cc18-4332-b74e-82ca77041903 network_id:2b1cca7c-cc18-4332-b74e-82ca77041903 platform:other platform_type:other type:network_platform_source updated_at:1.713495426e+09],9027007,selection,13991889,where-did-you,416744,Fallout,1,1
13991889,e204026a-b8f6-46a1-8735-14471b810aa7,2020-11-22 03:17:45,map[app_bundle_id:<nil> app_download_link:<nil> app_link:<nil> app_name:Unofficial country:us created_at:1.559112773e+09 display_name:Unofficial external_id:tvtime-unofficial logo_color:#777777 logo_name:* logo_url:<nil> logos:map[selected_dark_mode:https://d36rlb2fgh8cjd.cloudfront.net/logos/networks/unofficial/selected-dark-mode.png selected_light_mode:https://d36rlb2fgh8cjd.cloudfront.net/logos/networks/unofficial/selected-light-mode.png unselected_dark_mode:https://d36rlb2fgh8cjd.cloudfront.net/logos/networks/unofficial/unselected-dark-mode.png unselected_light_mode:https://d36rlb2fgh8cjd.cloudfront.net/logos/networks/unofficial/unselected-light-mode.png] name_slug:unofficial-5dea16e9-fe85-4c85-83a1-b3ba4dc14a30 network_id:5dea16e9-fe85-4c85-83a1-b3ba4dc14a30 platform:unofficial platform_type:unofficial type:network_platform_source updated_at:1.559112773e+09],0,selection,13991889,where-did-you,1f49fe0f-f7c4-44b3-945a-f6d2eee30892,,,
13991889,76baf3f2-e254-41a5-ade1-9f551d599777,2022-07-11 16:50:49,map[app_bundle_id:<nil> app_download_link:<nil> app_link:<nil> app_name:Other country:US created_at:1.559112773e+09 display_name:Other external_id:tvtime-other-US external_source_type:<nil> is_cascaded:false logo_color:#777777 logo_name:* logo_url:<nil> logos:map[selected_dark_mode:https://d36rlb2fgh8cjd.cloudfront.net/logos/networks/other/selected-dark-mode.png selected_light_mode:https://d36rlb2fgh8cjd.cloudfront.net/logos/networks/other/selected-light-mode.png unselected_dark_mode:https://d36rlb2fgh8cjd.cloudfront.net/logos/networks/other/unselected-dark-mode.png unselected_light_mode:https://d36rlb2fgh8cjd.cloudfront.net/logos/networks/other/unselected-light-mode.png] name_slug:other-01109d08-7513-4ddd-8990-6799d11004b8 network_id:01109d08-7513-4ddd-8990-6799d11004b8 platform:other platform_type:other type:network_platform_source updated_at:1.559112773e+09],0,selection,13991889,where-did-you,f4a7a928-12f7-4488-aac5-55ad59a8de1b,,,
6125438-13991889,465e2172-2bf7-4401-9020-c92bc60eada1,2021-10-09 17:41:33,map[app_bundle_id:<nil> app_download_link:<nil> app_link:<nil> app_name:Unofficial country:us created_at:1.559112773e+09 display_name:Unofficial external_id:tvtime-unofficial external_source_type:<nil> is_cascaded:false logo_color:#777777 logo_name:* logo_url:<nil> logos:map[selected_dark_mode:https://d36rlb2fgh8cjd.cloudfront.net/logos/networks/unofficial/selected-dark-mode.png selected_light_mode:https://d36rlb2fgh8cjd.cloudfront.net/logos/networks/unofficial/selected-light-mode.png unselected_dark_mode:https://d36rlb2fgh8cjd.cloudfront.net/logos/networks/unofficial/unselected-dark-mode.png unselected_light_mode:https://d36rlb2fgh8cjd.cloudfront.net/logos/networks/unofficial/unselected-light-mode.png] name_slug:unofficial-5dea16e9-fe85-4c85-83a1-b3ba4dc14a30 network_id:5dea16e9-fe85-4c85-83a1-b3ba4dc14a30 platform:unofficial platform_type:unofficial type:network_platform_source updated_at:1.559112773e+09],6125438,selection,13991889,where-did-you,329822,Classroom of the Elite,1,1
13991889,0e44a9c0-5732-4fa5-93ef-0412b47d6461,2022-03-14 03:44:33,map[app_bundle_id:<nil> app_download_link:<nil> app_link:<nil> app_name:Theater country:US created_at:1.559112773e+09 display_name:Theater external_id:tvtime-theater-US external_source_type:<nil> is_cascaded:false logo_color:#777777 logo_name:* logo_url:<nil> logos:map[selected_dark_mode:https://d36rlb2fgh8cjd.cloudfront.net/logos/networks/theater/selected-dark-mode.png selected_light_mode:https://d36rlb2fgh8cjd.cloudfront.net/logos/networks/theater/selected-light-mode.png unselected_dark_mode:https://d36rlb2fgh8cjd.cloudfront.net/logos/networks/theater/unselected-dark-mode.png unselected_light_mode:https://d36rlb2fgh8cjd.cloudfront.net/logos/networks/theater/unselected-light-mode.png] name_slug:theater-2f1147ab-2503-45e7-bb42-15a1446ca897 network_id:2f1147ab-2503-45e7-bb42-15a1446ca897 platform:theater platform_type:theater type:network_platform_source updated_at:1.559112773e+09],0,selection,13991889,where-did-you,7b224c12-ebc5-431c-8ed8-72d234d9d0ad,,,
13991889,bdd08abb-5eb7-4e5b-8568-23fcea2c1ac1,2023-12-03 23:52:21,map[app_bundle_id:com.netflix.mediaclient app_download_link:<nil> app_link:https://www.netflix.com/ar/title/60032294 app_name:Netflix country:AR created_at:1.701647535e+09 display_name:Netflix external_id:dc1c9ef7-2d49-49fa-a86b-a78152e3b71b external_source_type:SVOD is_cascaded:false logo_color:#e80000 logo_name:N logo_url:https://d36rlb2fgh8cjd.cloudfront.net/logos/networks/network-netflix-logo.png logos:map[selected_dark_mode:https://d36rlb2fgh8cjd.cloudfront.net/logos/networks/netflix/selected-dark-mode.png selected_light_mode:https://d36rlb2fgh8cjd.cloudfront.net/logos/networks/netflix/selected-light-mode.png unselected_dark_mode:https://d36rlb2fgh8cjd.cloudfront.net/logos/networks/netflix/unselected-dark-mode.png unselected_light_mode:https://d36rlb2fgh8cjd.cloudfront.net/logos/networks/netflix/unselected-light-mode.png] name_slug:netflix-dc1c9ef7-2d49-49fa-a86b-a78152e3b71b network_id:dc1c9ef7-2d49-49fa-a86b-a78152e3b71b platform:<nil> platform_type:purchase type:network_platform_source updated_at:1.701647535e+09],0,selection,13991889,where-did-you,fe58d6ce-6230-4486-8986-811ce0fe4c9e,,,
6465435-13991889,cf1cfa66-ff44-431f-b31b-39afa91004db,2023-04-20 20:52:51,map[app_bundle_id:com.crunchyroll.crunchyroid app_download_link:<nil> app_link:https://beta.crunchyroll.com/watch/GVWU0ZGPD/smoke-signal app_name:Crunchyroll country:AR created_at:1.682023969e+09 display_name:Crunchyroll external_id:910b5ad1-dfc7-46ed-a28a-861754e6a8b5 external_source_type:SVOD is_cascaded:false logo_color:f66b11 logo_name:C logo_url:<nil> logos:map[selected_dark_mode:https://d36rlb2fgh8cjd.cloudfront.net/logos/networks/crunchyroll/selected-dark-mode.png selected_light_mode:https://d36rlb2fgh8cjd.cloudfront.net/logos/networks/crunchyroll/selected-light-mode.png unselected_dark_mode:https://d36rlb2fgh8cjd.cloudfront.net/logos/networks/crunchyroll/unselected-dark-mode.png unselected_light_mode:https://d36rlb2fgh8cjd.cloudfront.net/logos/networks/crunchyroll/unselected-light-mode.png] name_slug:crunchyroll-910b5ad1-dfc7-46ed-a28a-861754e6a8b5 network_id:910b5ad1-dfc7-46ed-a28a-861754e6a8b5 platform:<nil> platform_type:purchase type:network_platform_source updated_at:1.682023969e+09],6465435,selection,13991889,where-did-you,267440,Attack on Titan,3,1
13991889,65c5d653-63bb-4f0e-93e3-4afd2b6055ff,2024-02-29 14:41:50,map[app_bundle_id:<nil> app_download_link:<nil> app_link:<nil> app_name:Theater country:AR created_at:1.559112773e+09 display_name:Theater external_id:tvtime-theater-AR external_source_type:<nil> is_cascaded:false logo_color:#777777 logo_name:* logo_url:<nil> logos:map[selected_dark_mode:https://d36rlb2fgh8cjd.cloudfront.net/logos/networks/theater/selected-dark-mode.png selected_light_mode:https://d36rlb2fgh8cjd.cloudfront.net/logos/networks/theater/selected-light-mode.png unselected_dark_mode:https://d36rlb2fgh8cjd.cloudfront.net/logos/networks/theater/unselected-dark-mode.png unselected_light_mode:https://d36rlb2fgh8cjd.cloudfront.net/logos/networks/theater/unselected-light-mode.png] name_slug:theater-2f1147ab-2503-45e7-bb42-15a1446ca897 network_id:2f1147ab-2503-45e7-bb42-15a1446ca897 platform:theater platform_type:theater type:network_platform_source updated_at:1.559112773e+09],0,selection,13991889,where-did-you,634906a0-7ab0-4848-9ff5-cce9d03b0d84,,,
7407215-13991889,9c25361d-3bdb-435f-9d18-b5d3c9a87a07,2024-06-21 16:12:54,map[app_bundle_id:com.netflix.mediaclient app_download_link:<nil> app_link:https://www.netflix.com/watch/81446667 app_name:Netflix country:US created_at:1.718986373e+09 display_name:Netflix external_id:018b6a69-a6dc-43a9-b39f-d81ab255c30a external_source_type:SVOD full_logo_url:<nil> is_cascaded:false logo_color:#e80000 logo_name:N logo_url:https://d36rlb2fgh8cjd.cloudfront.net/logos/networks/network-netflix-logo.png logos:map[selected_dark_mode:https://d36rlb2fgh8cjd.cloudfront.net/logos/networks/netflix/selected-dark-mode.png selected_light_mode:https://d36rlb2fgh8cjd.cloudfront.net/logos/networks/netflix/selected-light-mode.png unselected_dark_mode:https://d36rlb2fgh8cjd.cloudfront.net/logos/networks/netflix/unselected-dark-mode.png unselected_light_mode:https://d36rlb2fgh8cjd.cloudfront.net/logos/networks/netflix/unselected-light-mode.png] name_slug:netflix-018b6a69-a6dc-43a9-b39f-d81ab255c30a network_id:018b6a69-a6dc-43a9-b39f-d81ab255c30a platform:web platform_type:purchase type:network_platform_source updated_at:1.718986373e+09],7407215,selection,13991889,where-did-you,371028,Arcane,1,1
8996835-13991889,049eac65-97f3-4c12-af1b-c7c9c6af4756,2022-05-24 19:06:42,map[app_bundle_id:<nil> app_download_link:<nil> app_link:<nil> app_name:Other country:US created_at:1.559112773e+09 display_name:Other external_id:tvtime-other-US external_source_type:<nil> is_cascaded:false logo_color:#777777 logo_name:* logo_url:<nil> logos:map[selected_dark_mode:https://d36rlb2fgh8cjd.cloudfront.net/logos/networks/other/selected-dark-mode.png selected_light_mode:https://d36rlb2fgh8cjd.cloudfront.net/logos/networks/other/selected-light-mode.png unselected_dark_mode:https://d36rlb2fgh8cjd.cloudfront.net/logos/networks/other/unselected-dark-mode.png unselected_light_mode:https://d36rlb2fgh8cjd.cloudfront.net/logos/networks/other/unselected-light-mode.png] name_slug:other-01109d08-7513-4ddd-8990-6799d11004b8 network_id:01109d08-7513-4ddd-8990-6799d11004b8 platform:other platform_type:other type:network_platform_source updated_at:1.559112773e+09],8996835,selection,13991889,where-did-you,273181,Better Call Saul,6,7
8890210-13991889,f8c2a2a7-f777-43aa-b903-9bf748c30640,2022-05-16 04:16:12,map[app_bundle_id:<nil> app_download_link:<nil> app_link:<nil> app_name:Unofficial country:us created_at:1.559112773e+09 display_name:Unofficial external_id:tvtime-unofficial external_source_type:<nil> is_cascaded:false logo_color:#777777 logo_name:* logo_url:<nil> logos:map[selected_dark_mode:https://d36rlb2fgh8cjd.cloudfront.net/logos/networks/unofficial/selected-dark-mode.png selected_light_mode:https://d36rlb2fgh8cjd.cloudfront.net/logos/networks/unofficial/selected-light-mode.png unselected_dark_mode:https://d36rlb2fgh8cjd.cloudfront.net/logos/networks/unofficial/unselected-dark-mode.png unselected_light_mode:https://d36rlb2fgh8cjd.cloudfront.net/logos/networks/unofficial/unselected-light-mode.png] name_slug:unofficial-5dea16e9-fe85-4c85-83a1-b3ba4dc14a30 network_id:5dea16e9-fe85-4c85-83a1-b3ba4dc14a30 platform:unofficial platform_type:unofficial type:network_platform_source updated_at:1.559112773e+09],8890210,selection,13991889,where-did-you,366524,Halo,1,2
13991889,1c45f4c6-ca6b-43fe-a171-0ff005f77476,2024-05-03 22:49:27,map[app_bundle_id:com.amazon.avod.thirdpartyclient app_download_link:<nil> app_link:https://www.amazon.com/gp/video/detail/B00BWYH5D8 app_name:Amazon Prime Video country:US created_at:1.7146881e+09 display_name:Amazon Prime Video external_id:e9df6e8e-f08a-484a-9957-6f8a76950df1 external_source_type:TVOD is_cascaded:false logo_color:#00A8E1 logo_name:A logo_url:<nil> logos:map[selected_dark_mode:https://d36rlb2fgh8cjd.cloudfront.net/logos/networks/amazonprimevideo/selected-dark-mode.png selected_light_mode:https://d36rlb2fgh8cjd.cloudfront.net/logos/networks/amazonprimevideo/selected-light-mode.png unselected_dark_mode:https://d36rlb2fgh8cjd.cloudfront.net/logos/networks/amazonprimevideo/unselected-dark-mode.png unselected_light_mode:https://d36rlb2fgh8cjd.cloudfront.net/logos/networks/amazonprimevideo/unselected-light-mode.png] name_slug:amazon-prime-video-e9df6e8e-f08a-484a-9957-6f8a76950df1 network_id:e9df6e8e-f08a-484a-9957-6f8a76950df1 platform:web platform_type:purchase type:network_platform_source updated_at:1.7146881e+09],0,selection,13991889,where-did-you,f8f0f59e-31c1-44d7-8ed0-99aaebe6c519,,,
7501870-13991889,27e58b27-f238-4487-9199-e8a18b7aa881,2023-03-28 21:00:12,map[app_bundle_id:<nil> app_download_link:<nil> app_link:https://tv.apple.com/ar/episode/la-convencion/umc.cmc.5o9ztjt5vcjnjm586knbs2gov?showId=umc.cmc.1nfdfd5zlk05fo1bwwetzldy3 app_name:Apple TV+ country:AR created_at:1.680037203e+09 display_name:Apple TV+ external_id:81d9ea47-4e1d-4d29-9248-d5eafca28f85 external_source_type:SVOD is_cascaded:false logo_color:<nil> logo_name:A logo_url:https://d36rlb2fgh8cjd.cloudfront.net/logos/networks/network-apple-logo.png logos:map[selected_dark_mode:https://d36rlb2fgh8cjd.cloudfront.net/logos/networks/appletv/selected-dark-mode.png selected_light_mode:https://d36rlb2fgh8cjd.cloudfront.net/logos/networks/appletv/selected-light-mode.png unselected_dark_mode:https://d36rlb2fgh8cjd.cloudfront.net/logos/networks/appletv/unselected-dark-mode.png unselected_light_mode:https://d36rlb2fgh8cjd.cloudfront.net/logos/networks/appletv/unselected-light-mode.png] name_slug:apple-tv+-81d9ea47-4e1d-4d29-9248-d5eafca28f85 network_id:81d9ea47-4e1d-4d29-9248-d5eafca28f85 platform:<nil> platform_type:purchase type:network_platform_source updated_at:1.680037203e+09],7501870,selection,13991889,where-did-you,362829,Mythic Quest,1,4
13991889,f928ff9b-4d2c-4139-b88d-80f92c477eba,2023-12-31 03:27:17,map[app_bundle_id:com.netflix.mediaclient app_download_link:<nil> app_link:https://www.netflix.com/us/title/80048561 app_name:Netflix country:US created_at:1.703993233e+09 display_name:Netflix external_id:018b6a69-a6dc-43a9-b39f-d81ab255c30a external_source_type:SVOD is_cascaded:false logo_color:#e80000 logo_name:N logo_url:https://d36rlb2fgh8cjd.cloudfront.net/logos/networks/network-netflix-logo.png logos:map[selected_dark_mode:https://d36rlb2fgh8cjd.cloudfront.net/logos/networks/netflix/selected-dark-mode.png selected_light_mode:https://d36rlb2fgh8cjd.cloudfront.net/logos/networks/netflix/selected-light-mode.png unselected_dark_mode:https://d36rlb2fgh8cjd.cloudfront.net/logos/networks/netflix/unselected-dark-mode.png unselected_light_mode:https://d36rlb2fgh8cjd.cloudfront.net/logos/networks/netflix/unselected-light-mode.png] name_slug:netflix-018b6a69-a6dc-43a9-b39f-d81ab255c30a network_id:018b6a69-a6dc-43a9-b39f-d81ab255c30a platform:web platform_type:purchase type:network_platform_source updated_at:1.703993233e+09],0,selection,13991889,where-did-you,e94820f5-4304-46d2-9470-3488ea9d4ad2,,,
13991889,e24f0d35-0a8b-49f9-8c28-a0829f957a0f,2023-07-06 02:07:54,map[app_bundle_id:<nil> app_download_link:<nil> app_link:<nil> app_name:Theater country:AR created_at:1.559112773e+09 display_name:Theater external_id:tvtime-theater-AR external_source_type:<nil> is_cascaded:false logo_color:#777777 logo_name:* logo_url:<nil> logos:map[selected_dark_mode:https://d36rlb2fgh8cjd.cloudfront.net/logos/networks/theater/selected-dark-mode.png selected_light_mode:https://d36rlb2fgh8cjd.cloudfront.net/logos/networks/theater/selected-light-mode.png unselected_dark_mode:https://d36rlb2fgh8cjd.cloudfront.net/logos/networks/theater/unselected-dark-mode.png unselected_light_mode:https://d36rlb2fgh8cjd.cloudfront.net/logos/networks/theater/unselected-light-mode.png] name_slug:theater-2f1147ab-2503-45e7-bb42-15a1446ca897 network_id:2f1147ab-2503-45e7-bb42-15a1446ca897 platform:theater platform_type:theater type:network_platform_source updated_at:1.559112773e+09],0,selection,13991889,where-did-you,c914d8fe-81cb-4f09-bd7d-85d11cb1194f,,,
9105261-13991889,8fef601e-af66-4ab0-b733-f7434592514c,2025-12-21 01:53:38,map[app_bundle_id:com.hbo.hbonow app_download_link:<nil> app_link:https://play.max.com/video/watch/79812058-b270-444d-983d-2a5391484864 app_name:HBO Max country:US created_at:1.766281094e+09 display_name:HBO Max external_id:97984653-8115-4114-acfe-4c9d4156bfde external_source_type:SVOD full_logo_url:<nil> is_cascaded:false logo_color:#5f1ebe logo_name:H logo_url:<nil> logos:map[selected_dark_mode:https://d36rlb2fgh8cjd.cloudfront.net/logos/networks/hbomax/selected-dark-mode.png selected_light_mode:https://d36rlb2fgh8cjd.cloudfront.net/logos/networks/hbomax/selected-light-mode.png unselected_dark_mode:https://d36rlb2fgh8cjd.cloudfront.net/logos/networks/hbomax/unselected-dark-mode.png unselected_light_mode:https://d36rlb2fgh8cjd.cloudfront.net/logos/networks/hbomax/unselected-light-mode.png] name_slug:hbo-max-97984653-8115-4114-acfe-4c9d4156bfde network_id:97984653-8115-4114-acfe-4c9d4156bfde platform:web platform_type:purchase type:network_platform_source updated_at:1.766281094e+09],9105261,selection,13991889,where-did-you,418424,IT: Welcome to Derry,1,1
10040715-13991889,3d91f967-d094-4792-9216-5a9e30a39f52,2024-01-05 02:25:24,map[app_bundle_id:com.netflix.mediaclient app_download_link:<nil> app_link:https://www.netflix.com/watch/81586793 app_name:Netflix country:AR created_at:1.704414788e+09 display_name:Netflix external_id:dc1c9ef7-2d49-49fa-a86b-a78152e3b71b external_source_type:SVOD is_cascaded:false logo_color:#e80000 logo_name:N logo_url:https://d36rlb2fgh8cjd.cloudfront.net/logos/networks/network-netflix-logo.png logos:map[selected_dark_mode:https://d36rlb2fgh8cjd.cloudfront.net/logos/networks/netflix/selected-dark-mode.png selected_light_mode:https://d36rlb2fgh8cjd.cloudfront.net/logos/networks/netflix/selected-light-mode.png unselected_dark_mode:https://d36rlb2fgh8cjd.cloudfront.net/logos/networks/netflix/unselected-dark-mode.png unselected_light_mode:https://d36rlb2fgh8cjd.cloudfront.net/logos/networks/netflix/unselected-light-mode.png] name_slug:netflix-dc1c9ef7-2d49-49fa-a86b-a78152e3b71b network_id:dc1c9ef7-2d49-49fa-a86b-a78152e3b71b platform:web platform_type:purchase type:network_platform_source updated_at:1.704414788e+09],10040715,selection,13991889,where-did-you,413033,Berlin (2023),1,8
7501859-13991889,b5f8faec-245f-414b-88f9-418b92e54266,2023-03-28 21:00:07,map[app_bundle_id:<nil> app_download_link:<nil> app_link:https://tv.apple.com/ar/episode/el-casino/umc.cmc.2eeao9s8l4c8i6c3ly5dj0h86?showId=umc.cmc.1nfdfd5zlk05fo1bwwetzldy3 app_name:Apple TV+ country:AR created_at:1.680037204e+09 display_name:Apple TV+ external_id:81d9ea47-4e1d-4d29-9248-d5eafca28f85 external_source_type:SVOD is_cascaded:false logo_color:<nil> logo_name:A logo_url:https://d36rlb2fgh8cjd.cloudfront.net/logos/networks/network-apple-logo.png logos:map[selected_dark_mode:https://d36rlb2fgh8cjd.cloudfront.net/logos/networks/appletv/selected-dark-mode.png selected_light_mode:https://d36rlb2fgh8cjd.cloudfront.net/logos/networks/appletv/selected-light-mode.png unselected_dark_mode:https://d36rlb2fgh8cjd.cloudfront.net/logos/networks/appletv/unselected-dark-mode.png unselected_light_mode:https://d36rlb2fgh8cjd.cloudfront.net/logos/networks/appletv/unselected-light-mode.png] name_slug:apple-tv+-81d9ea47-4e1d-4d29-9248-d5eafca28f85 network_id:81d9ea47-4e1d-4d29-9248-d5eafca28f85 platform:<nil> platform_type:purchase type:network_platform_source updated_at:1.680037204e+09],7501859,selection,13991889,where-did-you,362829,Mythic Quest,1,2
13991889,77d4c656-fd3a-4e7d-8a4c-c5e55b45f4a3,2026-04-15 12:04:11,map[app_bundle_id:<nil> app_download_link:<nil> app_link:<nil> app_name:Theater country:US created_at:1.559112773e+09 display_name:Theater external_id:tvtime-theater-US external_source_type:<nil> full_logo_url:<nil> is_cascaded:false logo_color:#777777 logo_name:* logo_url:<nil> logos:map[selected_dark_mode:https://d36rlb2fgh8cjd.cloudfront.net/logos/networks/theater/selected-dark-mode.png selected_light_mode:https://d36rlb2fgh8cjd.cloudfront.net/logos/networks/theater/selected-light-mode.png unselected_dark_mode:https://d36rlb2fgh8cjd.cloudfront.net/logos/networks/theater/unselected-dark-mode.png unselected_light_mode:https://d36rlb2fgh8cjd.cloudfront.net/logos/networks/theater/unselected-light-mode.png] name_slug:theater-2f1147ab-2503-45e7-bb42-15a1446ca897 network_id:2f1147ab-2503-45e7-bb42-15a1446ca897 platform:theater platform_type:theater type:network_platform_source updated_at:1.559112773e+09],0,selection,13991889,where-did-you,63e60b10-630b-4b01-b95a-93ff0bd89bfe,,,
8890211-13991889,cfc6ae8f-af51-4df0-98e8-1ed84a657bd0,2022-05-16 04:16:07,map[app_bundle_id:<nil> app_download_link:<nil> app_link:<nil> app_name:Unofficial country:us created_at:1.559112773e+09 display_name:Unofficial external_id:tvtime-unofficial external_source_type:<nil> is_cascaded:false logo_color:#777777 logo_name:* logo_url:<nil> logos:map[selected_dark_mode:https://d36rlb2fgh8cjd.cloudfront.net/logos/networks/unofficial/selected-dark-mode.png selected_light_mode:https://d36rlb2fgh8cjd.cloudfront.net/logos/networks/unofficial/selected-light-mode.png unselected_dark_mode:https://d36rlb2fgh8cjd.cloudfront.net/logos/networks/unofficial/unselected-dark-mode.png unselected_light_mode:https://d36rlb2fgh8cjd.cloudfront.net/logos/networks/unofficial/unselected-light-mode.png] name_slug:unofficial-5dea16e9-fe85-4c85-83a1-b3ba4dc14a30 network_id:5dea16e9-fe85-4c85-83a1-b3ba4dc14a30 platform:unofficial platform_type:unofficial type:network_platform_source updated_at:1.559112773e+09],8890211,selection,13991889,where-did-you,366524,Halo,1,3
13991889,4a9bb7b7-ea2e-4fc0-90b3-d9b857fb7e81,2021-05-24 02:58:43,map[app_bundle_id:com.netflix.mediaclient app_download_link:<nil> app_link:https://www.netflix.com/title/80998510 app_name:Netflix country:AR created_at:1.62182511e+09 display_name:Netflix external_id:ar.netflix logo_color:#e80000 logo_name:N logo_url:https://d36rlb2fgh8cjd.cloudfront.net/logos/networks/network-netflix-logo.png logos:map[selected_dark_mode:https://d36rlb2fgh8cjd.cloudfront.net/logos/networks/netflix/selected-dark-mode.png selected_light_mode:https://d36rlb2fgh8cjd.cloudfront.net/logos/networks/netflix/selected-light-mode.png unselected_dark_mode:https://d36rlb2fgh8cjd.cloudfront.net/logos/networks/netflix/unselected-dark-mode.png unselected_light_mode:https://d36rlb2fgh8cjd.cloudfront.net/logos/networks/netflix/unselected-light-mode.png] name_slug:netflix-bd8d92ed-4d31-4630-b6b8-1e7254aa5cfc network_id:bd8d92ed-4d31-4630-b6b8-1e7254aa5cfc platform:<nil> platform_type:purchase type:network_platform_source updated_at:1.62182511e+09],0,selection,13991889,where-did-you,178f2d24-5ddc-482c-a841-22b0044a6edd,,,
13991889,1f433ae8-b786-4c88-a89f-c3b28f0d6617,2024-01-14 17:06:22,map[app_bundle_id:com.netflix.mediaclient app_download_link:<nil> app_link:https://www.netflix.com/ar/title/81268316 app_name:Netflix country:AR created_at:1.705245014e+09 display_name:Netflix external_id:dc1c9ef7-2d49-49fa-a86b-a78152e3b71b external_source_type:SVOD is_cascaded:false logo_color:#e80000 logo_name:N logo_url:https://d36rlb2fgh8cjd.cloudfront.net/logos/networks/network-netflix-logo.png logos:map[selected_dark_mode:https://d36rlb2fgh8cjd.cloudfront.net/logos/networks/netflix/selected-dark-mode.png selected_light_mode:https://d36rlb2fgh8cjd.cloudfront.net/logos/networks/netflix/selected-light-mode.png unselected_dark_mode:https://d36rlb2fgh8cjd.cloudfront.net/logos/networks/netflix/unselected-dark-mode.png unselected_light_mode:https://d36rlb2fgh8cjd.cloudfront.net/logos/networks/netflix/unselected-light-mode.png] name_slug:netflix-dc1c9ef7-2d49-49fa-a86b-a78152e3b71b network_id:dc1c9ef7-2d49-49fa-a86b-a78152e3b71b platform:web platform_type:purchase type:network_platform_source updated_at:1.705245014e+09],0,selection,13991889,where-did-you,f7910fed-2e12-46a8-941c-4cdd5dc3241f,,,
13991889,ff5f4790-f824-4c07-83f0-8474c2c69092,2025-01-19 04:57:54,map[app_bundle_id:com.netflix.mediaclient app_download_link:<nil> app_link:https://www.netflix.com/ar/title/81481606 app_name:Netflix country:AR created_at:1.737262669e+09 display_name:Netflix external_id:dc1c9ef7-2d49-49fa-a86b-a78152e3b71b external_source_type:SVOD full_logo_url:<nil> is_cascaded:false logo_color:#e80000 logo_name:N logo_url:https://d36rlb2fgh8cjd.cloudfront.net/logos/networks/network-netflix-logo.png logos:map[selected_dark_mode:https://d36rlb2fgh8cjd.cloudfront.net/logos/networks/netflix/selected-dark-mode.png selected_light_mode:https://d36rlb2fgh8cjd.cloudfront.net/logos/networks/netflix/selected-light-mode.png unselected_dark_mode:https://d36rlb2fgh8cjd.cloudfront.net/logos/networks/netflix/unselected-dark-mode.png unselected_light_mode:https://d36rlb2fgh8cjd.cloudfront.net/logos/networks/netflix/unselected-light-mode.png] name_slug:netflix-dc1c9ef7-2d49-49fa-a86b-a78152e3b71b network_id:dc1c9ef7-2d49-49fa-a86b-a78152e3b71b platform:web platform_type:purchase type:network_platform_source updated_at:1.737262669e+09],0,selection,13991889,where-did-you,56a7695e-8b9e-4cf5-858f-7d8c73a5c673,,,
7555477-13991889,a13c5dd3-531a-45b0-84e9-81b8bea998cb,2022-04-30 18:25:08,map[app_bundle_id:com.netflix.mediaclient app_download_link:<nil> app_link:https://www.netflix.com/watch/81232208 app_name:Netflix country:US created_at:1.651343104e+09 display_name:Netflix external_id:018b6a69-a6dc-43a9-b39f-d81ab255c30a external_source_type:SVOD is_cascaded:false logo_color:#e80000 logo_name:N logo_url:https://d36rlb2fgh8cjd.cloudfront.net/logos/networks/network-netflix-logo.png logos:map[selected_dark_mode:https://d36rlb2fgh8cjd.cloudfront.net/logos/networks/netflix/selected-dark-mode.png selected_light_mode:https://d36rlb2fgh8cjd.cloudfront.net/logos/networks/netflix/selected-light-mode.png unselected_dark_mode:https://d36rlb2fgh8cjd.cloudfront.net/logos/networks/netflix/unselected-dark-mode.png unselected_light_mode:https://d36rlb2fgh8cjd.cloudfront.net/logos/networks/netflix/unselected-light-mode.png] name_slug:netflix-018b6a69-a6dc-43a9-b39f-d81ab255c30a network_id:018b6a69-a6dc-43a9-b39f-d81ab255c30a platform:<nil> platform_type:purchase type:network_platform_source updated_at:1.651343104e+09],7555477,selection,13991889,where-did-you,273181,Better Call Saul,5,9
6028372-13991889,9687d9e2-ebf7-4e99-add6-76a9667671a9,2023-03-27 00:26:53,map[app_bundle_id:com.crunchyroll.crunchyroid app_download_link:<nil> app_link:https://www.crunchyroll.com/watch/GR2PD3N7R/im-home app_name:Crunchyroll country:AR created_at:1.679876809e+09 display_name:Crunchyroll external_id:910b5ad1-dfc7-46ed-a28a-861754e6a8b5 external_source_type:SVOD is_cascaded:false logo_color:<nil> logo_name:C logo_url:https://d36rlb2fgh8cjd.cloudfront.net/logos/networks/network-crackle-logo.png logos:map[selected_dark_mode:https://d36rlb2fgh8cjd.cloudfront.net/logos/networks/crunchyroll/selected-dark-mode.png selected_light_mode:https://d36rlb2fgh8cjd.cloudfront.net/logos/networks/crunchyroll/selected-light-mode.png unselected_dark_mode:https://d36rlb2fgh8cjd.cloudfront.net/logos/networks/crunchyroll/unselected-dark-mode.png unselected_light_mode:https://d36rlb2fgh8cjd.cloudfront.net/logos/networks/crunchyroll/unselected-light-mode.png] name_slug:crunchyroll-910b5ad1-dfc7-46ed-a28a-861754e6a8b5 network_id:910b5ad1-dfc7-46ed-a28a-861754e6a8b5 platform:<nil> platform_type:purchase type:network_platform_source updated_at:1.679876809e+09],6028372,selection,13991889,where-did-you,267440,Attack on Titan,2,2
13991889,daf8f09d-3fc4-420d-b62a-72f86b2e5053,2023-05-14 02:27:29,map[app_bundle_id:<nil> app_download_link:<nil> app_link:<nil> app_name:Other country:AR created_at:1.559112773e+09 display_name:Other external_id:tvtime-other-AR external_source_type:<nil> is_cascaded:false logo_color:#777777 logo_name:* logo_url:<nil> logos:map[selected_dark_mode:https://d36rlb2fgh8cjd.cloudfront.net/logos/networks/other/selected-dark-mode.png selected_light_mode:https://d36rlb2fgh8cjd.cloudfront.net/logos/networks/other/selected-light-mode.png unselected_dark_mode:https://d36rlb2fgh8cjd.cloudfront.net/logos/networks/other/unselected-dark-mode.png unselected_light_mode:https://d36rlb2fgh8cjd.cloudfront.net/logos/networks/other/unselected-light-mode.png] name_slug:other-01109d08-7513-4ddd-8990-6799d11004b8 network_id:01109d08-7513-4ddd-8990-6799d11004b8 platform:other platform_type:other type:network_platform_source updated_at:1.559112773e+09],0,selection,13991889,where-did-you,3d076228-8b17-43cd-9b7f-31208843f139,,,
13991889,37278c7d-d528-4123-841e-c9cfafe3ee14,2026-05-30 03:06:19,map[app_bundle_id:<nil> app_download_link:<nil> app_link:<nil> app_name:Other country:US created_at:1.780110379e+09 display_name:Other external_id:tvtime-other-US external_source_type:<nil> full_logo_url:<nil> is_cascaded:false logo_color:#ff777777 logo_name:* logo_url:<nil> logos:map[selected_dark_mode:https://d36rlb2fgh8cjd.cloudfront.net/logos/networks/other/selected-dark-mode.png selected_light_mode:https://d36rlb2fgh8cjd.cloudfront.net/logos/networks/other/selected-light-mode.png unselected_dark_mode:https://d36rlb2fgh8cjd.cloudfront.net/logos/networks/other/unselected-dark-mode.png unselected_light_mode:https://d36rlb2fgh8cjd.cloudfront.net/logos/networks/other/unselected-light-mode.png] name_slug:other-01109d08-7513-4ddd-8990-6799d11004b8 network_id:01109d08-7513-4ddd-8990-6799d11004b8 platform:other platform_type:other type:network_platform_source updated_at:1.780110379e+09],0,selection,13991889,where-did-you,e7e2b37f-e746-4fbd-bde7-e7d1da6da104,,,
9971415-13991889,820f6421-9b6c-40ef-9f5d-a3edd44862b3,2023-12-22 00:34:56,map[app_bundle_id:com.crunchyroll.crunchyroid app_download_link:<nil> app_link:https://www.crunchyroll.com/watch/G14U49D8D/last-man-standing app_name:Crunchyroll country:US created_at:1.703205175e+09 display_name:Crunchyroll external_id:c35a5d61-83ed-4195-9524-d566842908fe external_source_type:SVOD is_cascaded:false logo_color:f66b11 logo_name:C logo_url:<nil> logos:map[selected_dark_mode:https://d36rlb2fgh8cjd.cloudfront.net/logos/networks/crunchyroll/selected-dark-mode.png selected_light_mode:https://d36rlb2fgh8cjd.cloudfront.net/logos/networks/crunchyroll/selected-light-mode.png unselected_dark_mode:https://d36rlb2fgh8cjd.cloudfront.net/logos/networks/crunchyroll/unselected-dark-mode.png unselected_light_mode:https://d36rlb2fgh8cjd.cloudfront.net/logos/networks/crunchyroll/unselected-light-mode.png] name_slug:crunchyroll-c35a5d61-83ed-4195-9524-d566842908fe network_id:c35a5d61-83ed-4195-9524-d566842908fe platform:<nil> platform_type:purchase type:network_platform_source updated_at:1.703205175e+09],9971415,selection,13991889,where-did-you,355774,Dr. STONE,3,19
8153167-13991889,1ef013aa-cf7d-4fb9-8a4e-95f6109af103,2023-04-21 23:21:15,map[app_bundle_id:com.amazon.avod.thirdpartyclient app_download_link:<nil> app_link:https://app.primevideo.com/detail?gti=amzn1.dv.gti.92bc0a58-183a-7326-e470-31742586c852 app_name:Amazon Prime Video country:AR created_at:1.682119271e+09 display_name:Amazon Prime Video external_id:6f0be1d1-4db0-48e3-a8ac-7dbd7e023295 external_source_type:SVOD is_cascaded:false logo_color:#00A8E1 logo_name:A logo_url:<nil> logos:map[selected_dark_mode:https://d36rlb2fgh8cjd.cloudfront.net/logos/networks/amazonprimevideo/selected-dark-mode.png selected_light_mode:https://d36rlb2fgh8cjd.cloudfront.net/logos/networks/amazonprimevideo/selected-light-mode.png unselected_dark_mode:https://d36rlb2fgh8cjd.cloudfront.net/logos/networks/amazonprimevideo/unselected-dark-mode.png unselected_light_mode:https://d36rlb2fgh8cjd.cloudfront.net/logos/networks/amazonprimevideo/unselected-light-mode.png] name_slug:amazon-prime-video-6f0be1d1-4db0-48e3-a8ac-7dbd7e023295 network_id:6f0be1d1-4db0-48e3-a8ac-7dbd7e023295 platform:<nil> platform_type:purchase type:network_platform_source updated_at:1.682119271e+09],8153167,selection,13991889,where-did-you,368207,INVINCIBLE (2021),1,8
10040714-13991889,245455b6-51c9-4fbd-ba29-ea9f05f52c80,2024-01-05 02:25:19,map[app_bundle_id:com.netflix.mediaclient app_download_link:<nil> app_link:https://www.netflix.com/watch/81586792 app_name:Netflix country:AR created_at:1.704408156e+09 display_name:Netflix external_id:dc1c9ef7-2d49-49fa-a86b-a78152e3b71b external_source_type:SVOD is_cascaded:false logo_color:#e80000 logo_name:N logo_url:https://d36rlb2fgh8cjd.cloudfront.net/logos/networks/network-netflix-logo.png logos:map[selected_dark_mode:https://d36rlb2fgh8cjd.cloudfront.net/logos/networks/netflix/selected-dark-mode.png selected_light_mode:https://d36rlb2fgh8cjd.cloudfront.net/logos/networks/netflix/selected-light-mode.png unselected_dark_mode:https://d36rlb2fgh8cjd.cloudfront.net/logos/networks/netflix/unselected-dark-mode.png unselected_light_mode:https://d36rlb2fgh8cjd.cloudfront.net/logos/networks/netflix/unselected-light-mode.png] name_slug:netflix-dc1c9ef7-2d49-49fa-a86b-a78152e3b71b network_id:dc1c9ef7-2d49-49fa-a86b-a78152e3b71b platform:web platform_type:purchase type:network_platform_source updated_at:1.704408156e+09],10040714,selection,13991889,where-did-you,413033,Berlin (2023),1,7
10148164-13991889,57f3c3ae-6c26-4f6d-a4bd-8712aca474bc,2024-03-08 19:48:11,map[app_bundle_id:<nil> app_download_link:<nil> app_link:<nil> app_name:Other country:AR created_at:1.559112773e+09 display_name:Other external_id:tvtime-other-AR external_source_type:<nil> is_cascaded:false logo_color:#777777 logo_name:* logo_url:<nil> logos:map[selected_dark_mode:https://d36rlb2fgh8cjd.cloudfront.net/logos/networks/other/selected-dark-mode.png selected_light_mode:https://d36rlb2fgh8cjd.cloudfront.net/logos/networks/other/selected-light-mode.png unselected_dark_mode:https://d36rlb2fgh8cjd.cloudfront.net/logos/networks/other/unselected-dark-mode.png unselected_light_mode:https://d36rlb2fgh8cjd.cloudfront.net/logos/networks/other/unselected-light-mode.png] name_slug:other-01109d08-7513-4ddd-8990-6799d11004b8 network_id:01109d08-7513-4ddd-8990-6799d11004b8 platform:other platform_type:other type:network_platform_source updated_at:1.559112773e+09],10148164,selection,13991889,where-did-you,404604,ted,1,2
13991889,6ae2bc14-148c-4334-9739-5f875ac20d8b,2023-06-15 01:44:28,map[app_bundle_id:<nil> app_download_link:<nil> app_link:<nil> app_name:Theater country:AR created_at:1.559112773e+09 display_name:Theater external_id:tvtime-theater-AR external_source_type:<nil> is_cascaded:false logo_color:#777777 logo_name:* logo_url:<nil> logos:map[selected_dark_mode:https://d36rlb2fgh8cjd.cloudfront.net/logos/networks/theater/selected-dark-mode.png selected_light_mode:https://d36rlb2fgh8cjd.cloudfront.net/logos/networks/theater/selected-light-mode.png unselected_dark_mode:https://d36rlb2fgh8cjd.cloudfront.net/logos/networks/theater/unselected-dark-mode.png unselected_light_mode:https://d36rlb2fgh8cjd.cloudfront.net/logos/networks/theater/unselected-light-mode.png] name_slug:theater-2f1147ab-2503-45e7-bb42-15a1446ca897 network_id:2f1147ab-2503-45e7-bb42-15a1446ca897 platform:theater platform_type:theater type:network_platform_source updated_at:1.559112773e+09],0,selection,13991889,where-did-you,de9f4f37-5794-434e-88db-f4ac6508ff01,,,
10877362-13991889,083d0533-69d1-4d97-af1f-498dc8b54c8e,2025-10-25 20:02:42,map[app_bundle_id:<nil> app_download_link:<nil> app_link:https://www.disneyplus.com/browse/entity-b1417e49-48ad-4827-bfd6-94580ecbecd7 app_name:Disney+ country:US created_at:1.761422559e+09 display_name:Disney+ external_id:6abf87a8-1e24-4fa3-a96f-6b2012ef0758 external_source_type:SVOD full_logo_url:<nil> is_cascaded:false logo_color:#1C4451 logo_name:D logo_url:https://d36rlb2fgh8cjd.cloudfront.net/logos/networks/disney/wtw_logo.png logos:map[selected_dark_mode:https://d36rlb2fgh8cjd.cloudfront.net/logos/networks/disney/selected-dark-mode.png selected_light_mode:https://d36rlb2fgh8cjd.cloudfront.net/logos/networks/disney/selected-light-mode.png unselected_dark_mode:https://d36rlb2fgh8cjd.cloudfront.net/logos/networks/disney/unselected-dark-mode.png unselected_light_mode:https://d36rlb2fgh8cjd.cloudfront.net/logos/networks/disney/unselected-light-mode.png] name_slug:disney+-6abf87a8-1e24-4fa3-a96f-6b2012ef0758 network_id:6abf87a8-1e24-4fa3-a96f-6b2012ef0758 platform:web platform_type:purchase type:network_platform_source updated_at:1.761422559e+09],10877362,selection,13991889,where-did-you,412427,Your Friendly Neighborhood Spider-Man,1,10
8996830-13991889,252206f9-55ee-4a53-9945-80ad4d8ddff0,2022-04-30 18:24:50,map[app_bundle_id:<nil> app_download_link:<nil> app_link:<nil> app_name:Other country:US created_at:1.559112773e+09 display_name:Other external_id:tvtime-other-US external_source_type:<nil> is_cascaded:false logo_color:#777777 logo_name:* logo_url:<nil> logos:map[selected_dark_mode:https://d36rlb2fgh8cjd.cloudfront.net/logos/networks/other/selected-dark-mode.png selected_light_mode:https://d36rlb2fgh8cjd.cloudfront.net/logos/networks/other/selected-light-mode.png unselected_dark_mode:https://d36rlb2fgh8cjd.cloudfront.net/logos/networks/other/unselected-dark-mode.png unselected_light_mode:https://d36rlb2fgh8cjd.cloudfront.net/logos/networks/other/unselected-light-mode.png] name_slug:other-01109d08-7513-4ddd-8990-6799d11004b8 network_id:01109d08-7513-4ddd-8990-6799d11004b8 platform:other platform_type:other type:network_platform_source updated_at:1.559112773e+09],8996830,selection,13991889,where-did-you,273181,Better Call Saul,6,2
8546920-13991889,f74e5a56-e732-4102-8f7a-4851704a6d78,2023-06-22 00:33:40,map[app_bundle_id:<nil> app_download_link:<nil> app_link:<nil> app_name:Disney+ country:AR created_at:1.68739402e+09 display_name:Disney+ external_id:tvtime-disney+ external_source_type:<nil> is_cascaded:false logo_color:<nil> logo_name:D logo_url:<nil> logos:map[selected_dark_mode:https://d36rlb2fgh8cjd.cloudfront.net/logos/networks/disney/selected-dark-mode.png selected_light_mode:https://d36rlb2fgh8cjd.cloudfront.net/logos/networks/disney/selected-light-mode.png unselected_dark_mode:https://d36rlb2fgh8cjd.cloudfront.net/logos/networks/disney/unselected-dark-mode.png unselected_light_mode:https://d36rlb2fgh8cjd.cloudfront.net/logos/networks/disney/unselected-light-mode.png] name_slug:disney+-7143457d-fee8-434d-9ad5-e000838f4515 network_id:7143457d-fee8-434d-9ad5-e000838f4515 platform:other platform_type:other type:network_platform_source updated_at:1.68739402e+09],8546920,selection,13991889,where-did-you,393203,Secret Invasion,1,1
13991889,ffec2a83-3222-4475-8815-0547b72aacc8,2023-03-18 04:45:29,map[app_bundle_id:com.amazon.avod.thirdpartyclient app_download_link:<nil> app_link:https://app.primevideo.com/detail?gti=amzn1.dv.gti.13686c6a-61bb-42f8-9b84-6f7a00f1fce5 app_name:Amazon Prime Video country:AR created_at:1.679114715e+09 display_name:Amazon Prime Video external_id:6f0be1d1-4db0-48e3-a8ac-7dbd7e023295 external_source_type:SVOD is_cascaded:false logo_color:#f79833 logo_name:A logo_url:<nil> logos:map[selected_dark_mode:https://d36rlb2fgh8cjd.cloudfront.net/logos/networks/amazonprimevideo/selected-dark-mode.png selected_light_mode:https://d36rlb2fgh8cjd.cloudfront.net/logos/networks/amazonprimevideo/selected-light-mode.png unselected_dark_mode:https://d36rlb2fgh8cjd.cloudfront.net/logos/networks/amazonprimevideo/unselected-dark-mode.png unselected_light_mode:https://d36rlb2fgh8cjd.cloudfront.net/logos/networks/amazonprimevideo/unselected-light-mode.png] name_slug:amazon-prime-video-6f0be1d1-4db0-48e3-a8ac-7dbd7e023295 network_id:6f0be1d1-4db0-48e3-a8ac-7dbd7e023295 platform:<nil> platform_type:purchase type:network_platform_source updated_at:1.679114715e+09],0,selection,13991889,where-did-you,d9a4f296-56e9-4286-b038-b8e81cc01a8e,,,
7531679-13991889,eed029c4-51f4-4816-bf37-e8c0795e4886,2020-11-11 04:11:27,map[app_bundle_id:<nil> app_download_link:<nil> app_link:<nil> app_name:Unofficial country:us created_at:1.559112773e+09 display_name:Unofficial external_id:tvtime-unofficial logo_color:#777777 logo_name:* logo_url:<nil> logos:map[selected_dark_mode:https://d36rlb2fgh8cjd.cloudfront.net/logos/networks/unofficial/selected-dark-mode.png selected_light_mode:https://d36rlb2fgh8cjd.cloudfront.net/logos/networks/unofficial/selected-light-mode.png unselected_dark_mode:https://d36rlb2fgh8cjd.cloudfront.net/logos/networks/unofficial/unselected-dark-mode.png unselected_light_mode:https://d36rlb2fgh8cjd.cloudfront.net/logos/networks/unofficial/unselected-light-mode.png] name_slug:unofficial-5dea16e9-fe85-4c85-83a1-b3ba4dc14a30 network_id:5dea16e9-fe85-4c85-83a1-b3ba4dc14a30 platform:unofficial platform_type:unofficial type:network_platform_source updated_at:1.559112773e+09],7531679,selection,13991889,where-did-you,364149,Devs,1,1
13991889,08acc6ba-174a-4b73-bfb4-0ca75dab61b3,2022-08-28 01:58:24,map[app_bundle_id:com.netflix.mediaclient app_download_link:<nil> app_link:https://www.netflix.com/us/title/81161828 app_name:Netflix country:US created_at:1.661650038e+09 display_name:Netflix external_id:018b6a69-a6dc-43a9-b39f-d81ab255c30a external_source_type:SVOD is_cascaded:false logo_color:#e80000 logo_name:N logo_url:https://d36rlb2fgh8cjd.cloudfront.net/logos/networks/network-netflix-logo.png logos:map[selected_dark_mode:https://d36rlb2fgh8cjd.cloudfront.net/logos/networks/netflix/selected-dark-mode.png selected_light_mode:https://d36rlb2fgh8cjd.cloudfront.net/logos/networks/netflix/selected-light-mode.png unselected_dark_mode:https://d36rlb2fgh8cjd.cloudfront.net/logos/networks/netflix/unselected-dark-mode.png unselected_light_mode:https://d36rlb2fgh8cjd.cloudfront.net/logos/networks/netflix/unselected-light-mode.png] name_slug:netflix-018b6a69-a6dc-43a9-b39f-d81ab255c30a network_id:018b6a69-a6dc-43a9-b39f-d81ab255c30a platform:<nil> platform_type:purchase type:network_platform_source updated_at:1.661650038e+09],0,selection,13991889,where-did-you,370d5c3d-1a7e-4064-bd7c-4a6201c4f68a,,,
13991889,74366c3f-e0ab-4de9-902a-75130f000d0a,2023-11-19 02:00:42,map[app_bundle_id:<nil> app_download_link:<nil> app_link:<nil> app_name:Unofficial country:us created_at:1.559112773e+09 display_name:Unofficial external_id:tvtime-unofficial external_source_type:<nil> is_cascaded:false logo_color:#777777 logo_name:* logo_url:<nil> logos:map[selected_dark_mode:https://d36rlb2fgh8cjd.cloudfront.net/logos/networks/unofficial/selected-dark-mode.png selected_light_mode:https://d36rlb2fgh8cjd.cloudfront.net/logos/networks/unofficial/selected-light-mode.png unselected_dark_mode:https://d36rlb2fgh8cjd.cloudfront.net/logos/networks/unofficial/unselected-dark-mode.png unselected_light_mode:https://d36rlb2fgh8cjd.cloudfront.net/logos/networks/unofficial/unselected-light-mode.png] name_slug:unofficial-5dea16e9-fe85-4c85-83a1-b3ba4dc14a30 network_id:5dea16e9-fe85-4c85-83a1-b3ba4dc14a30 platform:unofficial platform_type:unofficial type:network_platform_source updated_at:1.559112773e+09],0,selection,13991889,where-did-you,7303fdcf-0614-48df-bd63-a405920ead89,,,
10496849-13991889,0c3bd937-b992-4325-883e-d5df162f85bf,2026-03-31 00:43:33,map[app_bundle_id:com.netflix.mediaclient app_download_link:<nil> app_link:https://www.netflix.com/watch/81763070 app_name:Netflix country:US created_at:1.774917808e+09 display_name:Netflix external_id:018b6a69-a6dc-43a9-b39f-d81ab255c30a external_source_type:SVOD full_logo_url:<nil> is_cascaded:false logo_color:#e80000 logo_name:N logo_url:https://d36rlb2fgh8cjd.cloudfront.net/logos/networks/network-netflix-logo.png logos:map[selected_dark_mode:https://d36rlb2fgh8cjd.cloudfront.net/logos/networks/netflix/selected-dark-mode.png selected_light_mode:https://d36rlb2fgh8cjd.cloudfront.net/logos/networks/netflix/selected-light-mode.png unselected_dark_mode:https://d36rlb2fgh8cjd.cloudfront.net/logos/networks/netflix/unselected-dark-mode.png unselected_light_mode:https://d36rlb2fgh8cjd.cloudfront.net/logos/networks/netflix/unselected-light-mode.png] name_slug:netflix-018b6a69-a6dc-43a9-b39f-d81ab255c30a network_id:018b6a69-a6dc-43a9-b39f-d81ab255c30a platform:web platform_type:purchase type:network_platform_source updated_at:1.774917808e+09],10496849,selection,13991889,where-did-you,427281,FUBAR,2,8
8153164-13991889,09d320c3-6383-4826-ba60-24b42cc547f1,2023-04-21 23:21:29,map[app_bundle_id:com.amazon.avod.thirdpartyclient app_download_link:<nil> app_link:https://app.primevideo.com/detail?gti=amzn1.dv.gti.88bc0a58-5885-d8af-1d97-740676420041 app_name:Amazon Prime Video country:AR created_at:1.682119288e+09 display_name:Amazon Prime Video external_id:6f0be1d1-4db0-48e3-a8ac-7dbd7e023295 external_source_type:SVOD is_cascaded:false logo_color:#00A8E1 logo_name:A logo_url:<nil> logos:map[selected_dark_mode:https://d36rlb2fgh8cjd.cloudfront.net/logos/networks/amazonprimevideo/selected-dark-mode.png selected_light_mode:https://d36rlb2fgh8cjd.cloudfront.net/logos/networks/amazonprimevideo/selected-light-mode.png unselected_dark_mode:https://d36rlb2fgh8cjd.cloudfront.net/logos/networks/amazonprimevideo/unselected-dark-mode.png unselected_light_mode:https://d36rlb2fgh8cjd.cloudfront.net/logos/networks/amazonprimevideo/unselected-light-mode.png] name_slug:amazon-prime-video-6f0be1d1-4db0-48e3-a8ac-7dbd7e023295 network_id:6f0be1d1-4db0-48e3-a8ac-7dbd7e023295 platform:<nil> platform_type:purchase type:network_platform_source updated_at:1.682119288e+09],8153164,selection,13991889,where-did-you,368207,INVINCIBLE (2021),1,6
13991889,552c0ea8-fdcd-4a32-b724-c3d94ef6288e,2025-07-13 22:18:54,map[app_bundle_id:<nil> app_download_link:<nil> app_link:<nil> app_name:Theater country:US created_at:1.559112773e+09 display_name:Theater external_id:tvtime-theater-US external_source_type:<nil> full_logo_url:<nil> is_cascaded:false logo_color:#777777 logo_name:* logo_url:<nil> logos:map[selected_dark_mode:https://d36rlb2fgh8cjd.cloudfront.net/logos/networks/theater/selected-dark-mode.png selected_light_mode:https://d36rlb2fgh8cjd.cloudfront.net/logos/networks/theater/selected-light-mode.png unselected_dark_mode:https://d36rlb2fgh8cjd.cloudfront.net/logos/networks/theater/unselected-dark-mode.png unselected_light_mode:https://d36rlb2fgh8cjd.cloudfront.net/logos/networks/theater/unselected-light-mode.png] name_slug:theater-2f1147ab-2503-45e7-bb42-15a1446ca897 network_id:2f1147ab-2503-45e7-bb42-15a1446ca897 platform:theater platform_type:theater type:network_platform_source updated_at:1.559112773e+09],0,selection,13991889,where-did-you,5abbdd63-fff4-45ff-9634-d2fc74c6d4dd,,,
6757076-13991889,e2757138-2ffd-4d97-8008-8ec0f9c1e71c,2022-04-30 18:27:35,map[app_bundle_id:com.netflix.mediaclient app_download_link:<nil> app_link:https://www.netflix.com/watch/80235110 app_name:Netflix country:US created_at:1.65134132e+09 display_name:Netflix external_id:018b6a69-a6dc-43a9-b39f-d81ab255c30a external_source_type:SVOD is_cascaded:false logo_color:#e80000 logo_name:N logo_url:https://d36rlb2fgh8cjd.cloudfront.net/logos/networks/network-netflix-logo.png logos:map[selected_dark_mode:https://d36rlb2fgh8cjd.cloudfront.net/logos/networks/netflix/selected-dark-mode.png selected_light_mode:https://d36rlb2fgh8cjd.cloudfront.net/logos/networks/netflix/selected-light-mode.png unselected_dark_mode:https://d36rlb2fgh8cjd.cloudfront.net/logos/networks/netflix/unselected-dark-mode.png unselected_light_mode:https://d36rlb2fgh8cjd.cloudfront.net/logos/networks/netflix/unselected-light-mode.png] name_slug:netflix-018b6a69-a6dc-43a9-b39f-d81ab255c30a network_id:018b6a69-a6dc-43a9-b39f-d81ab255c30a platform:<nil> platform_type:purchase type:network_platform_source updated_at:1.65134132e+09],6757076,selection,13991889,where-did-you,273181,Better Call Saul,4,2
10148165-13991889,616eacfd-5622-4321-949a-d9c6a90917ea,2024-03-08 19:48:14,map[app_bundle_id:<nil> app_download_link:<nil> app_link:<nil> app_name:Other country:AR created_at:1.559112773e+09 display_name:Other external_id:tvtime-other-AR external_source_type:<nil> is_cascaded:false logo_color:#777777 logo_name:* logo_url:<nil> logos:map[selected_dark_mode:https://d36rlb2fgh8cjd.cloudfront.net/logos/networks/other/selected-dark-mode.png selected_light_mode:https://d36rlb2fgh8cjd.cloudfront.net/logos/networks/other/selected-light-mode.png unselected_dark_mode:https://d36rlb2fgh8cjd.cloudfront.net/logos/networks/other/unselected-dark-mode.png unselected_light_mode:https://d36rlb2fgh8cjd.cloudfront.net/logos/networks/other/unselected-light-mode.png] name_slug:other-01109d08-7513-4ddd-8990-6799d11004b8 network_id:01109d08-7513-4ddd-8990-6799d11004b8 platform:other platform_type:other type:network_platform_source updated_at:1.559112773e+09],10148165,selection,13991889,where-did-you,404604,ted,1,3
13991889,63376118-2120-4ced-ad7d-8d2d74205d75,2023-09-14 01:47:35,map[app_bundle_id:com.netflix.mediaclient app_download_link:<nil> app_link:https://www.netflix.com/ar/title/81416306 app_name:Netflix country:AR created_at:1.694656051e+09 display_name:Netflix external_id:dc1c9ef7-2d49-49fa-a86b-a78152e3b71b external_source_type:SVOD is_cascaded:false logo_color:#e80000 logo_name:N logo_url:https://d36rlb2fgh8cjd.cloudfront.net/logos/networks/network-netflix-logo.png logos:map[selected_dark_mode:https://d36rlb2fgh8cjd.cloudfront.net/logos/networks/netflix/selected-dark-mode.png selected_light_mode:https://d36rlb2fgh8cjd.cloudfront.net/logos/networks/netflix/selected-light-mode.png unselected_dark_mode:https://d36rlb2fgh8cjd.cloudfront.net/logos/networks/netflix/unselected-dark-mode.png unselected_light_mode:https://d36rlb2fgh8cjd.cloudfront.net/logos/networks/netflix/unselected-light-mode.png] name_slug:netflix-dc1c9ef7-2d49-49fa-a86b-a78152e3b71b network_id:dc1c9ef7-2d49-49fa-a86b-a78152e3b71b platform:<nil> platform_type:purchase type:network_platform_source updated_at:1.694656051e+09],0,selection,13991889,where-did-you,802de268-7ca1-4a17-b86b-69db59fe1266,,,
13991889,f5626c08-573e-482a-b814-01546a8fcb4b,2022-08-20 00:03:31,map[app_bundle_id:<nil> app_download_link:<nil> app_link:<nil> app_name:Unofficial country:us created_at:1.559112773e+09 display_name:Unofficial external_id:tvtime-unofficial external_source_type:<nil> is_cascaded:false logo_color:#777777 logo_name:* logo_url:<nil> logos:map[selected_dark_mode:https://d36rlb2fgh8cjd.cloudfront.net/logos/networks/unofficial/selected-dark-mode.png selected_light_mode:https://d36rlb2fgh8cjd.cloudfront.net/logos/networks/unofficial/selected-light-mode.png unselected_dark_mode:https://d36rlb2fgh8cjd.cloudfront.net/logos/networks/unofficial/unselected-dark-mode.png unselected_light_mode:https://d36rlb2fgh8cjd.cloudfront.net/logos/networks/unofficial/unselected-light-mode.png] name_slug:unofficial-5dea16e9-fe85-4c85-83a1-b3ba4dc14a30 network_id:5dea16e9-fe85-4c85-83a1-b3ba4dc14a30 platform:unofficial platform_type:unofficial type:network_platform_source updated_at:1.559112773e+09],0,selection,13991889,where-did-you,2355f5a2-058e-468c-931d-1da1849e83c3,,,
332484-13991889,ec683b1d-d03f-44dc-843b-0b8169a6662a,2024-11-29 00:01:53,map[app_bundle_id:<nil> app_download_link:<nil> app_link:https://play.max.com/video/watch/da61aef2-e4b6-441a-b2aa-91855ca05dad app_name:Max country:AR created_at:1.73283851e+09 display_name:Max external_id:0293a0c1-9ab0-48e8-9e8f-eb7c59755e99 external_source_type:SVOD full_logo_url:<nil> is_cascaded:false logo_color:#000000 logo_name:H logo_url:<nil> logos:map[selected_dark_mode:https://d36rlb2fgh8cjd.cloudfront.net/logos/networks/max/selected-dark-mode.png selected_light_mode:https://d36rlb2fgh8cjd.cloudfront.net/logos/networks/max/selected-light-mode.png unselected_dark_mode:https://d36rlb2fgh8cjd.cloudfront.net/logos/networks/max/unselected-dark-mode.png unselected_light_mode:https://d36rlb2fgh8cjd.cloudfront.net/logos/networks/max/unselected-light-mode.png] name_slug:max-0293a0c1-9ab0-48e8-9e8f-eb7c59755e99 network_id:0293a0c1-9ab0-48e8-9e8f-eb7c59755e99 platform:web platform_type:purchase type:network_platform_source updated_at:1.73283851e+09],332484,selection,13991889,where-did-you,80379,The Big Bang Theory,1,1
6667863-13991889,203e51ae-9c8c-49d0-b20d-ed26af1b44c9,2023-04-20 20:52:55,map[app_bundle_id:com.crunchyroll.crunchyroid app_download_link:<nil> app_link:https://www.crunchyroll.com/watch/GYEXXVWN6/old-story app_name:Crunchyroll country:AR created_at:1.68202396e+09 display_name:Crunchyroll external_id:910b5ad1-dfc7-46ed-a28a-861754e6a8b5 external_source_type:SVOD is_cascaded:false logo_color:f66b11 logo_name:C logo_url:<nil> logos:map[selected_dark_mode:https://d36rlb2fgh8cjd.cloudfront.net/logos/networks/crunchyroll/selected-dark-mode.png selected_light_mode:https://d36rlb2fgh8cjd.cloudfront.net/logos/networks/crunchyroll/selected-light-mode.png unselected_dark_mode:https://d36rlb2fgh8cjd.cloudfront.net/logos/networks/crunchyroll/unselected-dark-mode.png unselected_light_mode:https://d36rlb2fgh8cjd.cloudfront.net/logos/networks/crunchyroll/unselected-light-mode.png] name_slug:crunchyroll-910b5ad1-dfc7-46ed-a28a-861754e6a8b5 network_id:910b5ad1-dfc7-46ed-a28a-861754e6a8b5 platform:<nil> platform_type:purchase type:network_platform_source updated_at:1.68202396e+09],6667863,selection,13991889,where-did-you,267440,Attack on Titan,3,3
13991889,0f3163f7-11f4-4032-bdf1-04b5c3e7fdfe,2023-04-01 17:05:00,map[app_bundle_id:com.amazon.avod.thirdpartyclient app_download_link:<nil> app_link:https://app.primevideo.com/detail?gti=amzn1.dv.gti.ce3a3b69-10a1-4bfc-8459-1b48bce3a53e app_name:Amazon Prime Video country:AR created_at:1.680368696e+09 display_name:Amazon Prime Video external_id:6f0be1d1-4db0-48e3-a8ac-7dbd7e023295 external_source_type:SVOD is_cascaded:false logo_color:#00A8E1 logo_name:A logo_url:<nil> logos:map[selected_dark_mode:https://d36rlb2fgh8cjd.cloudfront.net/logos/networks/amazonprimevideo/selected-dark-mode.png selected_light_mode:https://d36rlb2fgh8cjd.cloudfront.net/logos/networks/amazonprimevideo/selected-light-mode.png unselected_dark_mode:https://d36rlb2fgh8cjd.cloudfront.net/logos/networks/amazonprimevideo/unselected-dark-mode.png unselected_light_mode:https://d36rlb2fgh8cjd.cloudfront.net/logos/networks/amazonprimevideo/unselected-light-mode.png] name_slug:amazon-prime-video-6f0be1d1-4db0-48e3-a8ac-7dbd7e023295 network_id:6f0be1d1-4db0-48e3-a8ac-7dbd7e023295 platform:<nil> platform_type:purchase type:network_platform_source updated_at:1.680368696e+09],0,selection,13991889,where-did-you,806dfa10-ad40-4e60-a878-ba49a8326f03,,,
13991889,043b1bff-db58-4174-9366-43020161129c,2025-10-13 00:42:54,map[app_bundle_id:<nil> app_download_link:<nil> app_link:<nil> app_name:Otro country:US created_at:1.760316174e+09 display_name:Otro external_id:tvtime-other-US external_source_type:<nil> full_logo_url:<nil> is_cascaded:false logo_color:#ff777777 logo_name:* logo_url:<nil> logos:map[selected_dark_mode:https://d36rlb2fgh8cjd.cloudfront.net/logos/networks/other/selected-dark-mode.png selected_light_mode:https://d36rlb2fgh8cjd.cloudfront.net/logos/networks/other/selected-light-mode.png unselected_dark_mode:https://d36rlb2fgh8cjd.cloudfront.net/logos/networks/other/unselected-dark-mode.png unselected_light_mode:https://d36rlb2fgh8cjd.cloudfront.net/logos/networks/other/unselected-light-mode.png] name_slug:other-01109d08-7513-4ddd-8990-6799d11004b8 network_id:01109d08-7513-4ddd-8990-6799d11004b8 platform:other platform_type:other type:network_platform_source updated_at:1.760316174e+09],0,selection,13991889,where-did-you,1da58856-435b-429d-a925-3b73656d3250,,,
7555474-13991889,04dd87ee-61d7-42f8-be6f-78a38b947525,2022-04-30 18:25:30,map[app_bundle_id:com.netflix.mediaclient app_download_link:<nil> app_link:https://www.netflix.com/watch/81232205 app_name:Netflix country:US created_at:1.651343126e+09 display_name:Netflix external_id:018b6a69-a6dc-43a9-b39f-d81ab255c30a external_source_type:SVOD is_cascaded:false logo_color:#e80000 logo_name:N logo_url:https://d36rlb2fgh8cjd.cloudfront.net/logos/networks/network-netflix-logo.png logos:map[selected_dark_mode:https://d36rlb2fgh8cjd.cloudfront.net/logos/networks/netflix/selected-dark-mode.png selected_light_mode:https://d36rlb2fgh8cjd.cloudfront.net/logos/networks/netflix/selected-light-mode.png unselected_dark_mode:https://d36rlb2fgh8cjd.cloudfront.net/logos/networks/netflix/unselected-dark-mode.png unselected_light_mode:https://d36rlb2fgh8cjd.cloudfront.net/logos/networks/netflix/unselected-light-mode.png] name_slug:netflix-018b6a69-a6dc-43a9-b39f-d81ab255c30a network_id:018b6a69-a6dc-43a9-b39f-d81ab255c30a platform:<nil> platform_type:purchase type:network_platform_source updated_at:1.651343126e+09],7555474,selection,13991889,where-did-you,273181,Better Call Saul,5,6
6709632-13991889,c5c0bfa4-9b52-4584-9fd6-85e8904c6ce6,2022-04-30 18:27:42,map[app_bundle_id:com.netflix.mediaclient app_download_link:<nil> app_link:https://www.netflix.com/watch/80235109 app_name:Netflix country:US created_at:1.65134128e+09 display_name:Netflix external_id:018b6a69-a6dc-43a9-b39f-d81ab255c30a external_source_type:SVOD is_cascaded:false logo_color:#e80000 logo_name:N logo_url:https://d36rlb2fgh8cjd.cloudfront.net/logos/networks/network-netflix-logo.png logos:map[selected_dark_mode:https://d36rlb2fgh8cjd.cloudfront.net/logos/networks/netflix/selected-dark-mode.png selected_light_mode:https://d36rlb2fgh8cjd.cloudfront.net/logos/networks/netflix/selected-light-mode.png unselected_dark_mode:https://d36rlb2fgh8cjd.cloudfront.net/logos/networks/netflix/unselected-dark-mode.png unselected_light_mode:https://d36rlb2fgh8cjd.cloudfront.net/logos/networks/netflix/unselected-light-mode.png] name_slug:netflix-018b6a69-a6dc-43a9-b39f-d81ab255c30a network_id:018b6a69-a6dc-43a9-b39f-d81ab255c30a platform:<nil> platform_type:purchase type:network_platform_source updated_at:1.65134128e+09],6709632,selection,13991889,where-did-you,273181,Better Call Saul,4,1
13991889,3416985f-bb2a-4cd7-b8f0-dc6719bea2a0,2022-02-22 23:54:33,map[app_bundle_id:com.netflix.mediaclient app_download_link:<nil> app_link:https://www.netflix.com/title/81263946 app_name:Netflix country:US created_at:1.645574066e+09 display_name:Netflix external_id:018b6a69-a6dc-43a9-b39f-d81ab255c30a external_source_type:SVOD is_cascaded:false logo_color:#e80000 logo_name:N logo_url:https://d36rlb2fgh8cjd.cloudfront.net/logos/networks/network-netflix-logo.png logos:map[selected_dark_mode:https://d36rlb2fgh8cjd.cloudfront.net/logos/networks/netflix/selected-dark-mode.png selected_light_mode:https://d36rlb2fgh8cjd.cloudfront.net/logos/networks/netflix/selected-light-mode.png unselected_dark_mode:https://d36rlb2fgh8cjd.cloudfront.net/logos/networks/netflix/unselected-dark-mode.png unselected_light_mode:https://d36rlb2fgh8cjd.cloudfront.net/logos/networks/netflix/unselected-light-mode.png] name_slug:netflix-018b6a69-a6dc-43a9-b39f-d81ab255c30a network_id:018b6a69-a6dc-43a9-b39f-d81ab255c30a platform:<nil> platform_type:purchase type:network_platform_source updated_at:1.645574066e+09],0,selection,13991889,where-did-you,90939db3-4946-4d56-ac42-21660616df35,,,
7501639-13991889,28aff3a3-a0ea-45a5-ace3-6940a1e1dbdc,2023-03-28 21:00:06,map[app_bundle_id:<nil> app_download_link:<nil> app_link:https://tv.apple.com/ar/episode/piloto/umc.cmc.4nophqr1ztliqnbyeh0i7nnn2?showId=umc.cmc.1nfdfd5zlk05fo1bwwetzldy3 app_name:Apple TV+ country:AR created_at:1.680037204e+09 display_name:Apple TV+ external_id:81d9ea47-4e1d-4d29-9248-d5eafca28f85 external_source_type:SVOD is_cascaded:false logo_color:<nil> logo_name:A logo_url:https://d36rlb2fgh8cjd.cloudfront.net/logos/networks/network-apple-logo.png logos:map[selected_dark_mode:https://d36rlb2fgh8cjd.cloudfront.net/logos/networks/appletv/selected-dark-mode.png selected_light_mode:https://d36rlb2fgh8cjd.cloudfront.net/logos/networks/appletv/selected-light-mode.png unselected_dark_mode:https://d36rlb2fgh8cjd.cloudfront.net/logos/networks/appletv/unselected-dark-mode.png unselected_light_mode:https://d36rlb2fgh8cjd.cloudfront.net/logos/networks/appletv/unselected-light-mode.png] name_slug:apple-tv+-81d9ea47-4e1d-4d29-9248-d5eafca28f85 network_id:81d9ea47-4e1d-4d29-9248-d5eafca28f85 platform:<nil> platform_type:purchase type:network_platform_source updated_at:1.680037204e+09],7501639,selection,13991889,where-did-you,362829,Mythic Quest,1,1
13991889,70f38be7-60b8-4a64-8d46-b1e5e4de2234,2024-10-01 15:12:06,map[app_bundle_id:com.netflix.mediaclient app_download_link:<nil> app_link:https://www.netflix.com/ar/title/81002266 app_name:Netflix country:AR created_at:1.727795522e+09 display_name:Netflix external_id:dc1c9ef7-2d49-49fa-a86b-a78152e3b71b external_source_type:SVOD full_logo_url:<nil> is_cascaded:false logo_color:#e80000 logo_name:N logo_url:https://d36rlb2fgh8cjd.cloudfront.net/logos/networks/network-netflix-logo.png logos:map[selected_dark_mode:https://d36rlb2fgh8cjd.cloudfront.net/logos/networks/netflix/selected-dark-mode.png selected_light_mode:https://d36rlb2fgh8cjd.cloudfront.net/logos/networks/netflix/selected-light-mode.png unselected_dark_mode:https://d36rlb2fgh8cjd.cloudfront.net/logos/networks/netflix/unselected-dark-mode.png unselected_light_mode:https://d36rlb2fgh8cjd.cloudfront.net/logos/networks/netflix/unselected-light-mode.png] name_slug:netflix-dc1c9ef7-2d49-49fa-a86b-a78152e3b71b network_id:dc1c9ef7-2d49-49fa-a86b-a78152e3b71b platform:web platform_type:purchase type:network_platform_source updated_at:1.727795522e+09],0,selection,13991889,where-did-you,3b40d461-69b6-4303-b1fe-07f1545894c7,,,
10165016-13991889,32f2f926-4134-4f19-bda2-129dfcc47714,2024-12-08 16:18:28,map[app_bundle_id:com.netflix.mediaclient app_download_link:<nil> app_link:https://www.netflix.com/watch/81736886 app_name:Netflix country:AR created_at:1.733674706e+09 display_name:Netflix external_id:dc1c9ef7-2d49-49fa-a86b-a78152e3b71b external_source_type:SVOD full_logo_url:<nil> is_cascaded:false logo_color:#e80000 logo_name:N logo_url:https://d36rlb2fgh8cjd.cloudfront.net/logos/networks/network-netflix-logo.png logos:map[selected_dark_mode:https://d36rlb2fgh8cjd.cloudfront.net/logos/networks/netflix/selected-dark-mode.png selected_light_mode:https://d36rlb2fgh8cjd.cloudfront.net/logos/networks/netflix/selected-light-mode.png unselected_dark_mode:https://d36rlb2fgh8cjd.cloudfront.net/logos/networks/netflix/unselected-dark-mode.png unselected_light_mode:https://d36rlb2fgh8cjd.cloudfront.net/logos/networks/netflix/unselected-light-mode.png] name_slug:netflix-dc1c9ef7-2d49-49fa-a86b-a78152e3b71b network_id:dc1c9ef7-2d49-49fa-a86b-a78152e3b71b platform:web platform_type:purchase type:network_platform_source updated_at:1.733674706e+09],10165016,selection,13991889,where-did-you,432832,DAN DA DAN,1,1
7501874-13991889,f036ffe1-cf6a-418d-b4bf-ab2e3ef19561,2023-03-28 20:59:56,map[app_bundle_id:<nil> app_download_link:<nil> app_link:https://tv.apple.com/ar/episode/brendan/umc.cmc.2yj3ln6jbih2t3dr689xuslnh?showId=umc.cmc.1nfdfd5zlk05fo1bwwetzldy3 app_name:Apple TV+ country:AR created_at:1.680037194e+09 display_name:Apple TV+ external_id:81d9ea47-4e1d-4d29-9248-d5eafca28f85 external_source_type:SVOD is_cascaded:false logo_color:<nil> logo_name:A logo_url:https://d36rlb2fgh8cjd.cloudfront.net/logos/networks/network-apple-logo.png logos:map[selected_dark_mode:https://d36rlb2fgh8cjd.cloudfront.net/logos/networks/appletv/selected-dark-mode.png selected_light_mode:https://d36rlb2fgh8cjd.cloudfront.net/logos/networks/appletv/selected-light-mode.png unselected_dark_mode:https://d36rlb2fgh8cjd.cloudfront.net/logos/networks/appletv/unselected-dark-mode.png unselected_light_mode:https://d36rlb2fgh8cjd.cloudfront.net/logos/networks/appletv/unselected-light-mode.png] name_slug:apple-tv+-81d9ea47-4e1d-4d29-9248-d5eafca28f85 network_id:81d9ea47-4e1d-4d29-9248-d5eafca28f85 platform:<nil> platform_type:purchase type:network_platform_source updated_at:1.680037194e+09],7501874,selection,13991889,where-did-you,362829,Mythic Quest,1,8
13991889,ffb57157-96f3-451e-b8c8-81a3d57aa2e5,2021-05-24 00:29:56,map[app_bundle_id:<nil> app_download_link:<nil> app_link:<nil> app_name:Unofficial country:us created_at:1.559112773e+09 display_name:Unofficial external_id:tvtime-unofficial logo_color:#777777 logo_name:* logo_url:<nil> logos:map[selected_dark_mode:https://d36rlb2fgh8cjd.cloudfront.net/logos/networks/unofficial/selected-dark-mode.png selected_light_mode:https://d36rlb2fgh8cjd.cloudfront.net/logos/networks/unofficial/selected-light-mode.png unselected_dark_mode:https://d36rlb2fgh8cjd.cloudfront.net/logos/networks/unofficial/unselected-dark-mode.png unselected_light_mode:https://d36rlb2fgh8cjd.cloudfront.net/logos/networks/unofficial/unselected-light-mode.png] name_slug:unofficial-5dea16e9-fe85-4c85-83a1-b3ba4dc14a30 network_id:5dea16e9-fe85-4c85-83a1-b3ba4dc14a30 platform:unofficial platform_type:unofficial type:network_platform_source updated_at:1.559112773e+09],0,selection,13991889,where-did-you,55170f7a-c89f-422a-a1d6-6f0e658bbac8,,,
13991889,d2c37cb8-89e7-4e36-a565-dae9bf5d994a,2023-09-07 01:11:21,map[app_bundle_id:<nil> app_download_link:<nil> app_link:<nil> app_name:Theater country:AR created_at:1.559112773e+09 display_name:Theater external_id:tvtime-theater-AR external_source_type:<nil> is_cascaded:false logo_color:#777777 logo_name:* logo_url:<nil> logos:map[selected_dark_mode:https://d36rlb2fgh8cjd.cloudfront.net/logos/networks/theater/selected-dark-mode.png selected_light_mode:https://d36rlb2fgh8cjd.cloudfront.net/logos/networks/theater/selected-light-mode.png unselected_dark_mode:https://d36rlb2fgh8cjd.cloudfront.net/logos/networks/theater/unselected-dark-mode.png unselected_light_mode:https://d36rlb2fgh8cjd.cloudfront.net/logos/networks/theater/unselected-light-mode.png] name_slug:theater-2f1147ab-2503-45e7-bb42-15a1446ca897 network_id:2f1147ab-2503-45e7-bb42-15a1446ca897 platform:theater platform_type:theater type:network_platform_source updated_at:1.559112773e+09],0,selection,13991889,where-did-you,9adb5ec5-a5c7-4cc8-8b10-b69f8944bfbf,,,
13991889,cb7be3b3-31f6-4331-b9f4-c37569aa6008,2024-05-16 03:43:46,map[app_bundle_id:com.amazon.avod.thirdpartyclient app_download_link:<nil> app_link:https://www.amazon.com/gp/video/detail/B0B8MY3YZN app_name:Amazon Prime Video country:US created_at:1.715824979e+09 display_name:Amazon Prime Video external_id:e9df6e8e-f08a-484a-9957-6f8a76950df1 external_source_type:SVOD is_cascaded:false logo_color:#00A8E1 logo_name:A logo_url:<nil> logos:map[selected_dark_mode:https://d36rlb2fgh8cjd.cloudfront.net/logos/networks/amazonprimevideo/selected-dark-mode.png selected_light_mode:https://d36rlb2fgh8cjd.cloudfront.net/logos/networks/amazonprimevideo/selected-light-mode.png unselected_dark_mode:https://d36rlb2fgh8cjd.cloudfront.net/logos/networks/amazonprimevideo/unselected-dark-mode.png unselected_light_mode:https://d36rlb2fgh8cjd.cloudfront.net/logos/networks/amazonprimevideo/unselected-light-mode.png] name_slug:amazon-prime-video-e9df6e8e-f08a-484a-9957-6f8a76950df1 network_id:e9df6e8e-f08a-484a-9957-6f8a76950df1 platform:web platform_type:purchase type:network_platform_source updated_at:1.715824979e+09],0,selection,13991889,where-did-you,1b7364e3-7e66-4a16-9675-59b710a5df52,,,
4077754-13991889,fefa7ddb-aa28-4595-89df-fb99aa006daf,2023-11-03 02:35:32,map[app_bundle_id:com.netflix.mediaclient app_download_link:<nil> app_link:https://www.netflix.com/watch/70283145 app_name:Netflix country:AR created_at:1.69897893e+09 display_name:Netflix external_id:dc1c9ef7-2d49-49fa-a86b-a78152e3b71b external_source_type:SVOD is_cascaded:false logo_color:#e80000 logo_name:N logo_url:https://d36rlb2fgh8cjd.cloudfront.net/logos/networks/network-netflix-logo.png logos:map[selected_dark_mode:https://d36rlb2fgh8cjd.cloudfront.net/logos/networks/netflix/selected-dark-mode.png selected_light_mode:https://d36rlb2fgh8cjd.cloudfront.net/logos/networks/netflix/selected-light-mode.png unselected_dark_mode:https://d36rlb2fgh8cjd.cloudfront.net/logos/networks/netflix/unselected-dark-mode.png unselected_light_mode:https://d36rlb2fgh8cjd.cloudfront.net/logos/networks/netflix/unselected-light-mode.png] name_slug:netflix-dc1c9ef7-2d49-49fa-a86b-a78152e3b71b network_id:dc1c9ef7-2d49-49fa-a86b-a78152e3b71b platform:<nil> platform_type:purchase type:network_platform_source updated_at:1.69897893e+09],4077754,selection,13991889,where-did-you,247808,Suits,1,1
13991889,99e0b229-5c0f-4dea-9381-a646b3c22b25,2026-05-10 04:22:43,map[app_bundle_id:<nil> app_download_link:<nil> app_link:<nil> app_name:Theater country:US created_at:1.559112773e+09 display_name:Theater external_id:tvtime-theater-US external_source_type:<nil> full_logo_url:<nil> is_cascaded:false logo_color:#777777 logo_name:* logo_url:<nil> logos:map[selected_dark_mode:https://d36rlb2fgh8cjd.cloudfront.net/logos/networks/theater/selected-dark-mode.png selected_light_mode:https://d36rlb2fgh8cjd.cloudfront.net/logos/networks/theater/selected-light-mode.png unselected_dark_mode:https://d36rlb2fgh8cjd.cloudfront.net/logos/networks/theater/unselected-dark-mode.png unselected_light_mode:https://d36rlb2fgh8cjd.cloudfront.net/logos/networks/theater/unselected-light-mode.png] name_slug:theater-2f1147ab-2503-45e7-bb42-15a1446ca897 network_id:2f1147ab-2503-45e7-bb42-15a1446ca897 platform:theater platform_type:theater type:network_platform_source updated_at:1.559112773e+09],0,selection,13991889,where-did-you,a4b14e7e-ceac-4a46-bac2-da5d0da275a6,,,
8912625-13991889,989fe012-6a05-4c72-90b6-02108148244b,2023-01-06 20:34:08,map[app_bundle_id:<nil> app_download_link:<nil> app_link:<nil> app_name:Unofficial country:us created_at:1.559112773e+09 display_name:Unofficial external_id:tvtime-unofficial external_source_type:<nil> is_cascaded:false logo_color:#777777 logo_name:* logo_url:<nil> logos:map[selected_dark_mode:https://d36rlb2fgh8cjd.cloudfront.net/logos/networks/unofficial/selected-dark-mode.png selected_light_mode:https://d36rlb2fgh8cjd.cloudfront.net/logos/networks/unofficial/selected-light-mode.png unselected_dark_mode:https://d36rlb2fgh8cjd.cloudfront.net/logos/networks/unofficial/unselected-dark-mode.png unselected_light_mode:https://d36rlb2fgh8cjd.cloudfront.net/logos/networks/unofficial/unselected-light-mode.png] name_slug:unofficial-5dea16e9-fe85-4c85-83a1-b3ba4dc14a30 network_id:5dea16e9-fe85-4c85-83a1-b3ba4dc14a30 platform:unofficial platform_type:unofficial type:network_platform_source updated_at:1.559112773e+09],8912625,selection,13991889,where-did-you,355774,Dr. STONE,0,2
13991889,5f71b381-d176-46fa-a3c7-459b40e8be51,2024-03-03 23:24:26,map[app_bundle_id:<nil> app_download_link:<nil> app_link:<nil> app_name:Other country:AR created_at:1.559112773e+09 display_name:Other external_id:tvtime-other-AR external_source_type:<nil> is_cascaded:false logo_color:#777777 logo_name:* logo_url:<nil> logos:map[selected_dark_mode:https://d36rlb2fgh8cjd.cloudfront.net/logos/networks/other/selected-dark-mode.png selected_light_mode:https://d36rlb2fgh8cjd.cloudfront.net/logos/networks/other/selected-light-mode.png unselected_dark_mode:https://d36rlb2fgh8cjd.cloudfront.net/logos/networks/other/unselected-dark-mode.png unselected_light_mode:https://d36rlb2fgh8cjd.cloudfront.net/logos/networks/other/unselected-light-mode.png] name_slug:other-01109d08-7513-4ddd-8990-6799d11004b8 network_id:01109d08-7513-4ddd-8990-6799d11004b8 platform:other platform_type:other type:network_platform_source updated_at:1.559112773e+09],0,selection,13991889,where-did-you,91b6f09c-ef66-4f73-8fb9-07ef87fc608b,,,
13991889,8852a95c-e1f9-4b1e-93ee-ed066c091142,2023-07-24 02:29:43,map[app_bundle_id:<nil> app_download_link:<nil> app_link:<nil> app_name:Other country:AR created_at:1.559112773e+09 display_name:Other external_id:tvtime-other-AR external_source_type:<nil> is_cascaded:false logo_color:#777777 logo_name:* logo_url:<nil> logos:map[selected_dark_mode:https://d36rlb2fgh8cjd.cloudfront.net/logos/networks/other/selected-dark-mode.png selected_light_mode:https://d36rlb2fgh8cjd.cloudfront.net/logos/networks/other/selected-light-mode.png unselected_dark_mode:https://d36rlb2fgh8cjd.cloudfront.net/logos/networks/other/unselected-dark-mode.png unselected_light_mode:https://d36rlb2fgh8cjd.cloudfront.net/logos/networks/other/unselected-light-mode.png] name_slug:other-01109d08-7513-4ddd-8990-6799d11004b8 network_id:01109d08-7513-4ddd-8990-6799d11004b8 platform:other platform_type:other type:network_platform_source updated_at:1.559112773e+09],0,selection,13991889,where-did-you,03152034-a8ec-4d40-a18c-9dd1cecec6fa,,,
13991889,720439c6-def9-476f-9450-90b56969ce06,2022-03-13 10:05:54,map[app_bundle_id:<nil> app_download_link:<nil> app_link:<nil> app_name:Theater country:US created_at:1.559112773e+09 display_name:Theater external_id:tvtime-theater-US external_source_type:<nil> is_cascaded:false logo_color:#777777 logo_name:* logo_url:<nil> logos:map[selected_dark_mode:https://d36rlb2fgh8cjd.cloudfront.net/logos/networks/theater/selected-dark-mode.png selected_light_mode:https://d36rlb2fgh8cjd.cloudfront.net/logos/networks/theater/selected-light-mode.png unselected_dark_mode:https://d36rlb2fgh8cjd.cloudfront.net/logos/networks/theater/unselected-dark-mode.png unselected_light_mode:https://d36rlb2fgh8cjd.cloudfront.net/logos/networks/theater/unselected-light-mode.png] name_slug:theater-2f1147ab-2503-45e7-bb42-15a1446ca897 network_id:2f1147ab-2503-45e7-bb42-15a1446ca897 platform:theater platform_type:theater type:network_platform_source updated_at:1.559112773e+09],0,selection,13991889,where-did-you,01d4581e-5764-4597-aad9-46fadc47ae62,,,
13991889,dc8ff3b2-192b-4752-a8ae-5449a190ac2b,2023-10-15 04:25:25,map[app_bundle_id:<nil> app_download_link:<nil> app_link:https://web.flow.com.ar/peliculas/gran-turismo/39959457 app_name:Flow country:AR created_at:1.697342129e+09 display_name:Flow external_id:b1186f8f-5598-4cf6-9495-5fecac71aabc external_source_type:TVE is_cascaded:false logo_color:#000000 logo_name:C logo_url:<nil> logos:map[selected_dark_mode:https://d36rlb2fgh8cjd.cloudfront.net/logos/networks/flow/selected-dark-mode.png selected_light_mode:https://d36rlb2fgh8cjd.cloudfront.net/logos/networks/flow/selected-light-mode.png unselected_dark_mode:https://d36rlb2fgh8cjd.cloudfront.net/logos/networks/flow/unselected-dark-mode.png unselected_light_mode:https://d36rlb2fgh8cjd.cloudfront.net/logos/networks/flow/unselected-light-mode.png] name_slug:flow-b1186f8f-5598-4cf6-9495-5fecac71aabc network_id:b1186f8f-5598-4cf6-9495-5fecac71aabc platform:<nil> platform_type:tv_everywhere type:network_platform_source updated_at:1.697342129e+09],0,selection,13991889,where-did-you,55e0f002-e606-4b74-8caf-ae70138a6bb0,,,
13991889,d7588f33-e219-43f9-9f6b-dbe7ede2c32c,2020-11-22 01:36:48,map[app_bundle_id:<nil> app_download_link:<nil> app_link:<nil> app_name:Unofficial country:us created_at:1.559112773e+09 display_name:Unofficial external_id:tvtime-unofficial logo_color:#777777 logo_name:* logo_url:<nil> logos:map[selected_dark_mode:https://d36rlb2fgh8cjd.cloudfront.net/logos/networks/unofficial/selected-dark-mode.png selected_light_mode:https://d36rlb2fgh8cjd.cloudfront.net/logos/networks/unofficial/selected-light-mode.png unselected_dark_mode:https://d36rlb2fgh8cjd.cloudfront.net/logos/networks/unofficial/unselected-dark-mode.png unselected_light_mode:https://d36rlb2fgh8cjd.cloudfront.net/logos/networks/unofficial/unselected-light-mode.png] name_slug:unofficial-5dea16e9-fe85-4c85-83a1-b3ba4dc14a30 network_id:5dea16e9-fe85-4c85-83a1-b3ba4dc14a30 platform:unofficial platform_type:unofficial type:network_platform_source updated_at:1.559112773e+09],0,selection,13991889,where-did-you,378619be-c336-4907-8ebe-0e8081b33b35,,,
13991889,30776915-52eb-4a5c-805f-64ad0b27053c,2026-04-19 05:01:59,map[app_bundle_id:com.amazon.avod.thirdpartyclient app_download_link:<nil> app_link:https://www.amazon.com/gp/video/detail/B0FK35CCNJ app_name:Amazon Prime Video country:US created_at:1.77656721e+09 display_name:Amazon Prime Video external_id:e9df6e8e-f08a-484a-9957-6f8a76950df1 external_source_type:TVOD full_logo_url:<nil> is_cascaded:false logo_color:#00A8E1 logo_name:A logo_url:<nil> logos:map[selected_dark_mode:https://d36rlb2fgh8cjd.cloudfront.net/logos/networks/amazonprimevideo/selected-dark-mode.png selected_light_mode:https://d36rlb2fgh8cjd.cloudfront.net/logos/networks/amazonprimevideo/selected-light-mode.png unselected_dark_mode:https://d36rlb2fgh8cjd.cloudfront.net/logos/networks/amazonprimevideo/unselected-dark-mode.png unselected_light_mode:https://d36rlb2fgh8cjd.cloudfront.net/logos/networks/amazonprimevideo/unselected-light-mode.png] name_slug:amazon-prime-video-e9df6e8e-f08a-484a-9957-6f8a76950df1 network_id:e9df6e8e-f08a-484a-9957-6f8a76950df1 platform:web platform_type:purchase type:network_platform_source updated_at:1.77656721e+09],0,selection,13991889,where-did-you,60491d0c-3558-4257-b1c0-5d38ca46dc78,,,
8865290-13991889,7e03a1a1-47b6-4ad5-b1ae-0bccc217061e,2024-01-05 02:25:50,map[app_bundle_id:com.netflix.mediaclient app_download_link:<nil> app_link:https://www.netflix.com/watch/81586786 app_name:Netflix country:AR created_at:1.704417885e+09 display_name:Netflix external_id:dc1c9ef7-2d49-49fa-a86b-a78152e3b71b external_source_type:SVOD is_cascaded:false logo_color:#e80000 logo_name:N logo_url:https://d36rlb2fgh8cjd.cloudfront.net/logos/networks/network-netflix-logo.png logos:map[selected_dark_mode:https://d36rlb2fgh8cjd.cloudfront.net/logos/networks/netflix/selected-dark-mode.png selected_light_mode:https://d36rlb2fgh8cjd.cloudfront.net/logos/networks/netflix/selected-light-mode.png unselected_dark_mode:https://d36rlb2fgh8cjd.cloudfront.net/logos/networks/netflix/unselected-dark-mode.png unselected_light_mode:https://d36rlb2fgh8cjd.cloudfront.net/logos/networks/netflix/unselected-light-mode.png] name_slug:netflix-dc1c9ef7-2d49-49fa-a86b-a78152e3b71b network_id:dc1c9ef7-2d49-49fa-a86b-a78152e3b71b platform:web platform_type:purchase type:network_platform_source updated_at:1.704417885e+09],8865290,selection,13991889,where-did-you,413033,Berlin (2023),1,1
13991889,40906587-fb66-4d7d-b8e7-a09f24b232cb,2023-07-02 03:16:46,map[app_bundle_id:<nil> app_download_link:<nil> app_link:<nil> app_name:Other country:AR created_at:1.559112773e+09 display_name:Other external_id:tvtime-other-AR external_source_type:<nil> is_cascaded:false logo_color:#777777 logo_name:* logo_url:<nil> logos:map[selected_dark_mode:https://d36rlb2fgh8cjd.cloudfront.net/logos/networks/other/selected-dark-mode.png selected_light_mode:https://d36rlb2fgh8cjd.cloudfront.net/logos/networks/other/selected-light-mode.png unselected_dark_mode:https://d36rlb2fgh8cjd.cloudfront.net/logos/networks/other/unselected-dark-mode.png unselected_light_mode:https://d36rlb2fgh8cjd.cloudfront.net/logos/networks/other/unselected-light-mode.png] name_slug:other-01109d08-7513-4ddd-8990-6799d11004b8 network_id:01109d08-7513-4ddd-8990-6799d11004b8 platform:other platform_type:other type:network_platform_source updated_at:1.559112773e+09],0,selection,13991889,where-did-you,f9656943-8d07-4f47-8a77-0d59869f1d6e,,,
13991889,d56c214c-688b-41aa-8f34-2ebe792a5d4a,2023-04-08 17:25:54,map[app_bundle_id:com.amazon.avod.thirdpartyclient app_download_link:<nil> app_link:https://app.primevideo.com/detail?gti=amzn1.dv.gti.134062a5-90d7-4427-a7ae-ce967e2d448e app_name:Amazon Prime Video country:AR created_at:1.680974745e+09 display_name:Amazon Prime Video external_id:6f0be1d1-4db0-48e3-a8ac-7dbd7e023295 external_source_type:SVOD is_cascaded:false logo_color:#00A8E1 logo_name:A logo_url:<nil> logos:map[selected_dark_mode:https://d36rlb2fgh8cjd.cloudfront.net/logos/networks/amazonprimevideo/selected-dark-mode.png selected_light_mode:https://d36rlb2fgh8cjd.cloudfront.net/logos/networks/amazonprimevideo/selected-light-mode.png unselected_dark_mode:https://d36rlb2fgh8cjd.cloudfront.net/logos/networks/amazonprimevideo/unselected-dark-mode.png unselected_light_mode:https://d36rlb2fgh8cjd.cloudfront.net/logos/networks/amazonprimevideo/unselected-light-mode.png] name_slug:amazon-prime-video-6f0be1d1-4db0-48e3-a8ac-7dbd7e023295 network_id:6f0be1d1-4db0-48e3-a8ac-7dbd7e023295 platform:<nil> platform_type:purchase type:network_platform_source updated_at:1.680974745e+09],0,selection,13991889,where-did-you,03410eb0-bcd8-403a-b308-c1583a8062af,,,
9664518-13991889,2a5a0753-bfdc-441a-8604-e87ba21f7c5d,2023-03-18 02:26:10,map[app_bundle_id:com.amazon.avod.thirdpartyclient app_download_link:<nil> app_link:<nil> app_name:Amazon Prime Video country:AR created_at:1.67910637e+09 display_name:Amazon Prime Video external_id:tvtime-amazonprimevideo external_source_type:<nil> is_cascaded:false logo_color:#f79833 logo_name:A logo_url:<nil> logos:map[selected_dark_mode:https://d36rlb2fgh8cjd.cloudfront.net/logos/networks/amazonprimevideo/selected-dark-mode.png selected_light_mode:https://d36rlb2fgh8cjd.cloudfront.net/logos/networks/amazonprimevideo/selected-light-mode.png unselected_dark_mode:https://d36rlb2fgh8cjd.cloudfront.net/logos/networks/amazonprimevideo/unselected-dark-mode.png unselected_light_mode:https://d36rlb2fgh8cjd.cloudfront.net/logos/networks/amazonprimevideo/unselected-light-mode.png] name_slug:amazonprimevideo-05fdfe9e-3184-4fbe-aff5-33b07a836c1e network_id:05fdfe9e-3184-4fbe-aff5-33b07a836c1e platform:other platform_type:other type:network_platform_source updated_at:1.67910637e+09],9664518,selection,13991889,where-did-you,431713,LOL: Last One Laughing Argentina,1,2
13991889,fb7eb7b4-42b4-4c27-a39a-5daacbe11629,2024-07-15 02:03:27,map[app_bundle_id:com.amazon.avod.thirdpartyclient app_download_link:<nil> app_link:https://www.amazon.com/gp/video/detail/B01JB7ATB2 app_name:Amazon Prime Video country:US created_at:1.720975908e+09 display_name:Amazon Prime Video external_id:e9df6e8e-f08a-484a-9957-6f8a76950df1 external_source_type:TVOD full_logo_url:<nil> is_cascaded:false logo_color:#00A8E1 logo_name:A logo_url:<nil> logos:map[selected_dark_mode:https://d36rlb2fgh8cjd.cloudfront.net/logos/networks/amazonprimevideo/selected-dark-mode.png selected_light_mode:https://d36rlb2fgh8cjd.cloudfront.net/logos/networks/amazonprimevideo/selected-light-mode.png unselected_dark_mode:https://d36rlb2fgh8cjd.cloudfront.net/logos/networks/amazonprimevideo/unselected-dark-mode.png unselected_light_mode:https://d36rlb2fgh8cjd.cloudfront.net/logos/networks/amazonprimevideo/unselected-light-mode.png] name_slug:amazon-prime-video-e9df6e8e-f08a-484a-9957-6f8a76950df1 network_id:e9df6e8e-f08a-484a-9957-6f8a76950df1 platform:web platform_type:purchase type:network_platform_source updated_at:1.720975908e+09],0,selection,13991889,where-did-you,a2f4f40e-e26c-4dbd-9bc3-1061df15f7f7,,,
13991889,25493c5c-b124-44d8-8437-b9d3cc5cab20,2021-06-08 19:13:43,map[app_bundle_id:com.netflix.mediaclient app_download_link:<nil> app_link:https://www.netflix.com/title/70077549 app_name:Netflix country:AR created_at:1.62317961e+09 display_name:Netflix external_id:ar.netflix logo_color:#e80000 logo_name:N logo_url:https://d36rlb2fgh8cjd.cloudfront.net/logos/networks/network-netflix-logo.png logos:map[selected_dark_mode:https://d36rlb2fgh8cjd.cloudfront.net/logos/networks/netflix/selected-dark-mode.png selected_light_mode:https://d36rlb2fgh8cjd.cloudfront.net/logos/networks/netflix/selected-light-mode.png unselected_dark_mode:https://d36rlb2fgh8cjd.cloudfront.net/logos/networks/netflix/unselected-dark-mode.png unselected_light_mode:https://d36rlb2fgh8cjd.cloudfront.net/logos/networks/netflix/unselected-light-mode.png] name_slug:netflix-bd8d92ed-4d31-4630-b6b8-1e7254aa5cfc network_id:bd8d92ed-4d31-4630-b6b8-1e7254aa5cfc platform:<nil> platform_type:purchase type:network_platform_source updated_at:1.62317961e+09],0,selection,13991889,where-did-you,bee94e91-f6e0-4981-a541-8d2c7c4883db,,,
13991889,be871650-0a7b-49b9-a08b-5b890b32be99,2021-08-08 23:56:36,map[app_bundle_id:com.netflix.mediaclient app_download_link:<nil> app_link:https://www.netflix.com/title/81334750 app_name:Netflix country:AR created_at:1.628466984e+09 display_name:Netflix external_id:ar.netflix external_source_type:SVOD is_cascaded:false logo_color:#e80000 logo_name:N logo_url:https://d36rlb2fgh8cjd.cloudfront.net/logos/networks/network-netflix-logo.png logos:map[selected_dark_mode:https://d36rlb2fgh8cjd.cloudfront.net/logos/networks/netflix/selected-dark-mode.png selected_light_mode:https://d36rlb2fgh8cjd.cloudfront.net/logos/networks/netflix/selected-light-mode.png unselected_dark_mode:https://d36rlb2fgh8cjd.cloudfront.net/logos/networks/netflix/unselected-dark-mode.png unselected_light_mode:https://d36rlb2fgh8cjd.cloudfront.net/logos/networks/netflix/unselected-light-mode.png] name_slug:netflix-bd8d92ed-4d31-4630-b6b8-1e7254aa5cfc network_id:bd8d92ed-4d31-4630-b6b8-1e7254aa5cfc platform:<nil> platform_type:purchase type:network_platform_source updated_at:1.628466984e+09],0,selection,13991889,where-did-you,22b68765-df57-4575-85ee-0bc34e8eda95,,,
8723885-13991889,f7c11591-3d75-4cc3-b3f3-a218d595e30a,2024-06-21 16:12:50,map[app_bundle_id:com.netflix.mediaclient app_download_link:<nil> app_link:https://www.netflix.com/watch/81446668 app_name:Netflix country:US created_at:1.718923427e+09 display_name:Netflix external_id:018b6a69-a6dc-43a9-b39f-d81ab255c30a external_source_type:SVOD full_logo_url:<nil> is_cascaded:false logo_color:#e80000 logo_name:N logo_url:https://d36rlb2fgh8cjd.cloudfront.net/logos/networks/network-netflix-logo.png logos:map[selected_dark_mode:https://d36rlb2fgh8cjd.cloudfront.net/logos/networks/netflix/selected-dark-mode.png selected_light_mode:https://d36rlb2fgh8cjd.cloudfront.net/logos/networks/netflix/selected-light-mode.png unselected_dark_mode:https://d36rlb2fgh8cjd.cloudfront.net/logos/networks/netflix/unselected-dark-mode.png unselected_light_mode:https://d36rlb2fgh8cjd.cloudfront.net/logos/networks/netflix/unselected-light-mode.png] name_slug:netflix-018b6a69-a6dc-43a9-b39f-d81ab255c30a network_id:018b6a69-a6dc-43a9-b39f-d81ab255c30a platform:web platform_type:purchase type:network_platform_source updated_at:1.718923427e+09],8723885,selection,13991889,where-did-you,371028,Arcane,1,2
10040713-13991889,05ca73e6-32f4-43d0-9c17-06c04021db69,2024-01-05 02:25:29,map[app_bundle_id:com.netflix.mediaclient app_download_link:<nil> app_link:https://www.netflix.com/watch/81586791 app_name:Netflix country:AR created_at:1.704418665e+09 display_name:Netflix external_id:dc1c9ef7-2d49-49fa-a86b-a78152e3b71b external_source_type:SVOD is_cascaded:false logo_color:#e80000 logo_name:N logo_url:https://d36rlb2fgh8cjd.cloudfront.net/logos/networks/network-netflix-logo.png logos:map[selected_dark_mode:https://d36rlb2fgh8cjd.cloudfront.net/logos/networks/netflix/selected-dark-mode.png selected_light_mode:https://d36rlb2fgh8cjd.cloudfront.net/logos/networks/netflix/selected-light-mode.png unselected_dark_mode:https://d36rlb2fgh8cjd.cloudfront.net/logos/networks/netflix/unselected-dark-mode.png unselected_light_mode:https://d36rlb2fgh8cjd.cloudfront.net/logos/networks/netflix/unselected-light-mode.png] name_slug:netflix-dc1c9ef7-2d49-49fa-a86b-a78152e3b71b network_id:dc1c9ef7-2d49-49fa-a86b-a78152e3b71b platform:web platform_type:purchase type:network_platform_source updated_at:1.704418665e+09],10040713,selection,13991889,where-did-you,413033,Berlin (2023),1,6
13991889,71d5769b-bf08-48ea-a4ad-aaf32ee2c6b9,2022-03-29 04:49:22,map[app_bundle_id:<nil> app_download_link:<nil> app_link:<nil> app_name:Other country:US created_at:1.559112773e+09 display_name:Other external_id:tvtime-other-US external_source_type:<nil> is_cascaded:false logo_color:#777777 logo_name:* logo_url:<nil> logos:map[selected_dark_mode:https://d36rlb2fgh8cjd.cloudfront.net/logos/networks/other/selected-dark-mode.png selected_light_mode:https://d36rlb2fgh8cjd.cloudfront.net/logos/networks/other/selected-light-mode.png unselected_dark_mode:https://d36rlb2fgh8cjd.cloudfront.net/logos/networks/other/unselected-dark-mode.png unselected_light_mode:https://d36rlb2fgh8cjd.cloudfront.net/logos/networks/other/unselected-light-mode.png] name_slug:other-01109d08-7513-4ddd-8990-6799d11004b8 network_id:01109d08-7513-4ddd-8990-6799d11004b8 platform:other platform_type:other type:network_platform_source updated_at:1.559112773e+09],0,selection,13991889,where-did-you,1d0f574b-a686-48c2-8a90-e3fa718ed169,,,
13991889,5ce3dfeb-b4af-4e22-a611-7011d5f542cd,2023-06-20 05:49:39,map[app_bundle_id:<nil> app_download_link:<nil> app_link:<nil> app_name:Theater country:AR created_at:1.559112773e+09 display_name:Theater external_id:tvtime-theater-AR external_source_type:<nil> is_cascaded:false logo_color:#777777 logo_name:* logo_url:<nil> logos:map[selected_dark_mode:https://d36rlb2fgh8cjd.cloudfront.net/logos/networks/theater/selected-dark-mode.png selected_light_mode:https://d36rlb2fgh8cjd.cloudfront.net/logos/networks/theater/selected-light-mode.png unselected_dark_mode:https://d36rlb2fgh8cjd.cloudfront.net/logos/networks/theater/unselected-dark-mode.png unselected_light_mode:https://d36rlb2fgh8cjd.cloudfront.net/logos/networks/theater/unselected-light-mode.png] name_slug:theater-2f1147ab-2503-45e7-bb42-15a1446ca897 network_id:2f1147ab-2503-45e7-bb42-15a1446ca897 platform:theater platform_type:theater type:network_platform_source updated_at:1.559112773e+09],0,selection,13991889,where-did-you,fadbb018-b0e3-45be-aca4-59a817539996,,,
8307201-13991889,975fdafd-7712-425a-8c52-3318293b0ed6,2021-05-19 04:49:43,map[app_bundle_id:com.netflix.mediaclient app_download_link:<nil> app_link:https://www.netflix.com/watch/81224559 app_name:Netflix country:AR created_at:1.621399772e+09 display_name:Netflix external_id:ar.netflix logo_color:#e80000 logo_name:N logo_url:https://d36rlb2fgh8cjd.cloudfront.net/logos/networks/network-netflix-logo.png logos:map[selected_dark_mode:https://d36rlb2fgh8cjd.cloudfront.net/logos/networks/netflix/selected-dark-mode.png selected_light_mode:https://d36rlb2fgh8cjd.cloudfront.net/logos/networks/netflix/selected-light-mode.png unselected_dark_mode:https://d36rlb2fgh8cjd.cloudfront.net/logos/networks/netflix/unselected-dark-mode.png unselected_light_mode:https://d36rlb2fgh8cjd.cloudfront.net/logos/networks/netflix/unselected-light-mode.png] name_slug:netflix-bd8d92ed-4d31-4630-b6b8-1e7254aa5cfc network_id:bd8d92ed-4d31-4630-b6b8-1e7254aa5cfc platform:<nil> platform_type:purchase type:network_platform_source updated_at:1.621399772e+09],8307201,selection,13991889,where-did-you,399966,Sex!fy,1,1
8442804-13991889,c92d5bc8-12a0-47ed-b4e7-60ebdef877ce,2024-06-21 18:21:00,map[app_bundle_id:<nil> app_download_link:<nil> app_link:https://www.disneyplus.com/play/60da223c-d2a0-411a-95c9-665a839371f9 app_name:Disney+ country:US created_at:1.71899075e+09 display_name:Disney+ external_id:6abf87a8-1e24-4fa3-a96f-6b2012ef0758 external_source_type:SVOD full_logo_url:<nil> is_cascaded:false logo_color:#1C4451 logo_name:D logo_url:https://d36rlb2fgh8cjd.cloudfront.net/logos/networks/disney/wtw_logo.png logos:map[selected_dark_mode:https://d36rlb2fgh8cjd.cloudfront.net/logos/networks/disney/selected-dark-mode.png selected_light_mode:https://d36rlb2fgh8cjd.cloudfront.net/logos/networks/disney/selected-light-mode.png unselected_dark_mode:https://d36rlb2fgh8cjd.cloudfront.net/logos/networks/disney/unselected-dark-mode.png unselected_light_mode:https://d36rlb2fgh8cjd.cloudfront.net/logos/networks/disney/unselected-light-mode.png] name_slug:disney+-6abf87a8-1e24-4fa3-a96f-6b2012ef0758 network_id:6abf87a8-1e24-4fa3-a96f-6b2012ef0758 platform:web platform_type:purchase type:network_platform_source updated_at:1.71899075e+09],8442804,selection,13991889,where-did-you,403294,The Bear,1,1
13991889,e2a8a948-0999-469b-9d11-82d307306fc5,2024-08-26 02:39:25,map[app_bundle_id:<nil> app_download_link:<nil> app_link:https://www.disneyplus.com/movies/la-propuesta/iuM9ZBVHqcY7 app_name:Disney+ country:AR created_at:1.72458805e+09 display_name:Disney+ external_id:77b1d11f-f3f1-4aa9-b5c0-4a1de1835b90 external_source_type:SVOD full_logo_url:<nil> is_cascaded:false logo_color:#1C4451 logo_name:D logo_url:https://d36rlb2fgh8cjd.cloudfront.net/logos/networks/disney/wtw_logo.png logos:map[selected_dark_mode:https://d36rlb2fgh8cjd.cloudfront.net/logos/networks/disney/selected-dark-mode.png selected_light_mode:https://d36rlb2fgh8cjd.cloudfront.net/logos/networks/disney/selected-light-mode.png unselected_dark_mode:https://d36rlb2fgh8cjd.cloudfront.net/logos/networks/disney/unselected-dark-mode.png unselected_light_mode:https://d36rlb2fgh8cjd.cloudfront.net/logos/networks/disney/unselected-light-mode.png] name_slug:disney+-77b1d11f-f3f1-4aa9-b5c0-4a1de1835b90 network_id:77b1d11f-f3f1-4aa9-b5c0-4a1de1835b90 platform:web platform_type:purchase type:network_platform_source updated_at:1.72458805e+09],0,selection,13991889,where-did-you,abce8275-53cf-4572-88e5-a931d47c8246,,,
13991889,9ce22104-7643-4254-a8d4-c3eba3c50203,2023-07-08 02:49:21,map[app_bundle_id:com.netflix.mediaclient app_download_link:<nil> app_link:https://www.netflix.com/ar/title/80240954 app_name:Netflix country:AR created_at:1.688784429e+09 display_name:Netflix external_id:dc1c9ef7-2d49-49fa-a86b-a78152e3b71b external_source_type:SVOD is_cascaded:false logo_color:#e80000 logo_name:N logo_url:https://d36rlb2fgh8cjd.cloudfront.net/logos/networks/network-netflix-logo.png logos:map[selected_dark_mode:https://d36rlb2fgh8cjd.cloudfront.net/logos/networks/netflix/selected-dark-mode.png selected_light_mode:https://d36rlb2fgh8cjd.cloudfront.net/logos/networks/netflix/selected-light-mode.png unselected_dark_mode:https://d36rlb2fgh8cjd.cloudfront.net/logos/networks/netflix/unselected-dark-mode.png unselected_light_mode:https://d36rlb2fgh8cjd.cloudfront.net/logos/networks/netflix/unselected-light-mode.png] name_slug:netflix-dc1c9ef7-2d49-49fa-a86b-a78152e3b71b network_id:dc1c9ef7-2d49-49fa-a86b-a78152e3b71b platform:<nil> platform_type:purchase type:network_platform_source updated_at:1.688784429e+09],0,selection,13991889,where-did-you,a8f0cfb9-6eb9-4c57-ace1-dea2d8d4ff9d,,,
8153160-13991889,782fa5eb-29ea-4be7-b5c8-745f2b0cabae,2023-04-21 23:21:45,map[app_bundle_id:com.amazon.avod.thirdpartyclient app_download_link:<nil> app_link:https://app.primevideo.com/detail?gti=amzn1.dv.gti.8abc0a58-1a6c-a2dc-2b45-b6e8b7b34ad6 app_name:Amazon Prime Video country:AR created_at:1.682119303e+09 display_name:Amazon Prime Video external_id:6f0be1d1-4db0-48e3-a8ac-7dbd7e023295 external_source_type:SVOD is_cascaded:false logo_color:#00A8E1 logo_name:A logo_url:<nil> logos:map[selected_dark_mode:https://d36rlb2fgh8cjd.cloudfront.net/logos/networks/amazonprimevideo/selected-dark-mode.png selected_light_mode:https://d36rlb2fgh8cjd.cloudfront.net/logos/networks/amazonprimevideo/selected-light-mode.png unselected_dark_mode:https://d36rlb2fgh8cjd.cloudfront.net/logos/networks/amazonprimevideo/unselected-dark-mode.png unselected_light_mode:https://d36rlb2fgh8cjd.cloudfront.net/logos/networks/amazonprimevideo/unselected-light-mode.png] name_slug:amazon-prime-video-6f0be1d1-4db0-48e3-a8ac-7dbd7e023295 network_id:6f0be1d1-4db0-48e3-a8ac-7dbd7e023295 platform:<nil> platform_type:purchase type:network_platform_source updated_at:1.682119303e+09],8153160,selection,13991889,where-did-you,368207,INVINCIBLE (2021),1,4
13991889,e2e556dc-68b2-4900-a920-acc83e024bc7,2022-02-22 23:54:23,map[app_bundle_id:com.netflix.mediaclient app_download_link:<nil> app_link:https://www.netflix.com/title/81006261 app_name:Netflix country:US created_at:1.645574056e+09 display_name:Netflix external_id:018b6a69-a6dc-43a9-b39f-d81ab255c30a external_source_type:SVOD is_cascaded:false logo_color:#e80000 logo_name:N logo_url:https://d36rlb2fgh8cjd.cloudfront.net/logos/networks/network-netflix-logo.png logos:map[selected_dark_mode:https://d36rlb2fgh8cjd.cloudfront.net/logos/networks/netflix/selected-dark-mode.png selected_light_mode:https://d36rlb2fgh8cjd.cloudfront.net/logos/networks/netflix/selected-light-mode.png unselected_dark_mode:https://d36rlb2fgh8cjd.cloudfront.net/logos/networks/netflix/unselected-dark-mode.png unselected_light_mode:https://d36rlb2fgh8cjd.cloudfront.net/logos/networks/netflix/unselected-light-mode.png] name_slug:netflix-018b6a69-a6dc-43a9-b39f-d81ab255c30a network_id:018b6a69-a6dc-43a9-b39f-d81ab255c30a platform:<nil> platform_type:purchase type:network_platform_source updated_at:1.645574056e+09],0,selection,13991889,where-did-you,de1668bc-c004-423c-82c9-23e83344f702,,,
13991889,8c3b3096-b113-4dad-bef2-709b69494a81,2023-02-01 01:02:46,map[app_bundle_id:<nil> app_download_link:<nil> app_link:<nil> app_name:Other country:AR created_at:1.559112773e+09 display_name:Other external_id:tvtime-other-AR external_source_type:<nil> is_cascaded:false logo_color:#777777 logo_name:* logo_url:<nil> logos:map[selected_dark_mode:https://d36rlb2fgh8cjd.cloudfront.net/logos/networks/other/selected-dark-mode.png selected_light_mode:https://d36rlb2fgh8cjd.cloudfront.net/logos/networks/other/selected-light-mode.png unselected_dark_mode:https://d36rlb2fgh8cjd.cloudfront.net/logos/networks/other/unselected-dark-mode.png unselected_light_mode:https://d36rlb2fgh8cjd.cloudfront.net/logos/networks/other/unselected-light-mode.png] name_slug:other-01109d08-7513-4ddd-8990-6799d11004b8 network_id:01109d08-7513-4ddd-8990-6799d11004b8 platform:other platform_type:other type:network_platform_source updated_at:1.559112773e+09],0,selection,13991889,where-did-you,a69f1e1e-3b68-40f7-baa8-6e5ac78bcd93,,,
10268611-13991889,fd264f9e-92ed-4e62-a913-fd3e0eda3d41,2025-01-31 22:49:46,map[app_bundle_id:com.vmn.android.spike app_download_link:<nil> app_link:https://www.paramountplus.com/shows/halo/video/0pCwuYXcWS8bVvZdvNm9mDRkX6v3iOkD/halo-reach?searchReferral=&amp;utm_source=publisher app_name:Paramount+ country:AR created_at:1.738363783e+09 display_name:Paramount+ external_id:6aa63452-1575-4866-9db9-44799228c3b9 external_source_type:TVE full_logo_url:<nil> is_cascaded:false logo_color:#0066A4 logo_name:P logo_url:https://d36rlb2fgh8cjd.cloudfront.net/logos/networks/network-spike_s-logo.png logos:map[selected_dark_mode:https://d36rlb2fgh8cjd.cloudfront.net/logos/networks/paramount/selected-dark-mode.png selected_light_mode:https://d36rlb2fgh8cjd.cloudfront.net/logos/networks/paramount/selected-light-mode.png unselected_dark_mode:https://d36rlb2fgh8cjd.cloudfront.net/logos/networks/paramount/unselected-dark-mode.png unselected_light_mode:https://d36rlb2fgh8cjd.cloudfront.net/logos/networks/paramount/unselected-light-mode.png] name_slug:paramount+-6aa63452-1575-4866-9db9-44799228c3b9 network_id:6aa63452-1575-4866-9db9-44799228c3b9 platform:web platform_type:tv_everywhere type:network_platform_source updated_at:1.738363783e+09],10268611,selection,13991889,where-did-you,366524,Halo,2,4
13991889,1bacf8a0-a276-426d-a99a-b22b0a6a9ca8,2024-07-07 23:02:56,map[app_bundle_id:<nil> app_download_link:<nil> app_link:<nil> app_name:Theater country:US created_at:1.559112773e+09 display_name:Theater external_id:tvtime-theater-US external_source_type:<nil> full_logo_url:<nil> is_cascaded:false logo_color:#777777 logo_name:* logo_url:<nil> logos:map[selected_dark_mode:https://d36rlb2fgh8cjd.cloudfront.net/logos/networks/theater/selected-dark-mode.png selected_light_mode:https://d36rlb2fgh8cjd.cloudfront.net/logos/networks/theater/selected-light-mode.png unselected_dark_mode:https://d36rlb2fgh8cjd.cloudfront.net/logos/networks/theater/unselected-dark-mode.png unselected_light_mode:https://d36rlb2fgh8cjd.cloudfront.net/logos/networks/theater/unselected-light-mode.png] name_slug:theater-2f1147ab-2503-45e7-bb42-15a1446ca897 network_id:2f1147ab-2503-45e7-bb42-15a1446ca897 platform:theater platform_type:theater type:network_platform_source updated_at:1.559112773e+09],0,selection,13991889,where-did-you,1828cbda-edee-4a09-af91-706a3fc6d2fd,,,
13991889,0e04174e-45d3-4316-b6be-6dc84123762a,2022-02-25 22:39:17,map[app_bundle_id:<nil> app_download_link:<nil> app_link:<nil> app_name:Unofficial country:us created_at:1.559112773e+09 display_name:Unofficial external_id:tvtime-unofficial external_source_type:<nil> is_cascaded:false logo_color:#777777 logo_name:* logo_url:<nil> logos:map[selected_dark_mode:https://d36rlb2fgh8cjd.cloudfront.net/logos/networks/unofficial/selected-dark-mode.png selected_light_mode:https://d36rlb2fgh8cjd.cloudfront.net/logos/networks/unofficial/selected-light-mode.png unselected_dark_mode:https://d36rlb2fgh8cjd.cloudfront.net/logos/networks/unofficial/unselected-dark-mode.png unselected_light_mode:https://d36rlb2fgh8cjd.cloudfront.net/logos/networks/unofficial/unselected-light-mode.png] name_slug:unofficial-5dea16e9-fe85-4c85-83a1-b3ba4dc14a30 network_id:5dea16e9-fe85-4c85-83a1-b3ba4dc14a30 platform:unofficial platform_type:unofficial type:network_platform_source updated_at:1.559112773e+09],0,selection,13991889,where-did-you,0c14a5d5-f4d6-4ab3-8486-fb88d77b44b4,,,
13991889,b114427a-6dcf-4454-8d9e-7c452568d377,2026-04-02 17:31:17,map[app_bundle_id:<nil> app_download_link:<nil> app_link:<nil> app_name:Theater country:US created_at:1.559112773e+09 display_name:Theater external_id:tvtime-theater-US external_source_type:<nil> full_logo_url:<nil> is_cascaded:false logo_color:#777777 logo_name:* logo_url:<nil> logos:map[selected_dark_mode:https://d36rlb2fgh8cjd.cloudfront.net/logos/networks/theater/selected-dark-mode.png selected_light_mode:https://d36rlb2fgh8cjd.cloudfront.net/logos/networks/theater/selected-light-mode.png unselected_dark_mode:https://d36rlb2fgh8cjd.cloudfront.net/logos/networks/theater/unselected-dark-mode.png unselected_light_mode:https://d36rlb2fgh8cjd.cloudfront.net/logos/networks/theater/unselected-light-mode.png] name_slug:theater-2f1147ab-2503-45e7-bb42-15a1446ca897 network_id:2f1147ab-2503-45e7-bb42-15a1446ca897 platform:theater platform_type:theater type:network_platform_source updated_at:1.559112773e+09],0,selection,13991889,where-did-you,2b688d44-6c1c-44f2-993c-f46111e59b84,,,
13991889,33d7b960-0781-41d0-b6b2-a8b6885b3277,2023-06-10 12:11:05,map[app_bundle_id:<nil> app_download_link:<nil> app_link:<nil> app_name:Theater country:AR created_at:1.559112773e+09 display_name:Theater external_id:tvtime-theater-AR external_source_type:<nil> is_cascaded:false logo_color:#777777 logo_name:* logo_url:<nil> logos:map[selected_dark_mode:https://d36rlb2fgh8cjd.cloudfront.net/logos/networks/theater/selected-dark-mode.png selected_light_mode:https://d36rlb2fgh8cjd.cloudfront.net/logos/networks/theater/selected-light-mode.png unselected_dark_mode:https://d36rlb2fgh8cjd.cloudfront.net/logos/networks/theater/unselected-dark-mode.png unselected_light_mode:https://d36rlb2fgh8cjd.cloudfront.net/logos/networks/theater/unselected-light-mode.png] name_slug:theater-2f1147ab-2503-45e7-bb42-15a1446ca897 network_id:2f1147ab-2503-45e7-bb42-15a1446ca897 platform:theater platform_type:theater type:network_platform_source updated_at:1.559112773e+09],0,selection,13991889,where-did-you,2f6cfd70-9bc6-49f1-b8e7-469004bd11df,,,
13991889,3afec8ff-bab5-409d-aa13-f663717cbaa3,2025-09-21 04:14:43,map[app_bundle_id:<nil> app_download_link:<nil> app_link:https://www.disneyplus.com/browse/entity-dc47b8db-272f-42cb-81ec-8d43da4de010 app_name:Disney+ country:US created_at:1.758390774e+09 display_name:Disney+ external_id:6abf87a8-1e24-4fa3-a96f-6b2012ef0758 external_source_type:SVOD full_logo_url:<nil> is_cascaded:false logo_color:#1C4451 logo_name:D logo_url:https://d36rlb2fgh8cjd.cloudfront.net/logos/networks/disney/wtw_logo.png logos:map[selected_dark_mode:https://d36rlb2fgh8cjd.cloudfront.net/logos/networks/disney/selected-dark-mode.png selected_light_mode:https://d36rlb2fgh8cjd.cloudfront.net/logos/networks/disney/selected-light-mode.png unselected_dark_mode:https://d36rlb2fgh8cjd.cloudfront.net/logos/networks/disney/unselected-dark-mode.png unselected_light_mode:https://d36rlb2fgh8cjd.cloudfront.net/logos/networks/disney/unselected-light-mode.png] name_slug:disney+-6abf87a8-1e24-4fa3-a96f-6b2012ef0758 network_id:6abf87a8-1e24-4fa3-a96f-6b2012ef0758 platform:web platform_type:purchase type:network_platform_source updated_at:1.758390774e+09],0,selection,13991889,where-did-you,b5db790a-07ab-4dd5-ba5a-0fcf9874c061,,,
8444132-13991889,61b04bac-88e8-4c3a-a40c-2237d50942e1,2023-02-02 23:01:20,map[app_bundle_id:com.hbo.hbonow app_download_link:<nil> app_link:https://play.hbomax.com/page/urn:hbo:page:GYzEIKgUxEJo-ZwEAAAAC:type:episode app_name:HBO Max country:AR created_at:1.675378876e+09 display_name:HBO Max external_id:0293a0c1-9ab0-48e8-9e8f-eb7c59755e99 external_source_type:TVE is_cascaded:false logo_color:#5f1ebe logo_name:H logo_url:<nil> logos:map[selected_dark_mode:https://d36rlb2fgh8cjd.cloudfront.net/logos/networks/hbomax/selected-dark-mode.png selected_light_mode:https://d36rlb2fgh8cjd.cloudfront.net/logos/networks/hbomax/selected-light-mode.png unselected_dark_mode:https://d36rlb2fgh8cjd.cloudfront.net/logos/networks/hbomax/unselected-dark-mode.png unselected_light_mode:https://d36rlb2fgh8cjd.cloudfront.net/logos/networks/hbomax/unselected-light-mode.png] name_slug:hbo-max-0293a0c1-9ab0-48e8-9e8f-eb7c59755e99 network_id:0293a0c1-9ab0-48e8-9e8f-eb7c59755e99 platform:<nil> platform_type:tv_everywhere type:network_platform_source updated_at:1.675378876e+09],8444132,selection,13991889,where-did-you,392256,The Last of Us,1,1
6757079-13991889,38dece35-9375-4f0f-948d-cc77000fe086,2022-04-30 18:27:11,map[app_bundle_id:com.netflix.mediaclient app_download_link:<nil> app_link:https://www.netflix.com/watch/80235113 app_name:Netflix country:US created_at:1.651341326e+09 display_name:Netflix external_id:018b6a69-a6dc-43a9-b39f-d81ab255c30a external_source_type:SVOD is_cascaded:false logo_color:#e80000 logo_name:N logo_url:https://d36rlb2fgh8cjd.cloudfront.net/logos/networks/network-netflix-logo.png logos:map[selected_dark_mode:https://d36rlb2fgh8cjd.cloudfront.net/logos/networks/netflix/selected-dark-mode.png selected_light_mode:https://d36rlb2fgh8cjd.cloudfront.net/logos/networks/netflix/selected-light-mode.png unselected_dark_mode:https://d36rlb2fgh8cjd.cloudfront.net/logos/networks/netflix/unselected-dark-mode.png unselected_light_mode:https://d36rlb2fgh8cjd.cloudfront.net/logos/networks/netflix/unselected-light-mode.png] name_slug:netflix-018b6a69-a6dc-43a9-b39f-d81ab255c30a network_id:018b6a69-a6dc-43a9-b39f-d81ab255c30a platform:<nil> platform_type:purchase type:network_platform_source updated_at:1.651341326e+09],6757079,selection,13991889,where-did-you,273181,Better Call Saul,4,5
7501860-13991889,6091203f-cd8b-4fc6-9d8d-5f2c8460bf5f,2023-03-28 21:00:10,map[app_bundle_id:<nil> app_download_link:<nil> app_link:https://tv.apple.com/ar/episode/dinner-party/umc.cmc.4ek3eeyisf437xvt2abjqkix3?showId=umc.cmc.1nfdfd5zlk05fo1bwwetzldy3 app_name:Apple TV+ country:AR created_at:1.680037204e+09 display_name:Apple TV+ external_id:81d9ea47-4e1d-4d29-9248-d5eafca28f85 external_source_type:SVOD is_cascaded:false logo_color:<nil> logo_name:A logo_url:https://d36rlb2fgh8cjd.cloudfront.net/logos/networks/network-apple-logo.png logos:map[selected_dark_mode:https://d36rlb2fgh8cjd.cloudfront.net/logos/networks/appletv/selected-dark-mode.png selected_light_mode:https://d36rlb2fgh8cjd.cloudfront.net/logos/networks/appletv/selected-light-mode.png unselected_dark_mode:https://d36rlb2fgh8cjd.cloudfront.net/logos/networks/appletv/unselected-dark-mode.png unselected_light_mode:https://d36rlb2fgh8cjd.cloudfront.net/logos/networks/appletv/unselected-light-mode.png] name_slug:apple-tv+-81d9ea47-4e1d-4d29-9248-d5eafca28f85 network_id:81d9ea47-4e1d-4d29-9248-d5eafca28f85 platform:<nil> platform_type:purchase type:network_platform_source updated_at:1.680037204e+09],7501860,selection,13991889,where-did-you,362829,Mythic Quest,1,3
13991889,5226e496-9f5d-41dc-b41a-a0c4741d21e0,2024-06-29 02:43:18,map[app_bundle_id:<nil> app_download_link:<nil> app_link:<nil> app_name:Other country:US created_at:1.719628998e+09 display_name:Other external_id:tvtime-other-US external_source_type:<nil> full_logo_url:<nil> is_cascaded:false logo_color:#ff777777 logo_name:* logo_url:<nil> logos:map[selected_dark_mode:https://d36rlb2fgh8cjd.cloudfront.net/logos/networks/other/selected-dark-mode.png selected_light_mode:https://d36rlb2fgh8cjd.cloudfront.net/logos/networks/other/selected-light-mode.png unselected_dark_mode:https://d36rlb2fgh8cjd.cloudfront.net/logos/networks/other/unselected-dark-mode.png unselected_light_mode:https://d36rlb2fgh8cjd.cloudfront.net/logos/networks/other/unselected-light-mode.png] name_slug:other-01109d08-7513-4ddd-8990-6799d11004b8 network_id:01109d08-7513-4ddd-8990-6799d11004b8 platform:other platform_type:other type:network_platform_source updated_at:1.719628998e+09],0,selection,13991889,where-did-you,84394394-cf08-4ceb-bd46-8e051ca3873e,,,
8996831-13991889,88a3118e-8130-4031-9cfe-a1aa105888ec,2022-04-30 18:23:07,map[app_bundle_id:<nil> app_download_link:<nil> app_link:<nil> app_name:Other country:US created_at:1.559112773e+09 display_name:Other external_id:tvtime-other-US external_source_type:<nil> is_cascaded:false logo_color:#777777 logo_name:* logo_url:<nil> logos:map[selected_dark_mode:https://d36rlb2fgh8cjd.cloudfront.net/logos/networks/other/selected-dark-mode.png selected_light_mode:https://d36rlb2fgh8cjd.cloudfront.net/logos/networks/other/selected-light-mode.png unselected_dark_mode:https://d36rlb2fgh8cjd.cloudfront.net/logos/networks/other/unselected-dark-mode.png unselected_light_mode:https://d36rlb2fgh8cjd.cloudfront.net/logos/networks/other/unselected-light-mode.png] name_slug:other-01109d08-7513-4ddd-8990-6799d11004b8 network_id:01109d08-7513-4ddd-8990-6799d11004b8 platform:other platform_type:other type:network_platform_source updated_at:1.559112773e+09],8996831,selection,13991889,where-did-you,273181,Better Call Saul,6,3
10377399-13991889,c523f41c-a3b9-4ad3-ab0f-8478df37b79a,2025-08-13 01:17:40,map[app_bundle_id:com.netflix.mediaclient app_download_link:<nil> app_link:<nil> app_name:Netflix country:US created_at:1.75504786e+09 display_name:Netflix external_id:tvtime-netflix external_source_type:<nil> full_logo_url:<nil> is_cascaded:false logo_color:#ffe80000 logo_name:N logo_url:https://d36rlb2fgh8cjd.cloudfront.net/logos/networks/network-netflix-logo.png logos:map[selected_dark_mode:https://d36rlb2fgh8cjd.cloudfront.net/logos/networks/netflix/selected-dark-mode.png selected_light_mode:https://d36rlb2fgh8cjd.cloudfront.net/logos/networks/netflix/selected-light-mode.png unselected_dark_mode:https://d36rlb2fgh8cjd.cloudfront.net/logos/networks/netflix/unselected-dark-mode.png unselected_light_mode:https://d36rlb2fgh8cjd.cloudfront.net/logos/networks/netflix/unselected-light-mode.png] name_slug:netflix-57598952-9f00-4783-905e-cae5ac8c47dc network_id:57598952-9f00-4783-905e-cae5ac8c47dc platform:other platform_type:other type:network_platform_source updated_at:1.75504786e+09],10377399,selection,13991889,where-did-you,441201,Death Inc.,1,2
10040709-13991889,82dd9a30-fcb9-44b0-98de-2e5eaf2af9a4,2024-01-05 02:25:46,map[app_bundle_id:com.netflix.mediaclient app_download_link:<nil> app_link:https://www.netflix.com/watch/81586787 app_name:Netflix country:AR created_at:1.704418871e+09 display_name:Netflix external_id:dc1c9ef7-2d49-49fa-a86b-a78152e3b71b external_source_type:SVOD is_cascaded:false logo_color:#e80000 logo_name:N logo_url:https://d36rlb2fgh8cjd.cloudfront.net/logos/networks/network-netflix-logo.png logos:map[selected_dark_mode:https://d36rlb2fgh8cjd.cloudfront.net/logos/networks/netflix/selected-dark-mode.png selected_light_mode:https://d36rlb2fgh8cjd.cloudfront.net/logos/networks/netflix/selected-light-mode.png unselected_dark_mode:https://d36rlb2fgh8cjd.cloudfront.net/logos/networks/netflix/unselected-dark-mode.png unselected_light_mode:https://d36rlb2fgh8cjd.cloudfront.net/logos/networks/netflix/unselected-light-mode.png] name_slug:netflix-dc1c9ef7-2d49-49fa-a86b-a78152e3b71b network_id:dc1c9ef7-2d49-49fa-a86b-a78152e3b71b platform:web platform_type:purchase type:network_platform_source updated_at:1.704418871e+09],10040709,selection,13991889,where-did-you,413033,Berlin (2023),1,2
8835543-13991889,b289b099-7ecf-4649-a675-2d0f97682285,2025-09-07 18:55:48,map[app_bundle_id:<nil> app_download_link:<nil> app_link:https://www.disneyplus.com/en-us/video/203e9f82-ce3e-493e-b0fc-548778bda71d app_name:Disney+ country:US created_at:1.757214161e+09 display_name:Disney+ external_id:6abf87a8-1e24-4fa3-a96f-6b2012ef0758 external_source_type:SVOD full_logo_url:<nil> is_cascaded:false logo_color:#1C4451 logo_name:D logo_url:https://d36rlb2fgh8cjd.cloudfront.net/logos/networks/disney/wtw_logo.png logos:map[selected_dark_mode:https://d36rlb2fgh8cjd.cloudfront.net/logos/networks/disney/selected-dark-mode.png selected_light_mode:https://d36rlb2fgh8cjd.cloudfront.net/logos/networks/disney/selected-light-mode.png unselected_dark_mode:https://d36rlb2fgh8cjd.cloudfront.net/logos/networks/disney/unselected-dark-mode.png unselected_light_mode:https://d36rlb2fgh8cjd.cloudfront.net/logos/networks/disney/unselected-light-mode.png] name_slug:disney+-6abf87a8-1e24-4fa3-a96f-6b2012ef0758 network_id:6abf87a8-1e24-4fa3-a96f-6b2012ef0758 platform:web platform_type:purchase type:network_platform_source updated_at:1.757214161e+09],8835543,selection,13991889,where-did-you,412432,X-Men '97,1,1
13991889,fe7a0b39-5627-459b-b4eb-db712249fb08,2023-12-02 03:34:39,map[app_bundle_id:<nil> app_download_link:<nil> app_link:<nil> app_name:Theater country:AR created_at:1.559112773e+09 display_name:Theater external_id:tvtime-theater-AR external_source_type:<nil> is_cascaded:false logo_color:#777777 logo_name:* logo_url:<nil> logos:map[selected_dark_mode:https://d36rlb2fgh8cjd.cloudfront.net/logos/networks/theater/selected-dark-mode.png selected_light_mode:https://d36rlb2fgh8cjd.cloudfront.net/logos/networks/theater/selected-light-mode.png unselected_dark_mode:https://d36rlb2fgh8cjd.cloudfront.net/logos/networks/theater/unselected-dark-mode.png unselected_light_mode:https://d36rlb2fgh8cjd.cloudfront.net/logos/networks/theater/unselected-light-mode.png] name_slug:theater-2f1147ab-2503-45e7-bb42-15a1446ca897 network_id:2f1147ab-2503-45e7-bb42-15a1446ca897 platform:theater platform_type:theater type:network_platform_source updated_at:1.559112773e+09],0,selection,13991889,where-did-you,c2ea512b-eb59-4301-812c-f6f292fc6c68,,,
13991889,a2b6c2d3-dd10-4b74-a74d-072f36ea9770,2024-12-01 01:03:39,map[app_bundle_id:com.netflix.mediaclient app_download_link:<nil> app_link:https://www.netflix.com/ar/title/81284730 app_name:Netflix country:AR created_at:1.733015008e+09 display_name:Netflix external_id:dc1c9ef7-2d49-49fa-a86b-a78152e3b71b external_source_type:SVOD full_logo_url:<nil> is_cascaded:false logo_color:#e80000 logo_name:N logo_url:https://d36rlb2fgh8cjd.cloudfront.net/logos/networks/network-netflix-logo.png logos:map[selected_dark_mode:https://d36rlb2fgh8cjd.cloudfront.net/logos/networks/netflix/selected-dark-mode.png selected_light_mode:https://d36rlb2fgh8cjd.cloudfront.net/logos/networks/netflix/selected-light-mode.png unselected_dark_mode:https://d36rlb2fgh8cjd.cloudfront.net/logos/networks/netflix/unselected-dark-mode.png unselected_light_mode:https://d36rlb2fgh8cjd.cloudfront.net/logos/networks/netflix/unselected-light-mode.png] name_slug:netflix-dc1c9ef7-2d49-49fa-a86b-a78152e3b71b network_id:dc1c9ef7-2d49-49fa-a86b-a78152e3b71b platform:web platform_type:purchase type:network_platform_source updated_at:1.733015008e+09],0,selection,13991889,where-did-you,091da9e4-960c-435e-8e3c-63399c2f21ac,,,
7327830-13991889,d22264fe-e414-4e29-94cd-6e38a41a9420,2020-09-30 04:28:31,map[app_bundle_id:com.netflix.mediaclient app_download_link:<nil> app_link:https://www.netflix.com/watch/80993062 app_name:Netflix country:US created_at:-6.21355968e+10 display_name:Netflix external_id:us.netflix logo_color:#e80000 logo_name:N logo_url:https://d36rlb2fgh8cjd.cloudfront.net/logos/networks/network-netflix-logo.png logos:map[selected_dark_mode:https://d36rlb2fgh8cjd.cloudfront.net/logos/networks/netflix/selected-dark-mode.png selected_light_mode:https://d36rlb2fgh8cjd.cloudfront.net/logos/networks/netflix/selected-light-mode.png unselected_dark_mode:https://d36rlb2fgh8cjd.cloudfront.net/logos/networks/netflix/unselected-dark-mode.png unselected_light_mode:https://d36rlb2fgh8cjd.cloudfront.net/logos/networks/netflix/unselected-light-mode.png] name_slug:netflix-1d33411c-0c2a-46fa-8b6c-8cd0ea6f53ef network_id:1d33411c-0c2a-46fa-8b6c-8cd0ea6f53ef platform:<nil> platform_type:subscription type:network_platform_source updated_at:1.600318239e+09],7327830,selection,13991889,where-did-you,368387,The I-Land,1,2
8723673-13991889,5f3da9b0-d38c-4c2a-a0eb-c41a4b7272c7,2022-08-05 19:42:37,map[app_bundle_id:com.netflix.mediaclient app_download_link:<nil> app_link:<nil> app_name:Netflix country:US created_at:1.659728557e+09 display_name:Netflix external_id:tvtime-netflix external_source_type:<nil> is_cascaded:false logo_color:#e80000 logo_name:N logo_url:https://d36rlb2fgh8cjd.cloudfront.net/logos/networks/network-netflix-logo.png logos:map[selected_dark_mode:https://d36rlb2fgh8cjd.cloudfront.net/logos/networks/netflix/selected-dark-mode.png selected_light_mode:https://d36rlb2fgh8cjd.cloudfront.net/logos/networks/netflix/selected-light-mode.png unselected_dark_mode:https://d36rlb2fgh8cjd.cloudfront.net/logos/networks/netflix/unselected-dark-mode.png unselected_light_mode:https://d36rlb2fgh8cjd.cloudfront.net/logos/networks/netflix/unselected-light-mode.png] name_slug:netflix-57598952-9f00-4783-905e-cae5ac8c47dc network_id:57598952-9f00-4783-905e-cae5ac8c47dc platform:other platform_type:other type:network_platform_source updated_at:1.659728557e+09],8723673,selection,13991889,where-did-you,366211,The Sandman,1,1
8740112-13991889,8cbc09d2-1ba1-488a-85c7-78f60fddfff8,2021-10-22 19:05:04,map[app_bundle_id:<nil> app_download_link:<nil> app_link:<nil> app_name:Unofficial country:us created_at:1.559112773e+09 display_name:Unofficial external_id:tvtime-unofficial external_source_type:<nil> is_cascaded:false logo_color:#777777 logo_name:* logo_url:<nil> logos:map[selected_dark_mode:https://d36rlb2fgh8cjd.cloudfront.net/logos/networks/unofficial/selected-dark-mode.png selected_light_mode:https://d36rlb2fgh8cjd.cloudfront.net/logos/networks/unofficial/selected-light-mode.png unselected_dark_mode:https://d36rlb2fgh8cjd.cloudfront.net/logos/networks/unofficial/unselected-dark-mode.png unselected_light_mode:https://d36rlb2fgh8cjd.cloudfront.net/logos/networks/unofficial/unselected-light-mode.png] name_slug:unofficial-5dea16e9-fe85-4c85-83a1-b3ba4dc14a30 network_id:5dea16e9-fe85-4c85-83a1-b3ba4dc14a30 platform:unofficial platform_type:unofficial type:network_platform_source updated_at:1.559112773e+09],8740112,selection,13991889,where-did-you,398193,The World's Finest Assassin Gets Reincarnated in Another World as an Aristocrat,1,2
13991889,f83ae271-57fa-43be-ade2-36a719deb588,2023-05-26 03:45:59,map[app_bundle_id:<nil> app_download_link:<nil> app_link:<nil> app_name:Other country:AR created_at:1.559112773e+09 display_name:Other external_id:tvtime-other-AR external_source_type:<nil> is_cascaded:false logo_color:#777777 logo_name:* logo_url:<nil> logos:map[selected_dark_mode:https://d36rlb2fgh8cjd.cloudfront.net/logos/networks/other/selected-dark-mode.png selected_light_mode:https://d36rlb2fgh8cjd.cloudfront.net/logos/networks/other/selected-light-mode.png unselected_dark_mode:https://d36rlb2fgh8cjd.cloudfront.net/logos/networks/other/unselected-dark-mode.png unselected_light_mode:https://d36rlb2fgh8cjd.cloudfront.net/logos/networks/other/unselected-light-mode.png] name_slug:other-01109d08-7513-4ddd-8990-6799d11004b8 network_id:01109d08-7513-4ddd-8990-6799d11004b8 platform:other platform_type:other type:network_platform_source updated_at:1.559112773e+09],0,selection,13991889,where-did-you,cad1eb2f-89b7-4e05-8006-f1ec5e9fcdbf,,,
10040711-13991889,fc7305d9-4b9b-4aaf-90ef-35b4623f9403,2024-01-05 02:25:36,map[app_bundle_id:com.netflix.mediaclient app_download_link:<nil> app_link:https://www.netflix.com/watch/81586789 app_name:Netflix country:AR created_at:1.704421533e+09 display_name:Netflix external_id:dc1c9ef7-2d49-49fa-a86b-a78152e3b71b external_source_type:SVOD is_cascaded:false logo_color:#e80000 logo_name:N logo_url:https://d36rlb2fgh8cjd.cloudfront.net/logos/networks/network-netflix-logo.png logos:map[selected_dark_mode:https://d36rlb2fgh8cjd.cloudfront.net/logos/networks/netflix/selected-dark-mode.png selected_light_mode:https://d36rlb2fgh8cjd.cloudfront.net/logos/networks/netflix/selected-light-mode.png unselected_dark_mode:https://d36rlb2fgh8cjd.cloudfront.net/logos/networks/netflix/unselected-dark-mode.png unselected_light_mode:https://d36rlb2fgh8cjd.cloudfront.net/logos/networks/netflix/unselected-light-mode.png] name_slug:netflix-dc1c9ef7-2d49-49fa-a86b-a78152e3b71b network_id:dc1c9ef7-2d49-49fa-a86b-a78152e3b71b platform:web platform_type:purchase type:network_platform_source updated_at:1.704421533e+09],10040711,selection,13991889,where-did-you,413033,Berlin (2023),1,4
13991889,fd2eba6f-e91d-4e5d-b8e1-c890762f468f,2023-10-23 04:49:39,map[app_bundle_id:<nil> app_download_link:<nil> app_link:https://www.disneyplus.com/movies/pantera-negra-wakanda-por-siempre/7MAONYZ92wDT app_name:Disney+ country:AR created_at:1.698036576e+09 display_name:Disney+ external_id:77b1d11f-f3f1-4aa9-b5c0-4a1de1835b90 external_source_type:SVOD is_cascaded:false logo_color:<nil> logo_name:D logo_url:<nil> logos:map[selected_dark_mode:https://d36rlb2fgh8cjd.cloudfront.net/logos/networks/disney/selected-dark-mode.png selected_light_mode:https://d36rlb2fgh8cjd.cloudfront.net/logos/networks/disney/selected-light-mode.png unselected_dark_mode:https://d36rlb2fgh8cjd.cloudfront.net/logos/networks/disney/unselected-dark-mode.png unselected_light_mode:https://d36rlb2fgh8cjd.cloudfront.net/logos/networks/disney/unselected-light-mode.png] name_slug:disney+-77b1d11f-f3f1-4aa9-b5c0-4a1de1835b90 network_id:77b1d11f-f3f1-4aa9-b5c0-4a1de1835b90 platform:<nil> platform_type:purchase type:network_platform_source updated_at:1.698036576e+09],0,selection,13991889,where-did-you,113a6682-77e5-43f5-b451-cc39db1f7d2b,,,
310545-13991889,9a0c361d-9bf3-4feb-9278-0109790ff377,2020-12-11 05:26:16,map[app_bundle_id:<nil> app_download_link:<nil> app_link:<nil> app_name:Unofficial country:us created_at:1.559112773e+09 display_name:Unofficial external_id:tvtime-unofficial logo_color:#777777 logo_name:* logo_url:<nil> logos:map[selected_dark_mode:https://d36rlb2fgh8cjd.cloudfront.net/logos/networks/unofficial/selected-dark-mode.png selected_light_mode:https://d36rlb2fgh8cjd.cloudfront.net/logos/networks/unofficial/selected-light-mode.png unselected_dark_mode:https://d36rlb2fgh8cjd.cloudfront.net/logos/networks/unofficial/unselected-dark-mode.png unselected_light_mode:https://d36rlb2fgh8cjd.cloudfront.net/logos/networks/unofficial/unselected-light-mode.png] name_slug:unofficial-5dea16e9-fe85-4c85-83a1-b3ba4dc14a30 network_id:5dea16e9-fe85-4c85-83a1-b3ba4dc14a30 platform:unofficial platform_type:unofficial type:network_platform_source updated_at:1.559112773e+09],310545,selection,13991889,where-did-you,78831,Drawn Together,3,5
8950494-13991889,4138149f-bd4e-48e1-9d84-6f2196d9b0b1,2023-06-11 23:09:10,map[app_bundle_id:<nil> app_download_link:<nil> app_link:https://www.disneyplus.com/es-419/video/f229b378-942c-4c51-a4b8-450d98436c5b app_name:Disney+ country:AR created_at:1.686524947e+09 display_name:Disney+ external_id:77b1d11f-f3f1-4aa9-b5c0-4a1de1835b90 external_source_type:SVOD is_cascaded:false logo_color:<nil> logo_name:D logo_url:<nil> logos:map[selected_dark_mode:https://d36rlb2fgh8cjd.cloudfront.net/logos/networks/disney/selected-dark-mode.png selected_light_mode:https://d36rlb2fgh8cjd.cloudfront.net/logos/networks/disney/selected-light-mode.png unselected_dark_mode:https://d36rlb2fgh8cjd.cloudfront.net/logos/networks/disney/unselected-dark-mode.png unselected_light_mode:https://d36rlb2fgh8cjd.cloudfront.net/logos/networks/disney/unselected-light-mode.png] name_slug:disney+-77b1d11f-f3f1-4aa9-b5c0-4a1de1835b90 network_id:77b1d11f-f3f1-4aa9-b5c0-4a1de1835b90 platform:<nil> platform_type:purchase type:network_platform_source updated_at:1.686524947e+09],8950494,selection,13991889,where-did-you,368611,Moon Knight,1,3
13991889,d653a3ba-30ef-4b25-8624-4850ca9ef327,2025-11-16 04:29:21,map[app_bundle_id:<nil> app_download_link:<nil> app_link:https://www.disneyplus.com/browse/entity-2142a7a9-4c49-438d-a492-296c4e08b714 app_name:Disney+ country:US created_at:1.763236927e+09 display_name:Disney+ external_id:6abf87a8-1e24-4fa3-a96f-6b2012ef0758 external_source_type:SVOD full_logo_url:<nil> is_cascaded:false logo_color:#1C4451 logo_name:D logo_url:https://d36rlb2fgh8cjd.cloudfront.net/logos/networks/disney/wtw_logo.png logos:map[selected_dark_mode:https://d36rlb2fgh8cjd.cloudfront.net/logos/networks/disney/selected-dark-mode.png selected_light_mode:https://d36rlb2fgh8cjd.cloudfront.net/logos/networks/disney/selected-light-mode.png unselected_dark_mode:https://d36rlb2fgh8cjd.cloudfront.net/logos/networks/disney/unselected-dark-mode.png unselected_light_mode:https://d36rlb2fgh8cjd.cloudfront.net/logos/networks/disney/unselected-light-mode.png] name_slug:disney+-6abf87a8-1e24-4fa3-a96f-6b2012ef0758 network_id:6abf87a8-1e24-4fa3-a96f-6b2012ef0758 platform:web platform_type:purchase type:network_platform_source updated_at:1.763236927e+09],0,selection,13991889,where-did-you,ee1011f1-27c1-469c-92dc-caf884f20601,,,
13991889,d22a099a-0d09-42c1-a3bd-ef1a70d6d85f,2023-07-31 22:21:09,map[app_bundle_id:<nil> app_download_link:<nil> app_link:<nil> app_name:Theater country:AR created_at:1.559112773e+09 display_name:Theater external_id:tvtime-theater-AR external_source_type:<nil> is_cascaded:false logo_color:#777777 logo_name:* logo_url:<nil> logos:map[selected_dark_mode:https://d36rlb2fgh8cjd.cloudfront.net/logos/networks/theater/selected-dark-mode.png selected_light_mode:https://d36rlb2fgh8cjd.cloudfront.net/logos/networks/theater/selected-light-mode.png unselected_dark_mode:https://d36rlb2fgh8cjd.cloudfront.net/logos/networks/theater/unselected-dark-mode.png unselected_light_mode:https://d36rlb2fgh8cjd.cloudfront.net/logos/networks/theater/unselected-light-mode.png] name_slug:theater-2f1147ab-2503-45e7-bb42-15a1446ca897 network_id:2f1147ab-2503-45e7-bb42-15a1446ca897 platform:theater platform_type:theater type:network_platform_source updated_at:1.559112773e+09],0,selection,13991889,where-did-you,0247115f-7654-4e6d-a108-23fd55bf6232,,,
131174-13991889,5f81e798-2b20-4475-b45f-4368a39f73dd,2025-11-23 16:14:57,map[app_bundle_id:<nil> app_download_link:<nil> app_link:https://www.disneyplus.com/browse/entity-85bf4cc1-cd8b-4469-ad87-7289217a0b74 app_name:Disney+ country:US created_at:1.763859088e+09 display_name:Disney+ external_id:6abf87a8-1e24-4fa3-a96f-6b2012ef0758 external_source_type:SVOD full_logo_url:<nil> is_cascaded:false logo_color:#1C4451 logo_name:D logo_url:https://d36rlb2fgh8cjd.cloudfront.net/logos/networks/disney/wtw_logo.png logos:map[selected_dark_mode:https://d36rlb2fgh8cjd.cloudfront.net/logos/networks/disney/selected-dark-mode.png selected_light_mode:https://d36rlb2fgh8cjd.cloudfront.net/logos/networks/disney/selected-light-mode.png unselected_dark_mode:https://d36rlb2fgh8cjd.cloudfront.net/logos/networks/disney/unselected-dark-mode.png unselected_light_mode:https://d36rlb2fgh8cjd.cloudfront.net/logos/networks/disney/unselected-light-mode.png] name_slug:disney+-6abf87a8-1e24-4fa3-a96f-6b2012ef0758 network_id:6abf87a8-1e24-4fa3-a96f-6b2012ef0758 platform:web platform_type:purchase type:network_platform_source updated_at:1.763859088e+09],131174,selection,13991889,where-did-you,73871,Futurama,1,1
13991889,90445b90-61f9-4589-9202-858e87f7fa74,2025-12-14 22:16:54,map[app_bundle_id:<nil> app_download_link:<nil> app_link:<nil> app_name:Unofficial country:us created_at:1.559112773e+09 display_name:Unofficial external_id:tvtime-unofficial external_source_type:<nil> full_logo_url:<nil> is_cascaded:false logo_color:#777777 logo_name:* logo_url:<nil> logos:map[selected_dark_mode:https://d36rlb2fgh8cjd.cloudfront.net/logos/networks/unofficial/selected-dark-mode.png selected_light_mode:https://d36rlb2fgh8cjd.cloudfront.net/logos/networks/unofficial/selected-light-mode.png unselected_dark_mode:https://d36rlb2fgh8cjd.cloudfront.net/logos/networks/unofficial/unselected-dark-mode.png unselected_light_mode:https://d36rlb2fgh8cjd.cloudfront.net/logos/networks/unofficial/unselected-light-mode.png] name_slug:unofficial-5dea16e9-fe85-4c85-83a1-b3ba4dc14a30 network_id:5dea16e9-fe85-4c85-83a1-b3ba4dc14a30 platform:unofficial platform_type:unofficial type:network_platform_source updated_at:1.559112773e+09],0,selection,13991889,where-did-you,86130b93-8d67-420c-bd24-b2fb4c4f4bb2,,,
13991889,7cd43b65-fde4-40d3-b0c0-ed5e8507dc28,2024-01-29 00:46:33,map[app_bundle_id:<nil> app_download_link:<nil> app_link:https://www.disneyplus.com/movies/monsters-university/1jXFGfFl7WcX app_name:Disney+ country:AR created_at:1.706489189e+09 display_name:Disney+ external_id:77b1d11f-f3f1-4aa9-b5c0-4a1de1835b90 external_source_type:SVOD is_cascaded:false logo_color:<nil> logo_name:D logo_url:<nil> logos:map[selected_dark_mode:https://d36rlb2fgh8cjd.cloudfront.net/logos/networks/disney/selected-dark-mode.png selected_light_mode:https://d36rlb2fgh8cjd.cloudfront.net/logos/networks/disney/selected-light-mode.png unselected_dark_mode:https://d36rlb2fgh8cjd.cloudfront.net/logos/networks/disney/unselected-dark-mode.png unselected_light_mode:https://d36rlb2fgh8cjd.cloudfront.net/logos/networks/disney/unselected-light-mode.png] name_slug:disney+-77b1d11f-f3f1-4aa9-b5c0-4a1de1835b90 network_id:77b1d11f-f3f1-4aa9-b5c0-4a1de1835b90 platform:web platform_type:purchase type:network_platform_source updated_at:1.706489189e+09],0,selection,13991889,where-did-you,225db875-0f01-4d6b-ae26-d6fe5b2d41d3,,,
13991889,bacc7ce9-7c47-4f5b-832b-d54a54c5b956,2024-01-08 00:30:41,map[app_bundle_id:<nil> app_download_link:<nil> app_link:<nil> app_name:Other country:AR created_at:1.559112773e+09 display_name:Other external_id:tvtime-other-AR external_source_type:<nil> is_cascaded:false logo_color:#777777 logo_name:* logo_url:<nil> logos:map[selected_dark_mode:https://d36rlb2fgh8cjd.cloudfront.net/logos/networks/other/selected-dark-mode.png selected_light_mode:https://d36rlb2fgh8cjd.cloudfront.net/logos/networks/other/selected-light-mode.png unselected_dark_mode:https://d36rlb2fgh8cjd.cloudfront.net/logos/networks/other/unselected-dark-mode.png unselected_light_mode:https://d36rlb2fgh8cjd.cloudfront.net/logos/networks/other/unselected-light-mode.png] name_slug:other-01109d08-7513-4ddd-8990-6799d11004b8 network_id:01109d08-7513-4ddd-8990-6799d11004b8 platform:other platform_type:other type:network_platform_source updated_at:1.559112773e+09],0,selection,13991889,where-did-you,7d657ec9-5920-4162-86d2-f3496450489f,,,
8548903-13991889,4ae697f7-48f6-4423-8a3b-48123d3645a5,2023-04-12 20:29:18,map[app_bundle_id:com.amazon.avod.thirdpartyclient app_download_link:<nil> app_link:https://app.primevideo.com/detail?gti=amzn1.dv.gti.02def7d6-1d54-419b-a83c-acac66c763e0 app_name:Amazon Prime Video country:AR created_at:1.681331349e+09 display_name:Amazon Prime Video external_id:6f0be1d1-4db0-48e3-a8ac-7dbd7e023295 external_source_type:SVOD is_cascaded:false logo_color:#00A8E1 logo_name:A logo_url:<nil> logos:map[selected_dark_mode:https://d36rlb2fgh8cjd.cloudfront.net/logos/networks/amazonprimevideo/selected-dark-mode.png selected_light_mode:https://d36rlb2fgh8cjd.cloudfront.net/logos/networks/amazonprimevideo/selected-light-mode.png unselected_dark_mode:https://d36rlb2fgh8cjd.cloudfront.net/logos/networks/amazonprimevideo/unselected-dark-mode.png unselected_light_mode:https://d36rlb2fgh8cjd.cloudfront.net/logos/networks/amazonprimevideo/unselected-light-mode.png] name_slug:amazon-prime-video-6f0be1d1-4db0-48e3-a8ac-7dbd7e023295 network_id:6f0be1d1-4db0-48e3-a8ac-7dbd7e023295 platform:<nil> platform_type:purchase type:network_platform_source updated_at:1.681331349e+09],8548903,selection,13991889,where-did-you,328724,Young Sheldon,5,1
8085636-13991889,2a3f92f2-1778-4b4f-986d-4581141d4b84,2023-05-29 03:03:02,map[app_bundle_id:com.crunchyroll.crunchyroid app_download_link:<nil> app_link:https://www.crunchyroll.com/watch/GMKUXZ5GM/children-of-the-forest app_name:Crunchyroll country:AR created_at:1.685329379e+09 display_name:Crunchyroll external_id:910b5ad1-dfc7-46ed-a28a-861754e6a8b5 external_source_type:SVOD is_cascaded:false logo_color:f66b11 logo_name:C logo_url:<nil> logos:map[selected_dark_mode:https://d36rlb2fgh8cjd.cloudfront.net/logos/networks/crunchyroll/selected-dark-mode.png selected_light_mode:https://d36rlb2fgh8cjd.cloudfront.net/logos/networks/crunchyroll/selected-light-mode.png unselected_dark_mode:https://d36rlb2fgh8cjd.cloudfront.net/logos/networks/crunchyroll/unselected-dark-mode.png unselected_light_mode:https://d36rlb2fgh8cjd.cloudfront.net/logos/networks/crunchyroll/unselected-light-mode.png] name_slug:crunchyroll-910b5ad1-dfc7-46ed-a28a-861754e6a8b5 network_id:910b5ad1-dfc7-46ed-a28a-861754e6a8b5 platform:<nil> platform_type:purchase type:network_platform_source updated_at:1.685329379e+09],8085636,selection,13991889,where-did-you,267440,Attack on Titan,4,14
6782557-13991889,1e17090a-b6b4-4b11-8da2-336f0f449e1a,2022-04-30 18:27:07,map[app_bundle_id:com.netflix.mediaclient app_download_link:<nil> app_link:https://www.netflix.com/watch/80235114 app_name:Netflix country:US created_at:1.651341327e+09 display_name:Netflix external_id:018b6a69-a6dc-43a9-b39f-d81ab255c30a external_source_type:SVOD is_cascaded:false logo_color:#e80000 logo_name:N logo_url:https://d36rlb2fgh8cjd.cloudfront.net/logos/networks/network-netflix-logo.png logos:map[selected_dark_mode:https://d36rlb2fgh8cjd.cloudfront.net/logos/networks/netflix/selected-dark-mode.png selected_light_mode:https://d36rlb2fgh8cjd.cloudfront.net/logos/networks/netflix/selected-light-mode.png unselected_dark_mode:https://d36rlb2fgh8cjd.cloudfront.net/logos/networks/netflix/unselected-dark-mode.png unselected_light_mode:https://d36rlb2fgh8cjd.cloudfront.net/logos/networks/netflix/unselected-light-mode.png] name_slug:netflix-018b6a69-a6dc-43a9-b39f-d81ab255c30a network_id:018b6a69-a6dc-43a9-b39f-d81ab255c30a platform:<nil> platform_type:purchase type:network_platform_source updated_at:1.651341327e+09],6782557,selection,13991889,where-did-you,273181,Better Call Saul,4,6
13991889,efc5c820-1aac-4236-affb-626692c3c90a,2023-08-15 00:53:43,map[app_bundle_id:com.hbo.hbonow app_download_link:<nil> app_link:https://play.hbomax.com/page/urn:hbo:page:GYzcHIw5407mRsAEAAAA4:type:feature app_name:HBO Max country:AR created_at:1.692060817e+09 display_name:HBO Max external_id:0293a0c1-9ab0-48e8-9e8f-eb7c59755e99 external_source_type:TVE is_cascaded:false logo_color:#5f1ebe logo_name:H logo_url:<nil> logos:map[selected_dark_mode:https://d36rlb2fgh8cjd.cloudfront.net/logos/networks/hbomax/selected-dark-mode.png selected_light_mode:https://d36rlb2fgh8cjd.cloudfront.net/logos/networks/hbomax/selected-light-mode.png unselected_dark_mode:https://d36rlb2fgh8cjd.cloudfront.net/logos/networks/hbomax/unselected-dark-mode.png unselected_light_mode:https://d36rlb2fgh8cjd.cloudfront.net/logos/networks/hbomax/unselected-light-mode.png] name_slug:hbo-max-0293a0c1-9ab0-48e8-9e8f-eb7c59755e99 network_id:0293a0c1-9ab0-48e8-9e8f-eb7c59755e99 platform:<nil> platform_type:tv_everywhere type:network_platform_source updated_at:1.692060817e+09],0,selection,13991889,where-did-you,64107725-a8e3-40e2-8dde-6f71bd2d8498,,,
7501871-13991889,d1b33096-8ece-40d2-a79b-efec08214fbe,2023-03-28 21:00:13,map[app_bundle_id:<nil> app_download_link:<nil> app_link:https://tv.apple.com/ar/episode/dark-quiet-death/umc.cmc.1lq91xrf07nyf61iezzgchyct?showId=umc.cmc.1nfdfd5zlk05fo1bwwetzldy3 app_name:Apple TV+ country:AR created_at:1.680037204e+09 display_name:Apple TV+ external_id:81d9ea47-4e1d-4d29-9248-d5eafca28f85 external_source_type:SVOD is_cascaded:false logo_color:<nil> logo_name:A logo_url:https://d36rlb2fgh8cjd.cloudfront.net/logos/networks/network-apple-logo.png logos:map[selected_dark_mode:https://d36rlb2fgh8cjd.cloudfront.net/logos/networks/appletv/selected-dark-mode.png selected_light_mode:https://d36rlb2fgh8cjd.cloudfront.net/logos/networks/appletv/selected-light-mode.png unselected_dark_mode:https://d36rlb2fgh8cjd.cloudfront.net/logos/networks/appletv/unselected-dark-mode.png unselected_light_mode:https://d36rlb2fgh8cjd.cloudfront.net/logos/networks/appletv/unselected-light-mode.png] name_slug:apple-tv+-81d9ea47-4e1d-4d29-9248-d5eafca28f85 network_id:81d9ea47-4e1d-4d29-9248-d5eafca28f85 platform:<nil> platform_type:purchase type:network_platform_source updated_at:1.680037204e+09],7501871,selection,13991889,where-did-you,362829,Mythic Quest,1,5
9507927-13991889,fe043fe6-8760-445d-8725-68c30ad47fe9,2023-01-06 20:32:14,map[app_bundle_id:com.netflix.mediaclient app_download_link:<nil> app_link:<nil> app_name:Netflix country:AR created_at:1.673037134e+09 display_name:Netflix external_id:tvtime-netflix external_source_type:<nil> is_cascaded:false logo_color:#e80000 logo_name:N logo_url:https://d36rlb2fgh8cjd.cloudfront.net/logos/networks/network-netflix-logo.png logos:map[selected_dark_mode:https://d36rlb2fgh8cjd.cloudfront.net/logos/networks/netflix/selected-dark-mode.png selected_light_mode:https://d36rlb2fgh8cjd.cloudfront.net/logos/networks/netflix/selected-light-mode.png unselected_dark_mode:https://d36rlb2fgh8cjd.cloudfront.net/logos/networks/netflix/unselected-dark-mode.png unselected_light_mode:https://d36rlb2fgh8cjd.cloudfront.net/logos/networks/netflix/unselected-light-mode.png] name_slug:netflix-57598952-9f00-4783-905e-cae5ac8c47dc network_id:57598952-9f00-4783-905e-cae5ac8c47dc platform:other platform_type:other type:network_platform_source updated_at:1.673037134e+09],9507927,selection,13991889,where-did-you,410092,Kaleidoscope (2023),0,1
13991889,1dce277b-91c8-4eda-a4e3-431fae1bb8ed,2021-06-08 19:12:33,map[app_bundle_id:com.netflix.mediaclient app_download_link:<nil> app_link:https://www.netflix.com/title/81405838 app_name:Netflix country:AR created_at:1.623179544e+09 display_name:Netflix external_id:ar.netflix logo_color:#e80000 logo_name:N logo_url:https://d36rlb2fgh8cjd.cloudfront.net/logos/networks/network-netflix-logo.png logos:map[selected_dark_mode:https://d36rlb2fgh8cjd.cloudfront.net/logos/networks/netflix/selected-dark-mode.png selected_light_mode:https://d36rlb2fgh8cjd.cloudfront.net/logos/networks/netflix/selected-light-mode.png unselected_dark_mode:https://d36rlb2fgh8cjd.cloudfront.net/logos/networks/netflix/unselected-dark-mode.png unselected_light_mode:https://d36rlb2fgh8cjd.cloudfront.net/logos/networks/netflix/unselected-light-mode.png] name_slug:netflix-bd8d92ed-4d31-4630-b6b8-1e7254aa5cfc network_id:bd8d92ed-4d31-4630-b6b8-1e7254aa5cfc platform:<nil> platform_type:purchase type:network_platform_source updated_at:1.623179544e+09],0,selection,13991889,where-did-you,c4f2193b-f5d5-4dc5-aa47-71c10e414a21,,,
13991889,e372031d-0d20-45bb-a495-ee78348f97ce,2023-07-09 00:59:13,map[app_bundle_id:com.netflix.mediaclient app_download_link:<nil> app_link:https://www.netflix.com/ar/title/80988062 app_name:Netflix country:AR created_at:1.688864349e+09 display_name:Netflix external_id:dc1c9ef7-2d49-49fa-a86b-a78152e3b71b external_source_type:SVOD is_cascaded:false logo_color:#e80000 logo_name:N logo_url:https://d36rlb2fgh8cjd.cloudfront.net/logos/networks/network-netflix-logo.png logos:map[selected_dark_mode:https://d36rlb2fgh8cjd.cloudfront.net/logos/networks/netflix/selected-dark-mode.png selected_light_mode:https://d36rlb2fgh8cjd.cloudfront.net/logos/networks/netflix/selected-light-mode.png unselected_dark_mode:https://d36rlb2fgh8cjd.cloudfront.net/logos/networks/netflix/unselected-dark-mode.png unselected_light_mode:https://d36rlb2fgh8cjd.cloudfront.net/logos/networks/netflix/unselected-light-mode.png] name_slug:netflix-dc1c9ef7-2d49-49fa-a86b-a78152e3b71b network_id:dc1c9ef7-2d49-49fa-a86b-a78152e3b71b platform:<nil> platform_type:purchase type:network_platform_source updated_at:1.688864349e+09],0,selection,13991889,where-did-you,f10ef4a2-73e0-49e9-9df7-9332a2985a79,,,
10105162-13991889,e86f3fda-6d0e-4148-8e7f-002c6ced97e5,2025-08-13 01:17:35,map[app_bundle_id:com.netflix.mediaclient app_download_link:<nil> app_link:<nil> app_name:Netflix country:US created_at:1.755047855e+09 display_name:Netflix external_id:tvtime-netflix external_source_type:<nil> full_logo_url:<nil> is_cascaded:false logo_color:#ffe80000 logo_name:N logo_url:https://d36rlb2fgh8cjd.cloudfront.net/logos/networks/network-netflix-logo.png logos:map[selected_dark_mode:https://d36rlb2fgh8cjd.cloudfront.net/logos/networks/netflix/selected-dark-mode.png selected_light_mode:https://d36rlb2fgh8cjd.cloudfront.net/logos/networks/netflix/selected-light-mode.png unselected_dark_mode:https://d36rlb2fgh8cjd.cloudfront.net/logos/networks/netflix/unselected-dark-mode.png unselected_light_mode:https://d36rlb2fgh8cjd.cloudfront.net/logos/networks/netflix/unselected-light-mode.png] name_slug:netflix-57598952-9f00-4783-905e-cae5ac8c47dc network_id:57598952-9f00-4783-905e-cae5ac8c47dc platform:other platform_type:other type:network_platform_source updated_at:1.755047855e+09],10105162,selection,13991889,where-did-you,441201,Death Inc.,1,1
13991889,3a01f46d-5995-4661-9a13-13eaf21d900e,2023-08-03 00:28:14,map[app_bundle_id:<nil> app_download_link:<nil> app_link:https://www.disneyplus.com/movies/una-presentacion-especial-de-marvel-studios-guardianes-de-la-galaxia-especial-de-las-fiestas/5HUc4iuAVplq app_name:Disney+ country:AR created_at:1.69102249e+09 display_name:Disney+ external_id:77b1d11f-f3f1-4aa9-b5c0-4a1de1835b90 external_source_type:SVOD is_cascaded:false logo_color:<nil> logo_name:D logo_url:<nil> logos:map[selected_dark_mode:https://d36rlb2fgh8cjd.cloudfront.net/logos/networks/disney/selected-dark-mode.png selected_light_mode:https://d36rlb2fgh8cjd.cloudfront.net/logos/networks/disney/selected-light-mode.png unselected_dark_mode:https://d36rlb2fgh8cjd.cloudfront.net/logos/networks/disney/unselected-dark-mode.png unselected_light_mode:https://d36rlb2fgh8cjd.cloudfront.net/logos/networks/disney/unselected-light-mode.png] name_slug:disney+-77b1d11f-f3f1-4aa9-b5c0-4a1de1835b90 network_id:77b1d11f-f3f1-4aa9-b5c0-4a1de1835b90 platform:<nil> platform_type:purchase type:network_platform_source updated_at:1.69102249e+09],0,selection,13991889,where-did-you,d43c1cfa-f61d-4a2f-9248-c21cad6c9c4a,,,
13991889,3746d532-e776-4902-aa8e-dd4cc1fbb933,2023-08-28 23:04:24,map[app_bundle_id:<nil> app_download_link:<nil> app_link:<nil> app_name:Unofficial country:us created_at:1.559112773e+09 display_name:Unofficial external_id:tvtime-unofficial external_source_type:<nil> is_cascaded:false logo_color:#777777 logo_name:* logo_url:<nil> logos:map[selected_dark_mode:https://d36rlb2fgh8cjd.cloudfront.net/logos/networks/unofficial/selected-dark-mode.png selected_light_mode:https://d36rlb2fgh8cjd.cloudfront.net/logos/networks/unofficial/selected-light-mode.png unselected_dark_mode:https://d36rlb2fgh8cjd.cloudfront.net/logos/networks/unofficial/unselected-dark-mode.png unselected_light_mode:https://d36rlb2fgh8cjd.cloudfront.net/logos/networks/unofficial/unselected-light-mode.png] name_slug:unofficial-5dea16e9-fe85-4c85-83a1-b3ba4dc14a30 network_id:5dea16e9-fe85-4c85-83a1-b3ba4dc14a30 platform:unofficial platform_type:unofficial type:network_platform_source updated_at:1.559112773e+09],0,selection,13991889,where-did-you,ee3dabd1-afd3-4941-8d8b-6cf4ec1d2ef2,,,
8593355-13991889,7a35d58c-fce1-40a9-9176-0556b57774d8,2021-10-17 21:35:52,map[app_bundle_id:<nil> app_download_link:<nil> app_link:<nil> app_name:Unofficial country:us created_at:1.559112773e+09 display_name:Unofficial external_id:tvtime-unofficial external_source_type:<nil> is_cascaded:false logo_color:#777777 logo_name:* logo_url:<nil> logos:map[selected_dark_mode:https://d36rlb2fgh8cjd.cloudfront.net/logos/networks/unofficial/selected-dark-mode.png selected_light_mode:https://d36rlb2fgh8cjd.cloudfront.net/logos/networks/unofficial/selected-light-mode.png unselected_dark_mode:https://d36rlb2fgh8cjd.cloudfront.net/logos/networks/unofficial/unselected-dark-mode.png unselected_light_mode:https://d36rlb2fgh8cjd.cloudfront.net/logos/networks/unofficial/unselected-light-mode.png] name_slug:unofficial-5dea16e9-fe85-4c85-83a1-b3ba4dc14a30 network_id:5dea16e9-fe85-4c85-83a1-b3ba4dc14a30 platform:unofficial platform_type:unofficial type:network_platform_source updated_at:1.559112773e+09],8593355,selection,13991889,where-did-you,401911,The Great Jahy Will Not Be Defeated!,1,11
13991889,fd5238b9-d023-4f94-867c-115d203ec527,2022-03-29 04:51:49,map[app_bundle_id:<nil> app_download_link:<nil> app_link:<nil> app_name:Other country:US created_at:1.559112773e+09 display_name:Other external_id:tvtime-other-US external_source_type:<nil> is_cascaded:false logo_color:#777777 logo_name:* logo_url:<nil> logos:map[selected_dark_mode:https://d36rlb2fgh8cjd.cloudfront.net/logos/networks/other/selected-dark-mode.png selected_light_mode:https://d36rlb2fgh8cjd.cloudfront.net/logos/networks/other/selected-light-mode.png unselected_dark_mode:https://d36rlb2fgh8cjd.cloudfront.net/logos/networks/other/unselected-dark-mode.png unselected_light_mode:https://d36rlb2fgh8cjd.cloudfront.net/logos/networks/other/unselected-light-mode.png] name_slug:other-01109d08-7513-4ddd-8990-6799d11004b8 network_id:01109d08-7513-4ddd-8990-6799d11004b8 platform:other platform_type:other type:network_platform_source updated_at:1.559112773e+09],0,selection,13991889,where-did-you,5549a61a-b33b-4002-b584-bca8c93e6d0a,,,
13991889,d15f726e-0142-4842-8fcb-a4bc505678e5,2024-02-28 03:01:20,map[app_bundle_id:<nil> app_download_link:<nil> app_link:https://www.disneyplus.com/movies/ant-man-and-the-wasp-quantumania/7OLRMMgd1vkx app_name:Disney+ country:AR created_at:1.709004668e+09 display_name:Disney+ external_id:77b1d11f-f3f1-4aa9-b5c0-4a1de1835b90 external_source_type:SVOD is_cascaded:false logo_color:<nil> logo_name:D logo_url:<nil> logos:map[selected_dark_mode:https://d36rlb2fgh8cjd.cloudfront.net/logos/networks/disney/selected-dark-mode.png selected_light_mode:https://d36rlb2fgh8cjd.cloudfront.net/logos/networks/disney/selected-light-mode.png unselected_dark_mode:https://d36rlb2fgh8cjd.cloudfront.net/logos/networks/disney/unselected-dark-mode.png unselected_light_mode:https://d36rlb2fgh8cjd.cloudfront.net/logos/networks/disney/unselected-light-mode.png] name_slug:disney+-77b1d11f-f3f1-4aa9-b5c0-4a1de1835b90 network_id:77b1d11f-f3f1-4aa9-b5c0-4a1de1835b90 platform:web platform_type:purchase type:network_platform_source updated_at:1.709004668e+09],0,selection,13991889,where-did-you,ecb0109c-f53c-4d94-95fe-910ef8dda64a,,,
5624260-13991889,71d86009-4683-4998-bc98-ee1ed48f8c98,2025-06-18 01:27:45,map[app_bundle_id:<nil> app_download_link:<nil> app_link:https://play.max.com/video/watch/3bcca397-8f00-4886-99d3-b8e75e2c34f1 app_name:Max country:US created_at:1.750171457e+09 display_name:Max external_id:97984653-8115-4114-acfe-4c9d4156bfde external_source_type:SVOD full_logo_url:<nil> is_cascaded:false logo_color:#000000 logo_name:H logo_url:<nil> logos:map[selected_dark_mode:https://d36rlb2fgh8cjd.cloudfront.net/logos/networks/max/selected-dark-mode.png selected_light_mode:https://d36rlb2fgh8cjd.cloudfront.net/logos/networks/max/selected-light-mode.png unselected_dark_mode:https://d36rlb2fgh8cjd.cloudfront.net/logos/networks/max/unselected-dark-mode.png unselected_light_mode:https://d36rlb2fgh8cjd.cloudfront.net/logos/networks/max/unselected-light-mode.png] name_slug:max-97984653-8115-4114-acfe-4c9d4156bfde network_id:97984653-8115-4114-acfe-4c9d4156bfde platform:web platform_type:purchase type:network_platform_source updated_at:1.750171457e+09],5624260,selection,13991889,where-did-you,121361,Game of Thrones,6,9
13991889,4a294e71-97d1-453c-9fef-959150ebe8c6,2024-08-10 17:50:30,map[app_bundle_id:com.amazon.avod.thirdpartyclient app_download_link:<nil> app_link:https://www.amazon.com/gp/video/detail/B00VGRCABS app_name:Amazon Prime Video country:US created_at:1.723310556e+09 display_name:Amazon Prime Video external_id:e9df6e8e-f08a-484a-9957-6f8a76950df1 external_source_type:TVOD full_logo_url:<nil> is_cascaded:false logo_color:#00A8E1 logo_name:A logo_url:<nil> logos:map[selected_dark_mode:https://d36rlb2fgh8cjd.cloudfront.net/logos/networks/amazonprimevideo/selected-dark-mode.png selected_light_mode:https://d36rlb2fgh8cjd.cloudfront.net/logos/networks/amazonprimevideo/selected-light-mode.png unselected_dark_mode:https://d36rlb2fgh8cjd.cloudfront.net/logos/networks/amazonprimevideo/unselected-dark-mode.png unselected_light_mode:https://d36rlb2fgh8cjd.cloudfront.net/logos/networks/amazonprimevideo/unselected-light-mode.png] name_slug:amazon-prime-video-e9df6e8e-f08a-484a-9957-6f8a76950df1 network_id:e9df6e8e-f08a-484a-9957-6f8a76950df1 platform:web platform_type:purchase type:network_platform_source updated_at:1.723310556e+09],0,selection,13991889,where-did-you,3894d7ea-04b7-446f-ac04-cd593e1b3951,,,
13991889,8655de9d-8b9b-496e-a4b7-074bd84453da,2023-08-19 03:13:19,map[app_bundle_id:<nil> app_download_link:<nil> app_link:https://www.starplus.com/es-419/movies/flamin-hot-el-sabor-que-cambio-la-historia/PmAiIWRz18HF app_name:Star+ country:AR created_at:1.692414793e+09 display_name:Star+ external_id:2659d246-e31b-4981-ba8a-1721c84040fa external_source_type:SVOD is_cascaded:false logo_color:<nil> logo_name:S logo_url:<nil> logos:map[selected_dark_mode:https://d36rlb2fgh8cjd.cloudfront.net/logos/networks/star/selected-dark-mode.png selected_light_mode:https://d36rlb2fgh8cjd.cloudfront.net/logos/networks/star/selected-light-mode.png unselected_dark_mode:https://d36rlb2fgh8cjd.cloudfront.net/logos/networks/star/unselected-dark-mode.png unselected_light_mode:https://d36rlb2fgh8cjd.cloudfront.net/logos/networks/star/unselected-light-mode.png] name_slug:star+-2659d246-e31b-4981-ba8a-1721c84040fa network_id:2659d246-e31b-4981-ba8a-1721c84040fa platform:<nil> platform_type:purchase type:network_platform_source updated_at:1.692414793e+09],0,selection,13991889,where-did-you,45bb0395-1f4d-424c-b1dd-5b6d546693ca,,,
13991889,b482eb8a-79ff-483f-9eab-ee56bfafcfa2,2021-07-22 04:41:56,map[app_bundle_id:<nil> app_download_link:<nil> app_link:<nil> app_name:Unofficial country:us created_at:1.559112773e+09 display_name:Unofficial external_id:tvtime-unofficial external_source_type:<nil> is_cascaded:false logo_color:#777777 logo_name:* logo_url:<nil> logos:map[selected_dark_mode:https://d36rlb2fgh8cjd.cloudfront.net/logos/networks/unofficial/selected-dark-mode.png selected_light_mode:https://d36rlb2fgh8cjd.cloudfront.net/logos/networks/unofficial/selected-light-mode.png unselected_dark_mode:https://d36rlb2fgh8cjd.cloudfront.net/logos/networks/unofficial/unselected-dark-mode.png unselected_light_mode:https://d36rlb2fgh8cjd.cloudfront.net/logos/networks/unofficial/unselected-light-mode.png] name_slug:unofficial-5dea16e9-fe85-4c85-83a1-b3ba4dc14a30 network_id:5dea16e9-fe85-4c85-83a1-b3ba4dc14a30 platform:unofficial platform_type:unofficial type:network_platform_source updated_at:1.559112773e+09],0,selection,13991889,where-did-you,23cbb3d9-91e5-4f0c-9d23-db249edc7ba3,,,
13991889,254fc226-26b2-4918-b76b-7adf53f9ede9,2024-01-14 17:33:24,map[app_bundle_id:<nil> app_download_link:<nil> app_link:<nil> app_name:Other country:AR created_at:1.559112773e+09 display_name:Other external_id:tvtime-other-AR external_source_type:<nil> is_cascaded:false logo_color:#777777 logo_name:* logo_url:<nil> logos:map[selected_dark_mode:https://d36rlb2fgh8cjd.cloudfront.net/logos/networks/other/selected-dark-mode.png selected_light_mode:https://d36rlb2fgh8cjd.cloudfront.net/logos/networks/other/selected-light-mode.png unselected_dark_mode:https://d36rlb2fgh8cjd.cloudfront.net/logos/networks/other/unselected-dark-mode.png unselected_light_mode:https://d36rlb2fgh8cjd.cloudfront.net/logos/networks/other/unselected-light-mode.png] name_slug:other-01109d08-7513-4ddd-8990-6799d11004b8 network_id:01109d08-7513-4ddd-8990-6799d11004b8 platform:other platform_type:other type:network_platform_source updated_at:1.559112773e+09],0,selection,13991889,where-did-you,684994d3-986a-4674-9432-903e51f56d2d,,,
13991889,21dc2bd4-81a3-4e33-8263-591462715d49,2023-01-28 02:55:25,map[app_bundle_id:<nil> app_download_link:<nil> app_link:<nil> app_name:Other country:AR created_at:1.559112773e+09 display_name:Other external_id:tvtime-other-AR external_source_type:<nil> is_cascaded:false logo_color:#777777 logo_name:* logo_url:<nil> logos:map[selected_dark_mode:https://d36rlb2fgh8cjd.cloudfront.net/logos/networks/other/selected-dark-mode.png selected_light_mode:https://d36rlb2fgh8cjd.cloudfront.net/logos/networks/other/selected-light-mode.png unselected_dark_mode:https://d36rlb2fgh8cjd.cloudfront.net/logos/networks/other/unselected-dark-mode.png unselected_light_mode:https://d36rlb2fgh8cjd.cloudfront.net/logos/networks/other/unselected-light-mode.png] name_slug:other-01109d08-7513-4ddd-8990-6799d11004b8 network_id:01109d08-7513-4ddd-8990-6799d11004b8 platform:other platform_type:other type:network_platform_source updated_at:1.559112773e+09],0,selection,13991889,where-did-you,434185ac-07ab-4e90-9a58-84af5e007311,,,
13991889,21da1d5d-a395-4fa2-a208-4d58745a247f,2020-10-14 18:23:11,map[app_bundle_id:<nil> app_download_link:<nil> app_link:<nil> app_name:Other country:US created_at:1.559112773e+09 display_name:Other external_id:tvtime-other-US logo_color:#777777 logo_name:* logo_url:<nil> logos:map[selected_dark_mode:https://d36rlb2fgh8cjd.cloudfront.net/logos/networks/other/selected-dark-mode.png selected_light_mode:https://d36rlb2fgh8cjd.cloudfront.net/logos/networks/other/selected-light-mode.png unselected_dark_mode:https://d36rlb2fgh8cjd.cloudfront.net/logos/networks/other/unselected-dark-mode.png unselected_light_mode:https://d36rlb2fgh8cjd.cloudfront.net/logos/networks/other/unselected-light-mode.png] name_slug:other-01109d08-7513-4ddd-8990-6799d11004b8 network_id:01109d08-7513-4ddd-8990-6799d11004b8 platform:other platform_type:other type:network_platform_source updated_at:1.559112773e+09],0,selection,13991889,where-did-you,48cb4a00-f2a6-4965-bb34-fca47a3d8193,,,
9252501-13991889,ce60e14b-d141-421a-86bc-641454d4c085,2024-10-26 23:54:13,map[app_bundle_id:<nil> app_download_link:<nil> app_link:https://www.disneyplus.com/es-419/video/b4b7f152-a15a-4fc9-98d9-1719573c428c app_name:Disney+ country:AR created_at:1.729955646e+09 display_name:Disney+ external_id:77b1d11f-f3f1-4aa9-b5c0-4a1de1835b90 external_source_type:SVOD full_logo_url:<nil> is_cascaded:false logo_color:#1C4451 logo_name:D logo_url:https://d36rlb2fgh8cjd.cloudfront.net/logos/networks/disney/wtw_logo.png logos:map[selected_dark_mode:https://d36rlb2fgh8cjd.cloudfront.net/logos/networks/disney/selected-dark-mode.png selected_light_mode:https://d36rlb2fgh8cjd.cloudfront.net/logos/networks/disney/selected-light-mode.png unselected_dark_mode:https://d36rlb2fgh8cjd.cloudfront.net/logos/networks/disney/unselected-dark-mode.png unselected_light_mode:https://d36rlb2fgh8cjd.cloudfront.net/logos/networks/disney/unselected-light-mode.png] name_slug:disney+-77b1d11f-f3f1-4aa9-b5c0-4a1de1835b90 network_id:77b1d11f-f3f1-4aa9-b5c0-4a1de1835b90 platform:web platform_type:purchase type:network_platform_source updated_at:1.729955646e+09],9252501,selection,13991889,where-did-you,412429,Agatha All Along,1,1
8399373-13991889,c4f7822c-4c09-4501-8230-9aaaac887c57,2023-06-12 03:08:21,map[app_bundle_id:com.crunchyroll.crunchyroid app_download_link:<nil> app_link:https://www.crunchyroll.com/watch/GQJUG2MN1/emma app_name:Crunchyroll country:AR created_at:1.68653929e+09 display_name:Crunchyroll external_id:910b5ad1-dfc7-46ed-a28a-861754e6a8b5 external_source_type:SVOD is_cascaded:false logo_color:f66b11 logo_name:C logo_url:<nil> logos:map[selected_dark_mode:https://d36rlb2fgh8cjd.cloudfront.net/logos/networks/crunchyroll/selected-dark-mode.png selected_light_mode:https://d36rlb2fgh8cjd.cloudfront.net/logos/networks/crunchyroll/selected-light-mode.png unselected_dark_mode:https://d36rlb2fgh8cjd.cloudfront.net/logos/networks/crunchyroll/unselected-dark-mode.png unselected_light_mode:https://d36rlb2fgh8cjd.cloudfront.net/logos/networks/crunchyroll/unselected-light-mode.png] name_slug:crunchyroll-910b5ad1-dfc7-46ed-a28a-861754e6a8b5 network_id:910b5ad1-dfc7-46ed-a28a-861754e6a8b5 platform:<nil> platform_type:purchase type:network_platform_source updated_at:1.68653929e+09],8399373,selection,13991889,where-did-you,402033,Link Click,1,1
13991889,19788b58-66fa-485a-9629-07076485c015,2023-10-04 17:34:24,map[app_bundle_id:<nil> app_download_link:<nil> app_link:<nil> app_name:Other country:AR created_at:1.559112773e+09 display_name:Other external_id:tvtime-other-AR external_source_type:<nil> is_cascaded:false logo_color:#777777 logo_name:* logo_url:<nil> logos:map[selected_dark_mode:https://d36rlb2fgh8cjd.cloudfront.net/logos/networks/other/selected-dark-mode.png selected_light_mode:https://d36rlb2fgh8cjd.cloudfront.net/logos/networks/other/selected-light-mode.png unselected_dark_mode:https://d36rlb2fgh8cjd.cloudfront.net/logos/networks/other/unselected-dark-mode.png unselected_light_mode:https://d36rlb2fgh8cjd.cloudfront.net/logos/networks/other/unselected-light-mode.png] name_slug:other-01109d08-7513-4ddd-8990-6799d11004b8 network_id:01109d08-7513-4ddd-8990-6799d11004b8 platform:other platform_type:other type:network_platform_source updated_at:1.559112773e+09],0,selection,13991889,where-did-you,6d84b8fa-3b63-4e82-adc4-c080d5a29100,,,
13991889,807295c6-6181-4742-9b68-4be9f9401289,2023-12-27 23:25:53,map[app_bundle_id:com.netflix.mediaclient app_download_link:<nil> app_link:https://www.netflix.com/us/title/81674326 app_name:Netflix country:US created_at:1.70371773e+09 display_name:Netflix external_id:018b6a69-a6dc-43a9-b39f-d81ab255c30a external_source_type:SVOD is_cascaded:false logo_color:#e80000 logo_name:N logo_url:https://d36rlb2fgh8cjd.cloudfront.net/logos/networks/network-netflix-logo.png logos:map[selected_dark_mode:https://d36rlb2fgh8cjd.cloudfront.net/logos/networks/netflix/selected-dark-mode.png selected_light_mode:https://d36rlb2fgh8cjd.cloudfront.net/logos/networks/netflix/selected-light-mode.png unselected_dark_mode:https://d36rlb2fgh8cjd.cloudfront.net/logos/networks/netflix/unselected-dark-mode.png unselected_light_mode:https://d36rlb2fgh8cjd.cloudfront.net/logos/networks/netflix/unselected-light-mode.png] name_slug:netflix-018b6a69-a6dc-43a9-b39f-d81ab255c30a network_id:018b6a69-a6dc-43a9-b39f-d81ab255c30a platform:web platform_type:purchase type:network_platform_source updated_at:1.70371773e+09],0,selection,13991889,where-did-you,97c0c948-4abc-46cb-98b5-ede8ea3a78e7,,,
8153159-13991889,fb157b58-7848-4237-9ea2-cfc5fb227058,2023-04-21 23:21:48,map[app_bundle_id:com.amazon.avod.thirdpartyclient app_download_link:<nil> app_link:https://app.primevideo.com/detail?gti=amzn1.dv.gti.b4bc0a58-1c28-9584-08b6-53e7e21ab093 app_name:Amazon Prime Video country:AR created_at:1.682119306e+09 display_name:Amazon Prime Video external_id:6f0be1d1-4db0-48e3-a8ac-7dbd7e023295 external_source_type:SVOD is_cascaded:false logo_color:#00A8E1 logo_name:A logo_url:<nil> logos:map[selected_dark_mode:https://d36rlb2fgh8cjd.cloudfront.net/logos/networks/amazonprimevideo/selected-dark-mode.png selected_light_mode:https://d36rlb2fgh8cjd.cloudfront.net/logos/networks/amazonprimevideo/selected-light-mode.png unselected_dark_mode:https://d36rlb2fgh8cjd.cloudfront.net/logos/networks/amazonprimevideo/unselected-dark-mode.png unselected_light_mode:https://d36rlb2fgh8cjd.cloudfront.net/logos/networks/amazonprimevideo/unselected-light-mode.png] name_slug:amazon-prime-video-6f0be1d1-4db0-48e3-a8ac-7dbd7e023295 network_id:6f0be1d1-4db0-48e3-a8ac-7dbd7e023295 platform:<nil> platform_type:purchase type:network_platform_source updated_at:1.682119306e+09],8153159,selection,13991889,where-did-you,368207,INVINCIBLE (2021),1,3
9757136-13991889,3728cc5b-ece5-4ace-a7ed-c385933d7160,2023-07-09 00:59:32,map[app_bundle_id:com.netflix.mediaclient app_download_link:<nil> app_link:https://www.netflix.com/watch/80195733 app_name:Netflix country:AR created_at:1.68886437e+09 display_name:Netflix external_id:dc1c9ef7-2d49-49fa-a86b-a78152e3b71b external_source_type:SVOD is_cascaded:false logo_color:#e80000 logo_name:N logo_url:https://d36rlb2fgh8cjd.cloudfront.net/logos/networks/network-netflix-logo.png logos:map[selected_dark_mode:https://d36rlb2fgh8cjd.cloudfront.net/logos/networks/netflix/selected-dark-mode.png selected_light_mode:https://d36rlb2fgh8cjd.cloudfront.net/logos/networks/netflix/selected-light-mode.png unselected_dark_mode:https://d36rlb2fgh8cjd.cloudfront.net/logos/networks/netflix/unselected-dark-mode.png unselected_light_mode:https://d36rlb2fgh8cjd.cloudfront.net/logos/networks/netflix/unselected-light-mode.png] name_slug:netflix-dc1c9ef7-2d49-49fa-a86b-a78152e3b71b network_id:dc1c9ef7-2d49-49fa-a86b-a78152e3b71b platform:<nil> platform_type:purchase type:network_platform_source updated_at:1.68886437e+09],9757136,selection,13991889,where-did-you,253463,Black Mirror,6,1
13991889,9650c2b7-7ff5-4888-9bf5-b9a2e954b34a,2026-03-22 04:28:48,map[app_bundle_id:<nil> app_download_link:<nil> app_link:<nil> app_name:Other country:US created_at:1.774153728e+09 display_name:Other external_id:tvtime-other-US external_source_type:<nil> full_logo_url:<nil> is_cascaded:false logo_color:#ff777777 logo_name:* logo_url:<nil> logos:map[selected_dark_mode:https://d36rlb2fgh8cjd.cloudfront.net/logos/networks/other/selected-dark-mode.png selected_light_mode:https://d36rlb2fgh8cjd.cloudfront.net/logos/networks/other/selected-light-mode.png unselected_dark_mode:https://d36rlb2fgh8cjd.cloudfront.net/logos/networks/other/unselected-dark-mode.png unselected_light_mode:https://d36rlb2fgh8cjd.cloudfront.net/logos/networks/other/unselected-light-mode.png] name_slug:other-01109d08-7513-4ddd-8990-6799d11004b8 network_id:01109d08-7513-4ddd-8990-6799d11004b8 platform:other platform_type:other type:network_platform_source updated_at:1.774153728e+09],0,selection,13991889,where-did-you,ea3a24e0-bad5-45d0-bc36-0c7d864b3455,,,
13991889,66508aca-3b8d-495e-a627-4432630430a0,2023-01-22 03:58:35,map[app_bundle_id:<nil> app_download_link:<nil> app_link:<nil> app_name:Theater country:AR created_at:1.559112773e+09 display_name:Theater external_id:tvtime-theater-AR external_source_type:<nil> is_cascaded:false logo_color:#777777 logo_name:* logo_url:<nil> logos:map[selected_dark_mode:https://d36rlb2fgh8cjd.cloudfront.net/logos/networks/theater/selected-dark-mode.png selected_light_mode:https://d36rlb2fgh8cjd.cloudfront.net/logos/networks/theater/selected-light-mode.png unselected_dark_mode:https://d36rlb2fgh8cjd.cloudfront.net/logos/networks/theater/unselected-dark-mode.png unselected_light_mode:https://d36rlb2fgh8cjd.cloudfront.net/logos/networks/theater/unselected-light-mode.png] name_slug:theater-2f1147ab-2503-45e7-bb42-15a1446ca897 network_id:2f1147ab-2503-45e7-bb42-15a1446ca897 platform:theater platform_type:theater type:network_platform_source updated_at:1.559112773e+09],0,selection,13991889,where-did-you,e598e977-8fe6-4e0d-8def-da1537e82549,,,
13991889,8dbc4add-4ec9-4bc3-9c98-dbb4108762c6,2024-07-27 03:06:37,map[app_bundle_id:<nil> app_download_link:<nil> app_link:<nil> app_name:Theater country:US created_at:1.559112773e+09 display_name:Theater external_id:tvtime-theater-US external_source_type:<nil> full_logo_url:<nil> is_cascaded:false logo_color:#777777 logo_name:* logo_url:<nil> logos:map[selected_dark_mode:https://d36rlb2fgh8cjd.cloudfront.net/logos/networks/theater/selected-dark-mode.png selected_light_mode:https://d36rlb2fgh8cjd.cloudfront.net/logos/networks/theater/selected-light-mode.png unselected_dark_mode:https://d36rlb2fgh8cjd.cloudfront.net/logos/networks/theater/unselected-dark-mode.png unselected_light_mode:https://d36rlb2fgh8cjd.cloudfront.net/logos/networks/theater/unselected-light-mode.png] name_slug:theater-2f1147ab-2503-45e7-bb42-15a1446ca897 network_id:2f1147ab-2503-45e7-bb42-15a1446ca897 platform:theater platform_type:theater type:network_platform_source updated_at:1.559112773e+09],0,selection,13991889,where-did-you,b7c658cc-d561-4129-9b68-ddddc50547c7,,,
13991889,a97f0873-d31b-4c4b-afd1-6037b073621c,2024-05-16 03:41:00,map[app_bundle_id:com.amazon.avod.thirdpartyclient app_download_link:<nil> app_link:https://www.amazon.com/gp/video/detail/B0CV7H4DS4 app_name:Amazon Prime Video country:US created_at:1.715812889e+09 display_name:Amazon Prime Video external_id:e9df6e8e-f08a-484a-9957-6f8a76950df1 external_source_type:SVOD is_cascaded:false logo_color:#00A8E1 logo_name:A logo_url:<nil> logos:map[selected_dark_mode:https://d36rlb2fgh8cjd.cloudfront.net/logos/networks/amazonprimevideo/selected-dark-mode.png selected_light_mode:https://d36rlb2fgh8cjd.cloudfront.net/logos/networks/amazonprimevideo/selected-light-mode.png unselected_dark_mode:https://d36rlb2fgh8cjd.cloudfront.net/logos/networks/amazonprimevideo/unselected-dark-mode.png unselected_light_mode:https://d36rlb2fgh8cjd.cloudfront.net/logos/networks/amazonprimevideo/unselected-light-mode.png] name_slug:amazon-prime-video-e9df6e8e-f08a-484a-9957-6f8a76950df1 network_id:e9df6e8e-f08a-484a-9957-6f8a76950df1 platform:web platform_type:purchase type:network_platform_source updated_at:1.715812889e+09],0,selection,13991889,where-did-you,991c2451-84de-4da0-9510-05a29811b125,,,
7542906-13991889,32f3ffa6-4c48-43ae-9b1a-f90cd6a90851,2022-04-30 18:26:34,map[app_bundle_id:com.netflix.mediaclient app_download_link:<nil> app_link:https://www.netflix.com/watch/81232202 app_name:Netflix country:US created_at:1.651343191e+09 display_name:Netflix external_id:018b6a69-a6dc-43a9-b39f-d81ab255c30a external_source_type:SVOD is_cascaded:false logo_color:#e80000 logo_name:N logo_url:https://d36rlb2fgh8cjd.cloudfront.net/logos/networks/network-netflix-logo.png logos:map[selected_dark_mode:https://d36rlb2fgh8cjd.cloudfront.net/logos/networks/netflix/selected-dark-mode.png selected_light_mode:https://d36rlb2fgh8cjd.cloudfront.net/logos/networks/netflix/selected-light-mode.png unselected_dark_mode:https://d36rlb2fgh8cjd.cloudfront.net/logos/networks/netflix/unselected-dark-mode.png unselected_light_mode:https://d36rlb2fgh8cjd.cloudfront.net/logos/networks/netflix/unselected-light-mode.png] name_slug:netflix-018b6a69-a6dc-43a9-b39f-d81ab255c30a network_id:018b6a69-a6dc-43a9-b39f-d81ab255c30a platform:<nil> platform_type:purchase type:network_platform_source updated_at:1.651343191e+09],7542906,selection,13991889,where-did-you,273181,Better Call Saul,5,3
8144884-13991889,99e66f18-5eaf-427c-bdc6-d680de8fef65,2023-03-23 00:38:56,map[app_bundle_id:com.amazon.avod.thirdpartyclient app_download_link:<nil> app_link:https://app.primevideo.com/detail?gti=amzn1.dv.gti.d4bc0a58-139a-abbc-046b-d9ffcd25c463 app_name:Amazon Prime Video country:AR created_at:1.679531925e+09 display_name:Amazon Prime Video external_id:6f0be1d1-4db0-48e3-a8ac-7dbd7e023295 external_source_type:SVOD is_cascaded:false logo_color:#f79833 logo_name:A logo_url:<nil> logos:map[selected_dark_mode:https://d36rlb2fgh8cjd.cloudfront.net/logos/networks/amazonprimevideo/selected-dark-mode.png selected_light_mode:https://d36rlb2fgh8cjd.cloudfront.net/logos/networks/amazonprimevideo/selected-light-mode.png unselected_dark_mode:https://d36rlb2fgh8cjd.cloudfront.net/logos/networks/amazonprimevideo/unselected-dark-mode.png unselected_light_mode:https://d36rlb2fgh8cjd.cloudfront.net/logos/networks/amazonprimevideo/unselected-light-mode.png] name_slug:amazon-prime-video-6f0be1d1-4db0-48e3-a8ac-7dbd7e023295 network_id:6f0be1d1-4db0-48e3-a8ac-7dbd7e023295 platform:<nil> platform_type:purchase type:network_platform_source updated_at:1.679531925e+09],8144884,selection,13991889,where-did-you,368207,INVINCIBLE (2021),1,1
13991889,1654cc86-d1f7-416b-a90f-93a7c623a721,2023-02-17 02:23:52,map[app_bundle_id:<nil> app_download_link:<nil> app_link:https:/www.starplus.com/es-419/movies/el-menu/6qKeWn5NKzDY app_name:Star+ country:AR created_at:1.676597393e+09 display_name:Star+ external_id:2659d246-e31b-4981-ba8a-1721c84040fa external_source_type:SVOD is_cascaded:false logo_color:<nil> logo_name:S logo_url:<nil> logos:map[selected_dark_mode:https://d36rlb2fgh8cjd.cloudfront.net/logos/networks/star/selected-dark-mode.png selected_light_mode:https://d36rlb2fgh8cjd.cloudfront.net/logos/networks/star/selected-light-mode.png unselected_dark_mode:https://d36rlb2fgh8cjd.cloudfront.net/logos/networks/star/unselected-dark-mode.png unselected_light_mode:https://d36rlb2fgh8cjd.cloudfront.net/logos/networks/star/unselected-light-mode.png] name_slug:star+-2659d246-e31b-4981-ba8a-1721c84040fa network_id:2659d246-e31b-4981-ba8a-1721c84040fa platform:<nil> platform_type:purchase type:network_platform_source updated_at:1.676597393e+09],0,selection,13991889,where-did-you,5824927a-da2e-4057-bb42-94cd2fb5f240,,,
9421392-13991889,80455092-2263-4ec5-8862-9d69467ee213,2023-02-19 16:59:33,map[app_bundle_id:com.netflix.mediaclient app_download_link:<nil> app_link:https://www.netflix.com/watch/81148962 app_name:Netflix country:AR created_at:1.676825944e+09 display_name:Netflix external_id:dc1c9ef7-2d49-49fa-a86b-a78152e3b71b external_source_type:SVOD is_cascaded:false logo_color:#e80000 logo_name:N logo_url:https://d36rlb2fgh8cjd.cloudfront.net/logos/networks/network-netflix-logo.png logos:map[selected_dark_mode:https://d36rlb2fgh8cjd.cloudfront.net/logos/networks/netflix/selected-dark-mode.png selected_light_mode:https://d36rlb2fgh8cjd.cloudfront.net/logos/networks/netflix/selected-light-mode.png unselected_dark_mode:https://d36rlb2fgh8cjd.cloudfront.net/logos/networks/netflix/unselected-dark-mode.png unselected_light_mode:https://d36rlb2fgh8cjd.cloudfront.net/logos/networks/netflix/unselected-light-mode.png] name_slug:netflix-dc1c9ef7-2d49-49fa-a86b-a78152e3b71b network_id:dc1c9ef7-2d49-49fa-a86b-a78152e3b71b platform:<nil> platform_type:purchase type:network_platform_source updated_at:1.676825944e+09],9421392,selection,13991889,where-did-you,365098,Inside Job,1,14
13991889,82ffcb6b-f196-42c2-a9ac-bd04a7f441f3,2023-05-15 16:04:08,map[app_bundle_id:<nil> app_download_link:<nil> app_link:<nil> app_name:Theater country:AR created_at:1.559112773e+09 display_name:Theater external_id:tvtime-theater-AR external_source_type:<nil> is_cascaded:false logo_color:#777777 logo_name:* logo_url:<nil> logos:map[selected_dark_mode:https://d36rlb2fgh8cjd.cloudfront.net/logos/networks/theater/selected-dark-mode.png selected_light_mode:https://d36rlb2fgh8cjd.cloudfront.net/logos/networks/theater/selected-light-mode.png unselected_dark_mode:https://d36rlb2fgh8cjd.cloudfront.net/logos/networks/theater/unselected-dark-mode.png unselected_light_mode:https://d36rlb2fgh8cjd.cloudfront.net/logos/networks/theater/unselected-light-mode.png] name_slug:theater-2f1147ab-2503-45e7-bb42-15a1446ca897 network_id:2f1147ab-2503-45e7-bb42-15a1446ca897 platform:theater platform_type:theater type:network_platform_source updated_at:1.559112773e+09],0,selection,13991889,where-did-you,40b1a8ca-b35c-451f-9dfd-2c4186bae401,,,
10040712-13991889,4b7583fc-5bb2-4de2-8a8a-378328c9e732,2024-01-05 02:25:32,map[app_bundle_id:com.netflix.mediaclient app_download_link:<nil> app_link:https://www.netflix.com/watch/81586790 app_name:Netflix country:AR created_at:1.70442153e+09 display_name:Netflix external_id:dc1c9ef7-2d49-49fa-a86b-a78152e3b71b external_source_type:SVOD is_cascaded:false logo_color:#e80000 logo_name:N logo_url:https://d36rlb2fgh8cjd.cloudfront.net/logos/networks/network-netflix-logo.png logos:map[selected_dark_mode:https://d36rlb2fgh8cjd.cloudfront.net/logos/networks/netflix/selected-dark-mode.png selected_light_mode:https://d36rlb2fgh8cjd.cloudfront.net/logos/networks/netflix/selected-light-mode.png unselected_dark_mode:https://d36rlb2fgh8cjd.cloudfront.net/logos/networks/netflix/unselected-dark-mode.png unselected_light_mode:https://d36rlb2fgh8cjd.cloudfront.net/logos/networks/netflix/unselected-light-mode.png] name_slug:netflix-dc1c9ef7-2d49-49fa-a86b-a78152e3b71b network_id:dc1c9ef7-2d49-49fa-a86b-a78152e3b71b platform:web platform_type:purchase type:network_platform_source updated_at:1.70442153e+09],10040712,selection,13991889,where-did-you,413033,Berlin (2023),1,5
13991889,81495eb1-f29c-4f9a-954d-9ff96fb494c6,2025-02-02 03:36:31,map[app_bundle_id:com.netflix.mediaclient app_download_link:<nil> app_link:https://www.netflix.com/ar/title/81770323 app_name:Netflix country:AR created_at:1.738420998e+09 display_name:Netflix external_id:dc1c9ef7-2d49-49fa-a86b-a78152e3b71b external_source_type:SVOD full_logo_url:<nil> is_cascaded:false logo_color:#e80000 logo_name:N logo_url:https://d36rlb2fgh8cjd.cloudfront.net/logos/networks/network-netflix-logo.png logos:map[selected_dark_mode:https://d36rlb2fgh8cjd.cloudfront.net/logos/networks/netflix/selected-dark-mode.png selected_light_mode:https://d36rlb2fgh8cjd.cloudfront.net/logos/networks/netflix/selected-light-mode.png unselected_dark_mode:https://d36rlb2fgh8cjd.cloudfront.net/logos/networks/netflix/unselected-dark-mode.png unselected_light_mode:https://d36rlb2fgh8cjd.cloudfront.net/logos/networks/netflix/unselected-light-mode.png] name_slug:netflix-dc1c9ef7-2d49-49fa-a86b-a78152e3b71b network_id:dc1c9ef7-2d49-49fa-a86b-a78152e3b71b platform:web platform_type:purchase type:network_platform_source updated_at:1.738420998e+09],0,selection,13991889,where-did-you,9a801305-611e-4193-be03-e25893793ee7,,,
13991889,0fc4562a-9904-4a55-9630-3671d941a18e,2024-03-10 01:45:27,map[app_bundle_id:<nil> app_download_link:<nil> app_link:<nil> app_name:Other country:AR created_at:1.559112773e+09 display_name:Other external_id:tvtime-other-AR external_source_type:<nil> is_cascaded:false logo_color:#777777 logo_name:* logo_url:<nil> logos:map[selected_dark_mode:https://d36rlb2fgh8cjd.cloudfront.net/logos/networks/other/selected-dark-mode.png selected_light_mode:https://d36rlb2fgh8cjd.cloudfront.net/logos/networks/other/selected-light-mode.png unselected_dark_mode:https://d36rlb2fgh8cjd.cloudfront.net/logos/networks/other/unselected-dark-mode.png unselected_light_mode:https://d36rlb2fgh8cjd.cloudfront.net/logos/networks/other/unselected-light-mode.png] name_slug:other-01109d08-7513-4ddd-8990-6799d11004b8 network_id:01109d08-7513-4ddd-8990-6799d11004b8 platform:other platform_type:other type:network_platform_source updated_at:1.559112773e+09],0,selection,13991889,where-did-you,7bbdbf78-cff4-4626-ae2a-8d112aece584,,,
9457880-13991889,973fc629-59a5-436b-8c03-6948f2843c15,2023-05-27 21:29:30,map[app_bundle_id:com.netflix.mediaclient app_download_link:<nil> app_link:<nil> app_name:Netflix country:AR created_at:1.68522297e+09 display_name:Netflix external_id:tvtime-netflix external_source_type:<nil> is_cascaded:false logo_color:#e80000 logo_name:N logo_url:https://d36rlb2fgh8cjd.cloudfront.net/logos/networks/network-netflix-logo.png logos:map[selected_dark_mode:https://d36rlb2fgh8cjd.cloudfront.net/logos/networks/netflix/selected-dark-mode.png selected_light_mode:https://d36rlb2fgh8cjd.cloudfront.net/logos/networks/netflix/selected-light-mode.png unselected_dark_mode:https://d36rlb2fgh8cjd.cloudfront.net/logos/networks/netflix/unselected-dark-mode.png unselected_light_mode:https://d36rlb2fgh8cjd.cloudfront.net/logos/networks/netflix/unselected-light-mode.png] name_slug:netflix-57598952-9f00-4783-905e-cae5ac8c47dc network_id:57598952-9f00-4783-905e-cae5ac8c47dc platform:other platform_type:other type:network_platform_source updated_at:1.68522297e+09],9457880,selection,13991889,where-did-you,427281,FUBAR,1,1
13991889,5cf180e1-6f87-490e-b6a7-66d2c7376190,2024-01-29 00:40:09,map[app_bundle_id:<nil> app_download_link:<nil> app_link:https://www.disneyplus.com/movies/party-central/3QONcMZepEOr app_name:Disney+ country:AR created_at:1.706488805e+09 display_name:Disney+ external_id:77b1d11f-f3f1-4aa9-b5c0-4a1de1835b90 external_source_type:SVOD is_cascaded:false logo_color:<nil> logo_name:D logo_url:<nil> logos:map[selected_dark_mode:https://d36rlb2fgh8cjd.cloudfront.net/logos/networks/disney/selected-dark-mode.png selected_light_mode:https://d36rlb2fgh8cjd.cloudfront.net/logos/networks/disney/selected-light-mode.png unselected_dark_mode:https://d36rlb2fgh8cjd.cloudfront.net/logos/networks/disney/unselected-dark-mode.png unselected_light_mode:https://d36rlb2fgh8cjd.cloudfront.net/logos/networks/disney/unselected-light-mode.png] name_slug:disney+-77b1d11f-f3f1-4aa9-b5c0-4a1de1835b90 network_id:77b1d11f-f3f1-4aa9-b5c0-4a1de1835b90 platform:web platform_type:purchase type:network_platform_source updated_at:1.706488805e+09],0,selection,13991889,where-did-you,1deede22-d956-40e8-a144-abb369b7f81a,,,
13991889,71adfd29-2339-4263-a34e-44346b42fa35,2023-05-26 02:39:45,map[app_bundle_id:com.hbo.hbonow app_download_link:<nil> app_link:https://play.hbomax.com/page/urn:hbo:page:GZApXjgIGAJfDVQEAABFw:type:feature app_name:HBO Max country:AR created_at:1.685068777e+09 display_name:HBO Max external_id:0293a0c1-9ab0-48e8-9e8f-eb7c59755e99 external_source_type:TVE is_cascaded:false logo_color:#5f1ebe logo_name:H logo_url:<nil> logos:map[selected_dark_mode:https://d36rlb2fgh8cjd.cloudfront.net/logos/networks/hbomax/selected-dark-mode.png selected_light_mode:https://d36rlb2fgh8cjd.cloudfront.net/logos/networks/hbomax/selected-light-mode.png unselected_dark_mode:https://d36rlb2fgh8cjd.cloudfront.net/logos/networks/hbomax/unselected-dark-mode.png unselected_light_mode:https://d36rlb2fgh8cjd.cloudfront.net/logos/networks/hbomax/unselected-light-mode.png] name_slug:hbo-max-0293a0c1-9ab0-48e8-9e8f-eb7c59755e99 network_id:0293a0c1-9ab0-48e8-9e8f-eb7c59755e99 platform:<nil> platform_type:tv_everywhere type:network_platform_source updated_at:1.685068777e+09],0,selection,13991889,where-did-you,40f51d30-e41e-4637-a7d1-b2245acdc09a,,,
13991889,916ce316-cc0e-4cd6-b79a-6d10fd2e7672,2021-11-27 04:19:10,map[app_bundle_id:<nil> app_download_link:<nil> app_link:<nil> app_name:Unofficial country:us created_at:1.559112773e+09 display_name:Unofficial external_id:tvtime-unofficial external_source_type:<nil> is_cascaded:false logo_color:#777777 logo_name:* logo_url:<nil> logos:map[selected_dark_mode:https://d36rlb2fgh8cjd.cloudfront.net/logos/networks/unofficial/selected-dark-mode.png selected_light_mode:https://d36rlb2fgh8cjd.cloudfront.net/logos/networks/unofficial/selected-light-mode.png unselected_dark_mode:https://d36rlb2fgh8cjd.cloudfront.net/logos/networks/unofficial/unselected-dark-mode.png unselected_light_mode:https://d36rlb2fgh8cjd.cloudfront.net/logos/networks/unofficial/unselected-light-mode.png] name_slug:unofficial-5dea16e9-fe85-4c85-83a1-b3ba4dc14a30 network_id:5dea16e9-fe85-4c85-83a1-b3ba4dc14a30 platform:unofficial platform_type:unofficial type:network_platform_source updated_at:1.559112773e+09],0,selection,13991889,where-did-you,53a7de87-a4b4-45be-b204-11760412bbd5,,,
13991889,a8708dc4-7df9-40f9-8045-6dbc02ae1185,2023-12-04 03:16:08,map[app_bundle_id:com.netflix.mediaclient app_download_link:<nil> app_link:https://www.netflix.com/ar/title/70028883 app_name:Netflix country:AR created_at:1.701659754e+09 display_name:Netflix external_id:dc1c9ef7-2d49-49fa-a86b-a78152e3b71b external_source_type:SVOD is_cascaded:false logo_color:#e80000 logo_name:N logo_url:https://d36rlb2fgh8cjd.cloudfront.net/logos/networks/network-netflix-logo.png logos:map[selected_dark_mode:https://d36rlb2fgh8cjd.cloudfront.net/logos/networks/netflix/selected-dark-mode.png selected_light_mode:https://d36rlb2fgh8cjd.cloudfront.net/logos/networks/netflix/selected-light-mode.png unselected_dark_mode:https://d36rlb2fgh8cjd.cloudfront.net/logos/networks/netflix/unselected-dark-mode.png unselected_light_mode:https://d36rlb2fgh8cjd.cloudfront.net/logos/networks/netflix/unselected-light-mode.png] name_slug:netflix-dc1c9ef7-2d49-49fa-a86b-a78152e3b71b network_id:dc1c9ef7-2d49-49fa-a86b-a78152e3b71b platform:<nil> platform_type:purchase type:network_platform_source updated_at:1.701659754e+09],0,selection,13991889,where-did-you,217b7fd0-cae6-48bf-b430-b66443185509,,,
13991889,615faffa-5730-4cd6-ab30-60b3f34869ff,2022-08-08 18:38:10,map[app_bundle_id:<nil> app_download_link:<nil> app_link:<nil> app_name:Unofficial country:us created_at:1.559112773e+09 display_name:Unofficial external_id:tvtime-unofficial external_source_type:<nil> is_cascaded:false logo_color:#777777 logo_name:* logo_url:<nil> logos:map[selected_dark_mode:https://d36rlb2fgh8cjd.cloudfront.net/logos/networks/unofficial/selected-dark-mode.png selected_light_mode:https://d36rlb2fgh8cjd.cloudfront.net/logos/networks/unofficial/selected-light-mode.png unselected_dark_mode:https://d36rlb2fgh8cjd.cloudfront.net/logos/networks/unofficial/unselected-dark-mode.png unselected_light_mode:https://d36rlb2fgh8cjd.cloudfront.net/logos/networks/unofficial/unselected-light-mode.png] name_slug:unofficial-5dea16e9-fe85-4c85-83a1-b3ba4dc14a30 network_id:5dea16e9-fe85-4c85-83a1-b3ba4dc14a30 platform:unofficial platform_type:unofficial type:network_platform_source updated_at:1.559112773e+09],0,selection,13991889,where-did-you,08d3af1d-54fa-4646-9405-7ba9511a9bbe,,,
7327799-13991889,feeca927-5ba3-440d-95da-8cf430ae0185,2020-09-30 04:28:34,map[app_bundle_id:com.netflix.mediaclient app_download_link:<nil> app_link:https://www.netflix.com/watch/80993062 app_name:Netflix country:US created_at:-6.21355968e+10 display_name:Netflix external_id:us.netflix logo_color:#e80000 logo_name:N logo_url:https://d36rlb2fgh8cjd.cloudfront.net/logos/networks/network-netflix-logo.png logos:map[selected_dark_mode:https://d36rlb2fgh8cjd.cloudfront.net/logos/networks/netflix/selected-dark-mode.png selected_light_mode:https://d36rlb2fgh8cjd.cloudfront.net/logos/networks/netflix/selected-light-mode.png unselected_dark_mode:https://d36rlb2fgh8cjd.cloudfront.net/logos/networks/netflix/unselected-dark-mode.png unselected_light_mode:https://d36rlb2fgh8cjd.cloudfront.net/logos/networks/netflix/unselected-light-mode.png] name_slug:netflix-1d33411c-0c2a-46fa-8b6c-8cd0ea6f53ef network_id:1d33411c-0c2a-46fa-8b6c-8cd0ea6f53ef platform:<nil> platform_type:subscription type:network_platform_source updated_at:1.600203179e+09],7327799,selection,13991889,where-did-you,368387,The I-Land,1,1
13991889,48f467c7-584a-48d9-97b9-68f6cdedc7e4,2023-07-30 03:14:22,map[app_bundle_id:<nil> app_download_link:<nil> app_link:https://www.starplus.com/es-419/movies/la-torre-oscura/74PVbPFCF8G8 app_name:Star+ country:AR created_at:1.690686852e+09 display_name:Star+ external_id:2659d246-e31b-4981-ba8a-1721c84040fa external_source_type:SVOD is_cascaded:false logo_color:<nil> logo_name:S logo_url:<nil> logos:map[selected_dark_mode:https://d36rlb2fgh8cjd.cloudfront.net/logos/networks/star/selected-dark-mode.png selected_light_mode:https://d36rlb2fgh8cjd.cloudfront.net/logos/networks/star/selected-light-mode.png unselected_dark_mode:https://d36rlb2fgh8cjd.cloudfront.net/logos/networks/star/unselected-dark-mode.png unselected_light_mode:https://d36rlb2fgh8cjd.cloudfront.net/logos/networks/star/unselected-light-mode.png] name_slug:star+-2659d246-e31b-4981-ba8a-1721c84040fa network_id:2659d246-e31b-4981-ba8a-1721c84040fa platform:<nil> platform_type:purchase type:network_platform_source updated_at:1.690686852e+09],0,selection,13991889,where-did-you,2337b137-e209-45e1-b73d-e777dd624dc3,,,
13991889,53ec2185-4634-416b-a70b-0d287f7b328e,2024-04-29 01:51:21,map[app_bundle_id:com.amazon.avod.thirdpartyclient app_download_link:<nil> app_link:https://www.amazon.com/gp/video/detail/B0C54H8F1W app_name:Amazon Prime Video country:US created_at:1.71434637e+09 display_name:Amazon Prime Video external_id:e9df6e8e-f08a-484a-9957-6f8a76950df1 external_source_type:TVOD is_cascaded:false logo_color:#00A8E1 logo_name:A logo_url:<nil> logos:map[selected_dark_mode:https://d36rlb2fgh8cjd.cloudfront.net/logos/networks/amazonprimevideo/selected-dark-mode.png selected_light_mode:https://d36rlb2fgh8cjd.cloudfront.net/logos/networks/amazonprimevideo/selected-light-mode.png unselected_dark_mode:https://d36rlb2fgh8cjd.cloudfront.net/logos/networks/amazonprimevideo/unselected-dark-mode.png unselected_light_mode:https://d36rlb2fgh8cjd.cloudfront.net/logos/networks/amazonprimevideo/unselected-light-mode.png] name_slug:amazon-prime-video-e9df6e8e-f08a-484a-9957-6f8a76950df1 network_id:e9df6e8e-f08a-484a-9957-6f8a76950df1 platform:web platform_type:purchase type:network_platform_source updated_at:1.71434637e+09],0,selection,13991889,where-did-you,ac4cd096-79df-42ab-8593-087d2e4fa3f3,,,
13991889,98f8326f-0df9-46ea-931b-3a8d20ad6630,2025-10-09 01:37:16,map[app_bundle_id:<nil> app_download_link:<nil> app_link:<nil> app_name:Theater country:US created_at:1.559112773e+09 display_name:Theater external_id:tvtime-theater-US external_source_type:<nil> full_logo_url:<nil> is_cascaded:false logo_color:#777777 logo_name:* logo_url:<nil> logos:map[selected_dark_mode:https://d36rlb2fgh8cjd.cloudfront.net/logos/networks/theater/selected-dark-mode.png selected_light_mode:https://d36rlb2fgh8cjd.cloudfront.net/logos/networks/theater/selected-light-mode.png unselected_dark_mode:https://d36rlb2fgh8cjd.cloudfront.net/logos/networks/theater/unselected-dark-mode.png unselected_light_mode:https://d36rlb2fgh8cjd.cloudfront.net/logos/networks/theater/unselected-light-mode.png] name_slug:theater-2f1147ab-2503-45e7-bb42-15a1446ca897 network_id:2f1147ab-2503-45e7-bb42-15a1446ca897 platform:theater platform_type:theater type:network_platform_source updated_at:1.559112773e+09],0,selection,13991889,where-did-you,d50129a9-d630-4ec3-8162-48b1150689eb,,,
10402475-13991889,8b267c19-c14a-4c3f-a59d-3087411cb13b,2024-06-09 19:45:00,map[app_bundle_id:<nil> app_download_link:<nil> app_link:<nil> app_name:Otro country:US created_at:1.7179623e+09 display_name:Otro external_id:tvtime-other-US external_source_type:<nil> full_logo_url:<nil> is_cascaded:false logo_color:#777777 logo_name:* logo_url:<nil> logos:map[selected_dark_mode:https://d36rlb2fgh8cjd.cloudfront.net/logos/networks/other/selected-dark-mode.png selected_light_mode:https://d36rlb2fgh8cjd.cloudfront.net/logos/networks/other/selected-light-mode.png unselected_dark_mode:https://d36rlb2fgh8cjd.cloudfront.net/logos/networks/other/unselected-dark-mode.png unselected_light_mode:https://d36rlb2fgh8cjd.cloudfront.net/logos/networks/other/unselected-light-mode.png] name_slug:other-01109d08-7513-4ddd-8990-6799d11004b8 network_id:01109d08-7513-4ddd-8990-6799d11004b8 platform:other platform_type:other type:network_platform_source updated_at:1.7179623e+09],10402475,selection,13991889,where-did-you,348545,Demon Slayer: Kimetsu no Yaiba,5,1
13991889,2ed44ef0-4c55-4957-a3b3-d5317d4056cc,2025-01-18 03:49:12,map[app_bundle_id:<nil> app_download_link:<nil> app_link:<nil> app_name:Unofficial country:us created_at:1.559112773e+09 display_name:Unofficial external_id:tvtime-unofficial external_source_type:<nil> full_logo_url:<nil> is_cascaded:false logo_color:#777777 logo_name:* logo_url:<nil> logos:map[selected_dark_mode:https://d36rlb2fgh8cjd.cloudfront.net/logos/networks/unofficial/selected-dark-mode.png selected_light_mode:https://d36rlb2fgh8cjd.cloudfront.net/logos/networks/unofficial/selected-light-mode.png unselected_dark_mode:https://d36rlb2fgh8cjd.cloudfront.net/logos/networks/unofficial/unselected-dark-mode.png unselected_light_mode:https://d36rlb2fgh8cjd.cloudfront.net/logos/networks/unofficial/unselected-light-mode.png] name_slug:unofficial-5dea16e9-fe85-4c85-83a1-b3ba4dc14a30 network_id:5dea16e9-fe85-4c85-83a1-b3ba4dc14a30 platform:unofficial platform_type:unofficial type:network_platform_source updated_at:1.559112773e+09],0,selection,13991889,where-did-you,368ab60c-7c64-4d99-86a0-d82ea1a99546,,,
13991889,b2a32bb4-6210-4cf1-8366-b8f1caa687b1,2024-02-27 22:29:17,map[app_bundle_id:<nil> app_download_link:<nil> app_link:https://www.disneyplus.com/movies/the-marvels/3sAcYG9CeWFw app_name:Disney+ country:AR created_at:1.709056659e+09 display_name:Disney+ external_id:77b1d11f-f3f1-4aa9-b5c0-4a1de1835b90 external_source_type:SVOD is_cascaded:false logo_color:<nil> logo_name:D logo_url:<nil> logos:map[selected_dark_mode:https://d36rlb2fgh8cjd.cloudfront.net/logos/networks/disney/selected-dark-mode.png selected_light_mode:https://d36rlb2fgh8cjd.cloudfront.net/logos/networks/disney/selected-light-mode.png unselected_dark_mode:https://d36rlb2fgh8cjd.cloudfront.net/logos/networks/disney/unselected-dark-mode.png unselected_light_mode:https://d36rlb2fgh8cjd.cloudfront.net/logos/networks/disney/unselected-light-mode.png] name_slug:disney+-77b1d11f-f3f1-4aa9-b5c0-4a1de1835b90 network_id:77b1d11f-f3f1-4aa9-b5c0-4a1de1835b90 platform:web platform_type:purchase type:network_platform_source updated_at:1.709056659e+09],0,selection,13991889,where-did-you,f865f8bd-661f-4b22-b342-5a81474f1dd9,,,
13991889,5f3133f0-6457-40a7-9dfa-8af17fc8f89a,2026-01-26 23:47:02,map[app_bundle_id:com.hbo.hbonow app_download_link:<nil> app_link:https://play.max.com/movie/7ebbded3-b697-4974-a1d2-9cadbd2c2d96 app_name:HBO Max country:US created_at:1.769429282e+09 display_name:HBO Max external_id:97984653-8115-4114-acfe-4c9d4156bfde external_source_type:SVOD full_logo_url:<nil> is_cascaded:false logo_color:#5f1ebe logo_name:H logo_url:<nil> logos:map[selected_dark_mode:https://d36rlb2fgh8cjd.cloudfront.net/logos/networks/hbomax/selected-dark-mode.png selected_light_mode:https://d36rlb2fgh8cjd.cloudfront.net/logos/networks/hbomax/selected-light-mode.png unselected_dark_mode:https://d36rlb2fgh8cjd.cloudfront.net/logos/networks/hbomax/unselected-dark-mode.png unselected_light_mode:https://d36rlb2fgh8cjd.cloudfront.net/logos/networks/hbomax/unselected-light-mode.png] name_slug:hbo-max-97984653-8115-4114-acfe-4c9d4156bfde network_id:97984653-8115-4114-acfe-4c9d4156bfde platform:web platform_type:purchase type:network_platform_source updated_at:1.769429282e+09],0,selection,13991889,where-did-you,14f33354-bc8d-498c-88c7-942e6d0bddee,,,
13991889,96750a64-d09a-4045-8430-ea64941094d5,2026-03-14 23:52:39,map[app_bundle_id:com.amazon.avod.thirdpartyclient app_download_link:<nil> app_link:https://www.amazon.com/gp/video/detail/B0B683GB78 app_name:Amazon Prime Video country:US created_at:1.773515834e+09 display_name:Amazon Prime Video external_id:e9df6e8e-f08a-484a-9957-6f8a76950df1 external_source_type:SVOD full_logo_url:<nil> is_cascaded:false logo_color:#00A8E1 logo_name:A logo_url:<nil> logos:map[selected_dark_mode:https://d36rlb2fgh8cjd.cloudfront.net/logos/networks/amazonprimevideo/selected-dark-mode.png selected_light_mode:https://d36rlb2fgh8cjd.cloudfront.net/logos/networks/amazonprimevideo/selected-light-mode.png unselected_dark_mode:https://d36rlb2fgh8cjd.cloudfront.net/logos/networks/amazonprimevideo/unselected-dark-mode.png unselected_light_mode:https://d36rlb2fgh8cjd.cloudfront.net/logos/networks/amazonprimevideo/unselected-light-mode.png] name_slug:amazon-prime-video-e9df6e8e-f08a-484a-9957-6f8a76950df1 network_id:e9df6e8e-f08a-484a-9957-6f8a76950df1 platform:web platform_type:purchase type:network_platform_source updated_at:1.773515834e+09],0,selection,13991889,where-did-you,fe997f1c-c537-4d3e-a25f-9746d11a4165,,,
7555473-13991889,5126f7ef-0e99-4f4f-9571-d44c8a2925b7,2022-04-30 18:25:39,map[app_bundle_id:com.netflix.mediaclient app_download_link:<nil> app_link:https://www.netflix.com/watch/81232204 app_name:Netflix country:US created_at:1.651341359e+09 display_name:Netflix external_id:018b6a69-a6dc-43a9-b39f-d81ab255c30a external_source_type:SVOD is_cascaded:false logo_color:#e80000 logo_name:N logo_url:https://d36rlb2fgh8cjd.cloudfront.net/logos/networks/network-netflix-logo.png logos:map[selected_dark_mode:https://d36rlb2fgh8cjd.cloudfront.net/logos/networks/netflix/selected-dark-mode.png selected_light_mode:https://d36rlb2fgh8cjd.cloudfront.net/logos/networks/netflix/selected-light-mode.png unselected_dark_mode:https://d36rlb2fgh8cjd.cloudfront.net/logos/networks/netflix/unselected-dark-mode.png unselected_light_mode:https://d36rlb2fgh8cjd.cloudfront.net/logos/networks/netflix/unselected-light-mode.png] name_slug:netflix-018b6a69-a6dc-43a9-b39f-d81ab255c30a network_id:018b6a69-a6dc-43a9-b39f-d81ab255c30a platform:<nil> platform_type:purchase type:network_platform_source updated_at:1.651341359e+09],7555473,selection,13991889,where-did-you,273181,Better Call Saul,5,5
